;FLAVOR:RepRap
;TIME:9518
;Filament used: 1.83737m
;Layer height: 0.16
;MINX:23.05
;MINY:8.05
;MINZ:0.2
;MAXX:76.95
;MAXY:91.95
;MAXZ:2.92
;TARGET_MACHINE.NAME:Unknown
;Generated with Cura_SteamEngine 5.11.0
T0
M104 S226
M109 S226
; Little Hands manual-zero workflow for EasyThreed K9 / K9 Plus
; Expected fixed start pose on this printer:
; X = fully left, Y = bed fully back (away from operator), Z = nozzle touching bed
; This pose is treated as logical 0,0,0. Do not G28 before print.
G92 X0 Y0 Z0
G1 Z10.0 F600
G92 E0
;LH_EXPERIMENTAL_HOTBED_TARGET:60
M140 S60 ;Experimental controlled hotbed target; Little Hands preheats before M24
M82 ;absolute extrusion mode
M83 ;relative extrusion mode
G1 F1500 E-6.5
;LAYER_COUNT:18
;LAYER:0
M107
M204 T120
G0 F1320 X25.141 Y14.544 Z0.2
M204 P150
;TYPE:SKIRT
G1 F1500 E6.5
G1 F1260 X26.904 Y12.405 E0.1516
G1 X28.297 Y11.046 E0.10644
G1 X31.09 Y9.272 E0.18097
G1 X33.653 Y8.438 E0.14741
G1 X36.045 Y8.05 E0.13254
G1 X64.195 Y8.128 E1.53961
G1 X66.2 Y8.42 E0.11082
G1 X67.643 Y8.798 E0.08158
G1 X70.468 Y10.149 E0.17127
G1 X72.595 Y11.904 E0.15082
G1 X73.954 Y13.297 E0.10644
G1 X75.71 Y16.063 E0.17919
G1 X76.566 Y18.692 E0.15122
G1 X76.95 Y21.108 E0.1338
G1 X76.859 Y30.301 E0.50282
G1 X76.612 Y32.144 E0.1017
G1 X76.175 Y33.615 E0.08393
G1 X75.837 Y34.316 E0.04256
G1 X76.562 Y36.54 E0.12794
G1 X76.95 Y38.929 E0.13237
G1 X76.848 Y79.435 E2.21539
G1 X76.57 Y81.509 E0.11445
G1 X76.037 Y83 E0.0866
G1 X74.899 Y85.376 E0.14409
G1 X73.205 Y87.565 E0.15139
G1 X71.517 Y89.082 E0.12413
G1 X69.382 Y90.374 E0.13649
G1 X67.654 Y91.215 E0.10511
G1 X64.357 Y91.95 E0.18475
G1 X35.926 Y91.95 E1.55497
G1 X32.847 Y91.438 E0.17071
G1 X29.52 Y89.85 E0.20163
G1 X27.332 Y88.027 E0.15576
G1 X26.027 Y86.69 E0.10218
G1 X24.28 Y83.936 E0.17837
G1 X23.438 Y81.345 E0.149
G1 X23.05 Y78.963 E0.132
G1 X23.158 Y20.482 E3.1985
G1 X23.431 Y18.491 E0.10991
G1 X23.963 Y16.995 E0.08684
G1 X25.141 Y14.544 E0.14873
G0 F1320 X25.668 Y14.88
G1 F1260 X27.337 Y12.849 E0.14378
G1 X28.686 Y11.533 E0.10307
G1 X31.353 Y9.839 E0.1728
G1 X33.803 Y9.042 E0.14091
G1 X36.094 Y8.67 E0.12694
G1 X64.193 Y8.748 E1.53682
G1 X66.043 Y9.02 E0.10227
G1 X67.43 Y9.383 E0.07841
G1 X70.131 Y10.675 E0.16376
G1 X72.151 Y12.337 E0.14307
G1 X73.467 Y13.686 E0.10307
G1 X75.143 Y16.326 E0.17103
G1 X75.963 Y18.843 E0.14478
G1 X76.33 Y21.152 E0.12787
G1 X76.244 Y30.219 E0.49592
G1 X76.003 Y32.018 E0.09927
G1 X75.596 Y33.387 E0.07811
G1 X75.156 Y34.3 E0.05543
G1 X75.231 Y34.458 E0.00957
G1 X75.958 Y36.69 E0.12839
G1 X76.33 Y38.978 E0.12678
G1 X76.228 Y79.433 E2.2126
G1 X75.965 Y81.361 E0.10642
G1 X75.478 Y82.732 E0.07957
G1 X74.367 Y85.051 E0.14064
G1 X72.75 Y87.141 E0.14453
G1 X71.148 Y88.58 E0.11778
G1 X69.111 Y89.816 E0.13031
G1 X67.446 Y90.626 E0.10127
G1 X64.289 Y91.33 E0.17691
G1 X35.98 Y91.33 E1.5483
G1 X33.032 Y90.84 E0.16345
G1 X29.859 Y89.325 E0.19231
G1 X27.776 Y87.594 E0.14813
G1 X26.517 Y86.304 E0.09859
G1 X24.846 Y83.67 E0.1706
G1 X24.042 Y81.196 E0.14228
G1 X23.67 Y78.913 E0.12651
G1 X23.772 Y20.566 E3.19117
G1 X24.036 Y18.641 E0.10627
G1 X24.522 Y17.264 E0.07987
G1 X25.668 Y14.88 E0.14467
G0 F1320 X26.195 Y15.216
G1 F1260 X27.77 Y13.293 E0.13595
G1 X29.075 Y12.02 E0.09971
G1 X31.616 Y10.406 E0.16464
G1 X33.953 Y9.646 E0.13441
G1 X36.143 Y9.29 E0.12135
G1 X64.104 Y9.362 E1.52927
G1 X65.886 Y9.62 E0.09848
G1 X67.217 Y9.968 E0.07524
G1 X69.797 Y11.202 E0.15642
G1 X71.707 Y12.77 E0.13516
G1 X72.98 Y14.075 E0.09971
G1 X74.578 Y16.592 E0.16306
G1 X75.359 Y18.988 E0.13783
G1 X75.71 Y21.196 E0.12228
G1 X75.629 Y30.137 E0.48903
G1 X75.394 Y31.892 E0.09684
G1 X75.017 Y33.159 E0.0723
G1 X74.46 Y34.315 E0.07018
G1 X74.641 Y34.65 E0.02083
G1 X75.354 Y36.839 E0.12591
G1 X75.71 Y39.028 E0.1213
G1 X75.614 Y79.349 E2.20527
G1 X75.36 Y81.211 E0.10278
G1 X74.919 Y82.464 E0.07265
G1 X73.835 Y84.726 E0.13719
G1 X72.295 Y86.717 E0.13767
G1 X70.779 Y88.078 E0.11143
G1 X68.84 Y89.258 E0.12414
G1 X67.238 Y90.037 E0.09743
G1 X64.221 Y90.71 E0.16906
G1 X36.034 Y90.71 E1.54163
G1 X33.217 Y90.242 E0.15618
G1 X30.197 Y88.8 E0.18304
G1 X28.22 Y87.161 E0.14045
G1 X27.007 Y85.918 E0.09499
G1 X25.412 Y83.404 E0.16284
G1 X24.646 Y81.047 E0.13555
G1 X24.29 Y78.863 E0.12103
G1 X24.386 Y20.65 E3.18384
G1 X24.641 Y18.789 E0.10273
G1 X25.081 Y17.533 E0.07279
G1 X26.195 Y15.216 E0.14061
G0 F1320 X26.722 Y15.552
G1 F1260 X28.25 Y13.686 E0.13191
G1 X29.464 Y12.507 E0.09256
G1 X31.879 Y10.973 E0.15648
G1 X34.102 Y10.25 E0.12785
G1 X36.193 Y9.91 E0.11586
G1 X64.102 Y9.982 E1.52643
G1 X65.729 Y10.22 E0.08993
G1 X67.006 Y10.554 E0.07219
G1 X69.459 Y11.727 E0.14871
G1 X71.263 Y13.203 E0.12748
G1 X72.493 Y14.464 E0.09634
G1 X74.013 Y16.858 E0.1551
G1 X74.755 Y19.133 E0.13088
G1 X75.09 Y21.24 E0.11669
G1 X75.014 Y30.055 E0.48213
G1 X74.785 Y31.766 E0.09441
G1 X74.438 Y32.931 E0.06648
G1 X73.757 Y34.344 E0.08579
G1 X74.051 Y34.842 E0.03163
G1 X74.75 Y36.988 E0.12344
G1 X75.09 Y39.078 E0.11581
G1 X75 Y79.265 E2.19795
G1 X74.754 Y81.066 E0.09942
G1 X74.36 Y82.196 E0.06545
G1 X73.303 Y84.401 E0.13374
G1 X71.84 Y86.293 E0.13081
G1 X70.409 Y87.578 E0.10519
G1 X68.569 Y88.7 E0.11787
G1 X67.03 Y89.448 E0.09359
G1 X64.153 Y90.09 E0.16122
G1 X36.088 Y90.09 E1.53495
G1 X33.402 Y89.644 E0.14892
G1 X30.535 Y88.275 E0.17376
G1 X28.664 Y86.728 E0.13278
G1 X27.496 Y85.532 E0.09143
G1 X25.978 Y83.138 E0.15504
G1 X25.25 Y80.898 E0.12882
G1 X24.91 Y78.813 E0.11554
G1 X25 Y20.734 E3.17651
G1 X25.246 Y18.937 E0.0992
G1 X25.64 Y17.802 E0.06571
G1 X26.722 Y15.552 E0.13655
G0 F1320 X27.25 Y15.885
G1 F1260 X28.682 Y14.131 E0.12384
G1 X29.853 Y12.994 E0.08927
G1 X32.142 Y11.54 E0.14831
G1 X34.251 Y10.854 E0.1213
G1 X36.243 Y10.53 E0.11038
G1 X64.1 Y10.602 E1.52358
G1 X65.572 Y10.82 E0.08139
G1 X66.795 Y11.14 E0.06914
G1 X69.121 Y12.252 E0.14101
G1 X70.87 Y13.683 E0.1236
G1 X72.006 Y14.853 E0.08919
G1 X73.448 Y17.124 E0.14713
G1 X74.151 Y19.278 E0.12392
G1 X74.47 Y21.284 E0.11109
G1 X74.399 Y29.973 E0.47524
G1 X74.176 Y31.639 E0.09193
G1 X73.859 Y32.703 E0.06072
G1 X73.048 Y34.386 E0.10218
G1 X73.461 Y35.034 E0.04203
G1 X74.146 Y37.137 E0.12097
G1 X74.47 Y39.128 E0.11033
G1 X74.386 Y79.181 E2.19062
G1 X74.148 Y80.92 E0.096
G1 X73.801 Y81.928 E0.05831
G1 X72.773 Y84.072 E0.13004
G1 X71.382 Y85.872 E0.12442
G1 X70.038 Y87.078 E0.09876
G1 X68.298 Y88.142 E0.11155
G1 X66.822 Y88.859 E0.08975
G1 X64.085 Y89.47 E0.15338
G1 X36.142 Y89.47 E1.52828
G1 X33.587 Y89.046 E0.14165
G1 X30.874 Y87.75 E0.16444
G1 X29.108 Y86.295 E0.12515
G1 X27.986 Y85.146 E0.08783
G1 X26.544 Y82.872 E0.14727
G1 X25.854 Y80.749 E0.12209
G1 X25.53 Y78.763 E0.11006
G1 X25.614 Y20.818 E3.16918
G1 X25.852 Y19.081 E0.09589
G1 X26.199 Y18.071 E0.05841
G1 X27.25 Y15.885 E0.13266
G0 F1320 X27.778 Y16.218
G1 F1260 X29.114 Y14.576 E0.11578
G1 X30.242 Y13.481 E0.08598
G1 X32.405 Y12.107 E0.14015
G1 X34.4 Y11.458 E0.11474
G1 X36.293 Y11.15 E0.10489
G1 X64.011 Y11.216 E1.51598
G1 X65.415 Y11.42 E0.0776
G1 X66.585 Y11.726 E0.06614
G1 X68.786 Y12.778 E0.13342
G1 X70.425 Y14.115 E0.11568
G1 X71.519 Y15.242 E0.0859
G1 X72.883 Y17.39 E0.13916
G1 X73.547 Y19.423 E0.11697
G1 X73.85 Y21.328 E0.1055
G1 X73.784 Y29.891 E0.46835
G1 X73.567 Y31.512 E0.08945
G1 X73.28 Y32.475 E0.05496
G1 X72.339 Y34.428 E0.11857
G1 X72.895 Y35.298 E0.05647
G1 X73.542 Y37.286 E0.11434
G1 X73.85 Y39.178 E0.10484
G1 X73.772 Y79.097 E2.18329
G1 X73.542 Y80.775 E0.09263
G1 X73.242 Y81.66 E0.05111
G1 X72.243 Y83.743 E0.12635
G1 X70.926 Y85.448 E0.11783
G1 X69.666 Y86.578 E0.09257
G1 X67.974 Y87.613 E0.10848
G1 X66.616 Y88.27 E0.08251
G1 X64.017 Y88.85 E0.14564
G1 X36.196 Y88.85 E1.52161
G1 X33.775 Y88.448 E0.13422
G1 X31.209 Y87.223 E0.15551
G1 X29.552 Y85.862 E0.11728
G1 X28.476 Y84.76 E0.08424
G1 X27.11 Y82.606 E0.1395
G1 X26.458 Y80.6 E0.11536
G1 X26.15 Y78.712 E0.10463
G1 X26.228 Y20.902 E3.16179
G1 X26.458 Y19.226 E0.09252
G1 X26.758 Y18.34 E0.05116
G1 X27.778 Y16.218 E0.12877
G0 F1320 X28.306 Y16.551
G1 F1260 X29.546 Y15.021 E0.10771
G1 X30.631 Y13.968 E0.08269
G1 X32.668 Y12.674 E0.13199
G1 X34.549 Y12.062 E0.10819
G1 X36.343 Y11.77 E0.09941
G1 X63.922 Y11.83 E1.50838
G1 X65.326 Y12.034 E0.0776
G1 X66.371 Y12.31 E0.05911
G1 X68.45 Y13.304 E0.12603
G1 X69.98 Y14.547 E0.10781
G1 X71.032 Y15.631 E0.08262
G1 X72.318 Y17.656 E0.1312
G1 X72.942 Y19.567 E0.10995
G1 X73.23 Y21.373 E0.10002
G1 X73.169 Y29.809 E0.4614
G1 X72.958 Y31.385 E0.08696
G1 X72.701 Y32.247 E0.0492
G1 X71.752 Y34.218 E0.11964
G1 X71.605 Y34.43 E0.01411
G1 X72.329 Y35.563 E0.07354
G1 X72.938 Y37.435 E0.10767
G1 X73.23 Y39.228 E0.09936
G1 X73.158 Y79.013 E2.17596
G1 X72.936 Y80.632 E0.08938
G1 X72.683 Y81.392 E0.04381
G1 X71.713 Y83.414 E0.12266
G1 X70.47 Y85.024 E0.11125
G1 X69.29 Y86.082 E0.08668
G1 X67.704 Y87.055 E0.10177
G1 X66.411 Y87.681 E0.07857
G1 X63.949 Y88.23 E0.13796
G1 X36.25 Y88.23 E1.51494
G1 X33.963 Y87.85 E0.1268
G1 X31.544 Y86.696 E0.14659
G1 X29.996 Y85.429 E0.10941
G1 X28.966 Y84.374 E0.08064
G1 X27.676 Y82.34 E0.13173
G1 X27.062 Y80.451 E0.10864
G1 X26.77 Y78.661 E0.09919
G1 X26.842 Y20.986 E3.15441
G1 X27.064 Y19.369 E0.08927
G1 X27.317 Y18.609 E0.04381
G1 X28.306 Y16.551 E0.12488
G0 F1320 X28.833 Y16.885
G1 F1260 X30.028 Y15.411 E0.10378
G1 X31.015 Y14.459 E0.075
G1 X32.933 Y13.24 E0.12429
G1 X34.698 Y12.666 E0.10151
G1 X36.393 Y12.39 E0.09393
G1 X63.833 Y12.444 E1.50077
G1 X65.237 Y12.648 E0.0776
G1 X66.158 Y12.895 E0.05215
G1 X68.116 Y13.832 E0.11872
G1 X69.589 Y15.028 E0.10377
G1 X70.541 Y16.015 E0.075
G1 X71.754 Y17.924 E0.1237
G1 X72.337 Y19.711 E0.10281
G1 X72.61 Y21.419 E0.0946
G1 X72.554 Y29.727 E0.4544
G1 X72.349 Y31.258 E0.08448
G1 X72.122 Y32.019 E0.04343
G1 X71.193 Y33.949 E0.11715
G1 X70.85 Y34.4 E0.03099
G1 X71.764 Y35.831 E0.09287
G1 X72.334 Y37.584 E0.10082
G1 X72.61 Y39.278 E0.09387
G1 X72.544 Y78.929 E2.16863
G1 X72.33 Y80.492 E0.08628
G1 X72.124 Y81.124 E0.03636
G1 X71.183 Y83.085 E0.11896
G1 X70.011 Y84.603 E0.10489
G1 X68.921 Y85.581 E0.08009
G1 X67.38 Y86.526 E0.09887
G1 X66.208 Y87.091 E0.07116
G1 X63.881 Y87.61 E0.1304
G1 X36.303 Y87.61 E1.50832
G1 X34.151 Y87.253 E0.11931
G1 X31.876 Y86.167 E0.13788
G1 X30.44 Y84.996 E0.10134
G1 X29.456 Y83.988 E0.07704
G1 X28.242 Y82.074 E0.12396
G1 X27.666 Y80.302 E0.10191
G1 X27.39 Y78.61 E0.09376
G1 X27.456 Y21.07 E3.14703
G1 X27.67 Y19.509 E0.08617
G1 X27.876 Y18.877 E0.03636
G1 X28.833 Y16.885 E0.12087
G0 F1320 X29.361 Y17.217
G1 F1260 X30.459 Y15.857 E0.0956
G1 X31.401 Y14.948 E0.0716
G1 X33.198 Y13.806 E0.11645
G1 X34.847 Y13.27 E0.09483
G1 X36.443 Y13.01 E0.08844
G1 X63.744 Y13.058 E1.49317
G1 X65.148 Y13.262 E0.0776
G1 X65.942 Y13.479 E0.04502
G1 X67.782 Y14.359 E0.11155
G1 X69.143 Y15.459 E0.09571
G1 X70.052 Y16.401 E0.0716
G1 X71.19 Y18.192 E0.11606
G1 X71.732 Y19.855 E0.09566
G1 X71.99 Y21.465 E0.08918
G1 X71.939 Y29.645 E0.4474
G1 X71.74 Y31.131 E0.082
G1 X71.543 Y31.791 E0.03767
G1 X70.634 Y33.68 E0.11465
G1 X70.087 Y34.357 E0.0476
G1 X71.198 Y36.095 E0.11282
G1 X71.73 Y37.733 E0.09419
G1 X71.99 Y39.328 E0.08839
G1 X71.93 Y78.845 E2.1613
G1 X71.723 Y80.354 E0.0833
G1 X71.565 Y80.856 E0.02878
G1 X70.653 Y82.756 E0.11527
G1 X69.555 Y84.179 E0.0983
G1 X68.547 Y85.083 E0.07405
G1 X67.111 Y85.967 E0.09223
G1 X66.001 Y86.502 E0.06739
G1 X63.813 Y86.99 E0.12261
G1 X36.357 Y86.99 E1.50165
G1 X34.339 Y86.655 E0.11188
G1 X32.208 Y85.638 E0.12914
G1 X30.884 Y84.563 E0.09328
G1 X29.946 Y83.602 E0.07345
G1 X28.808 Y81.808 E0.11619
G1 X28.27 Y80.153 E0.09518
G1 X28.01 Y78.559 E0.08833
G1 X28.07 Y21.154 E3.13964
G1 X28.277 Y19.647 E0.0832
G1 X28.435 Y19.145 E0.02878
G1 X29.361 Y17.217 E0.11698
G0 F1320 X29.889 Y17.549
G1 F1260 X28.994 Y19.413 E0.11309
G1 X28.884 Y19.781 E0.02101
G1 X28.684 Y21.238 E0.08043
G1 X28.63 Y78.508 E3.13226
G1 X28.874 Y80.004 E0.0829
G1 X29.374 Y81.542 E0.08845
G1 X30.436 Y83.216 E0.10843
G1 X31.328 Y84.13 E0.06985
G1 X32.54 Y85.109 E0.08521
G1 X34.527 Y86.057 E0.12041
G1 X36.411 Y86.37 E0.10445
G1 X63.745 Y86.37 E1.49497
G1 X65.794 Y85.913 E0.11482
G1 X66.842 Y85.408 E0.06363
G1 X68.172 Y84.586 E0.08551
G1 X69.099 Y83.755 E0.06809
G1 X70.123 Y82.427 E0.09172
G1 X71.006 Y80.588 E0.11157
G1 X71.116 Y80.22 E0.02101
G1 X71.316 Y78.761 E0.08054
G1 X71.37 Y39.378 E2.15397
G1 X71.126 Y37.882 E0.0829
G1 X70.631 Y36.359 E0.08759
G1 X69.607 Y34.747 E0.10445
G1 X69.277 Y34.372 E0.02732
G1 X70.106 Y33.347 E0.0721
G1 X70.964 Y31.563 E0.10827
G1 X71.131 Y31.004 E0.03191
G1 X71.324 Y29.563 E0.07952
G1 X71.37 Y21.511 E0.44039
G1 X71.128 Y20.005 E0.08342
G1 X70.623 Y18.455 E0.08916
G1 X69.565 Y16.789 E0.10794
G1 X68.697 Y15.89 E0.06835
G1 X67.45 Y14.888 E0.08749
G1 X65.724 Y14.062 E0.10465
G1 X64.985 Y13.86 E0.0419
G1 X63.657 Y13.672 E0.07336
G1 X36.493 Y13.63 E1.48568
G1 X34.996 Y13.874 E0.08296
G1 X33.461 Y14.373 E0.08828
G1 X31.789 Y15.435 E0.10833
G1 X30.89 Y16.303 E0.06835
G1 X29.889 Y17.549 E0.08741
G0 F1320 X30.417 Y17.881
G1 F1260 X29.553 Y19.681 E0.1092
G1 X29.498 Y19.865 E0.0105
G1 X29.298 Y21.322 E0.08043
G1 X29.25 Y78.457 E3.12487
G1 X29.478 Y79.855 E0.07747
G1 X29.94 Y81.276 E0.08172
G1 X30.926 Y82.83 E0.10066
G1 X31.772 Y83.697 E0.06625
G1 X32.873 Y84.58 E0.07719
G1 X34.715 Y85.459 E0.11163
G1 X36.465 Y85.75 E0.09703
G1 X63.677 Y85.75 E1.4883
G1 X65.587 Y85.324 E0.10703
G1 X66.573 Y84.849 E0.05986
G1 X67.802 Y84.086 E0.07912
G1 X68.64 Y83.334 E0.06158
G1 X69.593 Y82.099 E0.08532
G1 X70.447 Y80.32 E0.10793
G1 X70.502 Y80.136 E0.0105
G1 X70.702 Y78.677 E0.08054
G1 X70.75 Y39.429 E2.14658
G1 X70.522 Y38.031 E0.07747
G1 X70.064 Y36.622 E0.08103
G1 X69.084 Y35.079 E0.09997
G1 X68.44 Y34.376 E0.05214
G1 X68.622 Y34.195 E0.01404
G1 X69.578 Y33.014 E0.0831
G1 X70.405 Y31.294 E0.10438
G1 X70.516 Y30.922 E0.02123
G1 X70.709 Y29.481 E0.07952
G1 X70.75 Y21.558 E0.43334
G1 X70.523 Y20.148 E0.07811
G1 X70.058 Y18.721 E0.08209
G1 X69.078 Y17.177 E0.10002
G1 X68.251 Y16.321 E0.0651
G1 X67.119 Y15.417 E0.07923
G1 X65.508 Y14.646 E0.09768
G1 X64.898 Y14.474 E0.03466
G1 X63.57 Y14.286 E0.07336
G1 X36.543 Y14.25 E1.47818
G1 X35.145 Y14.478 E0.07747
G1 X33.724 Y14.94 E0.08172
G1 X32.177 Y15.922 E0.10022
G1 X31.321 Y16.749 E0.0651
G1 X30.417 Y17.881 E0.07923
G0 F1320 X30.945 Y18.213
G1 F1260 X31.752 Y17.195 E0.07105
G1 X32.562 Y16.412 E0.06162
G1 X33.99 Y15.506 E0.09249
G1 X35.294 Y15.082 E0.07499
G1 X36.594 Y14.87 E0.07204
G1 X63.486 Y14.9 E1.4708
G1 X64.73 Y15.071 E0.06868
G1 X65.29 Y15.229 E0.03182
G1 X66.787 Y15.945 E0.09076
G1 X67.805 Y16.752 E0.07105
G1 X68.588 Y17.562 E0.06162
G1 X69.494 Y18.99 E0.09249
G1 X69.918 Y20.291 E0.07484
G1 X70.13 Y21.606 E0.07285
G1 X70.094 Y29.399 E0.42623
G1 X69.901 Y30.84 E0.07952
G1 X69.846 Y31.025 E0.01056
G1 X69.05 Y32.681 E0.10049
G1 X68.14 Y33.805 E0.0791
G1 X67.511 Y34.405 E0.04754
G1 X67.946 Y34.755 E0.03054
G1 X68.592 Y35.46 E0.0523
G1 X69.497 Y36.885 E0.09233
G1 X69.918 Y38.18 E0.07448
G1 X70.13 Y39.48 E0.07204
G1 X70.088 Y78.593 E2.1392
G1 X69.888 Y80.052 E0.08054
G1 X69.063 Y81.77 E0.10423
G1 X68.181 Y82.913 E0.07896
G1 X67.43 Y83.587 E0.05519
G1 X66.304 Y84.29 E0.0726
G1 X65.38 Y84.735 E0.05609
G1 X63.609 Y85.13 E0.09924
G1 X36.519 Y85.13 E1.48163
G1 X34.9 Y84.861 E0.08976
G1 X33.208 Y84.053 E0.10255
G1 X32.16 Y83.213 E0.07346
G1 X31.417 Y82.446 E0.0584
G1 X30.506 Y81.01 E0.09301
G1 X30.082 Y79.706 E0.07499
G1 X29.87 Y78.406 E0.07204
G1 X29.912 Y21.406 E3.11749
G1 X30.112 Y19.949 E0.08043
G1 X30.945 Y18.213 E0.10531
G0 F1320 X31.475 Y18.542
G1 F1260 X32.183 Y17.641 E0.06267
G1 X32.947 Y16.902 E0.05813
G1 X34.256 Y16.072 E0.08477
G1 X35.443 Y15.686 E0.06827
G1 X36.645 Y15.49 E0.06661
G1 X63.405 Y15.515 E1.46358
G1 X64.562 Y15.668 E0.06383
G1 X65.072 Y15.812 E0.02898
G1 X66.458 Y16.475 E0.08403
G1 X67.359 Y17.183 E0.06267
G1 X68.098 Y17.947 E0.05813
G1 X68.928 Y19.256 E0.08477
G1 X69.314 Y20.441 E0.06816
G1 X69.51 Y21.654 E0.0672
G1 X69.474 Y29.396 E0.42344
G1 X69.287 Y30.756 E0.07508
G1 X68.522 Y32.348 E0.0966
G1 X67.658 Y33.415 E0.07509
G1 X67.062 Y33.976 E0.04477
G1 X66.51 Y34.324 E0.03569
G1 X66.51 Y34.41 E0.0047
G1 X67.489 Y35.174 E0.06792
G1 X68.1 Y35.841 E0.04947
G1 X68.93 Y37.148 E0.08468
G1 X69.314 Y38.329 E0.06792
G1 X69.51 Y39.531 E0.06661
G1 X69.474 Y78.509 E2.13182
G1 X69.287 Y79.871 E0.07519
G1 X68.533 Y81.441 E0.09526
G1 X67.722 Y82.492 E0.07261
G1 X67.058 Y83.088 E0.0488
G1 X66.035 Y83.731 E0.06609
G1 X65.173 Y84.146 E0.05232
G1 X63.541 Y84.51 E0.09145
G1 X36.573 Y84.51 E1.47496
G1 X35.085 Y84.263 E0.0825
G1 X33.543 Y83.526 E0.09347
G1 X32.548 Y82.729 E0.06972
G1 X31.907 Y82.06 E0.05067
G1 X31.072 Y80.744 E0.08524
G1 X30.686 Y79.557 E0.06827
G1 X30.49 Y78.355 E0.06661
G1 X30.526 Y21.49 E3.11011
G1 X30.713 Y20.13 E0.07508
G1 X31.475 Y18.542 E0.09633
G0 F1320 X32.004 Y18.873
G1 F1260 X31.314 Y20.311 E0.08723
G1 X31.14 Y21.575 E0.06978
G1 X31.11 Y78.304 E3.10267
G1 X31.29 Y79.408 E0.06118
G1 X31.638 Y80.478 E0.06154
G1 X32.398 Y81.676 E0.07759
G1 X32.996 Y82.3 E0.04727
G1 X33.876 Y82.999 E0.06147
G1 X35.27 Y83.665 E0.0845
G1 X36.626 Y83.89 E0.07518
G1 X63.473 Y83.89 E1.46834
G1 X64.966 Y83.557 E0.08366
G1 X65.766 Y83.172 E0.04856
G1 X66.683 Y82.591 E0.05937
G1 X67.266 Y82.068 E0.04284
G1 X68.003 Y81.112 E0.06602
G1 X68.686 Y79.69 E0.08628
G1 X68.86 Y78.425 E0.06984
G1 X68.89 Y39.582 E2.12443
G1 X68.71 Y38.478 E0.06118
G1 X68.363 Y37.411 E0.06137
G1 X67.608 Y36.222 E0.07703
G1 X67.065 Y35.629 E0.04398
G1 X66.175 Y34.929 E0.06193
G1 X65.89 Y34.775 E0.01772
G1 X65.89 Y33.982 E0.04337
G1 X66.678 Y33.485 E0.05095
G1 X67.233 Y32.963 E0.04167
G1 X67.994 Y32.016 E0.06645
G1 X68.686 Y30.575 E0.08743
G1 X68.86 Y29.311 E0.06978
G1 X68.89 Y21.702 E0.41616
G1 X68.71 Y20.591 E0.06156
G1 X68.362 Y19.522 E0.06149
G1 X67.606 Y18.33 E0.0772
G1 X66.976 Y17.671 E0.04986
G1 X66.127 Y17.004 E0.05905
G1 X64.804 Y16.371 E0.08021
G1 X64.481 Y16.283 E0.01831
G1 X63.324 Y16.13 E0.06383
G1 X36.696 Y16.11 E1.45636
G1 X35.592 Y16.29 E0.06118
G1 X34.522 Y16.638 E0.06154
G1 X33.33 Y17.394 E0.0772
G1 X32.671 Y18.024 E0.04986
G1 X32.004 Y18.873 E0.05905
G0 F1320 X32.533 Y19.204
G1 F1260 X33.159 Y18.407 E0.05543
G1 X33.711 Y17.887 E0.04148
G1 X34.788 Y17.204 E0.06975
G1 X35.741 Y16.894 E0.05481
G1 X36.747 Y16.73 E0.05575
G1 X63.243 Y16.745 E1.44914
G1 X64.4 Y16.898 E0.06383
G1 X64.587 Y16.954 E0.01068
G1 X65.796 Y17.533 E0.07332
G1 X66.593 Y18.159 E0.05543
G1 X67.113 Y18.711 E0.04148
G1 X67.796 Y19.788 E0.06975
G1 X68.106 Y20.741 E0.05481
G1 X68.27 Y21.75 E0.05591
G1 X68.246 Y29.226 E0.40889
G1 X68.085 Y30.394 E0.06449
G1 X67.466 Y31.684 E0.07826
G1 X66.808 Y32.511 E0.0578
G1 X66.294 Y32.994 E0.03858
G1 X65.27 Y33.641 E0.06625
G1 X65.27 Y35.167 E0.08346
G1 X65.792 Y35.416 E0.03163
G1 X66.64 Y36.083 E0.05901
G1 X67.116 Y36.603 E0.03856
G1 X67.796 Y37.674 E0.06939
G1 X68.106 Y38.627 E0.05481
G1 X68.27 Y39.633 E0.05575
G1 X68.246 Y78.34 E2.11699
G1 X68.085 Y79.508 E0.06449
G1 X67.47 Y80.788 E0.07767
G1 X66.812 Y81.642 E0.05896
G1 X66.307 Y82.095 E0.0371
G1 X65.434 Y82.648 E0.05652
G1 X64.761 Y82.968 E0.04076
G1 X63.405 Y83.27 E0.07598
G1 X36.679 Y83.27 E1.46172
G1 X35.455 Y83.067 E0.06786
G1 X34.21 Y82.472 E0.07547
G1 X33.444 Y81.871 E0.05325
G1 X32.889 Y81.292 E0.04387
G1 X32.204 Y80.212 E0.06995
G1 X31.894 Y79.259 E0.05481
G1 X31.73 Y78.253 E0.05575
G1 X31.754 Y21.66 E3.09523
G1 X31.915 Y20.492 E0.06449
G1 X32.533 Y19.204 E0.07813
G0 F1320 X33.063 Y19.532
G1 F1260 X32.516 Y20.673 E0.06921
G1 X32.368 Y21.745 E0.05919
G1 X32.35 Y78.202 E3.08779
G1 X32.498 Y79.11 E0.05032
G1 X32.77 Y79.946 E0.04808
G1 X33.381 Y80.91 E0.06242
G1 X33.827 Y81.383 E0.03556
G1 X34.539 Y81.942 E0.04951
G1 X35.643 Y82.469 E0.06691
G1 X36.733 Y82.65 E0.06043
G1 X63.337 Y82.65 E1.45505
G1 X64.558 Y82.378 E0.06842
G1 X65.168 Y82.088 E0.03694
G1 X65.932 Y81.599 E0.04961
G1 X66.353 Y81.221 E0.03094
G1 X66.94 Y80.46 E0.05256
G1 X67.484 Y79.327 E0.06874
G1 X67.632 Y78.255 E0.05919
G1 X67.65 Y39.684 E2.10956
G1 X67.502 Y38.776 E0.05032
G1 X67.23 Y37.94 E0.04808
G1 X66.621 Y36.98 E0.06218
G1 X66.215 Y36.537 E0.03287
G1 X65.466 Y35.948 E0.05211
G1 X64.65 Y35.559 E0.04944
G1 X64.65 Y33.209 E0.12853
G1 X65.011 Y33.072 E0.02112
G1 X65.91 Y32.504 E0.05816
G1 X66.383 Y32.059 E0.03552
G1 X66.937 Y31.354 E0.04904
G1 X67.484 Y30.213 E0.06921
G1 X67.632 Y29.141 E0.05919
G1 X67.65 Y21.8 E0.4015
G1 X67.502 Y20.89 E0.05042
G1 X67.23 Y20.054 E0.04808
G1 X66.619 Y19.09 E0.06242
G1 X66.173 Y18.617 E0.03556
G1 X65.468 Y18.063 E0.04904
G1 X64.319 Y17.513 E0.06967
G1 X63.162 Y17.36 E0.06383
G1 X36.798 Y17.35 E1.44192
G1 X35.89 Y17.498 E0.05032
G1 X35.054 Y17.77 E0.04808
G1 X34.09 Y18.381 E0.06242
G1 X33.617 Y18.827 E0.03556
G1 X33.063 Y19.532 E0.04904
G0 F1320 X33.592 Y19.863
G1 F1260 X34.105 Y19.21 E0.04542
G1 X34.471 Y18.874 E0.02717
G1 X35.32 Y18.336 E0.05497
G1 X36.039 Y18.102 E0.04135
G1 X36.849 Y17.97 E0.04489
G1 X63.081 Y17.975 E1.4347
G1 X64.141 Y18.115 E0.05848
G1 X65.137 Y18.592 E0.0604
G1 X65.79 Y19.105 E0.04542
G1 X66.126 Y19.471 E0.02717
G1 X66.664 Y20.32 E0.05497
G1 X66.898 Y21.039 E0.04135
G1 X67.03 Y21.85 E0.04494
G1 X67.018 Y29.056 E0.39412
G1 X66.883 Y30.032 E0.05389
G1 X66.408 Y31.023 E0.06011
G1 X65.895 Y31.676 E0.04542
G1 X65.528 Y32.012 E0.02721
G1 X64.68 Y32.548 E0.05487
G1 X64.03 Y32.76 E0.03739
G1 X64.03 Y36.012 E0.17786
G1 X64.321 Y36.089 E0.01646
G1 X65.14 Y36.48 E0.04964
G1 X65.79 Y36.991 E0.04522
G1 X66.126 Y37.357 E0.02717
G1 X66.664 Y38.206 E0.05497
G1 X66.898 Y38.925 E0.04135
G1 X67.03 Y39.735 E0.04489
G1 X67.018 Y78.17 E2.10212
G1 X66.883 Y79.146 E0.05389
G1 X66.409 Y80.134 E0.05993
G1 X65.895 Y80.801 E0.04606
G1 X65.595 Y81.079 E0.02237
G1 X64.902 Y81.528 E0.04516
G1 X64.355 Y81.788 E0.03312
G1 X63.269 Y82.03 E0.06085
G1 X36.787 Y82.03 E1.44837
G1 X35.831 Y81.871 E0.053
G1 X34.868 Y81.412 E0.05835
G1 X34.21 Y80.895 E0.04577
G1 X33.874 Y80.529 E0.02717
G1 X33.336 Y79.68 E0.05497
G1 X33.102 Y78.961 E0.04135
G1 X32.97 Y78.151 E0.04489
G1 X32.982 Y21.83 E3.08035
G1 X33.117 Y20.854 E0.05389
G1 X33.592 Y19.863 E0.06011
G0 F1320 X34.121 Y20.194
G1 F1260 X34.536 Y19.656 E0.03716
G1 X34.803 Y19.398 E0.02031
G1 X35.586 Y18.902 E0.05069
G1 X36.188 Y18.706 E0.03463
G1 X36.9 Y18.59 E0.03945
G1 X63 Y18.59 E1.42748
G1 X63.963 Y18.717 E0.05313
G1 X64.806 Y19.121 E0.05113
G1 X65.344 Y19.536 E0.03716
G1 X65.602 Y19.803 E0.02031
G1 X66.098 Y20.586 E0.05069
G1 X66.294 Y21.188 E0.03463
G1 X66.41 Y21.9 E0.03945
G1 X66.404 Y28.971 E0.38673
G1 X66.282 Y29.851 E0.04859
G1 X65.879 Y30.692 E0.051
G1 X65.464 Y31.23 E0.03716
G1 X65.197 Y31.488 E0.02031
G1 X64.414 Y31.983 E0.05066
G1 X63.859 Y32.165 E0.03194
G1 X63.41 Y32.246 E0.02495
G1 X63.41 Y36.524 E0.23398
G1 X64.054 Y36.648 E0.03587
G1 X64.808 Y37.008 E0.0457
G1 X65.344 Y37.422 E0.03704
G1 X65.602 Y37.689 E0.02031
G1 X66.098 Y38.472 E0.05069
G1 X66.294 Y39.074 E0.03463
G1 X66.41 Y39.786 E0.03945
G1 X66.404 Y78.085 E2.09468
G1 X66.282 Y78.965 E0.04859
G1 X65.879 Y79.806 E0.051
G1 X65.404 Y80.422 E0.04254
G1 X65.254 Y80.561 E0.01118
G1 X64.635 Y80.968 E0.04052
G1 X64.15 Y81.199 E0.02938
G1 X63.201 Y81.41 E0.05317
G1 X36.841 Y81.41 E1.4417
G1 X36.019 Y81.273 E0.04558
G1 X35.196 Y80.881 E0.04986
G1 X34.656 Y80.464 E0.03732
G1 X34.398 Y80.197 E0.02031
G1 X33.902 Y79.414 E0.05069
G1 X33.706 Y78.812 E0.03463
G1 X33.59 Y78.1 E0.03945
G1 X33.596 Y21.915 E3.07291
G1 X33.718 Y21.035 E0.04859
G1 X34.121 Y20.194 E0.051
G0 F1320 X34.651 Y20.522
G1 F1260 X35.027 Y20.035 E0.03365
G1 X35.186 Y19.89 E0.01177
G1 X35.854 Y19.467 E0.04324
G1 X36.334 Y19.31 E0.02762
G1 X36.95 Y19.21 E0.03413
G1 X63 Y19.21 E1.42475
G1 X63.784 Y19.319 E0.04329
G1 X64.478 Y19.651 E0.04208
G1 X64.965 Y20.027 E0.03365
G1 X65.11 Y20.186 E0.01177
G1 X65.533 Y20.854 E0.04324
G1 X65.69 Y21.334 E0.02762
G1 X65.79 Y21.95 E0.03413
G1 X65.79 Y28.886 E0.37935
G1 X65.681 Y29.67 E0.04329
G1 X65.349 Y30.364 E0.04208
G1 X64.973 Y30.851 E0.03365
G1 X64.814 Y30.996 E0.01177
G1 X64.146 Y31.419 E0.04324
G1 X63.666 Y31.576 E0.02762
G1 X63.099 Y31.668 E0.03142
G1 X62.79 Y31.676 E0.01691
G1 X62.79 Y37.096 E0.29643
G1 X63.091 Y37.103 E0.01647
G1 X63.787 Y37.207 E0.03849
G1 X64.478 Y37.537 E0.04188
G1 X64.965 Y37.913 E0.03365
G1 X65.11 Y38.072 E0.01177
G1 X65.533 Y38.74 E0.04324
G1 X65.69 Y39.22 E0.02762
G1 X65.79 Y39.836 E0.03413
G1 X65.79 Y78 E2.0873
G1 X65.681 Y78.784 E0.04329
G1 X65.349 Y79.478 E0.04208
G1 X64.913 Y80.043 E0.03903
G1 X64.294 Y80.45 E0.04052
G1 X63.946 Y80.609 E0.02093
G1 X63.133 Y80.79 E0.04555
G1 X36.894 Y80.79 E1.43508
G1 X36.207 Y80.676 E0.03809
G1 X35.522 Y80.349 E0.04151
G1 X35.035 Y79.973 E0.03365
G1 X34.89 Y79.814 E0.01177
G1 X34.467 Y79.146 E0.04324
G1 X34.31 Y78.666 E0.02762
G1 X34.21 Y78.05 E0.03413
G1 X34.21 Y22 E3.06553
G1 X34.319 Y21.216 E0.04329
G1 X34.651 Y20.522 E0.04208
G0 F1320 X35.18 Y20.852
G1 F1260 X35.518 Y20.414 E0.03026
G1 X36.122 Y20.031 E0.03912
G1 X36.433 Y19.922 E0.01802
G1 X37 Y19.83 E0.03142
G1 X63 Y19.83 E1.42201
G1 X63.604 Y19.92 E0.0334
G1 X64.148 Y20.18 E0.03298
G1 X64.586 Y20.518 E0.03026
G1 X64.969 Y21.122 E0.03912
G1 X65.078 Y21.433 E0.01802
G1 X65.17 Y22 E0.03142
G1 X65.17 Y28.886 E0.37661
G1 X65.08 Y29.49 E0.0334
G1 X64.82 Y30.034 E0.03298
G1 X64.482 Y30.472 E0.03026
G1 X63.878 Y30.855 E0.03912
G1 X63.567 Y30.964 E0.01802
G1 X63 Y31.056 E0.03142
G1 X62.17 Y31.056 E0.0454
G1 X62.17 Y37.716 E0.36425
G1 X63 Y37.716 E0.0454
G1 X63.604 Y37.806 E0.0334
G1 X64.148 Y38.066 E0.03298
G1 X64.586 Y38.404 E0.03026
G1 X64.969 Y39.008 E0.03912
G1 X65.078 Y39.319 E0.01802
G1 X65.17 Y39.886 E0.03142
G1 X65.17 Y78 E2.08456
G1 X65.08 Y78.604 E0.0334
G1 X64.82 Y79.148 E0.03298
G1 X64.485 Y79.582 E0.02999
G1 X63.953 Y79.932 E0.03483
G1 X63.746 Y80.019 E0.01228
G1 X63.066 Y80.17 E0.0381
G1 X36.947 Y80.17 E1.42852
G1 X36.392 Y80.078 E0.03077
G1 X35.852 Y79.82 E0.03273
G1 X35.414 Y79.482 E0.03026
G1 X35.031 Y78.878 E0.03912
G1 X34.922 Y78.567 E0.01802
G1 X34.83 Y78 E0.03142
G1 X34.83 Y22 E3.0628
G1 X34.92 Y21.396 E0.0334
G1 X35.18 Y20.852 E0.03298
G0 F1320 X35.739 Y21.119
G1 F1260 X35.941 Y20.88 E0.01712
G1 X36.349 Y20.608 E0.02682
G1 X36.542 Y20.532 E0.01134
G1 X37 Y20.45 E0.02545
G1 X63 Y20.45 E1.42201
G1 X63.423 Y20.52 E0.02345
G1 X63.881 Y20.739 E0.02777
G1 X64.12 Y20.941 E0.01712
G1 X64.392 Y21.349 E0.02682
G1 X64.468 Y21.542 E0.01134
G1 X64.55 Y22 E0.02545
G1 X64.55 Y28.886 E0.37661
G1 X64.48 Y29.309 E0.02345
G1 X64.261 Y29.767 E0.02777
G1 X64.059 Y30.006 E0.01712
G1 X63.651 Y30.278 E0.02682
G1 X63.458 Y30.354 E0.01134
G1 X63 Y30.436 E0.02545
G1 X61.55 Y30.436 E0.0793
G1 X61.55 Y38.336 E0.43207
G1 X63 Y38.336 E0.0793
G1 X63.423 Y38.406 E0.02345
G1 X63.881 Y38.625 E0.02777
G1 X64.12 Y38.827 E0.01712
G1 X64.392 Y39.235 E0.02682
G1 X64.468 Y39.428 E0.01134
G1 X64.55 Y39.886 E0.02545
G1 X64.55 Y78 E2.08456
G1 X64.48 Y78.423 E0.02345
G1 X64.261 Y78.881 E0.02777
G1 X64.059 Y79.12 E0.01712
G1 X63.612 Y79.414 E0.02926
G1 X63 Y79.55 E0.03429
G1 X37 Y79.55 E1.42201
G1 X36.577 Y79.48 E0.02345
G1 X36.119 Y79.261 E0.02777
G1 X35.88 Y79.059 E0.01712
G1 X35.608 Y78.651 E0.02682
G1 X35.532 Y78.458 E0.01134
G1 X35.45 Y78 E0.02545
G1 X35.45 Y22 E3.0628
G1 X35.52 Y21.577 E0.02345
G1 X35.739 Y21.119 E0.02777
G1 F1500 E-6.5
G0 F1320 X36.729 Y21.849
G1 F1500 E6.5
G1 F1260 X36.837 Y21.736 E0.00855
G1 X37 Y21.69 E0.00926
G1 X63 Y21.69 E1.42201
G1 X63.151 Y21.729 E0.00853
G1 X63.264 Y21.837 E0.00855
G1 X63.31 Y22 E0.00926
G1 X63.31 Y28.886 E0.37661
G1 X63.271 Y29.037 E0.00853
G1 X63.163 Y29.15 E0.00855
G1 X63 Y29.196 E0.00926
G1 X60.31 Y29.196 E0.14712
G1 X60.31 Y39.576 E0.56771
G1 X63 Y39.576 E0.14712
G1 X63.151 Y39.615 E0.00853
G1 X63.264 Y39.723 E0.00855
G1 X63.31 Y39.886 E0.00926
G1 X63.31 Y78 E2.08456
G1 X63.271 Y78.151 E0.00853
G1 X63.163 Y78.264 E0.00855
G1 X63 Y78.31 E0.00926
G1 X37 Y78.31 E1.42201
G1 X36.849 Y78.271 E0.00853
G1 X36.736 Y78.163 E0.00855
G1 X36.69 Y78 E0.00926
G1 X36.69 Y22 E3.0628
G1 X36.729 Y21.849 E0.00853
G0 F1320 X36.281 Y21.421
G1 F1260 X36.389 Y21.308 E0.00855
G1 X36.669 Y21.139 E0.01789
G1 X37 Y21.07 E0.01849
G1 X63 Y21.07 E1.42201
G1 X63.306 Y21.129 E0.01704
G1 X63.579 Y21.281 E0.01709
G1 X63.692 Y21.389 E0.00855
G1 X63.861 Y21.669 E0.01789
G1 X63.93 Y22 E0.01849
G1 X63.93 Y28.886 E0.37661
G1 X63.871 Y29.192 E0.01704
G1 X63.719 Y29.465 E0.01709
G1 X63.611 Y29.578 E0.00855
G1 X63.331 Y29.747 E0.01789
G1 X63 Y29.816 E0.01849
G1 X60.93 Y29.816 E0.11321
G1 X60.93 Y38.956 E0.49989
G1 X63 Y38.956 E0.11321
G1 X63.306 Y39.015 E0.01704
G1 X63.579 Y39.167 E0.01709
G1 X63.692 Y39.275 E0.00855
G1 X63.861 Y39.555 E0.01789
G1 X63.93 Y39.886 E0.01849
G1 X63.93 Y78 E2.08456
G1 X63.871 Y78.306 E0.01704
G1 X63.719 Y78.579 E0.01709
G1 X63.611 Y78.692 E0.00855
G1 X63.331 Y78.861 E0.01789
G1 X63 Y78.93 E0.01849
G1 X37 Y78.93 E1.42201
G1 X36.694 Y78.871 E0.01704
G1 X36.421 Y78.719 E0.01709
G1 X36.308 Y78.611 E0.00855
G1 X36.139 Y78.331 E0.01789
G1 X36.07 Y78 E0.01849
G1 X36.07 Y22 E3.0628
G1 X36.129 Y21.694 E0.01704
G1 X36.281 Y21.421 E0.01709
G1 F1500 E-6.5
;MESH:flasherTopPlate.STL
G0 F1320 X47.278 Y74.623
;TYPE:WALL-INNER
G1 F1500 E6.5
G1 F360 X46.775 Y74.005 E0.04358
G1 X46.445 Y73.285 E0.04332
G1 X46.241 Y72.49 E0.04489
G1 X46.218 Y72.068 E0.02311
G1 X46.271 Y71.306 E0.04178
G1 X46.462 Y70.592 E0.04042
G1 X46.95 Y69.729 E0.05422
G1 X47.342 Y69.284 E0.03243
G1 X47.962 Y68.803 E0.04292
G1 X48.369 Y68.578 E0.02544
G1 X49 Y68.341 E0.03687
G1 X49.653 Y68.227 E0.03625
G1 X50.335 Y68.226 E0.0373
G1 X50.89 Y68.316 E0.03075
G1 X51.537 Y68.532 E0.03731
G1 X52.039 Y68.804 E0.03123
G1 X52.666 Y69.292 E0.04345
G1 X52.984 Y69.668 E0.02693
G1 X53.348 Y70.2 E0.03526
G1 X53.662 Y71.02 E0.04802
G1 X53.733 Y71.347 E0.0183
G1 X53.778 Y72.065 E0.03935
G1 X53.757 Y72.478 E0.02262
G1 X53.562 Y73.255 E0.04381
G1 X53.256 Y73.95 E0.04153
G1 X52.727 Y74.614 E0.04643
G1 X52.483 Y74.847 E0.01845
G1 X51.942 Y75.21 E0.03563
G1 X60.21 Y75.21 E0.4522
G1 X60.21 Y42.697 E1.77823
G1 X59.382 Y42.606 E0.04556
G1 X58.918 Y42.456 E0.02667
G1 X58.316 Y42.109 E0.038
G1 X57.971 Y41.8 E0.02533
G1 X57.545 Y41.21 E0.0398
G1 X57.386 Y40.86 E0.02103
G1 X57.274 Y40.482 E0.02156
G1 X57.21 Y40.02 E0.02551
G1 X57.21 Y28.646 E0.62208
G1 X57.305 Y28.159 E0.02714
G1 X57.45 Y27.75 E0.02373
G1 X57.683 Y27.328 E0.02636
G1 X58.019 Y26.918 E0.02899
G1 X58.465 Y26.553 E0.03152
G1 X59.011 Y26.275 E0.03351
G1 X59.518 Y26.135 E0.02877
G1 X60.21 Y26.094 E0.03791
G1 X60.21 Y24.79 E0.07132
G1 X39.79 Y24.79 E1.11683
G1 X39.79 Y75.21 E2.75761
G1 X48.05 Y75.208 E0.45176
G1 X47.518 Y74.852 E0.03501
G1 X47.278 Y74.623 E0.01814
G1 F1500 E-6.5
G0 F1320 X39.17 Y75.83
G1 F1500 E6.5
G1 F360 X48.675 Y75.83 E0.51986
G1 F346.6 X49.386 Y75.806 E0.04041
G1 F340.2 X49.916 Y75.818 E0.03068
G1 F338.2 X50.69 Y75.802 E0.04507
G1 F344.4 X51.343 Y75.83 E0.03736
G1 F360 X60.83 Y75.83 E0.51887
G1 X60.83 Y42.054 E1.8473
G1 X60 Y42.054 E0.0454
G1 X59.519 Y42.001 E0.02647
G1 X59.158 Y41.885 E0.02074
G1 X58.891 Y41.75 E0.01636
G1 X58.538 Y41.489 E0.02401
G1 X58.33 Y41.271 E0.01648
G1 X58.024 Y40.783 E0.0315
G1 X57.918 Y40.498 E0.01663
G1 X57.835 Y40.041 E0.0254
G1 X57.83 Y28.697 E0.62044
G1 X57.904 Y28.32 E0.02101
G1 X58.017 Y28.002 E0.01846
G1 X58.198 Y27.674 E0.02049
G1 X58.459 Y27.355 E0.02254
G1 X58.806 Y27.071 E0.02452
G1 X59.231 Y26.854 E0.0261
G1 X59.742 Y26.714 E0.02898
G1 X60.83 Y26.714 E0.05951
G1 X60.83 Y24.17 E0.13914
G1 X39.17 Y24.17 E1.18465
G1 X39.17 Y75.83 E2.82543
G1 F1500 E-6.5
G0 F1320 X39.17 Y78.665
G0 X61.45 Y78.665
G0 X61.45 Y76.45
G1 F1500 E6.5
G1 F360 X61.45 Y41.434 E1.91512
G1 X60 Y41.434 E0.0793
G1 X59.656 Y41.396 E0.01893
G1 X59.399 Y41.313 E0.01477
G1 X59.064 Y41.121 E0.02112
G1 X58.688 Y40.711 E0.03043
G1 X58.547 Y40.427 E0.01734
G1 X58.454 Y39.996 E0.02412
G1 X58.45 Y28.748 E0.61518
G1 X58.583 Y28.254 E0.02798
G1 X58.899 Y27.792 E0.03061
G1 X59.147 Y27.589 E0.01753
G1 X59.451 Y27.434 E0.01866
G1 X59.816 Y27.334 E0.0207
G1 X61.45 Y27.334 E0.08937
G1 X61.45 Y23.55 E0.20696
G1 X38.55 Y23.55 E1.25247
G1 X38.55 Y76.45 E2.89325
G1 X61.45 Y76.45 E1.25247
G1 F1500 E-6.5
G0 F1320 X61.45 Y78.665
G0 X37.93 Y78.665
G0 X37.93 Y77.07
G1 F1500 E6.5
G1 F360 X62.07 Y77.07 E1.32028
G1 X62.07 Y40.814 E1.98294
G1 X59.849 Y40.814 E0.12147
G1 X59.524 Y40.684 E0.01914
G1 X59.284 Y40.479 E0.01726
G1 X59.181 Y40.326 E0.01009
G1 X59.072 Y39.952 E0.02131
G1 X59.07 Y28.805 E0.60966
G1 X59.227 Y28.365 E0.02555
G1 X59.488 Y28.107 E0.02007
G1 X59.886 Y27.954 E0.02332
G1 X62.07 Y27.954 E0.11945
G1 X62.07 Y22.93 E0.27478
G1 X37.93 Y22.93 E1.32028
G1 X37.93 Y77.07 E2.96107
G1 F1500 E-6.5
G0 F1320 X51.368 Y74.86
G1 F1500 E6.5
G1 F337.2 X50.632 Y75.13 E0.04578
G1 F334.1 X49.983 Y75.177 E0.03834
G1 F336.1 X49.434 Y75.14 E0.03223
G1 F340.2 X48.657 Y74.88 E0.04741
G1 F353.2 X47.945 Y74.402 E0.04781
G1 F360 X47.705 Y74.174 E0.01811
G1 X47.299 Y73.675 E0.03518
G1 X47.037 Y73.1 E0.03456
G1 X46.855 Y72.411 E0.03898
G1 X46.838 Y72.082 E0.01802
G1 X46.882 Y71.413 E0.03667
G1 X47.097 Y70.724 E0.03948
G1 X47.458 Y70.09 E0.0399
G1 X47.762 Y69.743 E0.02523
G1 X48.306 Y69.319 E0.03772
G1 X48.623 Y69.144 E0.0198
G1 X49.51 Y68.846 E0.05118
G1 X50.298 Y68.845 E0.0431
G1 X50.73 Y68.915 E0.02394
G1 X51.303 Y69.108 E0.03307
G1 X51.695 Y69.319 E0.02435
G1 X52.248 Y69.753 E0.03845
G1 X52.693 Y70.305 E0.03878
G1 X53.042 Y71.083 E0.04664
G1 X53.121 Y71.443 E0.02016
G1 X53.17 Y72.286 E0.04618
G1 X52.969 Y73.075 E0.04453
G1 X52.722 Y73.636 E0.03352
G1 X52.3 Y74.165 E0.03701
G1 X52.056 Y74.397 E0.01841
G1 F352.1 X51.368 Y74.86 E0.04638
G1 F1500 E-6.5
G0 F1320 X52.23 Y70.75
G1 F1500 E6.5
G1 F360 X52.503 Y71.446 E0.04089
G1 X52.546 Y72.245 E0.04376
G1 X52.376 Y72.895 E0.03675
G1 X52.137 Y73.385 E0.02982
G1 X51.629 Y73.948 E0.04147
G1 X51.202 Y74.236 E0.02817
G1 X50.52 Y74.491 E0.03982
G1 X49.916 Y74.542 E0.03315
G1 X49.527 Y74.503 E0.02138
G1 X49.117 Y74.383 E0.02336
G1 X48.805 Y74.243 E0.0187
G1 X48.372 Y73.952 E0.02853
G1 X48.132 Y73.724 E0.01811
G1 X47.791 Y73.271 E0.03101
G1 X47.628 Y72.915 E0.02141
G1 X47.449 Y72.252 E0.03756
G1 X47.493 Y71.52 E0.04011
G1 X47.682 Y70.92 E0.03441
G1 X48.073 Y70.305 E0.03986
G1 X48.651 Y69.835 E0.04074
G1 X48.877 Y69.71 E0.01413
G1 X49.414 Y69.517 E0.03121
G1 X49.729 Y69.464 E0.01747
G1 X50.261 Y69.464 E0.0291
G1 X50.569 Y69.514 E0.01707
G1 X51.116 Y69.706 E0.03171
G1 X51.35 Y69.835 E0.01461
G1 X51.861 Y70.256 E0.03621
G1 X52.23 Y70.75 E0.03372
G1 F1500 E-6.5
G0 F1320 X50.266 Y71.801
G0 X49.916 Y73.922
G1 F1500 E6.5
G1 F360 X49.617 Y73.889 E0.01645
G1 X49.059 Y73.677 E0.03265
G1 X48.799 Y73.503 E0.01711
G1 X48.559 Y73.275 E0.01811
G1 X48.318 Y72.943 E0.02244
G1 X48.085 Y72.252 E0.03988
G1 X48.103 Y71.627 E0.0342
G1 X48.225 Y71.238 E0.0223
G1 X48.54 Y70.719 E0.0332
G1 X48.995 Y70.35 E0.03204
G1 X49.578 Y70.115 E0.03438
G1 X49.767 Y70.083 E0.01048
G1 X50.409 Y70.113 E0.03515
G1 X51.005 Y70.35 E0.03508
G1 X51.414 Y70.686 E0.02895
G1 X51.707 Y71.115 E0.02841
G1 X51.872 Y71.526 E0.02422
G1 X51.911 Y72.245 E0.03938
G1 X51.782 Y72.715 E0.02666
G1 X51.604 Y73.068 E0.02162
G1 X51.201 Y73.499 E0.03227
G1 X50.945 Y73.671 E0.01687
G1 X50.413 Y73.881 E0.03128
G1 X49.916 Y73.922 E0.02727
G1 F1500 E-6.5
G0 F1320 X48.714 Y71.734
;TYPE:WALL-OUTER
G1 F1500 E6.5
G1 F360 X48.789 Y71.495 E0.01357
G1 X49.023 Y71.121 E0.02389
G1 X49.339 Y70.866 E0.02199
G1 X49.764 Y70.707 E0.02458
G1 X50.227 Y70.707 E0.02508
G1 X50.661 Y70.866 E0.02503
G1 X50.968 Y71.116 E0.02144
G1 X51.118 Y71.318 E0.01363
G1 X51.283 Y71.731 E0.02409
G1 X51.296 Y72.167 E0.02363
G1 X51.189 Y72.535 E0.02076
G1 X51.071 Y72.751 E0.01333
G1 X50.689 Y73.107 E0.02828
G1 X50.306 Y73.27 E0.02254
G1 X49.916 Y73.302 E0.02119
G1 X49.625 Y73.251 E0.016
G1 X49.226 Y73.053 E0.02413
G1 X48.936 Y72.764 E0.02217
G1 X48.812 Y72.545 E0.01363
G1 X48.7 Y72.172 E0.02109
G1 X48.714 Y71.734 E0.02373
G0 F1320 X48.774 Y71.543
G1 F1500 E-6.5
G0 F1320 X62.69 Y40.194
G1 F1500 E6.5
G1 F360 X59.952 Y40.194 E0.1483
G1 X59.812 Y40.132 E0.00829
G1 X59.717 Y40.013 E0.00825
G1 X59.69 Y39.907 E0.00592
G1 X59.692 Y28.845 E0.59914
G1 X59.779 Y28.665 E0.01083
G1 X59.959 Y28.576 E0.01088
G1 X62.69 Y28.574 E0.14792
G1 X62.69 Y22.31 E0.33927
G1 X37.31 Y22.31 E1.37463
G1 X37.31 Y77.69 E2.99948
G1 X62.69 Y77.69 E1.37463
G1 X62.69 Y40.194 E2.03085
G0 F1320 X62.49 Y40.194
G1 F1500 E-6.5
G0 F1320 X62.49 Y39.221
G0 X63.653 Y39.233
G0 X63.665 Y70.879
G0 X56.958 Y70.879
;TYPE:SKIN
G1 F1500 E6.5
G1 F230.1 X56.992 Y71.99 E0.09603
G1 F1500 E-6.5
G0 F1320 X55.419 Y73.39
G1 F1500 E6.5
G1 F360 X55.56 Y72.729 E0.03732
G1 X55.594 Y72.031 E0.03859
G1 X55.546 Y71.154 E0.0485
G1 X55.395 Y70.47 E0.03868
G1 X54.983 Y69.375 E0.06461
G1 X54.543 Y68.718 E0.04367
G1 X53.96 Y67.99 E0.05151
G1 X53.007 Y67.254 E0.0665
G1 X52.283 Y66.866 E0.04536
G1 X51.357 Y66.546 E0.0541
G1 X50.462 Y66.406 E0.05003
G1 X49.465 Y66.414 E0.05506
G1 X48.637 Y66.53 E0.04617
G1 X47.715 Y66.873 E0.05433
G1 X47.03 Y67.234 E0.04276
G1 X46.1 Y67.931 E0.06418
G1 X45.433 Y68.699 E0.05617
G1 X44.758 Y69.896 E0.07589
G1 X44.472 Y70.967 E0.06122
G1 X44.398 Y71.991 E0.0567
G1 X44.422 Y72.688 E0.03851
G1 X44.57 Y73.386 E0.0394
G1 X41.61 Y73.389 E0.16346
G1 X41.61 Y26.61 E2.58331
G1 X55.998 Y26.61 E0.79456
G1 X55.789 Y26.984 E0.02366
G1 X55.543 Y27.669 E0.04019
G1 X55.395 Y28.425 E0.04254
G1 X55.401 Y40.263 E0.65374
G1 X55.498 Y40.897 E0.03542
G1 X55.797 Y41.781 E0.05153
G1 X56.103 Y42.357 E0.03602
G1 X56.606 Y43.01 E0.04552
G1 X57.23 Y43.583 E0.04678
G1 X58.089 Y44.077 E0.05472
G1 X58.39 Y44.188 E0.01772
G1 X58.39 Y73.39 E1.61265
G1 X55.419 Y73.39 E0.16407
G1 F1500 E-6.5
G0 F1320 X40.99 Y74.01
G1 F1500 E6.5
G1 F360 X40.99 Y25.99 E2.65185
G1 X57.218 Y25.99 E0.89617
G1 X56.706 Y26.625 E0.04505
G1 X56.338 Y27.282 E0.04159
G1 X56.134 Y27.874 E0.03458
G1 X56.015 Y28.494 E0.03486
G1 X56.017 Y40.173 E0.64496
G1 X56.102 Y40.752 E0.03232
G1 X56.369 Y41.541 E0.046
G1 X56.623 Y42.021 E0.02999
G1 X57.104 Y42.635 E0.04307
G1 X57.599 Y43.08 E0.03676
G1 X58.432 Y43.559 E0.05306
G1 X59.01 Y43.743 E0.0335
G1 X59.01 Y74.01 E1.67146
G1 X54.536 Y74.01 E0.24707
G1 X54.772 Y73.461 E0.033
G1 X54.944 Y72.653 E0.04562
G1 X54.974 Y72.034 E0.03422
G1 X54.93 Y71.242 E0.0438
G1 X54.815 Y70.694 E0.03092
G1 X54.427 Y69.662 E0.06089
G1 X54.047 Y69.088 E0.03802
G1 X53.519 Y68.433 E0.04646
G1 X52.671 Y67.778 E0.05917
G1 X52.035 Y67.438 E0.03983
G1 X51.157 Y67.141 E0.05119
G1 X50.419 Y67.026 E0.04125
G1 X49.513 Y67.032 E0.05003
G1 X48.792 Y67.133 E0.04021
G1 X47.927 Y67.457 E0.05101
G1 X47.324 Y67.784 E0.03788
G1 X46.548 Y68.372 E0.05377
G1 X45.945 Y69.059 E0.05048
G1 X45.338 Y70.136 E0.06827
G1 X45.088 Y71.071 E0.05345
G1 X45.018 Y72.031 E0.05316
G1 X45.042 Y72.614 E0.03222
G1 X45.233 Y73.507 E0.05043
G1 X45.456 Y74.01 E0.03039
G1 X40.99 Y74.01 E0.24663
G1 F1500 E-6.5
G0 F1320 X43.004 Y71.992
G1 F1500 E6.5
G1 F229.6 X43.049 Y70.709 E0.11115
G1 F1500 E-6.5
G0 F1320 X42.851 Y69.359
G1 F1500 E6.5
G1 F360 X42.85 Y27.85 E2.29228
G1 X54.239 Y27.85 E0.62894
G1 X54.155 Y28.299 E0.02523
G1 X54.158 Y40.261 E0.66059
G1 X54.282 Y41.17 E0.05066
G1 X54.629 Y42.223 E0.06123
G1 X55.043 Y42.999 E0.04857
G1 X55.719 Y43.886 E0.06159
G1 X56.495 Y44.592 E0.05794
G1 X57.15 Y44.968 E0.04171
G1 X57.15 Y70.079 E1.38672
G1 F274.9 X56.958 Y70.879 E0.0595
G1 X56.59 Y70.142 E0.05958
G1 F360 X56.095 Y68.806 E0.07868
G1 X55.535 Y67.974 E0.05538
G1 X54.841 Y67.102 E0.06154
G1 X53.683 Y66.206 E0.08086
G1 X52.779 Y65.722 E0.05663
G1 X51.653 Y65.33 E0.06584
G1 X50.57 Y65.165 E0.0605
G1 X49.33 Y65.18 E0.06848
G1 X48.328 Y65.317 E0.05585
G1 X47.287 Y65.705 E0.06135
G1 X46.365 Y66.18 E0.05728
G1 X45.231 Y67.034 E0.0784
G1 X44.424 Y67.948 E0.06733
G1 X43.617 Y69.384 E0.09097
G1 F310.4 X43.333 Y70.046 E0.04613
G1 F243.4 X43.049 Y70.709 E0.05891
G1 X42.95 Y70.034 E0.05572
G1 F310.4 X42.851 Y69.359 E0.04369
G1 F1500 E-6.5
G0 F1320 X45.33 Y64.619
G1 F1500 E6.5
G1 F360 X44.71 Y65.084 E0.0428
G1 X44.71 Y29.71 E1.95349
G1 X52.29 Y29.71 E0.4186
G1 X52.308 Y40.465 E0.59393
G1 X52.456 Y41.593 E0.06283
G1 X52.901 Y42.943 E0.0785
G1 X53.471 Y44.008 E0.06671
G1 X54.331 Y45.138 E0.07842
G1 X55.29 Y46.01 E0.07158
G1 X55.29 Y65.091 E1.05373
G1 X54.736 Y64.655 E0.03893
G1 X53.53 Y64.01 E0.07553
G1 X52.035 Y63.493 E0.08736
G1 X50.703 Y63.293 E0.07438
G1 X49.14 Y63.328 E0.08634
G1 X47.866 Y63.493 E0.07094
G1 X46.558 Y63.985 E0.07717
G1 X45.33 Y64.619 E0.07632
G1 F1500 E-6.5
G0 F1320 X49.196 Y67.7
G1 F1500 E6.5
G1 F360 X48.695 Y67.832 E0.02861
G1 X48.109 Y68.056 E0.03464
G1 X47.661 Y68.304 E0.02828
G1 X46.974 Y68.83 E0.04778
G1 X46.473 Y69.392 E0.04158
G1 X45.919 Y70.376 E0.06236
G1 X45.704 Y71.175 E0.04569
G1 X45.638 Y72.042 E0.04802
G1 X45.662 Y72.541 E0.02759
G1 X45.832 Y73.34 E0.04511
G1 X46.262 Y74.274 E0.05678
G1 X46.538 Y74.63 E0.02488
G1 X40.37 Y74.63 E0.34062
G1 X40.37 Y25.37 E2.72032
G1 X58.78 Y25.37 E1.01667
G1 F311.3 X59.402 Y25.467 E0.0402
G1 X58.77 Y25.748 E0.04417
G1 F360 X58.174 Y26.051 E0.03692
G1 X57.628 Y26.487 E0.03859
G1 X57.219 Y26.98 E0.03537
G1 X56.912 Y27.531 E0.03483
G1 X56.735 Y28.037 E0.0296
G1 X56.635 Y28.557 E0.02924
G1 X56.632 Y40.087 E0.63673
G1 X56.7 Y40.583 E0.02765
G1 X56.922 Y41.256 E0.03914
G1 X57.144 Y41.682 E0.02653
G1 X57.563 Y42.21 E0.03722
G1 X57.967 Y42.576 E0.0301
G1 X58.687 Y42.991 E0.04589
G1 X59.229 Y43.164 E0.03142
G1 X59.63 Y43.214 E0.02232
G1 X59.63 Y74.63 E1.73491
G1 X53.454 Y74.63 E0.34106
G1 X53.751 Y74.259 E0.02624
G1 X54.18 Y73.269 E0.05958
G1 X54.328 Y72.577 E0.03908
G1 X54.354 Y72.052 E0.02903
G1 X54.31 Y71.282 E0.04259
G1 X54.21 Y70.828 E0.02567
G1 X53.882 Y69.976 E0.05042
G1 X53.564 Y69.478 E0.03263
G1 X53.084 Y68.881 E0.0423
G1 X52.335 Y68.302 E0.05228
G1 X51.791 Y68.01 E0.0341
G1 X51.034 Y67.75 E0.0442
G1 X50.376 Y67.646 E0.03679
G1 X49.596 Y67.648 E0.04307
G1 X49.196 Y67.7 E0.02228
G1 F1500 E-6.5
G0 F1320 X50.614 Y64.541
G1 F1500 E6.5
G1 F360 X49.242 Y64.564 E0.07578
G1 X48.178 Y64.708 E0.05929
G1 X46.998 Y65.153 E0.06964
G1 X46.033 Y65.652 E0.05999
G1 X44.807 Y66.574 E0.08471
G1 X43.935 Y67.562 E0.07277
G1 X43.47 Y68.373 E0.05163
G1 X43.47 Y28.47 E2.2036
G1 X53.53 Y28.47 E0.55555
G1 X53.54 Y40.301 E0.65335
G1 X53.672 Y41.301 E0.0557
G1 X54.053 Y42.463 E0.06753
G1 X54.519 Y43.336 E0.05465
G1 X55.259 Y44.306 E0.06738
G1 X56.103 Y45.074 E0.06302
G1 X56.53 Y45.328 E0.02744
G1 X56.53 Y68.345 E1.27109
G1 X56.015 Y67.582 E0.05084
G1 X55.279 Y66.656 E0.06532
G1 X54.019 Y65.682 E0.08795
G1 X53.027 Y65.15 E0.06216
G1 X51.746 Y64.709 E0.07482
G1 X50.614 Y64.541 E0.0632
G1 F1500 E-6.5
G0 F1320 X52.179 Y62.885
G1 F1500 E6.5
G1 F360 X50.747 Y62.669 E0.07998
G1 X49.151 Y62.706 E0.08816
G1 X47.716 Y62.885 E0.07986
G1 X46.339 Y63.401 E0.08121
G1 X45.33 Y63.915 E0.06253
G1 X45.33 Y30.33 E1.85469
G1 X51.67 Y30.33 E0.35012
G1 X51.692 Y40.545 E0.56411
G1 X51.848 Y41.737 E0.06639
G1 X52.325 Y43.187 E0.0843
G1 X52.947 Y44.344 E0.07254
G1 X53.871 Y45.558 E0.08425
G1 X54.67 Y46.282 E0.05954
G1 X54.67 Y63.912 E0.9736
G1 X53.778 Y63.438 E0.05578
G1 X52.179 Y62.885 E0.09343
G1 F1500 E-6.5
G0 F1320 X48.43 Y59.661
G1 F1500 E6.5
G1 F360 X48.43 Y44.578 E0.83294
G1 F338.7 X48.468 Y44.066 E0.03014
G1 F303.3 X48.507 Y43.555 E0.0336
G1 F274.5 X48.545 Y43.043 E0.03718
G1 F250.8 X48.584 Y42.532 E0.04063
G1 F231.5 X48.619 Y42.458 E0.00703
G1 X48.671 Y42.517 E0.00675
G1 F250.8 X48.873 Y43.004 E0.0418
G1 F274.5 X49.075 Y43.491 E0.03818
G1 F303.3 X49.277 Y43.977 E0.0345
G1 F338.7 X49.48 Y44.464 E0.03097
G1 F360 X50.352 Y46.056 E0.10024
G1 X51.468 Y47.531 E0.10214
G1 X51.57 Y47.639 E0.0082
G1 X51.57 Y59.647 E0.66313
G1 X50.927 Y59.549 E0.03592
G1 X48.728 Y59.626 E0.12151
G1 X48.43 Y59.661 E0.01657
G1 F1500 E-6.5
G0 F1320 X36.335 Y59.661
G0 X36.347 Y21.347
G0 X63.653 Y21.347
G0 X63.665 Y25.46
G0 X59.54 Y25.46
G1 F1500 E6.5
G1 F276.6 X59.402 Y25.467 E0.00993
G1 F1500 E-6.5
G0 F1320 X59.402 Y21.335
G0 X36.347 Y21.347
G0 X36.335 Y30.95
G0 X45.95 Y30.95
G1 F1500 E6.5
G1 F360 X51.05 Y30.95 E0.28164
G1 X51.076 Y40.625 E0.53429
G1 X51.242 Y41.894 E0.07068
G1 X51.754 Y43.431 E0.08946
G1 X52.448 Y44.716 E0.08065
G1 X53.376 Y45.94 E0.08482
G1 X54.05 Y46.554 E0.05035
G1 X54.05 Y62.873 E0.9012
G1 X52.379 Y62.291 E0.09772
G1 X50.787 Y62.045 E0.08896
G1 X49.067 Y62.09 E0.09502
G1 X47.568 Y62.277 E0.08342
G1 X45.95 Y62.882 E0.09539
G1 X45.95 Y30.95 E1.76341
G0 F1320 X46.57 Y31.57
G1 F360 X50.43 Y31.57 E0.21316
G1 X50.456 Y40.631 E0.50038
G1 X50.634 Y42.034 E0.0781
G1 X51.181 Y43.683 E0.09594
G1 X51.899 Y45.013 E0.08347
G1 X52.917 Y46.36 E0.09324
G1 X53.43 Y46.83 E0.03842
G1 X53.43 Y61.999 E0.83769
G1 X52.527 Y61.683 E0.05283
G1 X50.823 Y61.421 E0.09521
G1 X48.982 Y61.474 E0.10171
G1 X47.42 Y61.669 E0.08693
G1 X46.57 Y61.986 E0.0501
G1 X46.57 Y31.57 E1.67969
G1 F1500 E-6.5
G0 F1320 X47.81 Y32.81
G1 F1500 E6.5
G1 F360 X49.191 Y32.81 E0.07626
G1 X49.22 Y40.723 E0.43699
G1 X49.418 Y42.318 E0.08876
G1 X50.033 Y44.175 E0.10803
G1 X50.876 Y45.719 E0.09715
G1 X51.964 Y47.159 E0.09967
G1 X52.19 Y47.378 E0.01738
G1 X52.19 Y60.371 E0.71752
G1 X50.895 Y60.173 E0.07235
G1 X48.784 Y60.244 E0.11664
G1 X47.81 Y60.368 E0.05422
G1 X47.81 Y32.81 E1.52186
G0 F1320 X48.501 Y33.501
G1 F289.9 X48.509 Y37.134 E0.24917
G1 F284.7 X48.516 Y40.767 E0.2537
G1 F264.5 X48.568 Y41.612 E0.06364
G1 F235.4 X48.619 Y42.459 E0.07165
G1 F1500 E-6.5
G0 F1320 X50.32 Y48.077
G1 F1500 E6.5
G1 F348.8 X50.32 Y58.315 E0.58362
G1 X49.68 Y58.337 E0.0365
G1 X49.68 Y47.238 E0.6327
G1 X50.32 Y48.077 E0.06015
G0 F1320 X50.95 Y47.865
G1 F360 X50.95 Y58.925 E0.61078
G1 X49.05 Y58.99 E0.10499
G1 X49.05 Y44.966 E0.77446
G1 X49.832 Y46.394 E0.08991
G1 X50.95 Y47.865 E0.10203
G1 F1500 E-6.5
G0 F1320 X52.46 Y46.784
G1 F1500 E6.5
G1 F360 X52.81 Y47.106 E0.02626
G1 X52.81 Y61.098 E0.77269
G1 X50.863 Y60.797 E0.1088
G1 X48.897 Y60.858 E0.10862
G1 X47.377 Y61.048 E0.08459
G1 X47.19 Y61.106 E0.01081
G1 X47.19 Y32.19 E1.59685
G1 X49.811 Y32.19 E0.14474
G1 X49.84 Y40.716 E0.47084
G1 X50.026 Y42.174 E0.08117
G1 X50.605 Y43.926 E0.1019
G1 X51.375 Y45.345 E0.08916
G1 X52.46 Y46.784 E0.09952
G1 F1500 E-6.5
G0 F1320 X55.687 Y45.534
G1 F1500 E6.5
G1 F360 X55.91 Y45.678 E0.01466
G1 X55.91 Y66.454 E1.14733
G1 X55.721 Y66.216 E0.01678
G1 X54.399 Y65.183 E0.09265
G1 X53.282 Y64.582 E0.07005
G1 X51.946 Y64.115 E0.07816
G1 X50.658 Y63.917 E0.07196
G1 X49.154 Y63.948 E0.08307
G1 X48.022 Y64.101 E0.06308
G1 X46.778 Y64.569 E0.0734
G1 X45.705 Y65.12 E0.06661
G1 X44.426 Y66.076 E0.08818
G1 X44.09 Y66.446 E0.0276
G1 X44.09 Y29.09 E2.06294
G1 X52.91 Y29.09 E0.48707
G1 X52.924 Y40.385 E0.62375
G1 X53.064 Y41.445 E0.05905
G1 X53.477 Y42.703 E0.07312
G1 X53.995 Y43.672 E0.06068
G1 X54.795 Y44.722 E0.0729
G1 X55.687 Y45.534 E0.06661
G1 F1500 E-6.5
G0 F1320 X56.141 Y43.425
M104 S224
G1 F1500 E6.5
G1 F360 X56.862 Y44.087 E0.05405
G1 X57.77 Y44.608 E0.05781
G1 X57.77 Y72.77 E1.55521
G1 X56.184 Y72.77 E0.08758
G1 X56.214 Y72.009 E0.04206
G1 X56.162 Y71.066 E0.05216
G1 X56.011 Y70.368 E0.03944
G1 X55.539 Y69.091 E0.07518
G1 X55.038 Y68.346 E0.04958
G1 X54.401 Y67.546 E0.05647
G1 X53.343 Y66.73 E0.07379
G1 X52.531 Y66.294 E0.0509
G1 X51.505 Y65.938 E0.05997
G1 X50.526 Y65.789 E0.05469
G1 X49.417 Y65.796 E0.06124
G1 X48.486 Y65.924 E0.0519
G1 X47.504 Y66.289 E0.05785
G1 X46.653 Y66.736 E0.05308
G1 X45.701 Y67.452 E0.06578
G1 X44.938 Y68.311 E0.06345
G1 X44.178 Y69.658 E0.08541
G1 X43.856 Y70.864 E0.06893
G1 X43.778 Y71.951 E0.06018
G1 X43.81 Y72.767 E0.0451
G1 X42.23 Y72.766 E0.08725
G1 X42.23 Y27.23 E2.51467
G1 X55.038 Y27.23 E0.70731
G1 X54.939 Y27.508 E0.0163
G1 X54.775 Y28.362 E0.04802
G1 X54.781 Y40.307 E0.65965
G1 X54.901 Y41.071 E0.04271
G1 X55.205 Y41.983 E0.05309
G1 X55.566 Y42.667 E0.04271
G1 X56.141 Y43.425 E0.05254
G1 F1500 E-6.5
;MESH:NONMESH
G0 F600 X56.141 Y43.425 Z0.36
G0 F1320 X60.653 Y39.233
G0 X60.653 Y29.539
G0 X59.01 Y27.38
;TIME_ELAPSED:664.372630
;LAYER:1
M204 P175
;TYPE:WALL-INNER
;MESH:flasherTopPlate.STL
G1 F1500 E6.5
G1 F420 X59.362 Y27.2 E0.01084
G1 X59.783 Y27.084 E0.01197
G1 X61.2 Y27.084 E0.03883
G1 X61.2 Y23.8 E0.09
G1 X38.8 Y23.8 E0.6139
G1 X38.8 Y76.2 E1.43609
G1 X61.2 Y76.2 E0.6139
G1 X61.2 Y41.684 E0.94596
G1 X60 Y41.684 E0.03289
G1 X59.601 Y41.64 E0.011
G1 X59.08 Y41.432 E0.01537
G1 X58.615 Y41.035 E0.01676
G1 X58.361 Y40.63 E0.0131
G1 X58.273 Y40.394 E0.0069
G1 X58.204 Y40.014 E0.01058
G1 X58.2 Y28.728 E0.30931
G1 X58.355 Y28.152 E0.01635
G1 X58.505 Y27.88 E0.00851
G1 X58.722 Y27.616 E0.00937
G1 X59.01 Y27.38 E0.0102
M204 T160
G0 F1320 X58.657 Y40.281
G1 F420 X58.603 Y39.985 E0.00825
G1 X58.6 Y28.76 E0.30764
G1 X58.72 Y28.315 E0.01263
G1 X59.006 Y27.897 E0.01388
G1 X59.23 Y27.714 E0.00793
G1 X59.504 Y27.574 E0.00843
G1 X59.831 Y27.484 E0.0093
G1 X61.6 Y27.484 E0.04848
G1 X61.6 Y23.4 E0.11193
G1 X38.4 Y23.4 E0.63583
G1 X38.4 Y76.6 E1.45802
G1 X61.6 Y76.6 E0.63583
G1 X61.6 Y41.284 E0.96788
G1 X60 Y41.284 E0.04385
G1 X59.69 Y41.25 E0.00855
G1 X59.457 Y41.175 E0.00671
G1 X59.155 Y41.001 E0.00955
G1 X58.815 Y40.631 E0.01377
G1 X58.657 Y40.281 E0.01052
G0 F1320 X38 Y77
G1 F420 X62 Y77 E0.65775
G1 X62 Y40.884 E0.98981
G1 X59.838 Y40.884 E0.05925
G1 X59.488 Y40.744 E0.01033
G1 X59.326 Y40.624 E0.00553
G1 X59.154 Y40.418 E0.00735
G1 X59.04 Y40.167 E0.00756
G1 X59.002 Y39.957 E0.00585
G1 X59 Y28.795 E0.30591
G1 X59.086 Y28.477 E0.00903
G1 X59.29 Y28.179 E0.0099
G1 X59.645 Y27.948 E0.01161
G1 X59.878 Y27.884 E0.00662
G1 X62 Y27.884 E0.05816
G1 X62 Y23 E0.13385
G1 X38 Y23 E0.65775
G1 X38 Y77 E1.47994
G0 F1320 X59.902 Y40.796
G0 X59.902 Y40.484
G1 F420 X59.693 Y40.4 E0.00617
G1 X59.538 Y40.268 E0.00558
G1 X59.453 Y40.133 E0.00437
G1 X59.401 Y39.928 E0.0058
G1 X59.404 Y28.809 E0.30473
G1 X59.451 Y28.64 E0.00481
G1 X59.574 Y28.461 E0.00595
G1 X59.787 Y28.322 E0.00697
G1 X59.925 Y28.284 E0.00392
G1 X62.4 Y28.284 E0.06783
G1 X62.4 Y22.6 E0.15578
G1 X37.6 Y22.6 E0.67968
G1 X37.6 Y77.4 E1.50187
G1 X62.4 Y77.4 E0.67968
G1 X62.4 Y40.484 E1.01173
G1 X59.902 Y40.484 E0.06846
G0 F1320 X59.902 Y40.796
G0 X49.227 Y69.309
G1 F420 X49.857 Y69.205 E0.0175
G1 X50.52 Y69.232 E0.01819
G1 X51.219 Y69.48 E0.02033
G1 X51.49 Y69.631 E0.0085
G1 X51.982 Y70.02 E0.01719
G1 X52.217 Y70.288 E0.00977
G1 X52.602 Y70.943 E0.02082
G1 X52.774 Y71.645 E0.01981
G1 X52.8 Y71.97 E0.00894
G1 X52.722 Y72.718 E0.02061
G1 X52.41 Y73.406 E0.0207
G1 X52.056 Y73.887 E0.01637
G1 X51.812 Y74.122 E0.00928
G1 X51.288 Y74.475 E0.01732
G1 X50.563 Y74.738 E0.02114
G1 X50.084 Y74.792 E0.01321
G1 X49.598 Y74.759 E0.01335
G1 X49.028 Y74.614 E0.01612
G1 X48.717 Y74.478 E0.0093
G1 X48.184 Y74.122 E0.01757
G1 X47.94 Y73.887 E0.00928
G1 X47.586 Y73.406 E0.01637
G1 X47.271 Y72.705 E0.02106
G1 X47.191 Y71.859 E0.02329
G1 X47.336 Y71.125 E0.02051
G1 X47.443 Y70.86 E0.00783
G1 X47.779 Y70.286 E0.01823
G1 X48.019 Y70.017 E0.00988
G1 X48.506 Y69.631 E0.01703
G1 X48.928 Y69.412 E0.01303
G1 X49.227 Y69.309 E0.00867
G0 F1320 X50.908 Y70.376
G0 X51.728 Y71.307
G0 X51.795 Y72.426
G0 X51.126 Y74.109
G1 F420 X50.494 Y74.344 E0.01848
G1 X50.084 Y74.392 E0.01131
G1 X49.631 Y74.36 E0.01245
G1 X49.188 Y74.248 E0.01252
G1 X48.876 Y74.112 E0.00933
G1 X48.462 Y73.835 E0.01365
G1 X48.218 Y73.599 E0.0093
G1 X47.943 Y73.225 E0.01272
G1 X47.695 Y72.683 E0.01634
G1 X47.609 Y72.122 E0.01555
G1 X47.607 Y71.809 E0.00858
G1 X47.805 Y71.031 E0.022
G1 X48.186 Y70.41 E0.01997
G1 X48.781 Y69.92 E0.02112
G1 X49.324 Y69.697 E0.01609
G1 X49.888 Y69.604 E0.01567
G1 X50.539 Y69.661 E0.01791
G1 X51.056 Y69.845 E0.01504
G1 X51.267 Y69.962 E0.00661
G1 X51.807 Y70.407 E0.01918
G1 X52.219 Y71.053 E0.021
G1 X52.38 Y71.714 E0.01865
G1 X52.4 Y71.967 E0.00696
G1 X52.328 Y72.629 E0.01825
G1 X52.053 Y73.225 E0.01799
G1 X51.778 Y73.599 E0.01272
G1 X51.534 Y73.835 E0.0093
G1 X51.126 Y74.109 E0.01347
G0 F1320 X51.78 Y72.544
G0 X51.728 Y71.307
G0 X50.908 Y70.376
G0 X49.376 Y70.092
G1 F420 X49.92 Y70.003 E0.01511
G1 X50.301 Y70.02 E0.01045
G1 X50.972 Y70.235 E0.01931
G1 X51.461 Y70.638 E0.01737
G1 X51.875 Y71.27 E0.02071
G1 X52 Y71.964 E0.01933
G1 X51.915 Y72.578 E0.01699
G1 X51.697 Y73.044 E0.0141
G1 X51.5 Y73.312 E0.00912
G1 X51.256 Y73.547 E0.00928
G1 X50.964 Y73.743 E0.00964
G1 X50.425 Y73.95 E0.01582
G1 X50.084 Y73.992 E0.00942
G1 X49.665 Y73.961 E0.01151
G1 X49.348 Y73.881 E0.00896
G1 X49.036 Y73.745 E0.00933
G1 X48.74 Y73.547 E0.00976
G1 X48.496 Y73.312 E0.00928
G1 X48.299 Y73.044 E0.00912
G1 X48.079 Y72.571 E0.0143
G1 X47.987 Y71.935 E0.01761
G1 X48.137 Y71.25 E0.01922
G1 X48.506 Y70.649 E0.01933
G1 X49.028 Y70.248 E0.01804
G1 X49.376 Y70.092 E0.01045
G0 F1320 X48.749 Y70.641
G0 X48.529 Y71.372
G1 F420 X48.775 Y70.969 E0.01294
G1 X49.221 Y70.598 E0.0159
G1 X49.518 Y70.473 E0.00883
G1 X49.952 Y70.401 E0.01206
G1 X50.287 Y70.423 E0.0092
G1 X50.82 Y70.626 E0.01563
G1 X51.221 Y70.969 E0.01446
G1 X51.491 Y71.429 E0.01462
G1 X51.6 Y71.961 E0.01488
G1 X51.532 Y72.464 E0.01391
G1 X51.34 Y72.864 E0.01216
G1 X50.978 Y73.26 E0.0147
G1 X50.803 Y73.377 E0.00577
G1 X50.356 Y73.556 E0.0132
G1 X50.084 Y73.592 E0.00752
G1 X49.698 Y73.563 E0.01061
G1 X49.196 Y73.378 E0.01466
G1 X49.018 Y73.26 E0.00585
G1 X48.656 Y72.864 E0.0147
G1 X48.463 Y72.46 E0.01227
G1 X48.403 Y71.893 E0.01563
G1 X48.529 Y71.372 E0.01469
G0 F1320 X48.262 Y71.207
G0 X49.309 Y70.22
G0 X49.599 Y70.866
M204 P150
;TYPE:WALL-OUTER
G1 F420 X49.984 Y70.8 E0.0106
G1 X50.208 Y70.815 E0.00609
G1 X50.581 Y70.948 E0.01075
G1 X50.891 Y71.199 E0.01083
G1 X51.113 Y71.561 E0.01153
G1 X51.198 Y71.921 E0.01004
G1 X51.148 Y72.35 E0.01172
G1 X50.944 Y72.736 E0.01185
G1 X50.641 Y73.011 E0.01111
G1 X50.285 Y73.162 E0.0105
G1 X50.067 Y73.192 E0.00597
G1 X49.731 Y73.164 E0.00915
G1 X49.296 Y72.972 E0.0129
G1 X49.013 Y72.683 E0.01098
G1 X48.847 Y72.348 E0.01015
G1 X48.8 Y71.956 E0.01072
G1 X48.882 Y71.563 E0.0109
G1 X49.105 Y71.199 E0.01159
G1 X49.415 Y70.948 E0.01083
G1 X49.599 Y70.866 E0.00547
G0 F1320 X49.795 Y70.833
G0 X49.676 Y70.132
G0 X59.955 Y40.796
G0 X59.955 Y40.08
G1 F420 X59.854 Y40.022 E0.00316
G1 X59.8 Y39.899 E0.00365
G1 X59.801 Y28.859 E0.29963
G1 X59.858 Y28.743 E0.00351
G1 X59.973 Y28.685 E0.0035
G1 X62.8 Y28.684 E0.07673
G1 X62.8 Y22.2 E0.17598
G1 X37.2 Y22.2 E0.69479
G1 X37.2 Y77.8 E1.509
G1 X62.8 Y77.8 E0.69479
G1 X62.8 Y40.084 E1.02362
G1 X59.955 Y40.08 E0.07721
G0 F1320 X59.854 Y40.022
G0 X59.821 Y39.945
G0 X59.09 Y39.945
G0 X50.57 Y68.873
M204 P165
;TYPE:SKIN
G1 F420 X49.765 Y68.845 E0.02229
G1 X49.038 Y68.98 E0.02046
G1 X48.385 Y69.268 E0.01975
G1 X47.776 Y69.746 E0.02142
G1 X47.493 Y70.064 E0.01178
G1 X47.11 Y70.717 E0.02095
G1 X46.983 Y71.04 E0.0096
G1 X46.825 Y71.833 E0.02238
G1 X46.915 Y72.791 E0.02663
G1 X47.278 Y73.595 E0.02441
G1 X47.666 Y74.123 E0.01813
G1 X47.934 Y74.381 E0.01029
G1 F390.7 X48.65 Y74.865 E0.02571
G1 F341.5 X49.52 Y75.17 E0.03138
G1 F310 X49.564 Y75.197 E0.00194
G1 F303.8 X50.064 Y75.224 E0.01916
G1 F300 X50.634 Y75.18 E0.02215
G1 F303.2 X50.675 Y75.145 E0.00207
G1 F361.3 X51.463 Y74.783 E0.0279
G1 F420 X52.064 Y74.38 E0.02002
G1 X52.308 Y74.144 E0.00939
G1 X52.718 Y73.591 E0.01905
G1 X53.072 Y72.81 E0.02373
G1 X53.174 Y71.831 E0.02724
G1 X53.022 Y71.122 E0.02007
G1 X52.882 Y70.718 E0.01183
G1 X52.521 Y70.094 E0.01995
G1 X52.248 Y69.773 E0.01166
G1 X51.705 Y69.339 E0.01924
G1 X51.351 Y69.143 E0.0112
G1 X50.57 Y68.873 E0.02287
G0 F1320 X58.334 Y41.264
G1 F420 X58.56 Y41.493 E0.0089
G1 X58.896 Y41.744 E0.01161
G1 X59.493 Y41.982 E0.01778
G1 X59.977 Y42.043 E0.0135
G1 X60.84 Y42.044 E0.02388
G1 X60.84 Y75.84 E0.93522
G1 X51.603 Y75.84 E0.25561
G1 F361.3 X50.786 Y75.775 E0.02637
G1 F303.2 X50.683 Y75.752 E0.00404
G1 F300 X50.084 Y75.768 E0.02321
G1 F303.8 X49.544 Y75.758 E0.02066
G1 F310 X49.446 Y75.779 E0.00376
G1 F364.4 X48.799 Y75.839 E0.02072
G1 F420 X39.161 Y75.839 E0.26671
G1 X39.16 Y24.16 E1.43008
G1 X60.84 Y24.16 E0.59994
G1 X60.84 Y26.724 E0.07095
G1 X59.729 Y26.726 E0.03074
G1 X59.246 Y26.859 E0.01386
G1 X58.829 Y27.065 E0.01287
G1 X58.481 Y27.345 E0.01236
G1 X58.217 Y27.661 E0.01139
G1 X58.014 Y28.032 E0.0117
G1 X57.846 Y28.664 E0.0181
G1 X57.844 Y40.042 E0.31486
G1 X57.918 Y40.475 E0.01216
G1 X58.032 Y40.778 E0.00896
G1 X58.334 Y41.264 E0.01583
G0 F1320 X39.361 Y24.561
G1 F420 X39.563 Y24.36 E0.00789
G0 F1320 X40.128 Y24.36
G1 F420 X39.361 Y25.127 E0.03002
G0 F1320 X39.361 Y25.693
G1 F420 X40.694 Y24.36 E0.05217
G0 F1320 X41.26 Y24.36
G1 F420 X39.361 Y26.258 E0.0743
G0 F1320 X39.361 Y26.824
G1 F420 X41.825 Y24.36 E0.09643
G0 F1320 X42.391 Y24.36
G1 F420 X39.361 Y27.39 E0.11858
G0 F1320 X39.361 Y27.955
G1 F420 X42.957 Y24.36 E0.14071
G0 F1320 X43.522 Y24.36
G1 F420 X39.361 Y28.521 E0.16284
G0 F1320 X39.361 Y29.087
G1 F420 X44.088 Y24.36 E0.18499
G0 F1320 X44.654 Y24.36
G1 F420 X39.361 Y29.653 E0.20714
G0 F1320 X39.361 Y30.218
G1 F420 X45.219 Y24.36 E0.22925
G0 F1320 X45.785 Y24.36
G1 F420 X39.361 Y30.784 E0.2514
G0 F1320 X39.361 Y31.35
G1 F420 X46.351 Y24.36 E0.27355
G0 F1320 X46.917 Y24.36
G1 F420 X39.361 Y31.915 E0.29568
G0 F1320 X39.361 Y32.481
G1 F420 X47.482 Y24.36 E0.31781
G0 F1320 X48.048 Y24.36
G1 F420 X39.361 Y33.047 E0.33996
G0 F1320 X39.361 Y33.612
G1 F420 X48.614 Y24.36 E0.36209
G0 F1320 X49.179 Y24.36
G1 F420 X39.361 Y34.178 E0.38422
G0 F1320 X39.361 Y34.744
G1 F420 X49.745 Y24.36 E0.40638
G0 F1320 X50.311 Y24.36
G1 F420 X39.361 Y35.309 E0.42851
G0 F1320 X39.361 Y35.875
G1 F420 X50.876 Y24.36 E0.45064
G0 F1320 X51.442 Y24.36
G1 F420 X39.361 Y36.441 E0.47279
G0 F1320 X39.361 Y37.006
G1 F420 X52.008 Y24.36 E0.49492
G0 F1320 X52.573 Y24.36
G1 F420 X39.361 Y37.572 E0.51705
G0 F1320 X39.361 Y38.138
G1 F420 X53.139 Y24.36 E0.5392
G0 F1320 X53.705 Y24.36
G1 F420 X39.361 Y38.703 E0.56133
G0 F1320 X39.361 Y39.269
G1 F420 X54.27 Y24.36 E0.58346
G0 F1320 X54.836 Y24.36
G1 F420 X39.361 Y39.835 E0.60561
G0 F1320 X39.361 Y40.401
G1 F420 X55.402 Y24.36 E0.62776
G0 F1320 X55.968 Y24.36
G1 F420 X39.361 Y40.966 E0.64989
G0 F1320 X39.361 Y41.532
G1 F420 X56.533 Y24.36 E0.67202
G0 F1320 X57.099 Y24.36
G1 F420 X39.361 Y42.098 E0.69417
G0 F1320 X39.361 Y42.663
G1 F420 X57.665 Y24.36 E0.7163
G0 F1320 X58.23 Y24.36
G1 F420 X39.361 Y43.229 E0.73843
G0 F1320 X39.361 Y43.795
G1 F420 X58.796 Y24.36 E0.76058
G0 F1320 X59.362 Y24.36
G1 F420 X39.361 Y44.36 E0.78271
G0 F1320 X39.361 Y44.926
G1 F420 X59.927 Y24.36 E0.80484
G0 F1320 X60.493 Y24.36
G1 F420 X39.361 Y45.492 E0.827
G0 F1320 X39.361 Y46.057
G1 F420 X60.64 Y24.778 E0.83275
G0 F1320 X60.64 Y25.344
G1 F420 X59.365 Y26.619 E0.0499
G0 F1320 X60.022 Y26.528
G1 F420 X60.64 Y25.91 E0.02419
G1 X60.71 Y25.84
G0 F1320 X57.755 Y28.229
G1 F420 X39.361 Y46.623 E0.71984
G0 F1320 X39.361 Y47.189
G1 F420 X57.64 Y28.91 E0.71534
G0 F1320 X57.64 Y29.476
G1 F420 X39.361 Y47.754 E0.71532
G0 F1320 X39.361 Y48.32
G1 F420 X57.64 Y30.041 E0.71534
G0 F1320 X57.641 Y30.606
G1 F420 X39.361 Y48.886 E0.71538
G0 F1320 X39.361 Y49.452
G1 F420 X57.641 Y31.172 E0.71538
G0 F1320 X57.641 Y31.738
G1 F420 X39.361 Y50.017 E0.71536
G0 F1320 X39.361 Y50.583
G1 F420 X57.641 Y32.303 E0.71538
G0 F1320 X57.641 Y32.868
G1 F420 X39.361 Y51.149 E0.7154
G0 F1320 X39.361 Y51.714
G1 F420 X57.641 Y33.434 E0.71538
G0 F1320 X57.642 Y33.999
G1 F420 X39.361 Y52.28 E0.71542
G0 F1320 X39.361 Y52.846
G1 F420 X57.642 Y34.565 E0.71542
G0 F1320 X57.642 Y35.13
G1 F420 X39.361 Y53.411 E0.71542
G0 F1320 X39.361 Y53.977
G1 F420 X57.643 Y35.695 E0.71546
G0 F1320 X57.643 Y36.261
G1 F420 X39.361 Y54.543 E0.71546
G0 F1320 X39.361 Y55.108
G1 F420 X57.643 Y36.826 E0.71546
G0 F1320 X57.643 Y37.392
G1 F420 X39.361 Y55.674 E0.71546
G0 F1320 X39.361 Y56.24
G1 F420 X57.643 Y37.957 E0.71548
G0 F1320 X57.644 Y38.522
G1 F420 X39.361 Y56.805 E0.7155
G0 F1320 X39.361 Y57.371
G1 F420 X57.644 Y39.088 E0.7155
G0 F1320 X57.644 Y39.654
G1 F420 X39.361 Y57.937 E0.7155
G0 F1320 X39.361 Y58.502
G1 F420 X57.668 Y40.195 E0.71644
G0 F1320 X57.772 Y40.657
G1 F420 X39.361 Y59.068 E0.72051
G0 F1320 X39.361 Y59.634
G1 F420 X57.958 Y41.037 E0.72779
G0 F1320 X58.175 Y41.386
G1 F420 X39.361 Y60.2 E0.73628
G0 F1320 X39.361 Y60.765
G1 F420 X58.46 Y41.666 E0.74743
G0 F1320 X58.792 Y41.9
G1 F420 X39.361 Y61.331 E0.76043
G0 F1320 X39.361 Y61.897
G1 F420 X59.183 Y42.074 E0.77575
G0 F1320 X59.627 Y42.197
G1 F420 X39.361 Y62.462 E0.79308
G0 F1320 X39.361 Y63.028
G1 F420 X60.147 Y42.242 E0.81345
G0 F1320 X60.64 Y42.315
G1 F420 X39.361 Y63.594 E0.83275
G0 F1320 X39.361 Y64.159
G1 F420 X60.64 Y42.88 E0.83275
G0 F1320 X60.64 Y43.446
G1 F420 X39.361 Y64.725 E0.83275
G0 F1320 X39.361 Y65.291
G1 F420 X60.64 Y44.012 E0.83275
G0 F1320 X60.64 Y44.577
G1 F420 X39.361 Y65.856 E0.83275
G0 F1320 X39.361 Y66.422
G1 F420 X60.64 Y45.143 E0.83275
G0 F1320 X60.64 Y45.709
G1 F420 X39.361 Y66.988 E0.83275
G0 F1320 X39.361 Y67.553
G1 F420 X60.64 Y46.274 E0.83275
G0 F1320 X60.64 Y46.84
G1 F420 X39.361 Y68.119 E0.83275
G0 F1320 X39.361 Y68.685
G1 F420 X60.64 Y47.406 E0.83275
G0 F1320 X60.64 Y47.972
G1 F420 X39.361 Y69.251 E0.83275
G0 F1320 X39.361 Y69.816
G1 F420 X60.64 Y48.537 E0.83275
G0 F1320 X60.64 Y49.103
G1 F420 X39.361 Y70.382 E0.83275
G0 F1320 X39.361 Y70.948
G1 F420 X60.64 Y49.669 E0.83275
G0 F1320 X60.64 Y50.234
G1 F420 X39.361 Y71.513 E0.83275
G0 F1320 X39.361 Y72.079
G1 F420 X60.64 Y50.8 E0.83275
G0 F1320 X60.64 Y51.366
G1 F420 X39.361 Y72.645 E0.83275
G0 F1320 X39.361 Y73.21
G1 F420 X60.64 Y51.931 E0.83275
G0 F1320 X60.64 Y52.497
G1 F420 X39.361 Y73.776 E0.83275
G0 F1320 X39.361 Y74.342
G1 F420 X60.64 Y53.063 E0.83275
G0 F1320 X60.64 Y53.628
G1 F420 X39.361 Y74.907 E0.83275
G0 F1320 X39.361 Y75.473
G1 F420 X60.64 Y54.194 E0.83275
G0 F1320 X60.64 Y54.76
G1 F420 X39.761 Y75.639 E0.81709
G0 F1320 X40.326 Y75.639
G1 F420 X60.64 Y55.325 E0.79498
G0 F1320 X60.64 Y55.891
G1 F420 X40.892 Y75.639 E0.77283
G0 F1320 X41.458 Y75.639
G1 F420 X60.64 Y56.457 E0.75068
G0 F1320 X60.64 Y57.023
G1 F420 X48.798 Y68.864 E0.46341
G0 F1320 X49.543 Y68.685
G1 F420 X60.64 Y57.588 E0.43428
G0 F1320 X60.64 Y58.154
G1 F420 X50.136 Y68.658 E0.41107
G0 F1320 X50.668 Y68.691
G1 F420 X60.64 Y58.72 E0.39023
G0 F1320 X60.64 Y59.285
G1 F420 X51.087 Y68.838 E0.37385
G0 F1320 X51.494 Y68.997
G1 F420 X60.64 Y59.851 E0.35793
G0 F1320 X60.64 Y60.417
G1 F420 X51.854 Y69.202 E0.34382
G0 F1320 X52.17 Y69.452
G1 F420 X60.64 Y60.982 E0.33147
G0 F1320 X60.64 Y61.548
G1 F420 X52.463 Y69.725 E0.32
G0 F1320 X52.719 Y70.035
G1 F420 X60.64 Y62.114 E0.30999
G0 F1320 X60.64 Y62.679
G1 F420 X52.928 Y70.392 E0.30183
G0 F1320 X53.108 Y70.777
G1 F420 X60.64 Y63.245 E0.29476
G0 F1320 X60.64 Y63.811
G1 F420 X53.247 Y71.204 E0.28932
G0 F1320 X53.345 Y71.672
G1 F420 X60.64 Y64.376 E0.28551
G0 F1320 X60.64 Y64.942
G1 F420 X53.33 Y72.252 E0.28607
G0 F1320 X53.253 Y72.895
G1 F420 X60.64 Y65.508 E0.28909
G0 F1320 X60.64 Y66.073
G1 F420 X52.534 Y74.179 E0.31723
G0 F1320 X52.16 Y74.553
G1 F420 X51.146 Y75.568 E0.0397
G0 F1320 X51.639 Y75.641
G1 F420 X60.64 Y66.639 E0.35227
G0 F1320 X60.64 Y67.205
G1 F420 X52.204 Y75.641 E0.33014
G0 F1320 X52.77 Y75.641
G1 F420 X60.64 Y67.771 E0.30799
G0 F1320 X60.64 Y68.336
G1 F420 X53.336 Y75.641 E0.28586
G0 F1320 X53.901 Y75.641
G1 F420 X60.64 Y68.902 E0.26373
G0 F1320 X60.64 Y69.468
G1 F420 X54.467 Y75.641 E0.24158
G0 F1320 X55.033 Y75.641
G1 F420 X60.64 Y70.033 E0.21945
G0 F1320 X60.64 Y70.599
G1 F420 X55.598 Y75.641 E0.19732
G0 F1320 X56.164 Y75.641
G1 F420 X60.64 Y71.165 E0.17517
G0 F1320 X60.64 Y71.73
G1 F420 X56.73 Y75.641 E0.15304
G0 F1320 X57.295 Y75.641
G1 F420 X60.64 Y72.296 E0.13091
G0 F1320 X60.64 Y72.862
G1 F420 X57.861 Y75.641 E0.10876
G0 F1320 X58.427 Y75.641
G1 F420 X60.64 Y73.427 E0.08662
G0 F1320 X60.64 Y73.993
G1 F420 X58.993 Y75.641 E0.06447
G0 F1320 X59.558 Y75.641
G1 F420 X60.64 Y74.559 E0.04234
G0 F1320 X60.64 Y75.124
G1 F420 X60.124 Y75.641 E0.02021
G0 F1320 X49.162 Y75.289
G1 F420 X48.814 Y75.636 E0.0136
G0 F1320 X48.771 Y75.114
G1 F420 X48.246 Y75.639 E0.02055
G0 F1320 X47.68 Y75.639
G1 F420 X48.387 Y74.932 E0.02767
G0 F1320 X48.05 Y74.704
G1 F420 X47.115 Y75.639 E0.03659
G0 F1320 X46.549 Y75.639
G1 F420 X47.73 Y74.458 E0.04622
G0 F1320 X47.455 Y74.167
G1 F420 X45.983 Y75.639 E0.05761
G0 F1320 X45.417 Y75.639
G1 F420 X47.214 Y73.843 E0.07031
G0 F1320 X47.005 Y73.486
G1 F420 X44.852 Y75.639 E0.08426
G0 F1320 X44.286 Y75.639
G1 F420 X46.831 Y73.094 E0.0996
G0 F1320 X46.702 Y72.658
G1 F420 X43.72 Y75.639 E0.11668
G0 F1320 X43.155 Y75.639
G1 F420 X46.653 Y72.141 E0.13689
G0 F1320 X46.677 Y71.551
G1 F420 X42.589 Y75.639 E0.15998
G0 F1320 X42.023 Y75.639
G1 F420 X46.861 Y70.801 E0.18933
G1 X46.931 Y70.731
;MESH:NONMESH
G0 F600 X46.931 Y70.731 Z0.52
G0 F1320 X59.162 Y28.048
G0 X61.2 Y23.8
;TIME_ELAPSED:1199.359572
;LAYER:2
M204 P200
;TYPE:WALL-INNER
;MESH:flasherTopPlate.STL
G1 F480 X38.8 Y23.8 E0.6139
G1 X38.8 Y76.2 E1.43609
G1 X61.2 Y76.2 E0.6139
G1 X61.2 Y41.684 E0.94596
G1 X60 Y41.684 E0.03289
G1 X59.601 Y41.64 E0.011
G1 X59.08 Y41.432 E0.01537
G1 X58.615 Y41.035 E0.01676
G1 X58.361 Y40.63 E0.0131
G1 X58.273 Y40.394 E0.0069
G1 X58.204 Y40.014 E0.01058
G1 X58.2 Y28.728 E0.30931
G1 X58.355 Y28.152 E0.01635
G1 X58.505 Y27.88 E0.00851
G1 X58.722 Y27.616 E0.00937
G1 X59.01 Y27.38 E0.0102
G1 X59.362 Y27.2 E0.01084
G1 X59.783 Y27.084 E0.01197
G1 X61.2 Y27.084 E0.03883
G1 X61.2 Y23.8 E0.09
M204 T200
G0 F1320 X61.6 Y23.4
G1 F480 X38.4 Y23.4 E0.63583
G1 X38.4 Y76.6 E1.45802
G1 X61.6 Y76.6 E0.63583
G1 X61.6 Y41.284 E0.96788
G1 X60 Y41.284 E0.04385
G1 X59.69 Y41.25 E0.00855
G1 X59.457 Y41.175 E0.00671
G1 X59.155 Y41.001 E0.00955
G1 X58.815 Y40.631 E0.01377
G1 X58.657 Y40.281 E0.01052
G1 X58.603 Y39.985 E0.00825
G1 X58.6 Y28.76 E0.30764
G1 X58.72 Y28.315 E0.01263
G1 X59.006 Y27.897 E0.01388
G1 X59.23 Y27.714 E0.00793
G1 X59.504 Y27.574 E0.00843
G1 X59.831 Y27.484 E0.0093
G1 X61.6 Y27.484 E0.04848
G1 X61.6 Y23.4 E0.11193
G0 F1320 X59.645 Y27.948
G1 F480 X59.878 Y27.884 E0.00662
G1 X62 Y27.884 E0.05816
G1 X62 Y23 E0.13385
G1 X38 Y23 E0.65775
G1 X38 Y77 E1.47994
G1 X62 Y77 E0.65775
G1 X62 Y40.884 E0.98981
G1 X59.838 Y40.884 E0.05925
G1 X59.488 Y40.744 E0.01033
G1 X59.326 Y40.624 E0.00553
G1 X59.154 Y40.418 E0.00735
G1 X59.04 Y40.167 E0.00756
G1 X59.002 Y39.957 E0.00585
G1 X59 Y28.795 E0.30591
G1 X59.086 Y28.477 E0.00903
G1 X59.29 Y28.179 E0.0099
G1 X59.645 Y27.948 E0.01161
G0 F1320 X59.404 Y28.809
G1 F480 X59.451 Y28.64 E0.00481
G1 X59.574 Y28.461 E0.00595
G1 X59.787 Y28.322 E0.00697
G1 X59.925 Y28.284 E0.00392
G1 X62.4 Y28.284 E0.06783
G1 X62.4 Y22.6 E0.15578
G1 X37.6 Y22.6 E0.67968
G1 X37.6 Y77.4 E1.50187
G1 X62.4 Y77.4 E0.67968
G1 X62.4 Y40.484 E1.01173
G1 X59.902 Y40.484 E0.06846
G1 X59.693 Y40.4 E0.00617
G1 X59.538 Y40.268 E0.00558
G1 X59.453 Y40.133 E0.00437
G1 X59.401 Y39.928 E0.0058
G1 X59.404 Y28.809 E0.30473
G0 F1320 X59.09 Y28.809
G0 X47.443 Y70.86
G1 F480 X47.779 Y70.286 E0.01823
G1 X48.019 Y70.017 E0.00988
G1 X48.506 Y69.631 E0.01703
G1 X48.928 Y69.412 E0.01303
G1 X49.227 Y69.309 E0.00867
G1 X49.857 Y69.205 E0.0175
G1 X50.52 Y69.232 E0.01819
G1 X51.219 Y69.48 E0.02033
G1 X51.49 Y69.631 E0.0085
G1 X51.982 Y70.02 E0.01719
G1 X52.217 Y70.288 E0.00977
G1 X52.602 Y70.943 E0.02082
G1 X52.774 Y71.645 E0.01981
G1 X52.8 Y71.97 E0.00894
G1 X52.722 Y72.718 E0.02061
G1 X52.41 Y73.406 E0.0207
G1 X52.056 Y73.887 E0.01637
G1 X51.812 Y74.122 E0.00928
G1 X51.288 Y74.475 E0.01732
G1 X50.563 Y74.738 E0.02114
G1 X50.084 Y74.792 E0.01321
G1 X49.598 Y74.759 E0.01335
G1 X49.028 Y74.614 E0.01612
G1 X48.717 Y74.478 E0.0093
G1 X48.184 Y74.122 E0.01757
G1 X47.94 Y73.887 E0.00928
G1 X47.586 Y73.406 E0.01637
G1 X47.271 Y72.705 E0.02106
G1 X47.191 Y71.859 E0.02329
G1 X47.336 Y71.125 E0.02051
G1 X47.443 Y70.86 E0.00783
G0 F1320 X49.417 Y70.238
G0 X51.807 Y70.407
G1 F480 X52.219 Y71.053 E0.021
G1 X52.38 Y71.714 E0.01865
G1 X52.4 Y71.967 E0.00696
G1 X52.328 Y72.629 E0.01825
G1 X52.053 Y73.225 E0.01799
G1 X51.778 Y73.599 E0.01272
G1 X51.534 Y73.835 E0.0093
G1 X51.126 Y74.109 E0.01347
G1 X50.494 Y74.344 E0.01848
G1 X50.084 Y74.392 E0.01131
G1 X49.631 Y74.36 E0.01245
G1 X49.188 Y74.248 E0.01252
G1 X48.876 Y74.112 E0.00933
G1 X48.462 Y73.835 E0.01365
G1 X48.218 Y73.599 E0.0093
G1 X47.943 Y73.225 E0.01272
G1 X47.695 Y72.683 E0.01634
G1 X47.609 Y72.122 E0.01555
G1 X47.607 Y71.809 E0.00858
G1 X47.805 Y71.031 E0.022
G1 X48.186 Y70.41 E0.01997
G1 X48.781 Y69.92 E0.02112
G1 X49.324 Y69.697 E0.01609
G1 X49.888 Y69.604 E0.01567
G1 X50.539 Y69.661 E0.01791
G1 X51.056 Y69.845 E0.01504
G1 X51.267 Y69.962 E0.00661
G1 X51.807 Y70.407 E0.01918
G0 F1320 X51.859 Y71.923
G0 X51.497 Y73.106
G0 X50.5 Y73.787
G0 X49.348 Y73.881
G1 F480 X49.036 Y73.745 E0.00933
G1 X48.74 Y73.547 E0.00976
G1 X48.496 Y73.312 E0.00928
G1 X48.299 Y73.044 E0.00912
G1 X48.079 Y72.571 E0.0143
G1 X47.987 Y71.935 E0.01761
G1 X48.137 Y71.25 E0.01922
G1 X48.506 Y70.649 E0.01933
G1 X49.028 Y70.248 E0.01804
G1 X49.376 Y70.092 E0.01045
G1 X49.92 Y70.003 E0.01511
G1 X50.301 Y70.02 E0.01045
G1 X50.972 Y70.235 E0.01931
G1 X51.461 Y70.638 E0.01737
G1 X51.875 Y71.27 E0.02071
G1 X52 Y71.964 E0.01933
G1 X51.915 Y72.578 E0.01699
G1 X51.697 Y73.044 E0.0141
G1 X51.5 Y73.312 E0.00912
G1 X51.256 Y73.547 E0.00928
G1 X50.964 Y73.743 E0.00964
G1 X50.425 Y73.95 E0.01582
G1 X50.084 Y73.992 E0.00942
G1 X49.665 Y73.961 E0.01151
G1 X49.348 Y73.881 E0.00896
G0 F1320 X48.503 Y73.106
G0 X48.141 Y71.923
G0 X48.602 Y70.77
G0 X49.35 Y70.268
G0 X50.313 Y70.114
G0 X50.287 Y70.423
G1 F480 X50.82 Y70.626 E0.01563
G1 X51.221 Y70.969 E0.01446
G1 X51.491 Y71.429 E0.01462
G1 X51.6 Y71.961 E0.01488
G1 X51.532 Y72.464 E0.01391
G1 X51.34 Y72.864 E0.01216
G1 X50.978 Y73.26 E0.0147
G1 X50.803 Y73.377 E0.00577
G1 X50.356 Y73.556 E0.0132
G1 X50.084 Y73.592 E0.00752
G1 X49.698 Y73.563 E0.01061
G1 X49.196 Y73.378 E0.01466
G1 X49.018 Y73.26 E0.00585
G1 X48.656 Y72.864 E0.0147
G1 X48.463 Y72.46 E0.01227
G1 X48.403 Y71.893 E0.01563
G1 X48.529 Y71.372 E0.01469
G1 X48.775 Y70.969 E0.01294
G1 X49.221 Y70.598 E0.0159
G1 X49.518 Y70.473 E0.00883
G1 X49.952 Y70.401 E0.01206
G1 X50.287 Y70.423 E0.0092
G0 F1320 X50.313 Y70.114
G0 X49.417 Y70.238
G0 X48.602 Y70.77
G0 X48.141 Y71.923
G0 X48.382 Y72.999
G0 X49.013 Y72.683
M204 P150
;TYPE:WALL-OUTER
G1 F480 X48.847 Y72.348 E0.01015
G1 X48.8 Y71.956 E0.01072
G1 X48.882 Y71.563 E0.0109
G1 X49.105 Y71.199 E0.01159
G1 X49.415 Y70.948 E0.01083
G1 X49.599 Y70.866 E0.00547
G1 X49.984 Y70.8 E0.0106
G1 X50.208 Y70.815 E0.00609
G1 X50.581 Y70.948 E0.01075
G1 X50.891 Y71.199 E0.01083
G1 X51.113 Y71.561 E0.01153
G1 X51.198 Y71.921 E0.01004
G1 X51.148 Y72.35 E0.01172
G1 X50.944 Y72.736 E0.01185
G1 X50.641 Y73.011 E0.01111
G1 X50.285 Y73.162 E0.0105
G1 X50.067 Y73.192 E0.00597
G1 X49.731 Y73.164 E0.00915
G1 X49.296 Y72.972 E0.0129
G1 X49.013 Y72.683 E0.01098
G0 F1320 X48.925 Y72.504
G0 X48.292 Y72.821
G0 X48.141 Y71.923
G0 X59.09 Y28.859
G0 X59.801 Y28.859
G1 F480 X59.858 Y28.743 E0.00351
G1 X59.973 Y28.685 E0.0035
G1 X62.8 Y28.684 E0.07673
G1 X62.8 Y22.2 E0.17598
G1 X37.2 Y22.2 E0.69479
G1 X37.2 Y77.8 E1.509
G1 X62.8 Y77.8 E0.69479
G1 X62.8 Y40.084 E1.02362
G1 X59.955 Y40.08 E0.07721
G1 X59.854 Y40.022 E0.00316
G1 X59.8 Y39.899 E0.00365
G1 X59.801 Y28.859 E0.29963
G0 F1320 X59.858 Y28.743
G0 X59.921 Y28.712
G0 X59.921 Y27.976
G0 X51.78 Y72.544
G0 X50.084 Y75.768
M204 P180
;TYPE:SKIN
G1 F347.2 X49.544 Y75.758 E0.02066
G1 F354.2 X49.446 Y75.779 E0.00376
G1 F416.5 X48.799 Y75.839 E0.02072
G1 F480 X39.161 Y75.839 E0.26671
G1 X39.16 Y24.16 E1.43008
G1 X60.84 Y24.16 E0.59994
G1 X60.84 Y26.724 E0.07095
G1 X59.729 Y26.726 E0.03074
G1 X59.246 Y26.859 E0.01386
G1 X58.829 Y27.065 E0.01287
G1 X58.481 Y27.345 E0.01236
G1 X58.217 Y27.661 E0.01139
G1 X58.014 Y28.032 E0.0117
G1 X57.846 Y28.664 E0.0181
G1 X57.844 Y40.042 E0.31486
G1 X57.918 Y40.475 E0.01216
G1 X58.032 Y40.778 E0.00896
G1 X58.334 Y41.264 E0.01583
G1 X58.56 Y41.493 E0.0089
G1 X58.896 Y41.744 E0.01161
G1 X59.493 Y41.982 E0.01778
G1 X59.977 Y42.043 E0.0135
G1 X60.84 Y42.044 E0.02388
G1 X60.84 Y75.84 E0.93522
G1 X51.603 Y75.84 E0.25561
G1 F412.9 X50.786 Y75.775 E0.02637
G1 F346.6 X50.683 Y75.752 E0.00404
G1 F342.9 X50.084 Y75.768 E0.02321
G0 F1320 X48.22 Y72.544
G0 X48.215 Y71.574
G0 X49.038 Y68.98
G1 F480 X48.385 Y69.268 E0.01975
G1 X47.776 Y69.746 E0.02142
G1 X47.493 Y70.064 E0.01178
G1 X47.11 Y70.717 E0.02095
G1 X46.983 Y71.04 E0.0096
G1 X46.825 Y71.833 E0.02238
G1 X46.915 Y72.791 E0.02663
G1 X47.278 Y73.595 E0.02441
G1 X47.666 Y74.123 E0.01813
G1 X47.934 Y74.381 E0.01029
G1 F446.5 X48.65 Y74.865 E0.02571
G1 F390.2 X49.52 Y75.17 E0.03138
G1 F354.2 X49.564 Y75.197 E0.00194
G1 F347.2 X50.064 Y75.224 E0.01916
G1 F342.9 X50.634 Y75.18 E0.02215
G1 F346.6 X50.675 Y75.145 E0.00207
G1 F412.9 X51.463 Y74.783 E0.0279
G1 F480 X52.064 Y74.38 E0.02002
G1 X52.308 Y74.144 E0.00939
G1 X52.718 Y73.591 E0.01905
G1 X53.072 Y72.81 E0.02373
G1 X53.174 Y71.831 E0.02724
G1 X53.022 Y71.122 E0.02007
G1 X52.882 Y70.718 E0.01183
G1 X52.521 Y70.094 E0.01995
G1 X52.248 Y69.773 E0.01166
G1 X51.705 Y69.339 E0.01924
G1 X51.351 Y69.143 E0.0112
G1 X50.57 Y68.873 E0.02287
G1 X49.765 Y68.845 E0.02229
G1 X49.038 Y68.98 E0.02046
G0 F1320 X39.435 Y75.639
G1 F480 X39.36 Y75.564 E0.00294
G0 F1320 X39.36 Y74.999
G1 F480 X40 Y75.639 E0.02505
G0 F1320 X40.566 Y75.639
G1 F480 X39.36 Y74.433 E0.0472
G0 F1320 X39.36 Y73.867
G1 F480 X41.132 Y75.639 E0.06935
G0 F1320 X41.697 Y75.639
G1 F480 X39.36 Y73.302 E0.09146
G0 F1320 X39.36 Y72.736
G1 F480 X42.263 Y75.639 E0.11361
G0 F1320 X42.829 Y75.639
G1 F480 X39.36 Y72.17 E0.13576
G0 F1320 X39.36 Y71.604
G1 F480 X43.394 Y75.639 E0.15789
G0 F1320 X43.96 Y75.639
G1 F480 X39.36 Y71.039 E0.18002
G0 F1320 X39.36 Y70.473
G1 F480 X44.526 Y75.639 E0.20217
G0 F1320 X45.091 Y75.639
G1 F480 X39.36 Y69.907 E0.2243
G0 F1320 X39.36 Y69.342
G1 F480 X45.657 Y75.639 E0.24643
G0 F1320 X46.223 Y75.639
G1 F480 X39.36 Y68.776 E0.26858
G0 F1320 X39.36 Y68.21
G1 F480 X46.789 Y75.639 E0.29073
G0 F1320 X47.354 Y75.639
G1 F480 X39.36 Y67.645 E0.31284
G0 F1320 X39.36 Y67.079
G1 F480 X47.92 Y75.639 E0.33499
G0 F1320 X48.486 Y75.639
G1 F480 X39.36 Y66.513 E0.35714
G0 F1320 X39.36 Y65.948
G1 F480 X47.091 Y73.678 E0.30253
G1 X47.161 Y73.748
G0 F1320 X46.709 Y72.731
G1 F480 X39.36 Y65.382 E0.2876
G0 F1320 X39.36 Y64.816
G1 F480 X46.65 Y72.106 E0.28529
G0 F1320 X46.675 Y71.565
G1 F480 X39.36 Y64.251 E0.28625
G0 F1320 X39.36 Y63.685
G1 F480 X46.769 Y71.093 E0.28993
G0 F1320 X46.915 Y70.674
G1 F480 X39.36 Y63.119 E0.29566
G0 F1320 X39.36 Y62.553
G1 F480 X47.115 Y70.308 E0.30349
G0 F1320 X47.33 Y69.958
G1 F480 X39.36 Y61.988 E0.3119
G0 F1320 X39.36 Y61.422
G1 F480 X47.594 Y69.656 E0.32224
G0 F1320 X47.898 Y69.394
G1 F480 X39.36 Y60.856 E0.33413
G0 F1320 X39.36 Y60.291
G1 F480 X48.214 Y69.144 E0.34648
G0 F1320 X48.59 Y68.955
G1 F480 X39.36 Y59.725 E0.36121
G0 F1320 X39.36 Y59.159
G1 F480 X48.985 Y68.784 E0.37667
G0 F1320 X49.465 Y68.698
G1 F480 X39.36 Y58.594 E0.39544
G0 F1320 X39.36 Y58.028
G1 F480 X49.984 Y68.652 E0.41577
G0 F1320 X50.572 Y68.674
G1 F480 X39.36 Y57.462 E0.43878
G0 F1320 X39.36 Y56.897
G1 F480 X51.419 Y68.955 E0.47191
G1 X51.489 Y69.025
G0 F1320 X53.027 Y70.564
G1 F480 X58.104 Y75.64 E0.19867
G0 F1320 X58.669 Y75.64
G1 F480 X39.36 Y56.331 E0.75565
G0 F1320 X39.36 Y55.765
G1 F480 X59.235 Y75.64 E0.7778
G0 F1320 X59.801 Y75.64
G1 F480 X39.36 Y55.2 E0.79993
G0 F1320 X39.36 Y54.634
G1 F480 X60.366 Y75.64 E0.82206
G0 F1320 X60.64 Y75.348
G1 F480 X39.36 Y54.068 E0.83279
G0 F1320 X39.36 Y53.503
G1 F480 X60.64 Y74.782 E0.83277
G0 F1320 X60.64 Y74.217
G1 F480 X39.36 Y52.937 E0.83279
G0 F1320 X39.36 Y52.371
G1 F480 X60.64 Y73.651 E0.83279
G0 F1320 X60.64 Y73.085
G1 F480 X39.36 Y51.805 E0.83279
G0 F1320 X39.36 Y51.24
G1 F480 X60.64 Y72.519 E0.83277
G0 F1320 X60.64 Y71.954
G1 F480 X39.36 Y50.674 E0.83279
G0 F1320 X39.36 Y50.108
G1 F480 X60.64 Y71.388 E0.83279
G0 F1320 X60.64 Y70.822
G1 F480 X39.36 Y49.543 E0.83277
G0 F1320 X39.36 Y48.977
G1 F480 X60.64 Y70.257 E0.83279
G0 F1320 X60.64 Y69.691
G1 F480 X39.36 Y48.411 E0.83279
G0 F1320 X39.36 Y47.846
G1 F480 X60.64 Y69.125 E0.83277
G0 F1320 X60.64 Y68.56
G1 F480 X39.36 Y47.28 E0.83279
G0 F1320 X39.36 Y46.714
G1 F480 X60.64 Y67.994 E0.83279
G0 F1320 X60.64 Y67.428
G1 F480 X39.36 Y46.149 E0.83277
G0 F1320 X39.36 Y45.583
G1 F480 X60.64 Y66.863 E0.83279
G0 F1320 X60.64 Y66.297
G1 F480 X39.36 Y45.017 E0.83279
G0 F1320 X39.36 Y44.452
G1 F480 X60.64 Y65.731 E0.83277
G0 F1320 X60.64 Y65.166
G1 F480 X39.36 Y43.886 E0.83279
G0 F1320 X39.36 Y43.32
G1 F480 X60.64 Y64.6 E0.83279
G0 F1320 X60.64 Y64.034
G1 F480 X39.36 Y42.755 E0.83277
G0 F1320 X39.36 Y42.189
G1 F480 X60.64 Y63.468 E0.83277
G0 F1320 X60.64 Y62.903
G1 F480 X39.36 Y41.623 E0.83279
G0 F1320 X39.36 Y41.057
G1 F480 X60.64 Y62.337 E0.83279
G0 F1320 X60.64 Y61.771
G1 F480 X39.36 Y40.492 E0.83277
G0 F1320 X39.36 Y39.926
G1 F480 X60.64 Y61.206 E0.83279
G0 F1320 X60.64 Y60.64
G1 F480 X39.36 Y39.36 E0.83279
G0 F1320 X39.36 Y38.795
G1 F480 X60.64 Y60.074 E0.83277
G0 F1320 X60.64 Y59.509
G1 F480 X39.36 Y38.229 E0.83279
G0 F1320 X39.36 Y37.663
G1 F480 X60.64 Y58.943 E0.83279
G0 F1320 X60.64 Y58.377
G1 F480 X39.36 Y37.098 E0.83277
G0 F1320 X39.36 Y36.532
G1 F480 X60.64 Y57.812 E0.83279
G0 F1320 X60.64 Y57.246
G1 F480 X39.36 Y35.966 E0.83279
G0 F1320 X39.36 Y35.401
G1 F480 X60.64 Y56.68 E0.83277
G0 F1320 X60.64 Y56.115
G1 F480 X39.36 Y34.835 E0.83279
G0 F1320 X39.36 Y34.269
G1 F480 X60.64 Y55.549 E0.83279
G0 F1320 X60.64 Y54.983
G1 F480 X39.36 Y33.704 E0.83277
G0 F1320 X39.36 Y33.138
G1 F480 X60.64 Y54.418 E0.83279
G0 F1320 X60.64 Y53.852
G1 F480 X39.36 Y32.572 E0.83279
G0 F1320 X39.36 Y32.006
G1 F480 X60.64 Y53.286 E0.83279
G0 F1320 X60.64 Y52.72
G1 F480 X39.36 Y31.441 E0.83277
G0 F1320 X39.36 Y30.875
G1 F480 X60.64 Y52.155 E0.83279
G0 F1320 X60.64 Y51.589
G1 F480 X39.36 Y30.309 E0.83279
G0 F1320 X39.36 Y29.744
G1 F480 X60.64 Y51.023 E0.83277
G0 F1320 X60.64 Y50.458
G1 F480 X39.36 Y29.178 E0.83279
G0 F1320 X39.36 Y28.612
G1 F480 X60.64 Y49.892 E0.83279
G0 F1320 X60.64 Y49.326
G1 F480 X39.36 Y28.047 E0.83277
G0 F1320 X39.36 Y27.481
G1 F480 X60.64 Y48.761 E0.83279
G0 F1320 X60.64 Y48.195
G1 F480 X39.36 Y26.915 E0.83279
G0 F1320 X39.36 Y26.35
G1 F480 X60.64 Y47.629 E0.83277
G0 F1320 X60.64 Y47.064
G1 F480 X39.36 Y25.784 E0.83279
G0 F1320 X39.36 Y25.218
G1 F480 X60.64 Y46.498 E0.83279
G0 F1320 X60.64 Y45.932
G1 F480 X39.36 Y24.653 E0.83277
G0 F1320 X39.633 Y24.36
G1 F480 X60.64 Y45.367 E0.8221
G0 F1320 X60.64 Y44.801
G1 F480 X40.199 Y24.36 E0.79995
G0 F1320 X40.765 Y24.36
G1 F480 X60.64 Y44.235 E0.7778
G0 F1320 X60.64 Y43.67
G1 F480 X58.953 Y41.982 E0.06604
G1 X58.883 Y41.912
G0 F1320 X59.751 Y42.214
G1 F480 X60.64 Y43.104 E0.03481
G0 F1320 X60.64 Y42.538
G1 F480 X60.345 Y42.243 E0.01154
G0 F1320 X57.88 Y40.909
G1 F480 X41.33 Y24.36 E0.64766
G0 F1320 X41.896 Y24.36
G1 F480 X57.655 Y40.119 E0.61672
G0 F1320 X57.645 Y39.543
G1 F480 X42.462 Y24.36 E0.59418
G0 F1320 X43.027 Y24.36
G1 F480 X57.645 Y38.977 E0.57205
G0 F1320 X57.644 Y38.411
G1 F480 X43.593 Y24.36 E0.54988
G0 F1320 X44.159 Y24.36
G1 F480 X57.644 Y37.845 E0.52773
G0 F1320 X57.644 Y37.279
G1 F480 X44.725 Y24.36 E0.50558
G0 F1320 X45.29 Y24.36
G1 F480 X57.643 Y36.713 E0.48343
G0 F1320 X57.643 Y36.147
G1 F480 X45.856 Y24.36 E0.46128
G0 F1320 X46.422 Y24.36
G1 F480 X57.643 Y35.582 E0.43915
G0 F1320 X57.643 Y35.015
G1 F480 X46.987 Y24.36 E0.417
G0 F1320 X47.553 Y24.36
G1 F480 X57.643 Y34.45 E0.39487
G0 F1320 X57.643 Y33.884
G1 F480 X48.119 Y24.36 E0.37272
G0 F1320 X48.684 Y24.36
G1 F480 X57.642 Y33.317 E0.35055
G0 F1320 X57.642 Y32.752
G1 F480 X49.25 Y24.36 E0.32842
G0 F1320 X49.816 Y24.36
G1 F480 X57.642 Y32.186 E0.30627
G0 F1320 X57.641 Y31.62
G1 F480 X50.381 Y24.36 E0.28412
G0 F1320 X50.947 Y24.36
G1 F480 X57.641 Y31.054 E0.26197
G0 F1320 X57.641 Y30.488
G1 F480 X51.513 Y24.36 E0.23982
G0 F1320 X52.078 Y24.36
G1 F480 X57.641 Y29.922 E0.21769
G0 F1320 X57.641 Y29.356
G1 F480 X52.644 Y24.36 E0.19554
G0 F1320 X53.21 Y24.36
G1 F480 X57.641 Y28.791 E0.17341
G0 F1320 X57.732 Y28.317
G1 F480 X53.775 Y24.36 E0.15486
G0 F1320 X54.341 Y24.36
G1 F480 X57.863 Y27.882 E0.13783
G0 F1320 X58.071 Y27.524
G1 F480 X54.907 Y24.36 E0.12382
G0 F1320 X55.473 Y24.36
G1 F480 X58.331 Y27.218 E0.11185
G0 F1320 X58.642 Y26.963
G1 F480 X56.038 Y24.36 E0.10189
G0 F1320 X56.604 Y24.36
G1 F480 X59.002 Y26.758 E0.09385
G0 F1320 X59.415 Y26.605
G1 F480 X57.17 Y24.36 E0.08786
G0 F1320 X57.735 Y24.36
G1 F480 X59.903 Y26.528 E0.08484
G0 F1320 X60.465 Y26.524
G1 F480 X58.301 Y24.36 E0.08469
G0 F1320 X58.867 Y24.36
G1 F480 X60.64 Y26.133 E0.06939
G0 F1320 X60.64 Y25.568
G1 F480 X59.432 Y24.36 E0.04727
G0 F1320 X59.998 Y24.36
G1 F480 X60.64 Y25.002 E0.02512
G0 F1320 X60.64 Y24.436
G1 F480 X60.564 Y24.36 E0.00297
G0 F1320 X59.162 Y28.048
G0 X53.283 Y71.385
G1 F480 X57.538 Y75.64 E0.16652
G0 F1320 X56.972 Y75.64
G1 F480 X53.353 Y72.02 E0.14165
G0 F1320 X53.3 Y72.534
G1 F480 X56.407 Y75.64 E0.12157
G0 F1320 X55.841 Y75.64
G1 F480 X53.204 Y73.003 E0.1032
G0 F1320 X53.029 Y73.394
G1 F480 X55.275 Y75.64 E0.0879
G0 F1320 X54.71 Y75.64
G1 F480 X52.836 Y73.767 E0.07332
G0 F1320 X52.597 Y74.093
G1 F480 X54.144 Y75.64 E0.06054
G0 F1320 X53.578 Y75.64
G1 F480 X52.334 Y74.395 E0.0487
G0 F1320 X52.021 Y74.649
G1 F480 X53.013 Y75.64 E0.0388
G0 F1320 X52.447 Y75.64
G1 F480 X51.683 Y74.876 E0.0299
G0 F1320 X51.327 Y75.086
G1 F480 X51.881 Y75.64 E0.02168
G0 F1320 X51.26 Y75.585
G1 F480 X50.963 Y75.287 E0.01164
G0 F1320 X49.481 Y75.503
G1 F480 X49.357 Y75.378 E0.00487
G0 F1320 X49.012 Y75.599
G1 F480 X48.259 Y74.846 E0.02947
G1 X48.189 Y74.776
;MESH:NONMESH
G0 F600 X48.189 Y74.776 Z0.68
G0 F1320 X48.141 Y71.923
G0 X58.615 Y41.035
;TIME_ELAPSED:1666.690890
;LAYER:3
M204 P200
;TYPE:WALL-INNER
;MESH:flasherTopPlate.STL
G1 F480 X58.361 Y40.63 E0.0131
G1 X58.273 Y40.394 E0.0069
G1 X58.204 Y40.014 E0.01058
G1 X58.2 Y28.728 E0.30931
G1 X58.355 Y28.152 E0.01635
G1 X58.505 Y27.88 E0.00851
G1 X58.722 Y27.616 E0.00937
G1 X59.01 Y27.38 E0.0102
G1 X59.362 Y27.2 E0.01084
G1 X59.783 Y27.084 E0.01197
G1 X61.2 Y27.084 E0.03883
G1 X61.2 Y23.8 E0.09
G1 X38.8 Y23.8 E0.6139
G1 X38.8 Y76.2 E1.43609
G1 X61.2 Y76.2 E0.6139
G1 X61.2 Y41.684 E0.94596
G1 X60 Y41.684 E0.03289
G1 X59.601 Y41.64 E0.011
G1 X59.08 Y41.432 E0.01537
G1 X58.615 Y41.035 E0.01676
G0 F1320 X59.006 Y27.897
G1 F480 X59.23 Y27.714 E0.00793
G1 X59.504 Y27.574 E0.00843
G1 X59.831 Y27.484 E0.0093
G1 X61.6 Y27.484 E0.04848
G1 X61.6 Y23.4 E0.11193
G1 X38.4 Y23.4 E0.63583
G1 X38.4 Y76.6 E1.45802
G1 X61.6 Y76.6 E0.63583
G1 X61.6 Y41.284 E0.96788
G1 X60 Y41.284 E0.04385
G1 X59.69 Y41.25 E0.00855
G1 X59.457 Y41.175 E0.00671
G1 X59.155 Y41.001 E0.00955
G1 X58.815 Y40.631 E0.01377
G1 X58.657 Y40.281 E0.01052
G1 X58.603 Y39.985 E0.00825
G1 X58.6 Y28.76 E0.30764
G1 X58.72 Y28.315 E0.01263
G1 X59.006 Y27.897 E0.01388
G0 F1320 X38 Y77
G1 F480 X62 Y77 E0.65775
G1 X62 Y40.884 E0.98981
G1 X59.838 Y40.884 E0.05925
G1 X59.488 Y40.744 E0.01033
G1 X59.326 Y40.624 E0.00553
G1 X59.154 Y40.418 E0.00735
G1 X59.04 Y40.167 E0.00756
G1 X59.002 Y39.957 E0.00585
G1 X59 Y28.795 E0.30591
G1 X59.086 Y28.477 E0.00903
G1 X59.29 Y28.179 E0.0099
G1 X59.645 Y27.948 E0.01161
G1 X59.878 Y27.884 E0.00662
G1 X62 Y27.884 E0.05816
G1 X62 Y23 E0.13385
G1 X38 Y23 E0.65775
G1 X38 Y77 E1.47994
G0 F1320 X59.09 Y39.928
G0 X59.401 Y39.928
G1 F480 X59.404 Y28.809 E0.30473
G1 X59.451 Y28.64 E0.00481
G1 X59.574 Y28.461 E0.00595
G1 X59.787 Y28.322 E0.00697
G1 X59.925 Y28.284 E0.00392
G1 X62.4 Y28.284 E0.06783
G1 X62.4 Y22.6 E0.15578
G1 X37.6 Y22.6 E0.67968
G1 X37.6 Y77.4 E1.50187
G1 X62.4 Y77.4 E0.67968
G1 X62.4 Y40.484 E1.01173
G1 X59.902 Y40.484 E0.06846
G1 X59.693 Y40.4 E0.00617
G1 X59.538 Y40.268 E0.00558
G1 X59.453 Y40.133 E0.00437
G1 X59.401 Y39.928 E0.0058
G0 F1320 X59.09 Y39.928
G0 X47.586 Y73.406
G1 F480 X47.271 Y72.705 E0.02106
G1 X47.191 Y71.859 E0.02329
G1 X47.336 Y71.125 E0.02051
G1 X47.443 Y70.86 E0.00783
G1 X47.779 Y70.286 E0.01823
G1 X48.019 Y70.017 E0.00988
G1 X48.506 Y69.631 E0.01703
G1 X48.928 Y69.412 E0.01303
G1 X49.227 Y69.309 E0.00867
G1 X49.857 Y69.205 E0.0175
G1 X50.52 Y69.232 E0.01819
G1 X51.219 Y69.48 E0.02033
G1 X51.49 Y69.631 E0.0085
G1 X51.982 Y70.02 E0.01719
G1 X52.217 Y70.288 E0.00977
G1 X52.602 Y70.943 E0.02082
G1 X52.774 Y71.645 E0.01981
G1 X52.8 Y71.97 E0.00894
G1 X52.722 Y72.718 E0.02061
G1 X52.41 Y73.406 E0.0207
G1 X52.056 Y73.887 E0.01637
G1 X51.812 Y74.122 E0.00928
G1 X51.288 Y74.475 E0.01732
G1 X50.563 Y74.738 E0.02114
G1 X50.084 Y74.792 E0.01321
G1 X49.598 Y74.759 E0.01335
G1 X49.028 Y74.614 E0.01612
G1 X48.717 Y74.478 E0.0093
G1 X48.184 Y74.122 E0.01757
G1 X47.94 Y73.887 E0.00928
G1 X47.586 Y73.406 E0.01637
G0 F1320 X48.272 Y71.307
G0 X49.064 Y70.397
G0 X51.267 Y69.962
G1 F480 X51.807 Y70.407 E0.01918
G1 X52.219 Y71.053 E0.021
G1 X52.38 Y71.714 E0.01865
G1 X52.4 Y71.967 E0.00696
G1 X52.328 Y72.629 E0.01825
G1 X52.053 Y73.225 E0.01799
G1 X51.778 Y73.599 E0.01272
G1 X51.534 Y73.835 E0.0093
G1 X51.126 Y74.109 E0.01347
G1 X50.494 Y74.344 E0.01848
G1 X50.084 Y74.392 E0.01131
G1 X49.631 Y74.36 E0.01245
G1 X49.188 Y74.248 E0.01252
G1 X48.876 Y74.112 E0.00933
G1 X48.462 Y73.835 E0.01365
G1 X48.218 Y73.599 E0.0093
G1 X47.943 Y73.225 E0.01272
G1 X47.695 Y72.683 E0.01634
G1 X47.609 Y72.122 E0.01555
G1 X47.607 Y71.809 E0.00858
G1 X47.805 Y71.031 E0.022
G1 X48.186 Y70.41 E0.01997
G1 X48.781 Y69.92 E0.02112
G1 X49.324 Y69.697 E0.01609
G1 X49.888 Y69.604 E0.01567
G1 X50.539 Y69.661 E0.01791
G1 X51.056 Y69.845 E0.01504
G1 X51.267 Y69.962 E0.00661
G0 F1320 X49.92 Y70.003
G1 F480 X50.301 Y70.02 E0.01045
G1 X50.972 Y70.235 E0.01931
G1 X51.461 Y70.638 E0.01737
G1 X51.875 Y71.27 E0.02071
G1 X52 Y71.964 E0.01933
G1 X51.915 Y72.578 E0.01699
G1 X51.697 Y73.044 E0.0141
G1 X51.5 Y73.312 E0.00912
G1 X51.256 Y73.547 E0.00928
G1 X50.964 Y73.743 E0.00964
G1 X50.425 Y73.95 E0.01582
G1 X50.084 Y73.992 E0.00942
G1 X49.665 Y73.961 E0.01151
G1 X49.348 Y73.881 E0.00896
G1 X49.036 Y73.745 E0.00933
G1 X48.74 Y73.547 E0.00976
G1 X48.496 Y73.312 E0.00928
G1 X48.299 Y73.044 E0.00912
G1 X48.079 Y72.571 E0.0143
G1 X47.987 Y71.935 E0.01761
G1 X48.137 Y71.25 E0.01922
G1 X48.506 Y70.649 E0.01933
G1 X49.028 Y70.248 E0.01804
G1 X49.376 Y70.092 E0.01045
G1 X49.92 Y70.003 E0.01511
G0 F1320 X49.064 Y70.397
G0 X48.272 Y71.307
G0 X48.22 Y72.544
G0 X49.068 Y73.659
G0 X49.196 Y73.378
G1 F480 X49.018 Y73.26 E0.00585
G1 X48.656 Y72.864 E0.0147
G1 X48.463 Y72.46 E0.01227
G1 X48.403 Y71.893 E0.01563
G1 X48.529 Y71.372 E0.01469
G1 X48.775 Y70.969 E0.01294
G1 X49.221 Y70.598 E0.0159
G1 X49.518 Y70.473 E0.00883
G1 X49.952 Y70.401 E0.01206
G1 X50.287 Y70.423 E0.0092
G1 X50.82 Y70.626 E0.01563
G1 X51.221 Y70.969 E0.01446
G1 X51.491 Y71.429 E0.01462
G1 X51.6 Y71.961 E0.01488
G1 X51.532 Y72.464 E0.01391
G1 X51.34 Y72.864 E0.01216
G1 X50.978 Y73.26 E0.0147
G1 X50.803 Y73.377 E0.00577
G1 X50.356 Y73.556 E0.0132
G1 X50.084 Y73.592 E0.00752
G1 X49.698 Y73.563 E0.01061
G1 X49.196 Y73.378 E0.01466
G0 F1320 X49.067 Y73.659
G0 X48.22 Y72.544
G0 X48.247 Y71.424
G0 X48.66 Y70.646
G0 X49.105 Y71.199
M204 P150
;TYPE:WALL-OUTER
G1 F480 X49.415 Y70.948 E0.01083
G1 X49.599 Y70.866 E0.00547
G1 X49.984 Y70.8 E0.0106
G1 X50.208 Y70.815 E0.00609
G1 X50.581 Y70.948 E0.01075
G1 X50.891 Y71.199 E0.01083
G1 X51.113 Y71.561 E0.01153
G1 X51.198 Y71.921 E0.01004
G1 X51.148 Y72.35 E0.01172
G1 X50.944 Y72.736 E0.01185
G1 X50.641 Y73.011 E0.01111
G1 X50.285 Y73.162 E0.0105
G1 X50.067 Y73.192 E0.00597
G1 X49.731 Y73.164 E0.00915
G1 X49.296 Y72.972 E0.0129
G1 X49.013 Y72.683 E0.01098
G1 X48.847 Y72.348 E0.01015
G1 X48.8 Y71.956 E0.01072
G1 X48.882 Y71.563 E0.0109
G1 X49.105 Y71.199 E0.01159
G0 F1320 X49.26 Y71.074
G0 X48.815 Y70.521
G0 X59.562 Y28.448
G0 X62.52 Y22.48
G0 X62.8 Y22.2
G1 F480 X37.2 Y22.2 E0.69479
G1 X37.2 Y77.8 E1.509
G1 X62.8 Y77.8 E0.69479
G1 X62.8 Y40.084 E1.02362
G1 X59.955 Y40.08 E0.07721
G1 X59.854 Y40.022 E0.00316
G1 X59.8 Y39.899 E0.00365
G1 X59.801 Y28.859 E0.29963
G1 X59.858 Y28.743 E0.00351
G1 X59.973 Y28.685 E0.0035
G1 X62.8 Y28.684 E0.07673
G1 X62.8 Y22.2 E0.17598
G0 F1320 X62.6 Y22.2
G0 X62.12 Y22.88
G0 X59.162 Y28.048
G0 X52.308 Y74.144
M204 P180
;TYPE:SKIN
G1 F480 X52.718 Y73.591 E0.01905
G1 X53.072 Y72.81 E0.02373
G1 X53.174 Y71.831 E0.02724
G1 X53.022 Y71.122 E0.02007
G1 X52.882 Y70.718 E0.01183
G1 X52.521 Y70.094 E0.01995
G1 X52.248 Y69.773 E0.01166
G1 X51.705 Y69.339 E0.01924
G1 X51.351 Y69.143 E0.0112
G1 X50.57 Y68.873 E0.02287
G1 X49.765 Y68.845 E0.02229
G1 X49.038 Y68.98 E0.02046
G1 X48.385 Y69.268 E0.01975
G1 X47.776 Y69.746 E0.02142
G1 X47.493 Y70.064 E0.01178
G1 X47.11 Y70.717 E0.02095
G1 X46.983 Y71.04 E0.0096
G1 X46.825 Y71.833 E0.02238
G1 X46.915 Y72.791 E0.02663
G1 X47.278 Y73.595 E0.02441
G1 X47.666 Y74.123 E0.01813
G1 X47.934 Y74.381 E0.01029
G1 F446.5 X48.65 Y74.865 E0.02571
G1 F390.2 X49.52 Y75.17 E0.03138
G1 F354.2 X49.564 Y75.197 E0.00194
G1 F347.2 X50.064 Y75.224 E0.01916
G1 F342.9 X50.634 Y75.18 E0.02215
G1 F346.6 X50.675 Y75.145 E0.00207
G1 F412.9 X51.463 Y74.783 E0.0279
G1 F480 X52.064 Y74.38 E0.02002
G1 X52.308 Y74.144 E0.00939
G0 F1320 X57.918 Y40.475
G1 F480 X58.032 Y40.778 E0.00896
G1 X58.334 Y41.264 E0.01583
G1 X58.56 Y41.493 E0.0089
G1 X58.896 Y41.744 E0.01161
G1 X59.493 Y41.982 E0.01778
G1 X59.977 Y42.043 E0.0135
G1 X60.84 Y42.044 E0.02388
G1 X60.84 Y75.84 E0.93522
G1 X51.603 Y75.84 E0.25561
G1 F412.9 X50.786 Y75.775 E0.02637
G1 F346.6 X50.683 Y75.752 E0.00404
G1 F342.9 X50.084 Y75.768 E0.02321
G1 F347.2 X49.544 Y75.758 E0.02066
G1 F354.2 X49.446 Y75.779 E0.00376
G1 F416.5 X48.799 Y75.839 E0.02072
G1 F480 X39.161 Y75.839 E0.26671
G1 X39.16 Y24.16 E1.43008
G1 X60.84 Y24.16 E0.59994
G1 X60.84 Y26.724 E0.07095
G1 X59.729 Y26.726 E0.03074
G1 X59.246 Y26.859 E0.01386
G1 X58.829 Y27.065 E0.01287
G1 X58.481 Y27.345 E0.01236
G1 X58.217 Y27.661 E0.01139
G1 X58.014 Y28.032 E0.0117
G1 X57.846 Y28.664 E0.0181
G1 X57.844 Y40.042 E0.31486
G1 X57.918 Y40.475 E0.01216
G0 F1320 X39.361 Y24.561
G1 F480 X39.563 Y24.36 E0.00789
G0 F1320 X40.128 Y24.36
G1 F480 X39.361 Y25.127 E0.03002
G0 F1320 X39.361 Y25.693
G1 F480 X40.694 Y24.36 E0.05217
G0 F1320 X41.26 Y24.36
G1 F480 X39.361 Y26.258 E0.0743
G0 F1320 X39.361 Y26.824
G1 F480 X41.825 Y24.36 E0.09643
G0 F1320 X42.391 Y24.36
G1 F480 X39.361 Y27.39 E0.11858
G0 F1320 X39.361 Y27.955
G1 F480 X42.957 Y24.36 E0.14071
G0 F1320 X43.522 Y24.36
G1 F480 X39.361 Y28.521 E0.16284
G0 F1320 X39.361 Y29.087
G1 F480 X44.088 Y24.36 E0.18499
G0 F1320 X44.654 Y24.36
G1 F480 X39.361 Y29.653 E0.20714
G0 F1320 X39.361 Y30.218
G1 F480 X45.219 Y24.36 E0.22925
G0 F1320 X45.785 Y24.36
G1 F480 X39.361 Y30.784 E0.2514
G0 F1320 X39.361 Y31.35
G1 F480 X46.351 Y24.36 E0.27355
G0 F1320 X46.917 Y24.36
G1 F480 X39.361 Y31.915 E0.29568
G0 F1320 X39.361 Y32.481
G1 F480 X47.482 Y24.36 E0.31781
G0 F1320 X48.048 Y24.36
G1 F480 X39.361 Y33.047 E0.33996
G0 F1320 X39.361 Y33.612
G1 F480 X48.614 Y24.36 E0.36209
G0 F1320 X49.179 Y24.36
G1 F480 X39.361 Y34.178 E0.38422
G0 F1320 X39.361 Y34.744
G1 F480 X49.745 Y24.36 E0.40638
G0 F1320 X50.311 Y24.36
G1 F480 X39.361 Y35.309 E0.42851
G0 F1320 X39.361 Y35.875
G1 F480 X50.876 Y24.36 E0.45064
G0 F1320 X51.442 Y24.36
G1 F480 X39.361 Y36.441 E0.47279
G0 F1320 X39.361 Y37.006
G1 F480 X52.008 Y24.36 E0.49492
G0 F1320 X52.573 Y24.36
G1 F480 X39.361 Y37.572 E0.51705
G0 F1320 X39.361 Y38.138
G1 F480 X53.139 Y24.36 E0.5392
G0 F1320 X53.705 Y24.36
G1 F480 X39.361 Y38.703 E0.56133
G0 F1320 X39.361 Y39.269
G1 F480 X54.27 Y24.36 E0.58346
G0 F1320 X54.836 Y24.36
G1 F480 X39.361 Y39.835 E0.60561
G0 F1320 X39.361 Y40.401
G1 F480 X55.402 Y24.36 E0.62776
G0 F1320 X55.968 Y24.36
G1 F480 X39.361 Y40.966 E0.64989
G0 F1320 X39.361 Y41.532
G1 F480 X56.533 Y24.36 E0.67202
G0 F1320 X57.099 Y24.36
G1 F480 X39.361 Y42.098 E0.69417
G0 F1320 X39.361 Y42.663
G1 F480 X57.665 Y24.36 E0.7163
G0 F1320 X58.23 Y24.36
G1 F480 X39.361 Y43.229 E0.73843
G0 F1320 X39.361 Y43.795
G1 F480 X58.796 Y24.36 E0.76058
G0 F1320 X59.362 Y24.36
G1 F480 X39.361 Y44.36 E0.78271
G0 F1320 X39.361 Y44.926
G1 F480 X59.927 Y24.36 E0.80484
G0 F1320 X60.493 Y24.36
G1 F480 X39.361 Y45.492 E0.827
G0 F1320 X39.361 Y46.057
G1 F480 X60.64 Y24.778 E0.83275
G0 F1320 X60.64 Y25.344
G1 F480 X59.365 Y26.619 E0.0499
G0 F1320 X60.022 Y26.528
G1 F480 X60.64 Y25.91 E0.02419
G1 X60.71 Y25.84
G0 F1320 X57.755 Y28.229
G1 F480 X39.361 Y46.623 E0.71984
G0 F1320 X39.361 Y47.189
G1 F480 X57.64 Y28.91 E0.71534
G0 F1320 X57.64 Y29.476
G1 F480 X39.361 Y47.754 E0.71532
G0 F1320 X39.361 Y48.32
G1 F480 X57.64 Y30.041 E0.71534
G0 F1320 X57.641 Y30.606
G1 F480 X39.361 Y48.886 E0.71538
G0 F1320 X39.361 Y49.452
G1 F480 X57.641 Y31.172 E0.71538
G0 F1320 X57.641 Y31.738
G1 F480 X39.361 Y50.017 E0.71536
G0 F1320 X39.361 Y50.583
G1 F480 X57.641 Y32.303 E0.71538
G0 F1320 X57.641 Y32.868
G1 F480 X39.361 Y51.149 E0.7154
G0 F1320 X39.361 Y51.714
G1 F480 X57.641 Y33.434 E0.71538
G0 F1320 X57.642 Y33.999
G1 F480 X39.361 Y52.28 E0.71542
G0 F1320 X39.361 Y52.846
G1 F480 X57.642 Y34.565 E0.71542
G0 F1320 X57.642 Y35.13
G1 F480 X39.361 Y53.411 E0.71542
G0 F1320 X39.361 Y53.977
G1 F480 X57.643 Y35.695 E0.71546
G0 F1320 X57.643 Y36.261
G1 F480 X39.361 Y54.543 E0.71546
G0 F1320 X39.361 Y55.108
G1 F480 X57.643 Y36.826 E0.71546
G0 F1320 X57.643 Y37.392
G1 F480 X39.361 Y55.674 E0.71546
G0 F1320 X39.361 Y56.24
G1 F480 X57.643 Y37.957 E0.71548
G0 F1320 X57.644 Y38.522
G1 F480 X39.361 Y56.805 E0.7155
G0 F1320 X39.361 Y57.371
G1 F480 X57.644 Y39.088 E0.7155
G0 F1320 X57.644 Y39.654
G1 F480 X39.361 Y57.937 E0.7155
G0 F1320 X39.361 Y58.502
G1 F480 X57.668 Y40.195 E0.71644
G0 F1320 X57.772 Y40.657
G1 F480 X39.361 Y59.068 E0.72051
G0 F1320 X39.361 Y59.634
G1 F480 X57.958 Y41.037 E0.72779
G0 F1320 X58.175 Y41.386
G1 F480 X39.361 Y60.2 E0.73628
G0 F1320 X39.361 Y60.765
G1 F480 X58.46 Y41.666 E0.74743
G0 F1320 X58.792 Y41.9
G1 F480 X39.361 Y61.331 E0.76043
G0 F1320 X39.361 Y61.897
G1 F480 X59.183 Y42.074 E0.77575
G0 F1320 X59.627 Y42.197
G1 F480 X39.361 Y62.462 E0.79308
G0 F1320 X39.361 Y63.028
G1 F480 X60.147 Y42.242 E0.81345
G0 F1320 X60.64 Y42.315
G1 F480 X39.361 Y63.594 E0.83275
G0 F1320 X39.361 Y64.159
G1 F480 X60.64 Y42.88 E0.83275
G0 F1320 X60.64 Y43.446
G1 F480 X39.361 Y64.725 E0.83275
G0 F1320 X39.361 Y65.291
G1 F480 X60.64 Y44.012 E0.83275
G0 F1320 X60.64 Y44.577
G1 F480 X39.361 Y65.856 E0.83275
G0 F1320 X39.361 Y66.422
G1 F480 X60.64 Y45.143 E0.83275
G0 F1320 X60.64 Y45.709
G1 F480 X39.361 Y66.988 E0.83275
G0 F1320 X39.361 Y67.553
G1 F480 X60.64 Y46.274 E0.83275
G0 F1320 X60.64 Y46.84
G1 F480 X39.361 Y68.119 E0.83275
G0 F1320 X39.361 Y68.685
G1 F480 X60.64 Y47.406 E0.83275
G0 F1320 X60.64 Y47.972
G1 F480 X39.361 Y69.251 E0.83275
G0 F1320 X39.361 Y69.816
G1 F480 X60.64 Y48.537 E0.83275
G0 F1320 X60.64 Y49.103
G1 F480 X39.361 Y70.382 E0.83275
G0 F1320 X39.361 Y70.948
G1 F480 X60.64 Y49.669 E0.83275
G0 F1320 X60.64 Y50.234
G1 F480 X39.361 Y71.513 E0.83275
G0 F1320 X39.361 Y72.079
G1 F480 X60.64 Y50.8 E0.83275
G0 F1320 X60.64 Y51.366
G1 F480 X39.361 Y72.645 E0.83275
G0 F1320 X39.361 Y73.21
G1 F480 X60.64 Y51.931 E0.83275
G0 F1320 X60.64 Y52.497
G1 F480 X39.361 Y73.776 E0.83275
G0 F1320 X39.361 Y74.342
G1 F480 X60.64 Y53.063 E0.83275
G0 F1320 X60.64 Y53.628
G1 F480 X39.361 Y74.907 E0.83275
G0 F1320 X39.361 Y75.473
G1 F480 X60.64 Y54.194 E0.83275
G0 F1320 X60.64 Y54.76
G1 F480 X39.761 Y75.639 E0.81709
G0 F1320 X40.326 Y75.639
G1 F480 X60.64 Y55.325 E0.79498
G0 F1320 X60.64 Y55.891
G1 F480 X40.892 Y75.639 E0.77283
G0 F1320 X41.458 Y75.639
G1 F480 X60.64 Y56.457 E0.75068
G0 F1320 X60.64 Y57.023
G1 F480 X48.798 Y68.864 E0.46341
G0 F1320 X49.543 Y68.685
G1 F480 X60.64 Y57.588 E0.43428
G0 F1320 X60.64 Y58.154
G1 F480 X50.136 Y68.658 E0.41107
G0 F1320 X50.668 Y68.691
G1 F480 X60.64 Y58.72 E0.39023
G0 F1320 X60.64 Y59.285
G1 F480 X51.087 Y68.838 E0.37385
G0 F1320 X51.494 Y68.997
G1 F480 X60.64 Y59.851 E0.35793
G0 F1320 X60.64 Y60.417
G1 F480 X51.854 Y69.202 E0.34382
G0 F1320 X52.17 Y69.452
G1 F480 X60.64 Y60.982 E0.33147
G0 F1320 X60.64 Y61.548
G1 F480 X52.463 Y69.725 E0.32
G0 F1320 X52.719 Y70.035
G1 F480 X60.64 Y62.114 E0.30999
G0 F1320 X60.64 Y62.679
G1 F480 X52.928 Y70.392 E0.30183
G0 F1320 X53.108 Y70.777
G1 F480 X60.64 Y63.245 E0.29476
G0 F1320 X60.64 Y63.811
G1 F480 X53.246 Y71.205 E0.28936
G0 F1320 X53.345 Y71.672
G1 F480 X60.64 Y64.376 E0.28551
G0 F1320 X60.64 Y64.942
G1 F480 X53.33 Y72.252 E0.28607
G0 F1320 X53.253 Y72.895
G1 F480 X60.64 Y65.508 E0.28909
G0 F1320 X60.64 Y66.073
G1 F480 X52.534 Y74.179 E0.31723
G0 F1320 X52.16 Y74.553
G1 F480 X51.146 Y75.568 E0.0397
G0 F1320 X51.639 Y75.641
G1 F480 X60.64 Y66.639 E0.35227
G0 F1320 X60.64 Y67.205
G1 F480 X52.204 Y75.641 E0.33014
G0 F1320 X52.77 Y75.641
G1 F480 X60.64 Y67.771 E0.30799
G0 F1320 X60.64 Y68.336
G1 F480 X53.336 Y75.641 E0.28586
G0 F1320 X53.901 Y75.641
G1 F480 X60.64 Y68.902 E0.26373
G0 F1320 X60.64 Y69.468
G1 F480 X54.467 Y75.641 E0.24158
G0 F1320 X55.033 Y75.641
G1 F480 X60.64 Y70.033 E0.21945
G0 F1320 X60.64 Y70.599
G1 F480 X55.598 Y75.641 E0.19732
G0 F1320 X56.164 Y75.641
G1 F480 X60.64 Y71.165 E0.17517
G0 F1320 X60.64 Y71.73
G1 F480 X56.73 Y75.641 E0.15304
G0 F1320 X57.295 Y75.641
G1 F480 X60.64 Y72.296 E0.13091
G0 F1320 X60.64 Y72.862
G1 F480 X57.861 Y75.641 E0.10876
G0 F1320 X58.427 Y75.641
G1 F480 X60.64 Y73.427 E0.08662
G0 F1320 X60.64 Y73.993
G1 F480 X58.993 Y75.641 E0.06447
G0 F1320 X59.558 Y75.641
G1 F480 X60.64 Y74.559 E0.04234
G0 F1320 X60.64 Y75.124
G1 F480 X60.124 Y75.641 E0.02021
G0 F1320 X49.162 Y75.289
G1 F480 X48.814 Y75.636 E0.0136
G0 F1320 X48.771 Y75.114
G1 F480 X48.246 Y75.639 E0.02055
G0 F1320 X47.68 Y75.639
G1 F480 X48.387 Y74.932 E0.02767
G0 F1320 X48.05 Y74.704
G1 F480 X47.115 Y75.639 E0.03659
G0 F1320 X46.549 Y75.639
G1 F480 X47.73 Y74.458 E0.04622
G0 F1320 X47.455 Y74.167
G1 F480 X45.983 Y75.639 E0.05761
G0 F1320 X45.417 Y75.639
G1 F480 X47.214 Y73.843 E0.07031
G0 F1320 X47.005 Y73.486
G1 F480 X44.852 Y75.639 E0.08426
G0 F1320 X44.286 Y75.639
G1 F480 X46.831 Y73.094 E0.0996
G0 F1320 X46.702 Y72.658
G1 F480 X43.72 Y75.639 E0.11668
G0 F1320 X43.155 Y75.639
G1 F480 X46.653 Y72.141 E0.13689
G0 F1320 X46.677 Y71.551
G1 F480 X42.589 Y75.639 E0.15998
G0 F1320 X42.023 Y75.639
G1 F480 X46.861 Y70.801 E0.18933
G1 X46.931 Y70.731
;MESH:NONMESH
G0 F600 X46.931 Y70.731 Z0.84
G0 F1320 X59.601 Y41.64
;TIME_ELAPSED:2138.420931
;LAYER:4
M204 P200
;TYPE:WALL-INNER
;MESH:flasherTopPlate.STL
G1 F480 X59.08 Y41.432 E0.01537
G1 X58.615 Y41.035 E0.01676
G1 X58.361 Y40.63 E0.0131
G1 X58.273 Y40.394 E0.0069
G1 X58.204 Y40.014 E0.01058
G1 X58.2 Y28.728 E0.30931
G1 X58.355 Y28.152 E0.01635
G1 X58.505 Y27.88 E0.00851
G1 X58.722 Y27.616 E0.00937
G1 X59.01 Y27.38 E0.0102
G1 X59.362 Y27.2 E0.01084
G1 X59.783 Y27.084 E0.01197
G1 X61.2 Y27.084 E0.03883
G1 X61.2 Y23.8 E0.09
G1 X38.8 Y23.8 E0.6139
G1 X38.8 Y76.2 E1.43609
G1 X61.2 Y76.2 E0.6139
G1 X61.2 Y41.684 E0.94596
G1 X60 Y41.684 E0.03289
G1 X59.601 Y41.64 E0.011
G0 F1320 X59.162 Y40.724
G0 X58.6 Y28.76
G1 F480 X58.72 Y28.315 E0.01263
G1 X59.006 Y27.897 E0.01388
G1 X59.23 Y27.714 E0.00793
G1 X59.504 Y27.574 E0.00843
G1 X59.831 Y27.484 E0.0093
G1 X61.6 Y27.484 E0.04848
G1 X61.6 Y23.4 E0.11193
G1 X38.4 Y23.4 E0.63583
G1 X38.4 Y76.6 E1.45802
G1 X61.6 Y76.6 E0.63583
G1 X61.6 Y41.284 E0.96788
G1 X60 Y41.284 E0.04385
G1 X59.69 Y41.25 E0.00855
G1 X59.457 Y41.175 E0.00671
G1 X59.155 Y41.001 E0.00955
G1 X58.815 Y40.631 E0.01377
G1 X58.657 Y40.281 E0.01052
G1 X58.603 Y39.985 E0.00825
G1 X58.6 Y28.76 E0.30764
G0 F1320 X59.162 Y40.724
G0 X62 Y40.884
G1 F480 X59.838 Y40.884 E0.05925
G1 X59.488 Y40.744 E0.01033
G1 X59.326 Y40.624 E0.00553
G1 X59.154 Y40.418 E0.00735
G1 X59.04 Y40.167 E0.00756
G1 X59.002 Y39.957 E0.00585
G1 X59 Y28.795 E0.30591
G1 X59.086 Y28.477 E0.00903
G1 X59.29 Y28.179 E0.0099
G1 X59.645 Y27.948 E0.01161
G1 X59.878 Y27.884 E0.00662
G1 X62 Y27.884 E0.05816
G1 X62 Y23 E0.13385
G1 X38 Y23 E0.65775
G1 X38 Y77 E1.47994
G1 X62 Y77 E0.65775
G1 X62 Y40.884 E0.98981
G0 F1320 X59.162 Y40.724
G0 X59.401 Y39.928
G1 F480 X59.404 Y28.809 E0.30473
G1 X59.451 Y28.64 E0.00481
G1 X59.574 Y28.461 E0.00595
G1 X59.787 Y28.322 E0.00697
G1 X59.925 Y28.284 E0.00392
G1 X62.4 Y28.284 E0.06783
G1 X62.4 Y22.6 E0.15578
G1 X37.6 Y22.6 E0.67968
G1 X37.6 Y77.4 E1.50187
G1 X62.4 Y77.4 E0.67968
G1 X62.4 Y40.484 E1.01173
G1 X59.902 Y40.484 E0.06846
G1 X59.693 Y40.4 E0.00617
G1 X59.538 Y40.268 E0.00558
G1 X59.453 Y40.133 E0.00437
G1 X59.401 Y39.928 E0.0058
G0 F1320 X59.09 Y39.928
G0 X52.217 Y70.288
G1 F480 X52.602 Y70.943 E0.02082
G1 X52.774 Y71.645 E0.01981
G1 X52.8 Y71.97 E0.00894
G1 X52.722 Y72.718 E0.02061
G1 X52.41 Y73.406 E0.0207
G1 X52.056 Y73.887 E0.01637
G1 X51.812 Y74.122 E0.00928
G1 X51.288 Y74.475 E0.01732
G1 X50.563 Y74.738 E0.02114
G1 X50.084 Y74.792 E0.01321
G1 X49.598 Y74.759 E0.01335
G1 X49.028 Y74.614 E0.01612
G1 X48.717 Y74.478 E0.0093
G1 X48.184 Y74.122 E0.01757
G1 X47.94 Y73.887 E0.00928
G1 X47.586 Y73.406 E0.01637
G1 X47.271 Y72.705 E0.02106
G1 X47.191 Y71.859 E0.02329
G1 X47.336 Y71.125 E0.02051
G1 X47.443 Y70.86 E0.00783
G1 X47.779 Y70.286 E0.01823
G1 X48.019 Y70.017 E0.00988
G1 X48.506 Y69.631 E0.01703
G1 X48.928 Y69.412 E0.01303
G1 X49.227 Y69.309 E0.00867
G1 X49.857 Y69.205 E0.0175
G1 X50.52 Y69.232 E0.01819
G1 X51.219 Y69.48 E0.02033
G1 X51.49 Y69.631 E0.0085
G1 X51.982 Y70.02 E0.01719
G1 X52.217 Y70.288 E0.00977
G0 F1320 X49.964 Y70.145
G0 X47.805 Y71.031
G1 F480 X48.186 Y70.41 E0.01997
G1 X48.781 Y69.92 E0.02112
G1 X49.324 Y69.697 E0.01609
G1 X49.888 Y69.604 E0.01567
G1 X50.539 Y69.661 E0.01791
G1 X51.056 Y69.845 E0.01504
G1 X51.267 Y69.962 E0.00661
G1 X51.807 Y70.407 E0.01918
G1 X52.219 Y71.053 E0.021
G1 X52.38 Y71.714 E0.01865
G1 X52.4 Y71.967 E0.00696
G1 X52.328 Y72.629 E0.01825
G1 X52.053 Y73.225 E0.01799
G1 X51.778 Y73.599 E0.01272
G1 X51.534 Y73.835 E0.0093
G1 X51.126 Y74.109 E0.01347
G1 X50.494 Y74.344 E0.01848
G1 X50.084 Y74.392 E0.01131
G1 X49.631 Y74.36 E0.01245
G1 X49.188 Y74.248 E0.01252
G1 X48.876 Y74.112 E0.00933
G1 X48.462 Y73.835 E0.01365
G1 X48.218 Y73.599 E0.0093
G1 X47.943 Y73.225 E0.01272
G1 X47.695 Y72.683 E0.01634
G1 X47.609 Y72.122 E0.01555
G1 X47.607 Y71.809 E0.00858
G1 X47.805 Y71.031 E0.022
G0 F1320 X48.22 Y72.544
G0 X48.958 Y73.543
G0 X50.425 Y73.95
G1 F480 X50.084 Y73.992 E0.00942
G1 X49.665 Y73.961 E0.01151
G1 X49.348 Y73.881 E0.00896
G1 X49.036 Y73.745 E0.00933
G1 X48.74 Y73.547 E0.00976
G1 X48.496 Y73.312 E0.00928
G1 X48.299 Y73.044 E0.00912
G1 X48.079 Y72.571 E0.0143
G1 X47.987 Y71.935 E0.01761
G1 X48.137 Y71.25 E0.01922
G1 X48.506 Y70.649 E0.01933
G1 X49.028 Y70.248 E0.01804
G1 X49.376 Y70.092 E0.01045
G1 X49.92 Y70.003 E0.01511
G1 X50.301 Y70.02 E0.01045
G1 X50.972 Y70.235 E0.01931
G1 X51.461 Y70.638 E0.01737
G1 X51.875 Y71.27 E0.02071
G1 X52 Y71.964 E0.01933
G1 X51.915 Y72.578 E0.01699
G1 X51.697 Y73.044 E0.0141
G1 X51.5 Y73.312 E0.00912
G1 X51.256 Y73.547 E0.00928
G1 X50.964 Y73.743 E0.00964
G1 X50.425 Y73.95 E0.01582
G0 F1320 X51.497 Y73.106
G0 X51.844 Y72.041
G0 X51.491 Y71.429
G1 F480 X51.6 Y71.961 E0.01488
G1 X51.532 Y72.464 E0.01391
G1 X51.34 Y72.864 E0.01216
G1 X50.978 Y73.26 E0.0147
G1 X50.803 Y73.377 E0.00577
G1 X50.356 Y73.556 E0.0132
G1 X50.084 Y73.592 E0.00752
G1 X49.698 Y73.563 E0.01061
G1 X49.196 Y73.378 E0.01466
G1 X49.018 Y73.26 E0.00585
G1 X48.656 Y72.864 E0.0147
G1 X48.463 Y72.46 E0.01227
G1 X48.403 Y71.893 E0.01563
G1 X48.529 Y71.372 E0.01469
G1 X48.775 Y70.969 E0.01294
G1 X49.221 Y70.598 E0.0159
G1 X49.518 Y70.473 E0.00883
G1 X49.952 Y70.401 E0.01206
G1 X50.287 Y70.423 E0.0092
G1 X50.82 Y70.626 E0.01563
G1 X51.221 Y70.969 E0.01446
G1 X51.491 Y71.429 E0.01462
G0 F1320 X51.802 Y71.365
G0 X51.78 Y72.544
G0 X51.042 Y73.543
G0 X49.672 Y73.874
G0 X49.731 Y73.164
M204 P150
;TYPE:WALL-OUTER
G1 F480 X49.296 Y72.972 E0.0129
G1 X49.013 Y72.683 E0.01098
G1 X48.847 Y72.348 E0.01015
G1 X48.8 Y71.956 E0.01072
G1 X48.882 Y71.563 E0.0109
G1 X49.105 Y71.199 E0.01159
G1 X49.415 Y70.948 E0.01083
G1 X49.599 Y70.866 E0.00547
G1 X49.984 Y70.8 E0.0106
G1 X50.208 Y70.815 E0.00609
G1 X50.581 Y70.948 E0.01075
G1 X50.891 Y71.199 E0.01083
G1 X51.113 Y71.561 E0.01153
G1 X51.198 Y71.921 E0.01004
G1 X51.148 Y72.35 E0.01172
G1 X50.944 Y72.736 E0.01185
G1 X50.641 Y73.011 E0.01111
G1 X50.285 Y73.162 E0.0105
G1 X50.067 Y73.192 E0.00597
G1 X49.731 Y73.164 E0.00915
G0 F1320 X49.548 Y73.084
G0 X49.25 Y73.741
G0 X48.503 Y73.106
G0 X48.141 Y71.923
G0 X59.09 Y28.859
G0 X59.801 Y28.859
G1 F480 X59.858 Y28.743 E0.00351
G1 X59.973 Y28.685 E0.0035
G1 X62.8 Y28.684 E0.07673
G1 X62.8 Y22.2 E0.17598
G1 X37.2 Y22.2 E0.69479
G1 X37.2 Y77.8 E1.509
G1 X62.8 Y77.8 E0.69479
G1 X62.8 Y40.084 E1.02362
G1 X59.955 Y40.08 E0.07721
G1 X59.854 Y40.022 E0.00316
G1 X59.8 Y39.899 E0.00365
G1 X59.801 Y28.859 E0.29963
G0 F1320 X59.858 Y28.743
G0 X59.921 Y28.712
G0 X59.921 Y27.976
G0 X39.161 Y75.839
M204 P180
;TYPE:SKIN
G1 F480 X39.16 Y24.16 E1.43008
G1 X60.84 Y24.16 E0.59994
G1 X60.84 Y26.724 E0.07095
G1 X59.729 Y26.726 E0.03074
G1 X59.246 Y26.859 E0.01386
G1 X58.829 Y27.065 E0.01287
G1 X58.481 Y27.345 E0.01236
G1 X58.217 Y27.661 E0.01139
G1 X58.014 Y28.032 E0.0117
G1 X57.846 Y28.664 E0.0181
G1 X57.844 Y40.042 E0.31486
G1 X57.918 Y40.475 E0.01216
G1 X58.032 Y40.778 E0.00896
G1 X58.334 Y41.264 E0.01583
G1 X58.56 Y41.493 E0.0089
G1 X58.896 Y41.744 E0.01161
G1 X59.493 Y41.982 E0.01778
G1 X59.977 Y42.043 E0.0135
G1 X60.84 Y42.044 E0.02388
G1 X60.84 Y75.84 E0.93522
G1 X51.603 Y75.84 E0.25561
G1 F412.9 X50.786 Y75.775 E0.02637
G1 F346.6 X50.683 Y75.752 E0.00404
G1 F342.9 X50.084 Y75.768 E0.02321
G1 F347.2 X49.544 Y75.758 E0.02066
G1 F354.2 X49.446 Y75.779 E0.00376
G1 F416.5 X48.799 Y75.839 E0.02072
G1 F480 X39.161 Y75.839 E0.26671
G0 F1320 X47.493 Y70.064
G1 F480 X47.11 Y70.717 E0.02095
G1 X46.983 Y71.04 E0.0096
G1 X46.825 Y71.833 E0.02238
G1 X46.915 Y72.791 E0.02663
G1 X47.278 Y73.595 E0.02441
G1 X47.666 Y74.123 E0.01813
G1 X47.934 Y74.381 E0.01029
G1 F446.5 X48.65 Y74.865 E0.02571
G1 F390.2 X49.52 Y75.17 E0.03138
G1 F354.2 X49.564 Y75.197 E0.00194
G1 F347.2 X50.064 Y75.224 E0.01916
G1 F342.9 X50.634 Y75.18 E0.02215
G1 F346.6 X50.675 Y75.145 E0.00207
G1 F412.9 X51.463 Y74.783 E0.0279
G1 F480 X52.064 Y74.38 E0.02002
G1 X52.308 Y74.144 E0.00939
G1 X52.718 Y73.591 E0.01905
G1 X53.072 Y72.81 E0.02373
G1 X53.174 Y71.831 E0.02724
G1 X53.022 Y71.122 E0.02007
G1 X52.882 Y70.718 E0.01183
G1 X52.521 Y70.094 E0.01995
G1 X52.248 Y69.773 E0.01166
G1 X51.705 Y69.339 E0.01924
G1 X51.351 Y69.143 E0.0112
G1 X50.57 Y68.873 E0.02287
G1 X49.765 Y68.845 E0.02229
G1 X49.038 Y68.98 E0.02046
G1 X48.385 Y69.268 E0.01975
G1 X47.776 Y69.746 E0.02142
G1 X47.493 Y70.064 E0.01178
G0 F1320 X39.435 Y75.639
G1 F480 X39.36 Y75.564 E0.00294
G0 F1320 X39.36 Y74.999
G1 F480 X40 Y75.639 E0.02505
G0 F1320 X40.566 Y75.639
G1 F480 X39.36 Y74.433 E0.0472
G0 F1320 X39.36 Y73.867
G1 F480 X41.132 Y75.639 E0.06935
G0 F1320 X41.697 Y75.639
G1 F480 X39.36 Y73.302 E0.09146
G0 F1320 X39.36 Y72.736
G1 F480 X42.263 Y75.639 E0.11361
G0 F1320 X42.829 Y75.639
G1 F480 X39.36 Y72.17 E0.13576
G0 F1320 X39.36 Y71.604
G1 F480 X43.394 Y75.639 E0.15789
G0 F1320 X43.96 Y75.639
G1 F480 X39.36 Y71.039 E0.18002
G0 F1320 X39.36 Y70.473
G1 F480 X44.526 Y75.639 E0.20217
G0 F1320 X45.091 Y75.639
G1 F480 X39.36 Y69.907 E0.2243
G0 F1320 X39.36 Y69.342
G1 F480 X45.657 Y75.639 E0.24643
G0 F1320 X46.223 Y75.639
G1 F480 X39.36 Y68.776 E0.26858
G0 F1320 X39.36 Y68.21
G1 F480 X46.789 Y75.639 E0.29073
G0 F1320 X47.354 Y75.639
G1 F480 X39.36 Y67.645 E0.31284
G0 F1320 X39.36 Y67.079
G1 F480 X47.92 Y75.639 E0.33499
G0 F1320 X48.486 Y75.639
G1 F480 X39.36 Y66.513 E0.35714
G0 F1320 X39.36 Y65.948
G1 F480 X47.091 Y73.678 E0.30253
G1 X47.161 Y73.748
G0 F1320 X46.709 Y72.731
G1 F480 X39.36 Y65.382 E0.2876
G0 F1320 X39.36 Y64.816
G1 F480 X46.65 Y72.106 E0.28529
G0 F1320 X46.675 Y71.565
G1 F480 X39.36 Y64.251 E0.28625
G0 F1320 X39.36 Y63.685
G1 F480 X46.769 Y71.093 E0.28993
G0 F1320 X46.915 Y70.674
G1 F480 X39.36 Y63.119 E0.29566
G0 F1320 X39.36 Y62.553
G1 F480 X47.115 Y70.308 E0.30349
G0 F1320 X47.33 Y69.958
G1 F480 X39.36 Y61.988 E0.3119
G0 F1320 X39.36 Y61.422
G1 F480 X47.594 Y69.656 E0.32224
G0 F1320 X47.898 Y69.394
G1 F480 X39.36 Y60.856 E0.33413
G0 F1320 X39.36 Y60.291
G1 F480 X48.214 Y69.144 E0.34648
G0 F1320 X48.59 Y68.955
G1 F480 X39.36 Y59.725 E0.36121
G0 F1320 X39.36 Y59.159
G1 F480 X48.985 Y68.784 E0.37667
G0 F1320 X49.465 Y68.698
G1 F480 X39.36 Y58.594 E0.39544
G0 F1320 X39.36 Y58.028
G1 F480 X49.984 Y68.652 E0.41577
G0 F1320 X50.572 Y68.674
G1 F480 X39.36 Y57.462 E0.43878
G0 F1320 X39.36 Y56.897
G1 F480 X51.419 Y68.955 E0.47191
G1 X51.489 Y69.025
G0 F1320 X53.027 Y70.564
G1 F480 X58.104 Y75.64 E0.19867
G0 F1320 X58.669 Y75.64
G1 F480 X39.36 Y56.331 E0.75565
G0 F1320 X39.36 Y55.765
G1 F480 X59.235 Y75.64 E0.7778
G0 F1320 X59.801 Y75.64
G1 F480 X39.36 Y55.2 E0.79993
G0 F1320 X39.36 Y54.634
G1 F480 X60.366 Y75.64 E0.82206
G0 F1320 X60.64 Y75.348
G1 F480 X39.36 Y54.068 E0.83279
G0 F1320 X39.36 Y53.503
G1 F480 X60.64 Y74.782 E0.83277
G0 F1320 X60.64 Y74.217
G1 F480 X39.36 Y52.937 E0.83279
G0 F1320 X39.36 Y52.371
G1 F480 X60.64 Y73.651 E0.83279
G0 F1320 X60.64 Y73.085
G1 F480 X39.36 Y51.805 E0.83279
G0 F1320 X39.36 Y51.24
G1 F480 X60.64 Y72.519 E0.83277
G0 F1320 X60.64 Y71.954
G1 F480 X39.36 Y50.674 E0.83279
G0 F1320 X39.36 Y50.108
G1 F480 X60.64 Y71.388 E0.83279
G0 F1320 X60.64 Y70.822
G1 F480 X39.36 Y49.543 E0.83277
G0 F1320 X39.36 Y48.977
G1 F480 X60.64 Y70.257 E0.83279
G0 F1320 X60.64 Y69.691
G1 F480 X39.36 Y48.411 E0.83279
G0 F1320 X39.36 Y47.846
G1 F480 X60.64 Y69.125 E0.83277
G0 F1320 X60.64 Y68.56
G1 F480 X39.36 Y47.28 E0.83279
G0 F1320 X39.36 Y46.714
G1 F480 X60.64 Y67.994 E0.83279
G0 F1320 X60.64 Y67.428
G1 F480 X39.36 Y46.149 E0.83277
G0 F1320 X39.36 Y45.583
G1 F480 X60.64 Y66.863 E0.83279
G0 F1320 X60.64 Y66.297
G1 F480 X39.36 Y45.017 E0.83279
G0 F1320 X39.36 Y44.452
G1 F480 X60.64 Y65.731 E0.83277
G0 F1320 X60.64 Y65.166
G1 F480 X39.36 Y43.886 E0.83279
G0 F1320 X39.36 Y43.32
G1 F480 X60.64 Y64.6 E0.83279
G0 F1320 X60.64 Y64.034
G1 F480 X39.36 Y42.755 E0.83277
G0 F1320 X39.36 Y42.189
G1 F480 X60.64 Y63.468 E0.83277
G0 F1320 X60.64 Y62.903
G1 F480 X39.36 Y41.623 E0.83279
G0 F1320 X39.36 Y41.057
G1 F480 X60.64 Y62.337 E0.83279
G0 F1320 X60.64 Y61.771
G1 F480 X39.36 Y40.492 E0.83277
G0 F1320 X39.36 Y39.926
G1 F480 X60.64 Y61.206 E0.83279
G0 F1320 X60.64 Y60.64
G1 F480 X39.36 Y39.36 E0.83279
G0 F1320 X39.36 Y38.795
G1 F480 X60.64 Y60.074 E0.83277
G0 F1320 X60.64 Y59.509
G1 F480 X39.36 Y38.229 E0.83279
G0 F1320 X39.36 Y37.663
G1 F480 X60.64 Y58.943 E0.83279
G0 F1320 X60.64 Y58.377
G1 F480 X39.36 Y37.098 E0.83277
G0 F1320 X39.36 Y36.532
G1 F480 X60.64 Y57.812 E0.83279
G0 F1320 X60.64 Y57.246
G1 F480 X39.36 Y35.966 E0.83279
G0 F1320 X39.36 Y35.401
G1 F480 X60.64 Y56.68 E0.83277
G0 F1320 X60.64 Y56.115
G1 F480 X39.36 Y34.835 E0.83279
G0 F1320 X39.36 Y34.269
G1 F480 X60.64 Y55.549 E0.83279
G0 F1320 X60.64 Y54.983
G1 F480 X39.36 Y33.704 E0.83277
G0 F1320 X39.36 Y33.138
G1 F480 X60.64 Y54.418 E0.83279
G0 F1320 X60.64 Y53.852
G1 F480 X39.36 Y32.572 E0.83279
G0 F1320 X39.36 Y32.006
G1 F480 X60.64 Y53.286 E0.83279
G0 F1320 X60.64 Y52.72
G1 F480 X39.36 Y31.441 E0.83277
G0 F1320 X39.36 Y30.875
G1 F480 X60.64 Y52.155 E0.83279
G0 F1320 X60.64 Y51.589
G1 F480 X39.36 Y30.309 E0.83279
G0 F1320 X39.36 Y29.744
G1 F480 X60.64 Y51.023 E0.83277
G0 F1320 X60.64 Y50.458
G1 F480 X39.36 Y29.178 E0.83279
G0 F1320 X39.36 Y28.612
G1 F480 X60.64 Y49.892 E0.83279
G0 F1320 X60.64 Y49.326
G1 F480 X39.36 Y28.047 E0.83277
G0 F1320 X39.36 Y27.481
G1 F480 X60.64 Y48.761 E0.83279
G0 F1320 X60.64 Y48.195
G1 F480 X39.36 Y26.915 E0.83279
G0 F1320 X39.36 Y26.35
G1 F480 X60.64 Y47.629 E0.83277
G0 F1320 X60.64 Y47.064
G1 F480 X39.36 Y25.784 E0.83279
G0 F1320 X39.36 Y25.218
G1 F480 X60.64 Y46.498 E0.83279
G0 F1320 X60.64 Y45.932
G1 F480 X39.36 Y24.653 E0.83277
G0 F1320 X39.633 Y24.36
G1 F480 X60.64 Y45.367 E0.8221
G0 F1320 X60.64 Y44.801
G1 F480 X40.199 Y24.36 E0.79995
G0 F1320 X40.765 Y24.36
G1 F480 X60.64 Y44.235 E0.7778
G0 F1320 X60.64 Y43.67
G1 F480 X58.953 Y41.982 E0.06604
G1 X58.883 Y41.912
G0 F1320 X59.751 Y42.214
G1 F480 X60.64 Y43.104 E0.03481
G0 F1320 X60.64 Y42.538
G1 F480 X60.345 Y42.243 E0.01154
G0 F1320 X57.88 Y40.909
G1 F480 X41.33 Y24.36 E0.64766
G0 F1320 X41.896 Y24.36
G1 F480 X57.655 Y40.119 E0.61672
G0 F1320 X57.645 Y39.543
G1 F480 X42.462 Y24.36 E0.59418
G0 F1320 X43.027 Y24.36
G1 F480 X57.645 Y38.977 E0.57205
G0 F1320 X57.644 Y38.411
G1 F480 X43.593 Y24.36 E0.54988
G0 F1320 X44.159 Y24.36
G1 F480 X57.644 Y37.845 E0.52773
G0 F1320 X57.644 Y37.279
G1 F480 X44.725 Y24.36 E0.50558
G0 F1320 X45.29 Y24.36
G1 F480 X57.643 Y36.713 E0.48343
G0 F1320 X57.643 Y36.147
G1 F480 X45.856 Y24.36 E0.46128
G0 F1320 X46.422 Y24.36
G1 F480 X57.643 Y35.582 E0.43915
G0 F1320 X57.643 Y35.015
G1 F480 X46.987 Y24.36 E0.417
G0 F1320 X47.553 Y24.36
G1 F480 X57.643 Y34.45 E0.39487
G0 F1320 X57.643 Y33.884
G1 F480 X48.119 Y24.36 E0.37272
G0 F1320 X48.684 Y24.36
G1 F480 X57.642 Y33.317 E0.35055
G0 F1320 X57.642 Y32.752
G1 F480 X49.25 Y24.36 E0.32842
G0 F1320 X49.816 Y24.36
G1 F480 X57.642 Y32.186 E0.30627
G0 F1320 X57.641 Y31.62
G1 F480 X50.381 Y24.36 E0.28412
G0 F1320 X50.947 Y24.36
G1 F480 X57.641 Y31.054 E0.26197
G0 F1320 X57.641 Y30.488
G1 F480 X51.513 Y24.36 E0.23982
G0 F1320 X52.078 Y24.36
G1 F480 X57.641 Y29.922 E0.21769
G0 F1320 X57.641 Y29.356
G1 F480 X52.644 Y24.36 E0.19554
G0 F1320 X53.21 Y24.36
G1 F480 X57.641 Y28.791 E0.17341
G0 F1320 X57.732 Y28.317
G1 F480 X53.775 Y24.36 E0.15486
G0 F1320 X54.341 Y24.36
G1 F480 X57.863 Y27.882 E0.13783
G0 F1320 X58.071 Y27.524
G1 F480 X54.907 Y24.36 E0.12382
G0 F1320 X55.473 Y24.36
G1 F480 X58.331 Y27.218 E0.11185
G0 F1320 X58.642 Y26.963
G1 F480 X56.038 Y24.36 E0.10189
G0 F1320 X56.604 Y24.36
G1 F480 X59.002 Y26.758 E0.09385
G0 F1320 X59.415 Y26.605
G1 F480 X57.17 Y24.36 E0.08786
G0 F1320 X57.735 Y24.36
G1 F480 X59.903 Y26.528 E0.08484
G0 F1320 X60.465 Y26.524
G1 F480 X58.301 Y24.36 E0.08469
G0 F1320 X58.867 Y24.36
G1 F480 X60.64 Y26.133 E0.06939
G0 F1320 X60.64 Y25.568
G1 F480 X59.432 Y24.36 E0.04727
G0 F1320 X59.998 Y24.36
G1 F480 X60.64 Y25.002 E0.02512
G0 F1320 X60.64 Y24.436
G1 F480 X60.564 Y24.36 E0.00297
G0 F1320 X59.162 Y28.048
G0 X53.283 Y71.385
G1 F480 X57.538 Y75.64 E0.16652
G0 F1320 X56.972 Y75.64
G1 F480 X53.353 Y72.02 E0.14165
G0 F1320 X53.3 Y72.534
G1 F480 X56.407 Y75.64 E0.12157
G0 F1320 X55.841 Y75.64
G1 F480 X53.204 Y73.003 E0.1032
G0 F1320 X53.029 Y73.394
G1 F480 X55.275 Y75.64 E0.0879
G0 F1320 X54.71 Y75.64
G1 F480 X52.836 Y73.767 E0.07332
G0 F1320 X52.597 Y74.093
G1 F480 X54.144 Y75.64 E0.06054
G0 F1320 X53.578 Y75.64
G1 F480 X52.334 Y74.395 E0.0487
G0 F1320 X52.021 Y74.649
G1 F480 X53.013 Y75.64 E0.0388
G0 F1320 X52.447 Y75.64
G1 F480 X51.683 Y74.876 E0.0299
G0 F1320 X51.327 Y75.086
G1 F480 X51.881 Y75.64 E0.02168
G0 F1320 X51.26 Y75.585
G1 F480 X50.963 Y75.287 E0.01164
G0 F1320 X49.481 Y75.503
G1 F480 X49.357 Y75.378 E0.00487
G0 F1320 X49.012 Y75.599
G1 F480 X48.259 Y74.846 E0.02947
G1 X48.189 Y74.776
;MESH:NONMESH
G0 F600 X48.189 Y74.776 Z1
G0 F1320 X48.141 Y71.923
G0 X59.362 Y27.2
;TIME_ELAPSED:2607.064759
;LAYER:5
M204 P200
;TYPE:WALL-INNER
;MESH:flasherTopPlate.STL
G1 F480 X59.783 Y27.084 E0.01197
G1 X61.2 Y27.084 E0.03883
G1 X61.2 Y23.8 E0.09
G1 X38.8 Y23.8 E0.6139
G1 X38.8 Y76.2 E1.43609
G1 X61.2 Y76.2 E0.6139
G1 X61.2 Y41.684 E0.94596
G1 X60 Y41.684 E0.03289
G1 X59.601 Y41.64 E0.011
G1 X59.08 Y41.432 E0.01537
G1 X58.615 Y41.035 E0.01676
G1 X58.361 Y40.63 E0.0131
G1 X58.273 Y40.394 E0.0069
G1 X58.204 Y40.014 E0.01058
G1 X58.2 Y28.728 E0.30931
G1 X58.355 Y28.152 E0.01635
G1 X58.505 Y27.88 E0.00851
G1 X58.722 Y27.616 E0.00937
G1 X59.01 Y27.38 E0.0102
G1 X59.362 Y27.2 E0.01084
G0 F1320 X59.504 Y27.574
G1 F480 X59.831 Y27.484 E0.0093
G1 X61.6 Y27.484 E0.04848
G1 X61.6 Y23.4 E0.11193
G1 X38.4 Y23.4 E0.63583
G1 X38.4 Y76.6 E1.45802
G1 X61.6 Y76.6 E0.63583
G1 X61.6 Y41.284 E0.96788
G1 X60 Y41.284 E0.04385
G1 X59.69 Y41.25 E0.00855
G1 X59.457 Y41.175 E0.00671
G1 X59.155 Y41.001 E0.00955
G1 X58.815 Y40.631 E0.01377
G1 X58.657 Y40.281 E0.01052
G1 X58.603 Y39.985 E0.00825
G1 X58.6 Y28.76 E0.30764
G1 X58.72 Y28.315 E0.01263
G1 X59.006 Y27.897 E0.01388
G1 X59.23 Y27.714 E0.00793
G1 X59.504 Y27.574 E0.00843
G0 F1320 X59.162 Y40.724
G0 X59.488 Y40.744
G1 F480 X59.326 Y40.624 E0.00553
G1 X59.154 Y40.418 E0.00735
G1 X59.04 Y40.167 E0.00756
G1 X59.002 Y39.957 E0.00585
G1 X59 Y28.795 E0.30591
G1 X59.086 Y28.477 E0.00903
G1 X59.29 Y28.179 E0.0099
G1 X59.645 Y27.948 E0.01161
G1 X59.878 Y27.884 E0.00662
G1 X62 Y27.884 E0.05816
G1 X62 Y23 E0.13385
G1 X38 Y23 E0.65775
G1 X38 Y77 E1.47994
G1 X62 Y77 E0.65775
G1 X62 Y40.884 E0.98981
G1 X59.838 Y40.884 E0.05925
G1 X59.488 Y40.744 E0.01033
G0 F1320 X59.488 Y40.796
G0 X37.88 Y77.12
G0 X37.6 Y77.4
G1 F480 X62.4 Y77.4 E0.67968
G1 X62.4 Y40.484 E1.01173
G1 X59.902 Y40.484 E0.06846
G1 X59.693 Y40.4 E0.00617
G1 X59.538 Y40.268 E0.00558
G1 X59.453 Y40.133 E0.00437
G1 X59.401 Y39.928 E0.0058
G1 X59.404 Y28.809 E0.30473
G1 X59.451 Y28.64 E0.00481
G1 X59.574 Y28.461 E0.00595
G1 X59.787 Y28.322 E0.00697
G1 X59.925 Y28.284 E0.00392
G1 X62.4 Y28.284 E0.06783
G1 X62.4 Y22.6 E0.15578
G1 X37.6 Y22.6 E0.67968
G1 X37.6 Y77.4 E1.50187
G0 F1320 X37.88 Y77.12
G0 X52.41 Y73.406
G1 F480 X52.056 Y73.887 E0.01637
G1 X51.812 Y74.122 E0.00928
G1 X51.288 Y74.475 E0.01732
G1 X50.563 Y74.738 E0.02114
G1 X50.084 Y74.792 E0.01321
G1 X49.598 Y74.759 E0.01335
G1 X49.028 Y74.614 E0.01612
G1 X48.717 Y74.478 E0.0093
G1 X48.184 Y74.122 E0.01757
G1 X47.94 Y73.887 E0.00928
G1 X47.586 Y73.406 E0.01637
G1 X47.271 Y72.705 E0.02106
G1 X47.191 Y71.859 E0.02329
G1 X47.336 Y71.125 E0.02051
G1 X47.443 Y70.86 E0.00783
G1 X47.779 Y70.286 E0.01823
G1 X48.019 Y70.017 E0.00988
G1 X48.506 Y69.631 E0.01703
G1 X48.928 Y69.412 E0.01303
G1 X49.227 Y69.309 E0.00867
G1 X49.857 Y69.205 E0.0175
G1 X50.52 Y69.232 E0.01819
G1 X51.219 Y69.48 E0.02033
G1 X51.49 Y69.631 E0.0085
G1 X51.982 Y70.02 E0.01719
G1 X52.217 Y70.288 E0.00977
G1 X52.602 Y70.943 E0.02082
G1 X52.774 Y71.645 E0.01981
G1 X52.8 Y71.97 E0.00894
G1 X52.722 Y72.718 E0.02061
G1 X52.41 Y73.406 E0.0207
G0 F1320 X52.219 Y71.053
G1 F480 X52.38 Y71.714 E0.01865
G1 X52.4 Y71.967 E0.00696
G1 X52.328 Y72.629 E0.01825
G1 X52.053 Y73.225 E0.01799
G1 X51.778 Y73.599 E0.01272
G1 X51.534 Y73.835 E0.0093
G1 X51.126 Y74.109 E0.01347
G1 X50.494 Y74.344 E0.01848
G1 X50.084 Y74.392 E0.01131
G1 X49.631 Y74.36 E0.01245
G1 X49.188 Y74.248 E0.01252
G1 X48.876 Y74.112 E0.00933
G1 X48.462 Y73.835 E0.01365
G1 X48.218 Y73.599 E0.0093
G1 X47.943 Y73.225 E0.01272
G1 X47.695 Y72.683 E0.01634
G1 X47.609 Y72.122 E0.01555
G1 X47.607 Y71.809 E0.00858
G1 X47.805 Y71.031 E0.022
G1 X48.186 Y70.41 E0.01997
G1 X48.781 Y69.92 E0.02112
G1 X49.324 Y69.697 E0.01609
G1 X49.888 Y69.604 E0.01567
G1 X50.539 Y69.661 E0.01791
G1 X51.056 Y69.845 E0.01504
G1 X51.267 Y69.962 E0.00661
G1 X51.807 Y70.407 E0.01918
G1 X52.219 Y71.053 E0.021
G0 F1320 X51.824 Y72.395
G0 X51.256 Y73.547
G1 F480 X50.964 Y73.743 E0.00964
G1 X50.425 Y73.95 E0.01582
G1 X50.084 Y73.992 E0.00942
G1 X49.665 Y73.961 E0.01151
G1 X49.348 Y73.881 E0.00896
G1 X49.036 Y73.745 E0.00933
G1 X48.74 Y73.547 E0.00976
G1 X48.496 Y73.312 E0.00928
G1 X48.299 Y73.044 E0.00912
G1 X48.079 Y72.571 E0.0143
G1 X47.987 Y71.935 E0.01761
G1 X48.137 Y71.25 E0.01922
G1 X48.506 Y70.649 E0.01933
G1 X49.028 Y70.248 E0.01804
G1 X49.376 Y70.092 E0.01045
G1 X49.92 Y70.003 E0.01511
G1 X50.301 Y70.02 E0.01045
G1 X50.972 Y70.235 E0.01931
G1 X51.461 Y70.638 E0.01737
G1 X51.875 Y71.27 E0.02071
G1 X52 Y71.964 E0.01933
G1 X51.915 Y72.578 E0.01699
G1 X51.697 Y73.044 E0.0141
G1 X51.5 Y73.312 E0.00912
G1 X51.256 Y73.547 E0.00928
G0 F1320 X51.78 Y72.544
G0 X51.728 Y71.307
G0 X50.908 Y70.376
G0 X49.467 Y70.168
G0 X49.518 Y70.473
G1 F480 X49.952 Y70.401 E0.01206
G1 X50.287 Y70.423 E0.0092
G1 X50.82 Y70.626 E0.01563
G1 X51.221 Y70.969 E0.01446
G1 X51.491 Y71.429 E0.01462
G1 X51.6 Y71.961 E0.01488
G1 X51.532 Y72.464 E0.01391
G1 X51.34 Y72.864 E0.01216
G1 X50.978 Y73.26 E0.0147
G1 X50.803 Y73.377 E0.00577
G1 X50.356 Y73.556 E0.0132
G1 X50.084 Y73.592 E0.00752
G1 X49.698 Y73.563 E0.01061
G1 X49.196 Y73.378 E0.01466
G1 X49.018 Y73.26 E0.00585
G1 X48.656 Y72.864 E0.0147
G1 X48.463 Y72.46 E0.01227
G1 X48.403 Y71.893 E0.01563
G1 X48.529 Y71.372 E0.01469
G1 X48.775 Y70.969 E0.01294
G1 X49.221 Y70.598 E0.0159
G1 X49.518 Y70.473 E0.00883
G0 F1320 X49.105 Y71.199
M204 P150
;TYPE:WALL-OUTER
G1 F480 X49.415 Y70.948 E0.01083
G1 X49.599 Y70.866 E0.00547
G1 X49.984 Y70.8 E0.0106
G1 X50.208 Y70.815 E0.00609
G1 X50.581 Y70.948 E0.01075
G1 X50.891 Y71.199 E0.01083
G1 X51.113 Y71.561 E0.01153
G1 X51.198 Y71.921 E0.01004
G1 X51.148 Y72.35 E0.01172
G1 X50.944 Y72.736 E0.01185
G1 X50.641 Y73.011 E0.01111
G1 X50.285 Y73.162 E0.0105
G1 X50.067 Y73.192 E0.00597
G1 X49.731 Y73.164 E0.00915
G1 X49.296 Y72.972 E0.0129
G1 X49.013 Y72.683 E0.01098
G1 X48.847 Y72.348 E0.01015
G1 X48.8 Y71.956 E0.01072
G1 X48.882 Y71.563 E0.0109
G1 X49.105 Y71.199 E0.01159
G0 F1320 X49.26 Y71.074
G0 X48.815 Y70.521
G0 X59.955 Y40.796
G0 X59.955 Y40.08
G1 F480 X59.854 Y40.022 E0.00316
G1 X59.8 Y39.899 E0.00365
G1 X59.801 Y28.859 E0.29963
G1 X59.858 Y28.743 E0.00351
G1 X59.973 Y28.685 E0.0035
G1 X62.8 Y28.684 E0.07673
G1 X62.8 Y22.2 E0.17598
G1 X37.2 Y22.2 E0.69479
G1 X37.2 Y77.8 E1.509
G1 X62.8 Y77.8 E0.69479
G1 X62.8 Y40.084 E1.02362
G1 X59.955 Y40.08 E0.07721
G0 F1320 X59.854 Y40.022
G0 X59.821 Y39.945
G0 X59.09 Y39.945
G0 X46.983 Y71.04
M204 P180
;TYPE:SKIN
G1 F480 X46.825 Y71.833 E0.02238
G1 X46.915 Y72.791 E0.02663
G1 X47.278 Y73.595 E0.02441
G1 X47.666 Y74.123 E0.01813
G1 X47.934 Y74.381 E0.01029
G1 F446.5 X48.65 Y74.865 E0.02571
G1 F390.2 X49.52 Y75.17 E0.03138
G1 F354.2 X49.564 Y75.197 E0.00194
G1 F347.2 X50.064 Y75.224 E0.01916
G1 F342.9 X50.634 Y75.18 E0.02215
G1 F346.6 X50.675 Y75.145 E0.00207
G1 F412.9 X51.463 Y74.783 E0.0279
G1 F480 X52.064 Y74.38 E0.02002
G1 X52.308 Y74.144 E0.00939
G1 X52.718 Y73.591 E0.01905
G1 X53.072 Y72.81 E0.02373
G1 X53.174 Y71.831 E0.02724
G1 X53.022 Y71.122 E0.02007
G1 X52.882 Y70.718 E0.01183
G1 X52.521 Y70.094 E0.01995
G1 X52.248 Y69.773 E0.01166
G1 X51.705 Y69.339 E0.01924
G1 X51.351 Y69.143 E0.0112
G1 X50.57 Y68.873 E0.02287
G1 X49.765 Y68.845 E0.02229
G1 X49.038 Y68.98 E0.02046
G1 X48.385 Y69.268 E0.01975
G1 X47.776 Y69.746 E0.02142
G1 X47.493 Y70.064 E0.01178
G1 X47.11 Y70.717 E0.02095
G1 X46.983 Y71.04 E0.0096
G0 F1320 X58.334 Y41.264
G1 F480 X58.56 Y41.493 E0.0089
G1 X58.896 Y41.744 E0.01161
G1 X59.493 Y41.982 E0.01778
G1 X59.977 Y42.043 E0.0135
G1 X60.84 Y42.044 E0.02388
G1 X60.84 Y75.84 E0.93522
G1 X51.603 Y75.84 E0.25561
G1 F412.9 X50.786 Y75.775 E0.02637
G1 F346.6 X50.683 Y75.752 E0.00404
G1 F342.9 X50.084 Y75.768 E0.02321
G1 F347.2 X49.544 Y75.758 E0.02066
G1 F354.2 X49.446 Y75.779 E0.00376
G1 F416.5 X48.799 Y75.839 E0.02072
G1 F480 X39.161 Y75.839 E0.26671
G1 X39.16 Y24.16 E1.43008
G1 X60.84 Y24.16 E0.59994
G1 X60.84 Y26.724 E0.07095
G1 X59.729 Y26.726 E0.03074
G1 X59.246 Y26.859 E0.01386
G1 X58.829 Y27.065 E0.01287
G1 X58.481 Y27.345 E0.01236
G1 X58.217 Y27.661 E0.01139
G1 X58.014 Y28.032 E0.0117
G1 X57.846 Y28.664 E0.0181
G1 X57.844 Y40.042 E0.31486
G1 X57.918 Y40.475 E0.01216
G1 X58.032 Y40.778 E0.00896
G1 X58.334 Y41.264 E0.01583
G0 F1320 X39.361 Y24.561
G1 F480 X39.563 Y24.36 E0.00789
G0 F1320 X40.128 Y24.36
G1 F480 X39.361 Y25.127 E0.03002
G0 F1320 X39.361 Y25.693
G1 F480 X40.694 Y24.36 E0.05217
G0 F1320 X41.26 Y24.36
G1 F480 X39.361 Y26.258 E0.0743
G0 F1320 X39.361 Y26.824
G1 F480 X41.825 Y24.36 E0.09643
G0 F1320 X42.391 Y24.36
G1 F480 X39.361 Y27.39 E0.11858
G0 F1320 X39.361 Y27.955
G1 F480 X42.957 Y24.36 E0.14071
G0 F1320 X43.522 Y24.36
G1 F480 X39.361 Y28.521 E0.16284
G0 F1320 X39.361 Y29.087
G1 F480 X44.088 Y24.36 E0.18499
G0 F1320 X44.654 Y24.36
G1 F480 X39.361 Y29.653 E0.20714
G0 F1320 X39.361 Y30.218
G1 F480 X45.219 Y24.36 E0.22925
G0 F1320 X45.785 Y24.36
G1 F480 X39.361 Y30.784 E0.2514
G0 F1320 X39.361 Y31.35
G1 F480 X46.351 Y24.36 E0.27355
G0 F1320 X46.917 Y24.36
G1 F480 X39.361 Y31.915 E0.29568
G0 F1320 X39.361 Y32.481
G1 F480 X47.482 Y24.36 E0.31781
G0 F1320 X48.048 Y24.36
G1 F480 X39.361 Y33.047 E0.33996
G0 F1320 X39.361 Y33.612
G1 F480 X48.614 Y24.36 E0.36209
G0 F1320 X49.179 Y24.36
G1 F480 X39.361 Y34.178 E0.38422
G0 F1320 X39.361 Y34.744
G1 F480 X49.745 Y24.36 E0.40638
G0 F1320 X50.311 Y24.36
G1 F480 X39.361 Y35.309 E0.42851
G0 F1320 X39.361 Y35.875
G1 F480 X50.876 Y24.36 E0.45064
G0 F1320 X51.442 Y24.36
G1 F480 X39.361 Y36.441 E0.47279
G0 F1320 X39.361 Y37.006
G1 F480 X52.008 Y24.36 E0.49492
G0 F1320 X52.573 Y24.36
G1 F480 X39.361 Y37.572 E0.51705
G0 F1320 X39.361 Y38.138
G1 F480 X53.139 Y24.36 E0.5392
G0 F1320 X53.705 Y24.36
G1 F480 X39.361 Y38.703 E0.56133
G0 F1320 X39.361 Y39.269
G1 F480 X54.27 Y24.36 E0.58346
G0 F1320 X54.836 Y24.36
G1 F480 X39.361 Y39.835 E0.60561
G0 F1320 X39.361 Y40.401
G1 F480 X55.402 Y24.36 E0.62776
G0 F1320 X55.968 Y24.36
G1 F480 X39.361 Y40.966 E0.64989
G0 F1320 X39.361 Y41.532
G1 F480 X56.533 Y24.36 E0.67202
G0 F1320 X57.099 Y24.36
G1 F480 X39.361 Y42.098 E0.69417
G0 F1320 X39.361 Y42.663
G1 F480 X57.665 Y24.36 E0.7163
G0 F1320 X58.23 Y24.36
G1 F480 X39.361 Y43.229 E0.73843
G0 F1320 X39.361 Y43.795
G1 F480 X58.796 Y24.36 E0.76058
G0 F1320 X59.362 Y24.36
G1 F480 X39.361 Y44.36 E0.78271
G0 F1320 X39.361 Y44.926
G1 F480 X59.927 Y24.36 E0.80484
G0 F1320 X60.493 Y24.36
G1 F480 X39.361 Y45.492 E0.827
G0 F1320 X39.361 Y46.057
G1 F480 X60.64 Y24.778 E0.83275
G0 F1320 X60.64 Y25.344
G1 F480 X59.365 Y26.619 E0.0499
G0 F1320 X60.022 Y26.528
G1 F480 X60.64 Y25.91 E0.02419
G1 X60.71 Y25.84
G0 F1320 X57.755 Y28.229
G1 F480 X39.361 Y46.623 E0.71984
G0 F1320 X39.361 Y47.189
G1 F480 X57.64 Y28.91 E0.71534
G0 F1320 X57.64 Y29.476
G1 F480 X39.361 Y47.754 E0.71532
G0 F1320 X39.361 Y48.32
G1 F480 X57.64 Y30.041 E0.71534
G0 F1320 X57.641 Y30.606
G1 F480 X39.361 Y48.886 E0.71538
G0 F1320 X39.361 Y49.452
G1 F480 X57.641 Y31.172 E0.71538
G0 F1320 X57.641 Y31.738
G1 F480 X39.361 Y50.017 E0.71536
G0 F1320 X39.361 Y50.583
G1 F480 X57.641 Y32.303 E0.71538
G0 F1320 X57.641 Y32.868
G1 F480 X39.361 Y51.149 E0.7154
G0 F1320 X39.361 Y51.714
G1 F480 X57.641 Y33.434 E0.71538
G0 F1320 X57.642 Y33.999
G1 F480 X39.361 Y52.28 E0.71542
G0 F1320 X39.361 Y52.846
G1 F480 X57.642 Y34.565 E0.71542
G0 F1320 X57.642 Y35.13
G1 F480 X39.361 Y53.411 E0.71542
G0 F1320 X39.361 Y53.977
G1 F480 X57.643 Y35.695 E0.71546
G0 F1320 X57.643 Y36.261
G1 F480 X39.361 Y54.543 E0.71546
G0 F1320 X39.361 Y55.108
G1 F480 X57.643 Y36.826 E0.71546
G0 F1320 X57.643 Y37.392
G1 F480 X39.361 Y55.674 E0.71546
G0 F1320 X39.361 Y56.24
G1 F480 X57.643 Y37.957 E0.71548
G0 F1320 X57.644 Y38.522
G1 F480 X39.361 Y56.805 E0.7155
G0 F1320 X39.361 Y57.371
G1 F480 X57.644 Y39.088 E0.7155
G0 F1320 X57.644 Y39.654
G1 F480 X39.361 Y57.937 E0.7155
G0 F1320 X39.361 Y58.502
G1 F480 X57.668 Y40.195 E0.71644
G0 F1320 X57.772 Y40.657
G1 F480 X39.361 Y59.068 E0.72051
G0 F1320 X39.361 Y59.634
G1 F480 X57.958 Y41.037 E0.72779
G0 F1320 X58.175 Y41.386
G1 F480 X39.361 Y60.2 E0.73628
G0 F1320 X39.361 Y60.765
G1 F480 X58.46 Y41.666 E0.74743
G0 F1320 X58.792 Y41.9
G1 F480 X39.361 Y61.331 E0.76043
G0 F1320 X39.361 Y61.897
G1 F480 X59.183 Y42.074 E0.77575
G0 F1320 X59.627 Y42.197
G1 F480 X39.361 Y62.462 E0.79308
G0 F1320 X39.361 Y63.028
G1 F480 X60.147 Y42.242 E0.81345
G0 F1320 X60.64 Y42.315
G1 F480 X39.361 Y63.594 E0.83275
G0 F1320 X39.361 Y64.159
G1 F480 X60.64 Y42.88 E0.83275
G0 F1320 X60.64 Y43.446
G1 F480 X39.361 Y64.725 E0.83275
G0 F1320 X39.361 Y65.291
G1 F480 X60.64 Y44.012 E0.83275
G0 F1320 X60.64 Y44.577
G1 F480 X39.361 Y65.856 E0.83275
G0 F1320 X39.361 Y66.422
G1 F480 X60.64 Y45.143 E0.83275
G0 F1320 X60.64 Y45.709
G1 F480 X39.361 Y66.988 E0.83275
G0 F1320 X39.361 Y67.553
G1 F480 X60.64 Y46.274 E0.83275
G0 F1320 X60.64 Y46.84
G1 F480 X39.361 Y68.119 E0.83275
G0 F1320 X39.361 Y68.685
G1 F480 X60.64 Y47.406 E0.83275
G0 F1320 X60.64 Y47.972
G1 F480 X39.361 Y69.251 E0.83275
G0 F1320 X39.361 Y69.816
G1 F480 X60.64 Y48.537 E0.83275
G0 F1320 X60.64 Y49.103
G1 F480 X39.361 Y70.382 E0.83275
G0 F1320 X39.361 Y70.948
G1 F480 X60.64 Y49.669 E0.83275
G0 F1320 X60.64 Y50.234
G1 F480 X39.361 Y71.513 E0.83275
G0 F1320 X39.361 Y72.079
G1 F480 X60.64 Y50.8 E0.83275
G0 F1320 X60.64 Y51.366
G1 F480 X39.361 Y72.645 E0.83275
G0 F1320 X39.361 Y73.21
G1 F480 X60.64 Y51.931 E0.83275
G0 F1320 X60.64 Y52.497
G1 F480 X39.361 Y73.776 E0.83275
G0 F1320 X39.361 Y74.342
G1 F480 X60.64 Y53.063 E0.83275
G0 F1320 X60.64 Y53.628
G1 F480 X39.361 Y74.907 E0.83275
G0 F1320 X39.361 Y75.473
G1 F480 X60.64 Y54.194 E0.83275
G0 F1320 X60.64 Y54.76
G1 F480 X39.761 Y75.639 E0.81709
G0 F1320 X40.326 Y75.639
G1 F480 X60.64 Y55.325 E0.79498
G0 F1320 X60.64 Y55.891
G1 F480 X40.892 Y75.639 E0.77283
G0 F1320 X41.458 Y75.639
G1 F480 X60.64 Y56.457 E0.75068
G0 F1320 X60.64 Y57.023
G1 F480 X48.798 Y68.864 E0.46341
G0 F1320 X49.543 Y68.685
G1 F480 X60.64 Y57.588 E0.43428
G0 F1320 X60.64 Y58.154
G1 F480 X50.136 Y68.658 E0.41107
G0 F1320 X50.668 Y68.691
G1 F480 X60.64 Y58.72 E0.39023
G0 F1320 X60.64 Y59.285
G1 F480 X51.087 Y68.838 E0.37385
G0 F1320 X51.494 Y68.997
G1 F480 X60.64 Y59.851 E0.35793
G0 F1320 X60.64 Y60.417
G1 F480 X51.854 Y69.202 E0.34382
G0 F1320 X52.17 Y69.452
G1 F480 X60.64 Y60.982 E0.33147
G0 F1320 X60.64 Y61.548
G1 F480 X52.463 Y69.725 E0.32
G0 F1320 X52.719 Y70.035
G1 F480 X60.64 Y62.114 E0.30999
G0 F1320 X60.64 Y62.679
G1 F480 X52.928 Y70.392 E0.30183
G0 F1320 X53.108 Y70.777
G1 F480 X60.64 Y63.245 E0.29476
G0 F1320 X60.64 Y63.811
G1 F480 X53.246 Y71.205 E0.28936
G0 F1320 X53.345 Y71.672
G1 F480 X60.64 Y64.376 E0.28551
G0 F1320 X60.64 Y64.942
G1 F480 X53.33 Y72.252 E0.28607
G0 F1320 X53.253 Y72.895
G1 F480 X60.64 Y65.508 E0.28909
G0 F1320 X60.64 Y66.073
G1 F480 X52.534 Y74.179 E0.31723
G0 F1320 X52.16 Y74.553
G1 F480 X51.146 Y75.568 E0.0397
G0 F1320 X51.639 Y75.641
G1 F480 X60.64 Y66.639 E0.35227
G0 F1320 X60.64 Y67.205
G1 F480 X52.204 Y75.641 E0.33014
G0 F1320 X52.77 Y75.641
G1 F480 X60.64 Y67.771 E0.30799
G0 F1320 X60.64 Y68.336
G1 F480 X53.336 Y75.641 E0.28586
G0 F1320 X53.901 Y75.641
G1 F480 X60.64 Y68.902 E0.26373
G0 F1320 X60.64 Y69.468
G1 F480 X54.467 Y75.641 E0.24158
G0 F1320 X55.033 Y75.641
G1 F480 X60.64 Y70.033 E0.21945
G0 F1320 X60.64 Y70.599
G1 F480 X55.598 Y75.641 E0.19732
G0 F1320 X56.164 Y75.641
G1 F480 X60.64 Y71.165 E0.17517
G0 F1320 X60.64 Y71.73
G1 F480 X56.73 Y75.641 E0.15304
G0 F1320 X57.295 Y75.641
G1 F480 X60.64 Y72.296 E0.13091
G0 F1320 X60.64 Y72.862
G1 F480 X57.861 Y75.641 E0.10876
G0 F1320 X58.427 Y75.641
G1 F480 X60.64 Y73.427 E0.08662
G0 F1320 X60.64 Y73.993
G1 F480 X58.993 Y75.641 E0.06447
G0 F1320 X59.558 Y75.641
G1 F480 X60.64 Y74.559 E0.04234
G0 F1320 X60.64 Y75.124
G1 F480 X60.124 Y75.641 E0.02021
G0 F1320 X49.162 Y75.289
G1 F480 X48.814 Y75.636 E0.0136
G0 F1320 X48.771 Y75.114
G1 F480 X48.246 Y75.639 E0.02055
G0 F1320 X47.68 Y75.639
G1 F480 X48.387 Y74.932 E0.02767
G0 F1320 X48.05 Y74.704
G1 F480 X47.115 Y75.639 E0.03659
G0 F1320 X46.549 Y75.639
G1 F480 X47.73 Y74.458 E0.04622
G0 F1320 X47.455 Y74.167
G1 F480 X45.983 Y75.639 E0.05761
G0 F1320 X45.417 Y75.639
G1 F480 X47.214 Y73.843 E0.07031
G0 F1320 X47.005 Y73.486
G1 F480 X44.852 Y75.639 E0.08426
G0 F1320 X44.286 Y75.639
G1 F480 X46.831 Y73.094 E0.0996
G0 F1320 X46.702 Y72.658
G1 F480 X43.72 Y75.639 E0.11668
G0 F1320 X43.155 Y75.639
G1 F480 X46.653 Y72.141 E0.13689
G0 F1320 X46.677 Y71.551
G1 F480 X42.589 Y75.639 E0.15998
G0 F1320 X42.023 Y75.639
G1 F480 X46.861 Y70.801 E0.18933
G1 X46.931 Y70.731
;MESH:NONMESH
G0 F600 X46.931 Y70.731 Z1.16
G0 F1320 X59.01 Y27.38
;TIME_ELAPSED:3074.015236
;LAYER:6
M204 P200
;TYPE:WALL-INNER
;MESH:flasherTopPlate.STL
G1 F480 X59.362 Y27.2 E0.01084
G1 X59.783 Y27.084 E0.01197
G1 X61.2 Y27.084 E0.03883
G1 X61.2 Y23.8 E0.09
G1 X38.8 Y23.8 E0.6139
G1 X38.8 Y76.2 E1.43609
G1 X61.2 Y76.2 E0.6139
G1 X61.2 Y41.684 E0.94596
G1 X60 Y41.684 E0.03289
G1 X59.601 Y41.64 E0.011
G1 X59.08 Y41.432 E0.01537
G1 X58.615 Y41.035 E0.01676
G1 X58.361 Y40.63 E0.0131
G1 X58.273 Y40.394 E0.0069
G1 X58.204 Y40.014 E0.01058
G1 X58.2 Y28.728 E0.30931
G1 X58.355 Y28.152 E0.01635
G1 X58.505 Y27.88 E0.00851
G1 X58.722 Y27.616 E0.00937
G1 X59.01 Y27.38 E0.0102
G0 F1320 X59.006 Y27.897
G1 F480 X59.23 Y27.714 E0.00793
G1 X59.504 Y27.574 E0.00843
G1 X59.831 Y27.484 E0.0093
G1 X61.6 Y27.484 E0.04848
G1 X61.6 Y23.4 E0.11193
G1 X38.4 Y23.4 E0.63583
G1 X38.4 Y76.6 E1.45802
G1 X61.6 Y76.6 E0.63583
G1 X61.6 Y41.284 E0.96788
G1 X60 Y41.284 E0.04385
G1 X59.69 Y41.25 E0.00855
G1 X59.457 Y41.175 E0.00671
G1 X59.155 Y41.001 E0.00955
G1 X58.815 Y40.631 E0.01377
G1 X58.657 Y40.281 E0.01052
G1 X58.603 Y39.985 E0.00825
G1 X58.6 Y28.76 E0.30764
G1 X58.72 Y28.315 E0.01263
G1 X59.006 Y27.897 E0.01388
G0 F1320 X59.162 Y40.724
G0 X59.838 Y40.884
G1 F480 X59.488 Y40.744 E0.01033
G1 X59.326 Y40.624 E0.00553
G1 X59.154 Y40.418 E0.00735
G1 X59.04 Y40.167 E0.00756
G1 X59.002 Y39.957 E0.00585
G1 X59 Y28.795 E0.30591
G1 X59.086 Y28.477 E0.00903
G1 X59.29 Y28.179 E0.0099
G1 X59.645 Y27.948 E0.01161
G1 X59.878 Y27.884 E0.00662
G1 X62 Y27.884 E0.05816
G1 X62 Y23 E0.13385
G1 X38 Y23 E0.65775
G1 X38 Y77 E1.47994
G1 X62 Y77 E0.65775
G1 X62 Y40.884 E0.98981
G1 X59.838 Y40.884 E0.05925
G0 F1320 X37.88 Y77.12
G0 X37.6 Y77.4
G1 F480 X62.4 Y77.4 E0.67968
G1 X62.4 Y40.484 E1.01173
G1 X59.902 Y40.484 E0.06846
G1 X59.693 Y40.4 E0.00617
G1 X59.538 Y40.268 E0.00558
G1 X59.453 Y40.133 E0.00437
G1 X59.401 Y39.928 E0.0058
G1 X59.404 Y28.809 E0.30473
G1 X59.451 Y28.64 E0.00481
G1 X59.574 Y28.461 E0.00595
G1 X59.787 Y28.322 E0.00697
G1 X59.925 Y28.284 E0.00392
G1 X62.4 Y28.284 E0.06783
G1 X62.4 Y22.6 E0.15578
G1 X37.6 Y22.6 E0.67968
G1 X37.6 Y77.4 E1.50187
G0 F1320 X37.88 Y77.12
G0 X52.056 Y73.887
G1 F480 X51.812 Y74.122 E0.00928
G1 X51.288 Y74.475 E0.01732
G1 X50.563 Y74.738 E0.02114
G1 X50.084 Y74.792 E0.01321
G1 X49.598 Y74.759 E0.01335
G1 X49.028 Y74.614 E0.01612
G1 X48.717 Y74.478 E0.0093
G1 X48.184 Y74.122 E0.01757
G1 X47.94 Y73.887 E0.00928
G1 X47.586 Y73.406 E0.01637
G1 X47.271 Y72.705 E0.02106
G1 X47.191 Y71.859 E0.02329
G1 X47.336 Y71.125 E0.02051
G1 X47.443 Y70.86 E0.00783
G1 X47.779 Y70.286 E0.01823
G1 X48.019 Y70.017 E0.00988
G1 X48.506 Y69.631 E0.01703
G1 X48.928 Y69.412 E0.01303
G1 X49.227 Y69.309 E0.00867
G1 X49.857 Y69.205 E0.0175
G1 X50.52 Y69.232 E0.01819
G1 X51.219 Y69.48 E0.02033
G1 X51.49 Y69.631 E0.0085
G1 X51.982 Y70.02 E0.01719
G1 X52.217 Y70.288 E0.00977
G1 X52.602 Y70.943 E0.02082
G1 X52.774 Y71.645 E0.01981
G1 X52.8 Y71.97 E0.00894
G1 X52.722 Y72.718 E0.02061
G1 X52.41 Y73.406 E0.0207
G1 X52.056 Y73.887 E0.01637
G0 F1320 X50.084 Y74.392
G1 F480 X49.631 Y74.36 E0.01245
G1 X49.188 Y74.248 E0.01252
G1 X48.876 Y74.112 E0.00933
G1 X48.462 Y73.835 E0.01365
G1 X48.218 Y73.599 E0.0093
G1 X47.943 Y73.225 E0.01272
G1 X47.695 Y72.683 E0.01634
G1 X47.609 Y72.122 E0.01555
G1 X47.607 Y71.809 E0.00858
G1 X47.805 Y71.031 E0.022
G1 X48.186 Y70.41 E0.01997
G1 X48.781 Y69.92 E0.02112
G1 X49.324 Y69.697 E0.01609
G1 X49.888 Y69.604 E0.01567
G1 X50.539 Y69.661 E0.01791
G1 X51.056 Y69.845 E0.01504
G1 X51.267 Y69.962 E0.00661
G1 X51.807 Y70.407 E0.01918
G1 X52.219 Y71.053 E0.021
G1 X52.38 Y71.714 E0.01865
G1 X52.4 Y71.967 E0.00696
G1 X52.328 Y72.629 E0.01825
G1 X52.053 Y73.225 E0.01799
G1 X51.778 Y73.599 E0.01272
G1 X51.534 Y73.835 E0.0093
G1 X51.126 Y74.109 E0.01347
G1 X50.494 Y74.344 E0.01848
G1 X50.084 Y74.392 E0.01131
G0 F1320 X48.496 Y73.312
G1 F480 X48.299 Y73.044 E0.00912
G1 X48.079 Y72.571 E0.0143
G1 X47.987 Y71.935 E0.01761
G1 X48.137 Y71.25 E0.01922
G1 X48.506 Y70.649 E0.01933
G1 X49.028 Y70.248 E0.01804
G1 X49.376 Y70.092 E0.01045
G1 X49.92 Y70.003 E0.01511
G1 X50.301 Y70.02 E0.01045
G1 X50.972 Y70.235 E0.01931
G1 X51.461 Y70.638 E0.01737
G1 X51.875 Y71.27 E0.02071
G1 X52 Y71.964 E0.01933
G1 X51.915 Y72.578 E0.01699
G1 X51.697 Y73.044 E0.0141
G1 X51.5 Y73.312 E0.00912
G1 X51.256 Y73.547 E0.00928
G1 X50.964 Y73.743 E0.00964
G1 X50.425 Y73.95 E0.01582
G1 X50.084 Y73.992 E0.00942
G1 X49.665 Y73.961 E0.01151
G1 X49.348 Y73.881 E0.00896
G1 X49.036 Y73.745 E0.00933
G1 X48.74 Y73.547 E0.00976
G1 X48.496 Y73.312 E0.00928
G0 F1320 X48.22 Y72.544
G0 X48.272 Y71.307
G0 X49.064 Y70.397
G0 X50.313 Y70.114
G0 X50.287 Y70.423
G1 F480 X50.82 Y70.626 E0.01563
G1 X51.221 Y70.969 E0.01446
G1 X51.491 Y71.429 E0.01462
G1 X51.6 Y71.961 E0.01488
G1 X51.532 Y72.464 E0.01391
G1 X51.34 Y72.864 E0.01216
G1 X50.978 Y73.26 E0.0147
G1 X50.803 Y73.377 E0.00577
G1 X50.356 Y73.556 E0.0132
G1 X50.084 Y73.592 E0.00752
G1 X49.698 Y73.563 E0.01061
G1 X49.196 Y73.378 E0.01466
G1 X49.018 Y73.26 E0.00585
G1 X48.656 Y72.864 E0.0147
G1 X48.463 Y72.46 E0.01227
G1 X48.403 Y71.893 E0.01563
G1 X48.529 Y71.372 E0.01469
G1 X48.775 Y70.969 E0.01294
G1 X49.221 Y70.598 E0.0159
G1 X49.518 Y70.473 E0.00883
G1 X49.952 Y70.401 E0.01206
G1 X50.287 Y70.423 E0.0092
G0 F1320 X50.313 Y70.114
G0 X51.398 Y70.77
G0 X51.859 Y71.923
G0 X51.497 Y73.106
G0 X50.735 Y73.682
G0 X50.067 Y73.192
M204 P150
;TYPE:WALL-OUTER
G1 F480 X49.731 Y73.164 E0.00915
G1 X49.296 Y72.972 E0.0129
G1 X49.013 Y72.683 E0.01098
G1 X48.847 Y72.348 E0.01015
G1 X48.8 Y71.956 E0.01072
G1 X48.882 Y71.563 E0.0109
G1 X49.105 Y71.199 E0.01159
G1 X49.415 Y70.948 E0.01083
G1 X49.599 Y70.866 E0.00547
G1 X49.984 Y70.8 E0.0106
G1 X50.208 Y70.815 E0.00609
G1 X50.581 Y70.948 E0.01075
G1 X50.891 Y71.199 E0.01083
G1 X51.113 Y71.561 E0.01153
G1 X51.198 Y71.921 E0.01004
G1 X51.148 Y72.35 E0.01172
G1 X50.944 Y72.736 E0.01185
G1 X50.641 Y73.011 E0.01111
G1 X50.285 Y73.162 E0.0105
G1 X50.067 Y73.192 E0.00597
G0 F1320 X49.868 Y73.176
G0 X49.809 Y73.885
G0 X51.042 Y73.543
G0 X51.727 Y72.651
G0 X59.09 Y39.899
G0 X59.8 Y39.899
G1 F480 X59.801 Y28.859 E0.29963
G1 X59.858 Y28.743 E0.00351
G1 X59.973 Y28.685 E0.0035
G1 X62.8 Y28.684 E0.07673
G1 X62.8 Y22.2 E0.17598
G1 X37.2 Y22.2 E0.69479
G1 X37.2 Y77.8 E1.509
G1 X62.8 Y77.8 E0.69479
G1 X62.8 Y40.084 E1.02362
G1 X59.955 Y40.08 E0.07721
G1 X59.854 Y40.022 E0.00316
G1 X59.8 Y39.899 E0.00365
G0 F1320 X59.8 Y39.699
G0 X59.09 Y39.699
G0 X53.174 Y71.831
M204 P180
;TYPE:SKIN
G1 F480 X53.022 Y71.122 E0.02007
G1 X52.882 Y70.718 E0.01183
G1 X52.521 Y70.094 E0.01995
G1 X52.248 Y69.773 E0.01166
G1 X51.705 Y69.339 E0.01924
G1 X51.351 Y69.143 E0.0112
G1 X50.57 Y68.873 E0.02287
G1 X49.765 Y68.845 E0.02229
G1 X49.038 Y68.98 E0.02046
G1 X48.385 Y69.268 E0.01975
G1 X47.776 Y69.746 E0.02142
G1 X47.493 Y70.064 E0.01178
G1 X47.11 Y70.717 E0.02095
G1 X46.983 Y71.04 E0.0096
G1 X46.825 Y71.833 E0.02238
G1 X46.915 Y72.791 E0.02663
G1 X47.278 Y73.595 E0.02441
G1 X47.666 Y74.123 E0.01813
G1 X47.934 Y74.381 E0.01029
G1 F446.5 X48.65 Y74.865 E0.02571
G1 F390.2 X49.52 Y75.17 E0.03138
G1 F354.2 X49.564 Y75.197 E0.00194
G1 F347.2 X50.064 Y75.224 E0.01916
G1 F342.9 X50.634 Y75.18 E0.02215
G1 F346.6 X50.675 Y75.145 E0.00207
G1 F412.9 X51.463 Y74.783 E0.0279
G1 F480 X52.064 Y74.38 E0.02002
G1 X52.308 Y74.144 E0.00939
G1 X52.718 Y73.591 E0.01905
G1 X53.072 Y72.81 E0.02373
G1 X53.174 Y71.831 E0.02724
G0 F1320 X58.56 Y41.493
G1 F480 X58.896 Y41.744 E0.01161
G1 X59.493 Y41.982 E0.01778
G1 X59.977 Y42.043 E0.0135
G1 X60.84 Y42.044 E0.02388
G1 X60.84 Y75.84 E0.93522
G1 X51.603 Y75.84 E0.25561
G1 F412.9 X50.786 Y75.775 E0.02637
G1 F346.6 X50.683 Y75.752 E0.00404
G1 F342.9 X50.084 Y75.768 E0.02321
G1 F347.2 X49.544 Y75.758 E0.02066
G1 F354.2 X49.446 Y75.779 E0.00376
G1 F416.5 X48.799 Y75.839 E0.02072
G1 F480 X39.161 Y75.839 E0.26671
G1 X39.16 Y24.16 E1.43008
G1 X60.84 Y24.16 E0.59994
G1 X60.84 Y26.724 E0.07095
G1 X59.729 Y26.726 E0.03074
G1 X59.246 Y26.859 E0.01386
G1 X58.829 Y27.065 E0.01287
G1 X58.481 Y27.345 E0.01236
G1 X58.217 Y27.661 E0.01139
G1 X58.014 Y28.032 E0.0117
G1 X57.846 Y28.664 E0.0181
G1 X57.844 Y40.042 E0.31486
G1 X57.918 Y40.475 E0.01216
G1 X58.032 Y40.778 E0.00896
G1 X58.334 Y41.264 E0.01583
G1 X58.56 Y41.493 E0.0089
G0 F1320 X59.162 Y28.048
G0 X60.564 Y24.36
G1 F480 X60.64 Y24.436 E0.00297
G0 F1320 X60.64 Y25.002
G1 F480 X59.998 Y24.36 E0.02512
G0 F1320 X59.432 Y24.36
G1 F480 X60.64 Y25.568 E0.04727
G0 F1320 X60.64 Y26.133
G1 F480 X58.867 Y24.36 E0.06939
G0 F1320 X58.301 Y24.36
G1 F480 X60.465 Y26.524 E0.08469
G0 F1320 X59.903 Y26.528
G1 F480 X57.735 Y24.36 E0.08484
G0 F1320 X57.17 Y24.36
G1 F480 X59.415 Y26.605 E0.08786
G0 F1320 X59.002 Y26.758
G1 F480 X56.604 Y24.36 E0.09385
G0 F1320 X56.038 Y24.36
G1 F480 X58.642 Y26.963 E0.10189
G0 F1320 X58.331 Y27.218
G1 F480 X55.473 Y24.36 E0.11185
G0 F1320 X54.907 Y24.36
G1 F480 X58.071 Y27.524 E0.12382
G0 F1320 X57.863 Y27.882
G1 F480 X54.341 Y24.36 E0.13783
G0 F1320 X53.775 Y24.36
G1 F480 X57.732 Y28.317 E0.15486
G0 F1320 X57.641 Y28.791
G1 F480 X53.21 Y24.36 E0.17341
G0 F1320 X52.644 Y24.36
G1 F480 X57.641 Y29.356 E0.19554
G0 F1320 X57.641 Y29.922
G1 F480 X52.078 Y24.36 E0.21769
G0 F1320 X51.513 Y24.36
G1 F480 X57.641 Y30.488 E0.23982
G0 F1320 X57.641 Y31.054
G1 F480 X50.947 Y24.36 E0.26197
G0 F1320 X50.381 Y24.36
G1 F480 X57.641 Y31.62 E0.28412
G0 F1320 X57.642 Y32.186
G1 F480 X49.816 Y24.36 E0.30627
G0 F1320 X49.25 Y24.36
G1 F480 X57.642 Y32.752 E0.32842
G0 F1320 X57.642 Y33.317
G1 F480 X48.684 Y24.36 E0.35055
G0 F1320 X48.119 Y24.36
G1 F480 X57.643 Y33.884 E0.37272
G0 F1320 X57.643 Y34.45
G1 F480 X47.553 Y24.36 E0.39487
G0 F1320 X46.987 Y24.36
G1 F480 X57.643 Y35.015 E0.417
G0 F1320 X57.643 Y35.582
G1 F480 X46.422 Y24.36 E0.43915
G0 F1320 X45.856 Y24.36
G1 F480 X57.643 Y36.147 E0.46128
G0 F1320 X57.643 Y36.713
G1 F480 X45.29 Y24.36 E0.48343
G0 F1320 X44.725 Y24.36
G1 F480 X57.644 Y37.279 E0.50558
G0 F1320 X57.644 Y37.845
G1 F480 X44.159 Y24.36 E0.52773
G0 F1320 X43.593 Y24.36
G1 F480 X57.644 Y38.411 E0.54988
G0 F1320 X57.645 Y38.977
G1 F480 X43.027 Y24.36 E0.57205
G0 F1320 X42.462 Y24.36
G1 F480 X57.645 Y39.543 E0.59418
G0 F1320 X57.655 Y40.119
G1 F480 X41.896 Y24.36 E0.61672
G0 F1320 X41.33 Y24.36
G1 F480 X57.88 Y40.909 E0.64766
G1 X57.95 Y40.979
G0 F1320 X58.953 Y41.982
G1 F480 X60.64 Y43.67 E0.06604
G0 F1320 X60.64 Y44.235
G1 F480 X40.765 Y24.36 E0.7778
G0 F1320 X40.199 Y24.36
G1 F480 X60.64 Y44.801 E0.79995
G0 F1320 X60.64 Y45.367
G1 F480 X39.633 Y24.36 E0.8221
G0 F1320 X39.36 Y24.653
G1 F480 X60.64 Y45.932 E0.83277
G0 F1320 X60.64 Y46.498
G1 F480 X39.36 Y25.218 E0.83279
G0 F1320 X39.36 Y25.784
G1 F480 X60.64 Y47.064 E0.83279
G0 F1320 X60.64 Y47.629
G1 F480 X39.36 Y26.35 E0.83277
G0 F1320 X39.36 Y26.915
G1 F480 X60.64 Y48.195 E0.83279
G0 F1320 X60.64 Y48.761
G1 F480 X39.36 Y27.481 E0.83279
G0 F1320 X39.36 Y28.047
G1 F480 X60.64 Y49.326 E0.83277
G0 F1320 X60.64 Y49.892
G1 F480 X39.36 Y28.612 E0.83279
G0 F1320 X39.36 Y29.178
G1 F480 X60.64 Y50.458 E0.83279
G0 F1320 X60.64 Y51.023
G1 F480 X39.36 Y29.744 E0.83277
G0 F1320 X39.36 Y30.309
G1 F480 X60.64 Y51.589 E0.83279
G0 F1320 X60.64 Y52.155
G1 F480 X39.36 Y30.875 E0.83279
G0 F1320 X39.36 Y31.441
G1 F480 X60.64 Y52.72 E0.83277
G0 F1320 X60.64 Y53.286
G1 F480 X39.36 Y32.006 E0.83279
G0 F1320 X39.36 Y32.572
G1 F480 X60.64 Y53.852 E0.83279
G0 F1320 X60.64 Y54.418
G1 F480 X39.36 Y33.138 E0.83279
G0 F1320 X39.36 Y33.704
G1 F480 X60.64 Y54.983 E0.83277
G0 F1320 X60.64 Y55.549
G1 F480 X39.36 Y34.269 E0.83279
G0 F1320 X39.36 Y34.835
G1 F480 X60.64 Y56.115 E0.83279
G0 F1320 X60.64 Y56.68
G1 F480 X39.36 Y35.401 E0.83277
G0 F1320 X39.36 Y35.966
G1 F480 X60.64 Y57.246 E0.83279
G0 F1320 X60.64 Y57.812
G1 F480 X39.36 Y36.532 E0.83279
G0 F1320 X39.36 Y37.098
G1 F480 X60.64 Y58.377 E0.83277
G0 F1320 X60.64 Y58.943
G1 F480 X39.36 Y37.663 E0.83279
G0 F1320 X39.36 Y38.229
G1 F480 X60.64 Y59.509 E0.83279
G0 F1320 X60.64 Y60.074
G1 F480 X39.36 Y38.795 E0.83277
G0 F1320 X39.36 Y39.36
G1 F480 X60.64 Y60.64 E0.83279
G0 F1320 X60.64 Y61.206
G1 F480 X39.36 Y39.926 E0.83279
G0 F1320 X39.36 Y40.492
G1 F480 X60.64 Y61.771 E0.83277
G0 F1320 X60.64 Y62.337
G1 F480 X39.36 Y41.057 E0.83279
G0 F1320 X39.36 Y41.623
G1 F480 X60.64 Y62.903 E0.83279
G0 F1320 X60.64 Y63.468
G1 F480 X39.36 Y42.189 E0.83277
G0 F1320 X39.36 Y42.755
G1 F480 X60.64 Y64.034 E0.83277
G0 F1320 X60.64 Y64.6
G1 F480 X39.36 Y43.32 E0.83279
G0 F1320 X39.36 Y43.886
G1 F480 X60.64 Y65.166 E0.83279
G0 F1320 X60.64 Y65.731
G1 F480 X39.36 Y44.452 E0.83277
G0 F1320 X39.36 Y45.017
G1 F480 X60.64 Y66.297 E0.83279
G0 F1320 X60.64 Y66.863
G1 F480 X39.36 Y45.583 E0.83279
G0 F1320 X39.36 Y46.149
G1 F480 X60.64 Y67.428 E0.83277
G0 F1320 X60.64 Y67.994
G1 F480 X39.36 Y46.714 E0.83279
G0 F1320 X39.36 Y47.28
G1 F480 X60.64 Y68.56 E0.83279
G0 F1320 X60.64 Y69.125
G1 F480 X39.36 Y47.846 E0.83277
G0 F1320 X39.36 Y48.411
G1 F480 X60.64 Y69.691 E0.83279
G0 F1320 X60.64 Y70.257
G1 F480 X39.36 Y48.977 E0.83279
G0 F1320 X39.36 Y49.543
G1 F480 X60.64 Y70.822 E0.83277
G0 F1320 X60.64 Y71.388
G1 F480 X39.36 Y50.108 E0.83279
G0 F1320 X39.36 Y50.674
G1 F480 X60.64 Y71.954 E0.83279
G0 F1320 X60.64 Y72.519
G1 F480 X39.36 Y51.24 E0.83277
G0 F1320 X39.36 Y51.805
G1 F480 X60.64 Y73.085 E0.83279
G0 F1320 X60.64 Y73.651
G1 F480 X39.36 Y52.371 E0.83279
G0 F1320 X39.36 Y52.937
G1 F480 X60.64 Y74.217 E0.83279
G0 F1320 X60.64 Y74.782
G1 F480 X39.36 Y53.503 E0.83277
G0 F1320 X39.36 Y54.068
G1 F480 X60.64 Y75.348 E0.83279
G0 F1320 X60.366 Y75.64
G1 F480 X39.36 Y54.634 E0.82206
G0 F1320 X39.36 Y55.2
G1 F480 X59.801 Y75.64 E0.79993
G0 F1320 X59.235 Y75.64
G1 F480 X39.36 Y55.765 E0.7778
G0 F1320 X39.36 Y56.331
G1 F480 X58.669 Y75.64 E0.75565
G0 F1320 X58.104 Y75.64
G1 F480 X53.027 Y70.564 E0.19867
G1 X52.957 Y70.494
G0 F1320 X53.283 Y71.385
G1 F480 X57.538 Y75.64 E0.16652
G0 F1320 X56.972 Y75.64
G1 F480 X53.353 Y72.02 E0.14165
G0 F1320 X53.3 Y72.534
G1 F480 X56.407 Y75.64 E0.12157
G0 F1320 X55.841 Y75.64
G1 F480 X53.204 Y73.003 E0.1032
G0 F1320 X53.029 Y73.394
G1 F480 X55.275 Y75.64 E0.0879
G0 F1320 X54.71 Y75.64
G1 F480 X52.836 Y73.767 E0.07332
G0 F1320 X52.597 Y74.093
G1 F480 X54.144 Y75.64 E0.06054
G0 F1320 X53.578 Y75.64
G1 F480 X52.334 Y74.395 E0.0487
G0 F1320 X52.021 Y74.649
G1 F480 X53.013 Y75.64 E0.0388
G0 F1320 X52.447 Y75.64
G1 F480 X51.683 Y74.876 E0.0299
G0 F1320 X51.327 Y75.086
G1 F480 X51.881 Y75.64 E0.02168
G0 F1320 X51.26 Y75.585
G1 F480 X50.963 Y75.287 E0.01164
G0 F1320 X49.481 Y75.503
G1 F480 X49.357 Y75.378 E0.00487
G0 F1320 X49.012 Y75.599
G1 F480 X48.259 Y74.846 E0.02947
G1 X48.189 Y74.776
G0 F1320 X48.486 Y75.639
G1 F480 X39.36 Y66.513 E0.35714
G0 F1320 X39.36 Y65.948
G1 F480 X47.091 Y73.678 E0.30253
G1 X47.161 Y73.748
G0 F1320 X46.709 Y72.731
G1 F480 X39.36 Y65.382 E0.2876
G0 F1320 X39.36 Y64.816
G1 F480 X46.65 Y72.106 E0.28529
G0 F1320 X46.675 Y71.565
G1 F480 X39.36 Y64.251 E0.28625
G0 F1320 X39.36 Y63.685
G1 F480 X46.769 Y71.093 E0.28993
G0 F1320 X46.915 Y70.674
G1 F480 X39.36 Y63.119 E0.29566
G0 F1320 X39.36 Y62.553
G1 F480 X47.115 Y70.308 E0.30349
G0 F1320 X47.33 Y69.958
G1 F480 X39.36 Y61.988 E0.3119
G0 F1320 X39.36 Y61.422
G1 F480 X47.594 Y69.656 E0.32224
G0 F1320 X47.898 Y69.394
G1 F480 X39.36 Y60.856 E0.33413
G0 F1320 X39.36 Y60.291
G1 F480 X48.214 Y69.144 E0.34648
G0 F1320 X48.59 Y68.955
G1 F480 X39.36 Y59.725 E0.36121
G0 F1320 X39.36 Y59.159
G1 F480 X48.985 Y68.784 E0.37667
G0 F1320 X49.465 Y68.698
G1 F480 X39.36 Y58.594 E0.39544
G0 F1320 X39.36 Y58.028
G1 F480 X49.984 Y68.652 E0.41577
G0 F1320 X50.572 Y68.674
G1 F480 X39.36 Y57.462 E0.43878
G0 F1320 X39.36 Y56.897
G1 F480 X51.419 Y68.955 E0.47191
G1 X51.489 Y69.025
G0 F1320 X49.064 Y70.397
G0 X48.272 Y71.307
G0 X47.92 Y75.639
G1 F480 X39.36 Y67.079 E0.33499
G0 F1320 X39.36 Y67.645
G1 F480 X47.354 Y75.639 E0.31284
G0 F1320 X46.789 Y75.639
G1 F480 X39.36 Y68.21 E0.29073
G0 F1320 X39.36 Y68.776
G1 F480 X46.223 Y75.639 E0.26858
G0 F1320 X45.657 Y75.639
G1 F480 X39.36 Y69.342 E0.24643
G0 F1320 X39.36 Y69.907
G1 F480 X45.091 Y75.639 E0.2243
G0 F1320 X44.526 Y75.639
G1 F480 X39.36 Y70.473 E0.20217
G0 F1320 X39.36 Y71.039
G1 F480 X43.96 Y75.639 E0.18002
G0 F1320 X43.394 Y75.639
G1 F480 X39.36 Y71.604 E0.15789
G0 F1320 X39.36 Y72.17
G1 F480 X42.829 Y75.639 E0.13576
G0 F1320 X42.263 Y75.639
G1 F480 X39.36 Y72.736 E0.11361
G0 F1320 X39.36 Y73.302
G1 F480 X41.697 Y75.639 E0.09146
G0 F1320 X41.132 Y75.639
G1 F480 X39.36 Y73.867 E0.06935
G0 F1320 X39.36 Y74.433
G1 F480 X40.566 Y75.639 E0.0472
G0 F1320 X40 Y75.639
G1 F480 X39.36 Y74.999 E0.02505
G0 F1320 X39.36 Y75.564
G1 F480 X39.435 Y75.639 E0.00294
G0 F1320 X60.64 Y43.104
G1 F480 X59.751 Y42.214 E0.03481
G0 F1320 X60.345 Y42.243
G1 F480 X60.64 Y42.538 E0.01154
;MESH:NONMESH
G0 F600 X60.64 Y42.538 Z1.32
G0 F1320 X49.857 Y69.205
;TIME_ELAPSED:3541.844822
;LAYER:7
M204 P200
;TYPE:WALL-INNER
;MESH:flasherTopPlate.STL
G1 F480 X50.52 Y69.232 E0.01819
G1 X51.219 Y69.48 E0.02033
G1 X51.49 Y69.631 E0.0085
G1 X51.982 Y70.02 E0.01719
G1 X52.217 Y70.288 E0.00977
G1 X52.602 Y70.943 E0.02082
G1 X52.774 Y71.645 E0.01981
G1 X52.8 Y71.97 E0.00894
G1 X52.722 Y72.718 E0.02061
G1 X52.41 Y73.406 E0.0207
G1 X52.056 Y73.887 E0.01637
G1 X51.812 Y74.122 E0.00928
G1 X51.288 Y74.475 E0.01732
G1 X50.563 Y74.738 E0.02114
G1 X50.084 Y74.792 E0.01321
G1 X49.598 Y74.759 E0.01335
G1 X49.028 Y74.614 E0.01612
G1 X48.717 Y74.478 E0.0093
G1 X48.184 Y74.122 E0.01757
G1 X47.94 Y73.887 E0.00928
G1 X47.586 Y73.406 E0.01637
G1 X47.271 Y72.705 E0.02106
G1 X47.191 Y71.859 E0.02329
G1 X47.336 Y71.125 E0.02051
G1 X47.443 Y70.86 E0.00783
G1 X47.779 Y70.286 E0.01823
G1 X48.019 Y70.017 E0.00988
G1 X48.506 Y69.631 E0.01703
G1 X48.928 Y69.412 E0.01303
G1 X49.227 Y69.309 E0.00867
G1 X49.857 Y69.205 E0.0175
G0 F1320 X47.609 Y72.122
G1 F480 X47.607 Y71.809 E0.00858
G1 X47.805 Y71.031 E0.022
G1 X48.186 Y70.41 E0.01997
G1 X48.781 Y69.92 E0.02112
G1 X49.324 Y69.697 E0.01609
G1 X49.888 Y69.604 E0.01567
G1 X50.539 Y69.661 E0.01791
G1 X51.056 Y69.845 E0.01504
G1 X51.267 Y69.962 E0.00661
G1 X51.807 Y70.407 E0.01918
G1 X52.219 Y71.053 E0.021
G1 X52.38 Y71.714 E0.01865
G1 X52.4 Y71.967 E0.00696
G1 X52.328 Y72.629 E0.01825
G1 X52.053 Y73.225 E0.01799
G1 X51.778 Y73.599 E0.01272
G1 X51.534 Y73.835 E0.0093
G1 X51.126 Y74.109 E0.01347
G1 X50.494 Y74.344 E0.01848
G1 X50.084 Y74.392 E0.01131
G1 X49.631 Y74.36 E0.01245
G1 X49.188 Y74.248 E0.01252
G1 X48.876 Y74.112 E0.00933
G1 X48.462 Y73.835 E0.01365
G1 X48.218 Y73.599 E0.0093
G1 X47.943 Y73.225 E0.01272
G1 X47.695 Y72.683 E0.01634
G1 X47.609 Y72.122 E0.01555
G0 F1320 X48.74 Y73.547
G1 F480 X48.496 Y73.312 E0.00928
G1 X48.299 Y73.044 E0.00912
G1 X48.079 Y72.571 E0.0143
G1 X47.987 Y71.935 E0.01761
G1 X48.137 Y71.25 E0.01922
G1 X48.506 Y70.649 E0.01933
G1 X49.028 Y70.248 E0.01804
G1 X49.376 Y70.092 E0.01045
G1 X49.92 Y70.003 E0.01511
G1 X50.301 Y70.02 E0.01045
G1 X50.972 Y70.235 E0.01931
G1 X51.461 Y70.638 E0.01737
G1 X51.875 Y71.27 E0.02071
G1 X52 Y71.964 E0.01933
G1 X51.915 Y72.578 E0.01699
G1 X51.697 Y73.044 E0.0141
G1 X51.5 Y73.312 E0.00912
G1 X51.256 Y73.547 E0.00928
G1 X50.964 Y73.743 E0.00964
G1 X50.425 Y73.95 E0.01582
G1 X50.084 Y73.992 E0.00942
G1 X49.665 Y73.961 E0.01151
G1 X49.348 Y73.881 E0.00896
G1 X49.036 Y73.745 E0.00933
G1 X48.74 Y73.547 E0.00976
G0 F1320 X48.22 Y72.544
G0 X48.247 Y71.424
G0 X48.775 Y70.969
G1 F480 X49.221 Y70.598 E0.0159
G1 X49.518 Y70.473 E0.00883
G1 X49.952 Y70.401 E0.01206
G1 X50.287 Y70.423 E0.0092
G1 X50.82 Y70.626 E0.01563
G1 X51.221 Y70.969 E0.01446
G1 X51.491 Y71.429 E0.01462
G1 X51.6 Y71.961 E0.01488
G1 X51.532 Y72.464 E0.01391
G1 X51.34 Y72.864 E0.01216
G1 X50.978 Y73.26 E0.0147
G1 X50.803 Y73.377 E0.00577
G1 X50.356 Y73.556 E0.0132
G1 X50.084 Y73.592 E0.00752
G1 X49.698 Y73.563 E0.01061
G1 X49.196 Y73.378 E0.01466
G1 X49.018 Y73.26 E0.00585
G1 X48.656 Y72.864 E0.0147
G1 X48.463 Y72.46 E0.01227
G1 X48.403 Y71.893 E0.01563
G1 X48.529 Y71.372 E0.01469
G1 X48.775 Y70.969 E0.01294
G0 F1320 X48.51 Y70.805
G0 X38.8 Y76.2
G1 F480 X61.2 Y76.2 E0.6139
G1 X61.2 Y41.684 E0.94596
G1 X60 Y41.684 E0.03289
G1 X59.601 Y41.64 E0.011
G1 X59.08 Y41.432 E0.01537
G1 X58.615 Y41.035 E0.01676
G1 X58.361 Y40.63 E0.0131
G1 X58.273 Y40.394 E0.0069
G1 X58.204 Y40.014 E0.01058
G1 X58.2 Y28.728 E0.30931
G1 X58.355 Y28.152 E0.01635
G1 X58.505 Y27.88 E0.00851
G1 X58.722 Y27.616 E0.00937
G1 X59.01 Y27.38 E0.0102
G1 X59.362 Y27.2 E0.01084
G1 X59.783 Y27.084 E0.01197
G1 X61.2 Y27.084 E0.03883
G1 X61.2 Y23.8 E0.09
G1 X38.8 Y23.8 E0.6139
G1 X38.8 Y76.2 E1.43609
G0 F1320 X38.4 Y76.6
G1 F480 X61.6 Y76.6 E0.63583
G1 X61.6 Y41.284 E0.96788
G1 X60 Y41.284 E0.04385
G1 X59.69 Y41.25 E0.00855
G1 X59.457 Y41.175 E0.00671
G1 X59.155 Y41.001 E0.00955
G1 X58.815 Y40.631 E0.01377
G1 X58.657 Y40.281 E0.01052
G1 X58.603 Y39.985 E0.00825
G1 X58.6 Y28.76 E0.30764
G1 X58.72 Y28.315 E0.01263
G1 X59.006 Y27.897 E0.01388
G1 X59.23 Y27.714 E0.00793
G1 X59.504 Y27.574 E0.00843
G1 X59.831 Y27.484 E0.0093
G1 X61.6 Y27.484 E0.04848
G1 X61.6 Y23.4 E0.11193
G1 X38.4 Y23.4 E0.63583
G1 X38.4 Y76.6 E1.45802
G0 F1320 X59.838 Y40.884
G1 F480 X59.488 Y40.744 E0.01033
G1 X59.326 Y40.624 E0.00553
G1 X59.154 Y40.418 E0.00735
G1 X59.04 Y40.167 E0.00756
G1 X59.002 Y39.957 E0.00585
G1 X59 Y28.795 E0.30591
G1 X59.086 Y28.477 E0.00903
G1 X59.29 Y28.179 E0.0099
G1 X59.645 Y27.948 E0.01161
G1 X59.878 Y27.884 E0.00662
G1 X62 Y27.884 E0.05816
G1 X62 Y23 E0.13385
G1 X38 Y23 E0.65775
G1 X38 Y77 E1.47994
G1 X62 Y77 E0.65775
G1 X62 Y40.884 E0.98981
G1 X59.838 Y40.884 E0.05925
G0 F1320 X59.09 Y28.64
G0 X59.451 Y28.64
G1 F480 X59.574 Y28.461 E0.00595
G1 X59.787 Y28.322 E0.00697
G1 X59.925 Y28.284 E0.00392
G1 X62.4 Y28.284 E0.06783
G1 X62.4 Y22.6 E0.15578
G1 X37.6 Y22.6 E0.67968
G1 X37.6 Y77.4 E1.50187
G1 X62.4 Y77.4 E0.67968
G1 X62.4 Y40.484 E1.01173
G1 X59.902 Y40.484 E0.06846
G1 X59.693 Y40.4 E0.00617
G1 X59.538 Y40.268 E0.00558
G1 X59.453 Y40.133 E0.00437
G1 X59.401 Y39.928 E0.0058
G1 X59.404 Y28.809 E0.30473
G1 X59.451 Y28.64 E0.00481
G0 F1320 X59.09 Y28.64
G0 X59.162 Y40.724
G0 X59.955 Y40.08
M204 P150
;TYPE:WALL-OUTER
G1 F480 X59.854 Y40.022 E0.00316
G1 X59.8 Y39.899 E0.00365
G1 X59.801 Y28.859 E0.29963
G1 X59.858 Y28.743 E0.00351
G1 X59.973 Y28.685 E0.0035
G1 X62.8 Y28.684 E0.07673
G1 X62.8 Y22.2 E0.17598
G1 X37.2 Y22.2 E0.69479
G1 X37.2 Y77.8 E1.509
G1 X62.8 Y77.8 E0.69479
G1 X62.8 Y40.084 E1.02362
G1 X59.955 Y40.08 E0.07721
G0 F1320 X59.854 Y40.022
G0 X59.821 Y39.945
G0 X59.09 Y39.945
G0 X49.309 Y70.22
G0 X49.599 Y70.866
G1 F480 X49.984 Y70.8 E0.0106
G1 X50.208 Y70.815 E0.00609
G1 X50.581 Y70.948 E0.01075
G1 X50.891 Y71.199 E0.01083
G1 X51.113 Y71.561 E0.01153
G1 X51.198 Y71.921 E0.01004
G1 X51.148 Y72.35 E0.01172
G1 X50.944 Y72.736 E0.01185
G1 X50.641 Y73.011 E0.01111
G1 X50.285 Y73.162 E0.0105
G1 X50.067 Y73.192 E0.00597
G1 X49.731 Y73.164 E0.00915
G1 X49.296 Y72.972 E0.0129
G1 X49.013 Y72.683 E0.01098
G1 X48.847 Y72.348 E0.01015
G1 X48.8 Y71.956 E0.01072
G1 X48.882 Y71.563 E0.0109
G1 X49.105 Y71.199 E0.01159
G1 X49.415 Y70.948 E0.01083
G1 X49.599 Y70.866 E0.00547
G0 F1320 X49.795 Y70.833
G0 X49.676 Y70.132
G0 X50.678 Y69.12
M204 P250
;TYPE:FILL
G1 F660 X61.04 Y58.758 E0.39382
G1 X61.11 Y58.688
G0 F1320 X61.04 Y55.93
G1 F660 X40.929 Y76.04 E0.76432
G1 X40.859 Y76.11
G0 F1320 X38.96 Y75.181
G1 F660 X61.04 Y53.102 E0.83915
G1 X61.11 Y53.032
G0 F1320 X61.04 Y50.273
G1 F660 X38.96 Y72.353 E0.83917
G1 X38.89 Y72.423
G0 F1320 X38.96 Y69.524
G1 F660 X61.04 Y47.445 E0.83915
G1 X61.11 Y47.375
G0 F1320 X61.04 Y44.616
G1 F660 X38.96 Y66.696 E0.83917
G1 X38.89 Y66.766
G0 F1320 X38.96 Y63.867
G1 F660 X60.984 Y41.844 E0.83702
G1 X61.054 Y41.774
G0 F1320 X58.673 Y41.326
G1 F660 X38.96 Y61.039 E0.74921
G1 X38.89 Y61.109
G0 F1320 X38.96 Y58.21
G1 F660 X58.044 Y39.126 E0.7253
G1 X58.114 Y39.056
G0 F1320 X58.043 Y36.299
G1 F660 X38.96 Y55.382 E0.72527
G1 X38.89 Y55.452
G0 F1320 X38.96 Y52.554
G1 F660 X58.041 Y33.472 E0.72521
G1 X58.111 Y33.402
G0 F1320 X58.041 Y30.645
G1 F660 X38.96 Y49.725 E0.72517
G1 X38.89 Y49.795
G0 F1320 X38.96 Y46.897
G1 F660 X61.04 Y24.817 E0.83917
G1 X61.11 Y24.747
G0 F1320 X59.069 Y23.96
G1 F660 X38.96 Y44.068 E0.76424
G1 X38.89 Y44.138
G0 F1320 X38.96 Y41.24
G1 F660 X56.24 Y23.96 E0.65674
G1 X56.31 Y23.89
G0 F1320 X53.412 Y23.96
G1 F660 X38.96 Y38.411 E0.54924
G1 X38.89 Y38.481
G0 F1320 X38.96 Y35.583
G1 F660 X50.584 Y23.96 E0.44176
G1 X50.654 Y23.89
G0 F1320 X47.755 Y23.96
G1 F660 X38.96 Y32.755 E0.33426
G1 X38.89 Y32.825
G0 F1320 X38.96 Y29.926
G1 F660 X44.927 Y23.96 E0.22676
G1 X44.997 Y23.89
G0 F1320 X42.098 Y23.96
G1 F660 X38.96 Y27.098 E0.11926
G1 X38.89 Y27.168
G0 F1320 X38.96 Y24.269
G1 F660 X39.27 Y23.96 E0.01176
G0 F1320 X61.04 Y61.587
G1 F660 X52.38 Y70.247 E0.32913
G1 X52.31 Y70.317
G0 F1320 X52.899 Y72.556
G1 F660 X61.04 Y64.415 E0.30941
G1 X61.11 Y64.345
G0 F1320 X61.04 Y67.244
G1 F660 X52.243 Y76.04 E0.33432
G1 X52.173 Y76.11
G0 F1320 X50.555 Y74.9
G1 F660 X49.415 Y76.04 E0.04333
G1 X49.345 Y76.11
G0 F1320 X48.263 Y74.364
G1 F660 X46.586 Y76.04 E0.06372
G1 X46.516 Y76.11
G0 F1320 X43.758 Y76.04
G1 F660 X47.11 Y72.688 E0.1274
G1 X47.18 Y72.618
G0 F1320 X49.085 Y73.577
G0 X55.072 Y76.04
G1 F660 X61.04 Y70.072 E0.22682
G1 X61.11 Y70.002
G0 F1320 X61.04 Y72.901
G1 F660 X57.9 Y76.04 E0.11932
G1 X57.83 Y76.11
G0 F1320 X60.728 Y76.04
G1 F660 X61.04 Y75.729 E0.01184
;MESH:NONMESH
G0 F600 X61.04 Y75.729 Z1.48
G0 F1320 X60 Y41.684
;TIME_ELAPSED:3714.212932
;LAYER:8
M204 P200
;TYPE:WALL-INNER
;MESH:flasherTopPlate.STL
G1 F480 X59.601 Y41.64 E0.011
G1 X59.08 Y41.432 E0.01537
G1 X58.615 Y41.035 E0.01676
G1 X58.361 Y40.63 E0.0131
G1 X58.273 Y40.394 E0.0069
G1 X58.204 Y40.014 E0.01058
G1 X58.2 Y28.728 E0.30931
G1 X58.355 Y28.152 E0.01635
G1 X58.505 Y27.88 E0.00851
G1 X58.722 Y27.616 E0.00937
G1 X59.01 Y27.38 E0.0102
G1 X59.362 Y27.2 E0.01084
G1 X59.783 Y27.084 E0.01197
G1 X61.2 Y27.084 E0.03883
G1 X61.2 Y23.8 E0.09
G1 X38.8 Y23.8 E0.6139
G1 X38.8 Y76.2 E1.43609
G1 X61.2 Y76.2 E0.6139
G1 X61.2 Y41.684 E0.94596
G1 X60 Y41.684 E0.03289
G0 F1320 X58.815 Y40.631
G1 F480 X58.657 Y40.281 E0.01052
G1 X58.603 Y39.985 E0.00825
G1 X58.6 Y28.76 E0.30764
G1 X58.72 Y28.315 E0.01263
G1 X59.006 Y27.897 E0.01388
G1 X59.23 Y27.714 E0.00793
G1 X59.504 Y27.574 E0.00843
G1 X59.831 Y27.484 E0.0093
G1 X61.6 Y27.484 E0.04848
G1 X61.6 Y23.4 E0.11193
G1 X38.4 Y23.4 E0.63583
G1 X38.4 Y76.6 E1.45802
G1 X61.6 Y76.6 E0.63583
G1 X61.6 Y41.284 E0.96788
G1 X60 Y41.284 E0.04385
G1 X59.69 Y41.25 E0.00855
G1 X59.457 Y41.175 E0.00671
G1 X59.155 Y41.001 E0.00955
G1 X58.815 Y40.631 E0.01377
G0 F1320 X59.04 Y40.167
G1 F480 X59.002 Y39.957 E0.00585
G1 X59 Y28.795 E0.30591
G1 X59.086 Y28.477 E0.00903
G1 X59.29 Y28.179 E0.0099
G1 X59.645 Y27.948 E0.01161
G1 X59.878 Y27.884 E0.00662
G1 X62 Y27.884 E0.05816
G1 X62 Y23 E0.13385
G1 X38 Y23 E0.65775
G1 X38 Y77 E1.47994
G1 X62 Y77 E0.65775
G1 X62 Y40.884 E0.98981
G1 X59.838 Y40.884 E0.05925
G1 X59.488 Y40.744 E0.01033
G1 X59.326 Y40.624 E0.00553
G1 X59.154 Y40.418 E0.00735
G1 X59.04 Y40.167 E0.00756
G0 F1320 X37.88 Y77.12
G0 X37.6 Y77.4
G1 F480 X62.4 Y77.4 E0.67968
G1 X62.4 Y40.484 E1.01173
G1 X59.902 Y40.484 E0.06846
G1 X59.693 Y40.4 E0.00617
G1 X59.538 Y40.268 E0.00558
G1 X59.453 Y40.133 E0.00437
G1 X59.401 Y39.928 E0.0058
G1 X59.404 Y28.809 E0.30473
G1 X59.451 Y28.64 E0.00481
G1 X59.574 Y28.461 E0.00595
G1 X59.787 Y28.322 E0.00697
G1 X59.925 Y28.284 E0.00392
G1 X62.4 Y28.284 E0.06783
G1 X62.4 Y22.6 E0.15578
G1 X37.6 Y22.6 E0.67968
G1 X37.6 Y77.4 E1.50187
G0 F1320 X37.88 Y77.12
G0 X52.056 Y73.887
G1 F480 X51.812 Y74.122 E0.00928
G1 X51.288 Y74.475 E0.01732
G1 X50.563 Y74.738 E0.02114
G1 X50.084 Y74.792 E0.01321
G1 X49.598 Y74.759 E0.01335
G1 X49.028 Y74.614 E0.01612
G1 X48.717 Y74.478 E0.0093
G1 X48.184 Y74.122 E0.01757
G1 X47.94 Y73.887 E0.00928
G1 X47.586 Y73.406 E0.01637
G1 X47.271 Y72.705 E0.02106
G1 X47.191 Y71.859 E0.02329
G1 X47.336 Y71.125 E0.02051
G1 X47.443 Y70.86 E0.00783
G1 X47.779 Y70.286 E0.01823
G1 X48.019 Y70.017 E0.00988
G1 X48.506 Y69.631 E0.01703
G1 X48.928 Y69.412 E0.01303
G1 X49.227 Y69.309 E0.00867
G1 X49.857 Y69.205 E0.0175
G1 X50.52 Y69.232 E0.01819
G1 X51.219 Y69.48 E0.02033
G1 X51.49 Y69.631 E0.0085
G1 X51.982 Y70.02 E0.01719
G1 X52.217 Y70.288 E0.00977
G1 X52.602 Y70.943 E0.02082
G1 X52.774 Y71.645 E0.01981
G1 X52.8 Y71.97 E0.00894
G1 X52.722 Y72.718 E0.02061
G1 X52.41 Y73.406 E0.0207
G1 X52.056 Y73.887 E0.01637
G0 F1320 X49.532 Y73.802
G0 X48.503 Y73.106
G0 X47.805 Y71.031
G1 F480 X48.186 Y70.41 E0.01997
G1 X48.781 Y69.92 E0.02112
G1 X49.324 Y69.697 E0.01609
G1 X49.888 Y69.604 E0.01567
G1 X50.539 Y69.661 E0.01791
G1 X51.056 Y69.845 E0.01504
G1 X51.267 Y69.962 E0.00661
G1 X51.807 Y70.407 E0.01918
G1 X52.219 Y71.053 E0.021
G1 X52.38 Y71.714 E0.01865
G1 X52.4 Y71.967 E0.00696
G1 X52.328 Y72.629 E0.01825
G1 X52.053 Y73.225 E0.01799
G1 X51.778 Y73.599 E0.01272
G1 X51.534 Y73.835 E0.0093
G1 X51.126 Y74.109 E0.01347
G1 X50.494 Y74.344 E0.01848
G1 X50.084 Y74.392 E0.01131
G1 X49.631 Y74.36 E0.01245
G1 X49.188 Y74.248 E0.01252
G1 X48.876 Y74.112 E0.00933
G1 X48.462 Y73.835 E0.01365
G1 X48.218 Y73.599 E0.0093
G1 X47.943 Y73.225 E0.01272
G1 X47.695 Y72.683 E0.01634
G1 X47.609 Y72.122 E0.01555
G1 X47.607 Y71.809 E0.00858
G1 X47.805 Y71.031 E0.022
G0 F1320 X49.417 Y70.238
G0 X50.348 Y70.176
G0 X51.875 Y71.27
G1 F480 X52 Y71.964 E0.01933
G1 X51.915 Y72.578 E0.01699
G1 X51.697 Y73.044 E0.0141
G1 X51.5 Y73.312 E0.00912
G1 X51.256 Y73.547 E0.00928
G1 X50.964 Y73.743 E0.00964
G1 X50.425 Y73.95 E0.01582
G1 X50.084 Y73.992 E0.00942
G1 X49.665 Y73.961 E0.01151
G1 X49.348 Y73.881 E0.00896
G1 X49.036 Y73.745 E0.00933
G1 X48.74 Y73.547 E0.00976
G1 X48.496 Y73.312 E0.00928
G1 X48.299 Y73.044 E0.00912
G1 X48.079 Y72.571 E0.0143
G1 X47.987 Y71.935 E0.01761
G1 X48.137 Y71.25 E0.01922
G1 X48.506 Y70.649 E0.01933
G1 X49.028 Y70.248 E0.01804
G1 X49.376 Y70.092 E0.01045
G1 X49.92 Y70.003 E0.01511
G1 X50.301 Y70.02 E0.01045
G1 X50.972 Y70.235 E0.01931
G1 X51.461 Y70.638 E0.01737
G1 X51.875 Y71.27 E0.02071
G0 F1320 X50.908 Y70.376
G0 X50.037 Y70.151
G0 X49.095 Y70.316
G0 X49.221 Y70.598
G1 F480 X49.518 Y70.473 E0.00883
G1 X49.952 Y70.401 E0.01206
G1 X50.287 Y70.423 E0.0092
G1 X50.82 Y70.626 E0.01563
G1 X51.221 Y70.969 E0.01446
G1 X51.491 Y71.429 E0.01462
G1 X51.6 Y71.961 E0.01488
G1 X51.532 Y72.464 E0.01391
G1 X51.34 Y72.864 E0.01216
G1 X50.978 Y73.26 E0.0147
G1 X50.803 Y73.377 E0.00577
G1 X50.356 Y73.556 E0.0132
G1 X50.084 Y73.592 E0.00752
G1 X49.698 Y73.563 E0.01061
G1 X49.196 Y73.378 E0.01466
G1 X49.018 Y73.26 E0.00585
G1 X48.656 Y72.864 E0.0147
G1 X48.463 Y72.46 E0.01227
G1 X48.403 Y71.893 E0.01563
G1 X48.529 Y71.372 E0.01469
G1 X48.775 Y70.969 E0.01294
G1 X49.221 Y70.598 E0.0159
G0 F1320 X49.095 Y70.316
G0 X50.267 Y70.11
G0 X50.208 Y70.815
M204 P150
;TYPE:WALL-OUTER
G1 F480 X50.581 Y70.948 E0.01075
G1 X50.891 Y71.199 E0.01083
G1 X51.113 Y71.561 E0.01153
G1 X51.198 Y71.921 E0.01004
G1 X51.148 Y72.35 E0.01172
G1 X50.944 Y72.736 E0.01185
G1 X50.641 Y73.011 E0.01111
G1 X50.285 Y73.162 E0.0105
G1 X50.067 Y73.192 E0.00597
G1 X49.731 Y73.164 E0.00915
G1 X49.296 Y72.972 E0.0129
G1 X49.013 Y72.683 E0.01098
G1 X48.847 Y72.348 E0.01015
G1 X48.8 Y71.956 E0.01072
G1 X48.882 Y71.563 E0.0109
G1 X49.105 Y71.199 E0.01159
G1 X49.415 Y70.948 E0.01083
G1 X49.599 Y70.866 E0.00547
G1 X49.984 Y70.8 E0.0106
G1 X50.208 Y70.815 E0.00609
G0 F1320 X50.396 Y70.882
G0 X50.634 Y70.214
G0 X49.261 Y70.351
G0 X37.48 Y77.52
G0 X37.2 Y77.8
G1 F480 X62.8 Y77.8 E0.69479
G1 X62.8 Y40.084 E1.02362
G1 X59.955 Y40.08 E0.07721
G1 X59.854 Y40.022 E0.00316
G1 X59.8 Y39.899 E0.00365
G1 X59.801 Y28.859 E0.29963
G1 X59.858 Y28.743 E0.00351
G1 X59.973 Y28.685 E0.0035
G1 X62.8 Y28.684 E0.07673
G1 X62.8 Y22.2 E0.17598
G1 X37.2 Y22.2 E0.69479
G1 X37.2 Y77.8 E1.509
G0 F1320 X37.4 Y77.8
G0 X37.88 Y77.12
G0 X39.271 Y76.04
M204 P250
;TYPE:FILL
G1 F660 X38.959 Y75.729 E0.01184
G0 F1320 X38.959 Y72.901
G1 F660 X42.099 Y76.04 E0.11932
G1 X42.169 Y76.11
G0 F1320 X44.927 Y76.04
G1 F660 X38.959 Y70.072 E0.22682
G1 X38.889 Y70.002
G0 F1320 X38.959 Y67.244
G1 F660 X47.756 Y76.04 E0.33432
G1 X47.826 Y76.11
G0 F1320 X49.42 Y74.876
G1 F660 X50.584 Y76.04 E0.04424
G1 X50.654 Y76.11
G0 F1320 X51.736 Y74.364
G1 F660 X53.413 Y76.04 E0.06372
G1 X53.483 Y76.11
G0 F1320 X56.241 Y76.04
G1 F660 X52.885 Y72.684 E0.12755
G1 X52.815 Y72.614
G0 F1320 X51.398 Y70.77
G0 X49.329 Y69.128
G1 F660 X38.959 Y58.758 E0.39412
G1 X38.889 Y58.688
G0 F1320 X38.959 Y55.93
G1 F660 X59.07 Y76.04 E0.76432
G1 X59.14 Y76.11
G0 F1320 X61.04 Y75.182
G1 F660 X38.959 Y53.102 E0.83919
G1 X38.889 Y53.032
G0 F1320 X38.959 Y50.273
G1 F660 X61.04 Y72.354 E0.83921
G1 X61.11 Y72.424
G0 F1320 X61.04 Y69.526
G1 F660 X38.959 Y47.445 E0.83921
G1 X38.889 Y47.375
G0 F1320 X38.959 Y44.616
G1 F660 X61.04 Y66.697 E0.83921
G1 X61.11 Y66.767
G0 F1320 X61.04 Y63.869
G1 F660 X38.959 Y41.788 E0.83921
G1 X38.889 Y41.718
G0 F1320 X38.959 Y38.959
G1 F660 X61.04 Y61.04 E0.83921
G1 X61.11 Y61.11
G0 F1320 X61.04 Y58.212
G1 F660 X38.959 Y36.131 E0.83921
G1 X38.889 Y36.061
G0 F1320 X38.959 Y33.303
G1 F660 X61.04 Y55.383 E0.83919
G1 X61.11 Y55.453
G0 F1320 X61.04 Y52.555
G1 F660 X38.959 Y30.474 E0.83921
G1 X38.889 Y30.404
G0 F1320 X38.959 Y27.646
G1 F660 X61.04 Y49.727 E0.83921
G1 X61.11 Y49.797
G0 F1320 X61.04 Y46.898
G1 F660 X38.959 Y24.817 E0.83921
G1 X38.889 Y24.747
G0 F1320 X40.93 Y23.96
G1 F660 X61.04 Y44.07 E0.7643
G1 X61.11 Y44.14
G0 F1320 X59.357 Y41.066
G0 X58.044 Y38.245
G1 F660 X43.759 Y23.96 E0.54291
G1 X43.689 Y23.89
G0 F1320 X46.587 Y23.96
G1 F660 X58.044 Y35.416 E0.43541
G1 X58.114 Y35.486
G0 F1320 X58.042 Y32.586
G1 F660 X49.415 Y23.96 E0.32786
G1 X49.345 Y23.89
G0 F1320 X52.244 Y23.96
G1 F660 X58.041 Y29.756 E0.2203
G1 X58.111 Y29.826
G0 F1320 X58.612 Y27.499
G1 F660 X55.072 Y23.96 E0.13452
G1 X55.002 Y23.89
G0 F1320 X57.901 Y23.96
G1 F660 X60.865 Y26.924 E0.11265
G1 X60.935 Y26.994
G0 F1320 X61.04 Y24.271
G1 F660 X60.729 Y23.96 E0.01182
G0 F1320 X38.959 Y61.587
G1 F660 X47.618 Y70.245 E0.32907
G1 X47.688 Y70.315
G0 F1320 X47.097 Y72.553
G1 F660 X38.959 Y64.415 E0.30929
G1 X38.889 Y64.345
;MESH:NONMESH
G0 F600 X38.889 Y64.345 Z1.64
G0 F1320 X38.8 Y23.8
;TIME_ELAPSED:3885.586159
;LAYER:9
M204 P200
;TYPE:WALL-INNER
;MESH:flasherTopPlate.STL
G1 F480 X38.8 Y76.2 E1.43609
G1 X61.2 Y76.2 E0.6139
G1 X61.2 Y41.684 E0.94596
G1 X60 Y41.684 E0.03289
G1 X59.601 Y41.64 E0.011
G1 X59.08 Y41.432 E0.01537
G1 X58.615 Y41.035 E0.01676
G1 X58.361 Y40.63 E0.0131
G1 X58.273 Y40.394 E0.0069
G1 X58.204 Y40.014 E0.01058
G1 X58.2 Y28.728 E0.30931
G1 X58.355 Y28.152 E0.01635
G1 X58.505 Y27.88 E0.00851
G1 X58.722 Y27.616 E0.00937
G1 X59.01 Y27.38 E0.0102
G1 X59.362 Y27.2 E0.01084
G1 X59.783 Y27.084 E0.01197
G1 X61.2 Y27.084 E0.03883
G1 X61.2 Y23.8 E0.09
G1 X38.8 Y23.8 E0.6139
G0 F1320 X61.6 Y27.484
G1 F480 X61.6 Y23.4 E0.11193
G1 X38.4 Y23.4 E0.63583
G1 X38.4 Y76.6 E1.45802
G1 X61.6 Y76.6 E0.63583
G1 X61.6 Y41.284 E0.96788
G1 X60 Y41.284 E0.04385
G1 X59.69 Y41.25 E0.00855
G1 X59.457 Y41.175 E0.00671
G1 X59.155 Y41.001 E0.00955
G1 X58.815 Y40.631 E0.01377
G1 X58.657 Y40.281 E0.01052
G1 X58.603 Y39.985 E0.00825
G1 X58.6 Y28.76 E0.30764
G1 X58.72 Y28.315 E0.01263
G1 X59.006 Y27.897 E0.01388
G1 X59.23 Y27.714 E0.00793
G1 X59.504 Y27.574 E0.00843
G1 X59.831 Y27.484 E0.0093
G1 X61.6 Y27.484 E0.04848
G0 F1320 X59.162 Y28.048
G0 X59.09 Y40.418
G0 X59.154 Y40.418
G1 F480 X59.04 Y40.167 E0.00756
G1 X59.002 Y39.957 E0.00585
G1 X59 Y28.795 E0.30591
G1 X59.086 Y28.477 E0.00903
G1 X59.29 Y28.179 E0.0099
G1 X59.645 Y27.948 E0.01161
G1 X59.878 Y27.884 E0.00662
G1 X62 Y27.884 E0.05816
G1 X62 Y23 E0.13385
G1 X38 Y23 E0.65775
G1 X38 Y77 E1.47994
G1 X62 Y77 E0.65775
G1 X62 Y40.884 E0.98981
G1 X59.838 Y40.884 E0.05925
G1 X59.488 Y40.744 E0.01033
G1 X59.326 Y40.624 E0.00553
G1 X59.154 Y40.418 E0.00735
G0 F1320 X59.401 Y39.928
G1 F480 X59.404 Y28.809 E0.30473
G1 X59.451 Y28.64 E0.00481
G1 X59.574 Y28.461 E0.00595
G1 X59.787 Y28.322 E0.00697
G1 X59.925 Y28.284 E0.00392
G1 X62.4 Y28.284 E0.06783
G1 X62.4 Y22.6 E0.15578
G1 X37.6 Y22.6 E0.67968
G1 X37.6 Y77.4 E1.50187
G1 X62.4 Y77.4 E0.67968
G1 X62.4 Y40.484 E1.01173
G1 X59.902 Y40.484 E0.06846
G1 X59.693 Y40.4 E0.00617
G1 X59.538 Y40.268 E0.00558
G1 X59.453 Y40.133 E0.00437
G1 X59.401 Y39.928 E0.0058
G0 F1320 X59.09 Y39.928
G0 X48.272 Y71.307
G0 X47.94 Y73.887
G1 F480 X47.586 Y73.406 E0.01637
G1 X47.271 Y72.705 E0.02106
G1 X47.191 Y71.859 E0.02329
G1 X47.336 Y71.125 E0.02051
G1 X47.443 Y70.86 E0.00783
G1 X47.779 Y70.286 E0.01823
G1 X48.019 Y70.017 E0.00988
G1 X48.506 Y69.631 E0.01703
G1 X48.928 Y69.412 E0.01303
G1 X49.227 Y69.309 E0.00867
G1 X49.857 Y69.205 E0.0175
G1 X50.52 Y69.232 E0.01819
G1 X51.219 Y69.48 E0.02033
G1 X51.49 Y69.631 E0.0085
G1 X51.982 Y70.02 E0.01719
G1 X52.217 Y70.288 E0.00977
G1 X52.602 Y70.943 E0.02082
G1 X52.774 Y71.645 E0.01981
G1 X52.8 Y71.97 E0.00894
G1 X52.722 Y72.718 E0.02061
G1 X52.41 Y73.406 E0.0207
G1 X52.056 Y73.887 E0.01637
G1 X51.812 Y74.122 E0.00928
G1 X51.288 Y74.475 E0.01732
G1 X50.563 Y74.738 E0.02114
G1 X50.084 Y74.792 E0.01321
G1 X49.598 Y74.759 E0.01335
G1 X49.028 Y74.614 E0.01612
G1 X48.717 Y74.478 E0.0093
G1 X48.184 Y74.122 E0.01757
G1 X47.94 Y73.887 E0.00928
G0 F1320 X48.141 Y71.923
G0 X48.602 Y70.77
G0 X49.35 Y70.268
G0 X51.267 Y69.962
G1 F480 X51.807 Y70.407 E0.01918
G1 X52.219 Y71.053 E0.021
G1 X52.38 Y71.714 E0.01865
G1 X52.4 Y71.967 E0.00696
G1 X52.328 Y72.629 E0.01825
G1 X52.053 Y73.225 E0.01799
G1 X51.778 Y73.599 E0.01272
G1 X51.534 Y73.835 E0.0093
G1 X51.126 Y74.109 E0.01347
G1 X50.494 Y74.344 E0.01848
G1 X50.084 Y74.392 E0.01131
G1 X49.631 Y74.36 E0.01245
G1 X49.188 Y74.248 E0.01252
G1 X48.876 Y74.112 E0.00933
G1 X48.462 Y73.835 E0.01365
G1 X48.218 Y73.599 E0.0093
G1 X47.943 Y73.225 E0.01272
G1 X47.695 Y72.683 E0.01634
G1 X47.609 Y72.122 E0.01555
G1 X47.607 Y71.809 E0.00858
G1 X47.805 Y71.031 E0.022
G1 X48.186 Y70.41 E0.01997
G1 X48.781 Y69.92 E0.02112
G1 X49.324 Y69.697 E0.01609
G1 X49.888 Y69.604 E0.01567
G1 X50.539 Y69.661 E0.01791
G1 X51.056 Y69.845 E0.01504
G1 X51.267 Y69.962 E0.00661
G0 F1320 X51.875 Y71.27
G1 F480 X52 Y71.964 E0.01933
G1 X51.915 Y72.578 E0.01699
G1 X51.697 Y73.044 E0.0141
G1 X51.5 Y73.312 E0.00912
G1 X51.256 Y73.547 E0.00928
G1 X50.964 Y73.743 E0.00964
G1 X50.425 Y73.95 E0.01582
G1 X50.084 Y73.992 E0.00942
G1 X49.665 Y73.961 E0.01151
G1 X49.348 Y73.881 E0.00896
G1 X49.036 Y73.745 E0.00933
G1 X48.74 Y73.547 E0.00976
G1 X48.496 Y73.312 E0.00928
G1 X48.299 Y73.044 E0.00912
G1 X48.079 Y72.571 E0.0143
G1 X47.987 Y71.935 E0.01761
G1 X48.137 Y71.25 E0.01922
G1 X48.506 Y70.649 E0.01933
G1 X49.028 Y70.248 E0.01804
G1 X49.376 Y70.092 E0.01045
G1 X49.92 Y70.003 E0.01511
G1 X50.301 Y70.02 E0.01045
G1 X50.972 Y70.235 E0.01931
G1 X51.461 Y70.638 E0.01737
G1 X51.875 Y71.27 E0.02071
G0 F1320 X51.221 Y70.969
G1 F480 X51.491 Y71.429 E0.01462
G1 X51.6 Y71.961 E0.01488
G1 X51.532 Y72.464 E0.01391
G1 X51.34 Y72.864 E0.01216
G1 X50.978 Y73.26 E0.0147
G1 X50.803 Y73.377 E0.00577
G1 X50.356 Y73.556 E0.0132
G1 X50.084 Y73.592 E0.00752
G1 X49.698 Y73.563 E0.01061
G1 X49.196 Y73.378 E0.01466
G1 X49.018 Y73.26 E0.00585
G1 X48.656 Y72.864 E0.0147
G1 X48.463 Y72.46 E0.01227
G1 X48.403 Y71.893 E0.01563
G1 X48.529 Y71.372 E0.01469
G1 X48.775 Y70.969 E0.01294
G1 X49.221 Y70.598 E0.0159
G1 X49.518 Y70.473 E0.00883
G1 X49.952 Y70.401 E0.01206
G1 X50.287 Y70.423 E0.0092
G1 X50.82 Y70.626 E0.01563
G1 X51.221 Y70.969 E0.01446
G0 F1320 X51.491 Y70.805
G0 X50.348 Y70.176
G0 X49.417 Y70.238
G0 X48.602 Y70.77
G0 X48.095 Y72.045
G0 X48.8 Y71.956
M204 P150
;TYPE:WALL-OUTER
G1 F480 X48.882 Y71.563 E0.0109
G1 X49.105 Y71.199 E0.01159
G1 X49.415 Y70.948 E0.01083
G1 X49.599 Y70.866 E0.00547
G1 X49.984 Y70.8 E0.0106
G1 X50.208 Y70.815 E0.00609
G1 X50.581 Y70.948 E0.01075
G1 X50.891 Y71.199 E0.01083
G1 X51.113 Y71.561 E0.01153
G1 X51.198 Y71.921 E0.01004
G1 X51.148 Y72.35 E0.01172
G1 X50.944 Y72.736 E0.01185
G1 X50.641 Y73.011 E0.01111
G1 X50.285 Y73.162 E0.0105
G1 X50.067 Y73.192 E0.00597
G1 X49.731 Y73.164 E0.00915
G1 X49.296 Y72.972 E0.0129
G1 X49.013 Y72.683 E0.01098
G1 X48.847 Y72.348 E0.01015
G1 X48.8 Y71.956 E0.01072
G0 F1320 X48.84 Y71.76
G0 X48.146 Y71.612
G0 X59.162 Y28.048
G0 X59.858 Y28.743
G1 F480 X59.973 Y28.685 E0.0035
G1 X62.8 Y28.684 E0.07673
G1 X62.8 Y22.2 E0.17598
G1 X37.2 Y22.2 E0.69479
G1 X37.2 Y77.8 E1.509
G1 X62.8 Y77.8 E0.69479
G1 X62.8 Y40.084 E1.02362
G1 X59.955 Y40.08 E0.07721
G1 X59.854 Y40.022 E0.00316
G1 X59.8 Y39.899 E0.00365
G1 X59.801 Y28.859 E0.29963
G1 X59.858 Y28.743 E0.00351
G0 F1320 X59.973 Y28.685
G0 X60.044 Y28.685
G0 X60.044 Y27.976
G0 X59.162 Y28.048
G0 X58.041 Y30.645
M204 P250
;TYPE:FILL
G1 F660 X38.96 Y49.725 E0.72517
G1 X38.89 Y49.795
G0 F1320 X38.96 Y46.897
G1 F660 X61.04 Y24.817 E0.83917
G1 X61.11 Y24.747
G0 F1320 X59.069 Y23.96
G1 F660 X38.96 Y44.068 E0.76424
G1 X38.89 Y44.138
G0 F1320 X38.96 Y41.24
G1 F660 X56.24 Y23.96 E0.65674
G1 X56.31 Y23.89
G0 F1320 X53.412 Y23.96
G1 F660 X38.96 Y38.411 E0.54924
G1 X38.89 Y38.481
G0 F1320 X38.96 Y35.583
G1 F660 X50.584 Y23.96 E0.44176
G1 X50.654 Y23.89
G0 F1320 X47.755 Y23.96
G1 F660 X38.96 Y32.755 E0.33426
G1 X38.89 Y32.825
G0 F1320 X38.96 Y29.926
G1 F660 X44.927 Y23.96 E0.22676
G1 X44.997 Y23.89
G0 F1320 X42.098 Y23.96
G1 F660 X38.96 Y27.098 E0.11926
G1 X38.89 Y27.168
G0 F1320 X38.96 Y24.269
G1 F660 X39.27 Y23.96 E0.01176
G0 F1320 X58.041 Y33.472
G1 F660 X38.96 Y52.554 E0.72521
G1 X38.89 Y52.624
G0 F1320 X38.96 Y55.382
G1 F660 X58.043 Y36.299 E0.72527
G1 X58.113 Y36.229
G0 F1320 X58.044 Y39.126
G1 F660 X38.96 Y58.21 E0.7253
G1 X38.89 Y58.28
G0 F1320 X38.96 Y61.039
G1 F660 X58.673 Y41.326 E0.74921
G1 X58.743 Y41.256
G0 F1320 X60.984 Y41.844
G1 F660 X38.96 Y63.867 E0.83702
G1 X38.89 Y63.937
G0 F1320 X38.96 Y66.696
G1 F660 X61.04 Y44.616 E0.83917
G1 X61.11 Y44.546
G0 F1320 X61.04 Y47.445
G1 F660 X38.96 Y69.524 E0.83915
G1 X38.89 Y69.594
G0 F1320 X38.96 Y72.353
G1 F660 X61.04 Y50.273 E0.83917
G1 X61.11 Y50.203
G0 F1320 X61.04 Y53.102
G1 F660 X38.96 Y75.181 E0.83915
G1 X38.89 Y75.251
G0 F1320 X40.929 Y76.04
G1 F660 X61.04 Y55.93 E0.76432
G1 X61.11 Y55.86
G0 F1320 X61.04 Y58.758
G1 F660 X50.678 Y69.12 E0.39382
G1 X50.608 Y69.19
G0 F1320 X52.38 Y70.247
G1 F660 X61.04 Y61.587 E0.32913
G1 X61.11 Y61.517
G0 F1320 X61.04 Y64.415
G1 F660 X52.899 Y72.556 E0.30941
G1 X52.829 Y72.626
G0 F1320 X50.555 Y74.9
G1 F660 X49.415 Y76.04 E0.04333
G1 X49.345 Y76.11
G0 F1320 X48.263 Y74.364
G1 F660 X46.586 Y76.04 E0.06372
G1 X46.516 Y76.11
G0 F1320 X43.758 Y76.04
G1 F660 X47.11 Y72.688 E0.1274
G1 X47.18 Y72.618
G0 F1320 X52.243 Y76.04
G1 F660 X61.04 Y67.244 E0.33432
G1 X61.11 Y67.174
G0 F1320 X61.04 Y70.072
G1 F660 X55.072 Y76.04 E0.22682
G1 X55.002 Y76.11
G0 F1320 X57.9 Y76.04
G1 F660 X61.04 Y72.901 E0.11932
G1 X61.11 Y72.831
G0 F1320 X61.04 Y75.729
G1 F660 X60.728 Y76.04 E0.01184
;MESH:NONMESH
G0 F600 X60.728 Y76.04 Z1.8
G0 F1320 X38.8 Y76.2
;TIME_ELAPSED:4057.037554
;LAYER:10
M204 P200
;TYPE:WALL-INNER
;MESH:flasherTopPlate.STL
G1 F480 X61.2 Y76.2 E0.6139
G1 X61.2 Y41.684 E0.94596
G1 X60 Y41.684 E0.03289
G1 X59.601 Y41.64 E0.011
G1 X59.08 Y41.432 E0.01537
G1 X58.615 Y41.035 E0.01676
G1 X58.361 Y40.63 E0.0131
G1 X58.273 Y40.394 E0.0069
G1 X58.204 Y40.014 E0.01058
G1 X58.2 Y28.728 E0.30931
G1 X58.355 Y28.152 E0.01635
G1 X58.505 Y27.88 E0.00851
G1 X58.722 Y27.616 E0.00937
G1 X59.01 Y27.38 E0.0102
G1 X59.362 Y27.2 E0.01084
G1 X59.783 Y27.084 E0.01197
G1 X61.2 Y27.084 E0.03883
G1 X61.2 Y23.8 E0.09
G1 X38.8 Y23.8 E0.6139
G1 X38.8 Y76.2 E1.43609
G0 F1320 X58.6 Y28.76
G1 F480 X58.72 Y28.315 E0.01263
G1 X59.006 Y27.897 E0.01388
G1 X59.23 Y27.714 E0.00793
G1 X59.504 Y27.574 E0.00843
G1 X59.831 Y27.484 E0.0093
G1 X61.6 Y27.484 E0.04848
G1 X61.6 Y23.4 E0.11193
G1 X38.4 Y23.4 E0.63583
G1 X38.4 Y76.6 E1.45802
G1 X61.6 Y76.6 E0.63583
G1 X61.6 Y41.284 E0.96788
G1 X60 Y41.284 E0.04385
G1 X59.69 Y41.25 E0.00855
G1 X59.457 Y41.175 E0.00671
G1 X59.155 Y41.001 E0.00955
G1 X58.815 Y40.631 E0.01377
G1 X58.657 Y40.281 E0.01052
G1 X58.603 Y39.985 E0.00825
G1 X58.6 Y28.76 E0.30764
G0 F1320 X59 Y28.795
G1 F480 X59.086 Y28.477 E0.00903
G1 X59.29 Y28.179 E0.0099
G1 X59.645 Y27.948 E0.01161
G1 X59.878 Y27.884 E0.00662
G1 X62 Y27.884 E0.05816
G1 X62 Y23 E0.13385
G1 X38 Y23 E0.65775
G1 X38 Y77 E1.47994
G1 X62 Y77 E0.65775
G1 X62 Y40.884 E0.98981
G1 X59.838 Y40.884 E0.05925
G1 X59.488 Y40.744 E0.01033
G1 X59.326 Y40.624 E0.00553
G1 X59.154 Y40.418 E0.00735
G1 X59.04 Y40.167 E0.00756
G1 X59.002 Y39.957 E0.00585
G1 X59 Y28.795 E0.30591
G0 F1320 X59.162 Y40.724
G0 X59.693 Y40.4
G1 F480 X59.538 Y40.268 E0.00558
G1 X59.453 Y40.133 E0.00437
G1 X59.401 Y39.928 E0.0058
G1 X59.404 Y28.809 E0.30473
G1 X59.451 Y28.64 E0.00481
G1 X59.574 Y28.461 E0.00595
G1 X59.787 Y28.322 E0.00697
G1 X59.925 Y28.284 E0.00392
G1 X62.4 Y28.284 E0.06783
G1 X62.4 Y22.6 E0.15578
G1 X37.6 Y22.6 E0.67968
G1 X37.6 Y77.4 E1.50187
G1 X62.4 Y77.4 E0.67968
G1 X62.4 Y40.484 E1.01173
G1 X59.902 Y40.484 E0.06846
G1 X59.693 Y40.4 E0.00617
G0 F1320 X59.693 Y40.796
G0 X51.78 Y72.544
G0 X49.598 Y74.759
G1 F480 X49.028 Y74.614 E0.01612
G1 X48.717 Y74.478 E0.0093
G1 X48.184 Y74.122 E0.01757
G1 X47.94 Y73.887 E0.00928
G1 X47.586 Y73.406 E0.01637
G1 X47.271 Y72.705 E0.02106
G1 X47.191 Y71.859 E0.02329
G1 X47.336 Y71.125 E0.02051
G1 X47.443 Y70.86 E0.00783
G1 X47.779 Y70.286 E0.01823
G1 X48.019 Y70.017 E0.00988
G1 X48.506 Y69.631 E0.01703
G1 X48.928 Y69.412 E0.01303
G1 X49.227 Y69.309 E0.00867
G1 X49.857 Y69.205 E0.0175
G1 X50.52 Y69.232 E0.01819
G1 X51.219 Y69.48 E0.02033
G1 X51.49 Y69.631 E0.0085
G1 X51.982 Y70.02 E0.01719
G1 X52.217 Y70.288 E0.00977
G1 X52.602 Y70.943 E0.02082
G1 X52.774 Y71.645 E0.01981
G1 X52.8 Y71.97 E0.00894
G1 X52.722 Y72.718 E0.02061
G1 X52.41 Y73.406 E0.0207
G1 X52.056 Y73.887 E0.01637
G1 X51.812 Y74.122 E0.00928
G1 X51.288 Y74.475 E0.01732
G1 X50.563 Y74.738 E0.02114
G1 X50.084 Y74.792 E0.01321
G1 X49.598 Y74.759 E0.01335
G0 F1320 X47.609 Y72.122
G1 F480 X47.607 Y71.809 E0.00858
G1 X47.805 Y71.031 E0.022
G1 X48.186 Y70.41 E0.01997
G1 X48.781 Y69.92 E0.02112
G1 X49.324 Y69.697 E0.01609
G1 X49.888 Y69.604 E0.01567
G1 X50.539 Y69.661 E0.01791
G1 X51.056 Y69.845 E0.01504
G1 X51.267 Y69.962 E0.00661
G1 X51.807 Y70.407 E0.01918
G1 X52.219 Y71.053 E0.021
G1 X52.38 Y71.714 E0.01865
G1 X52.4 Y71.967 E0.00696
G1 X52.328 Y72.629 E0.01825
G1 X52.053 Y73.225 E0.01799
G1 X51.778 Y73.599 E0.01272
G1 X51.534 Y73.835 E0.0093
G1 X51.126 Y74.109 E0.01347
G1 X50.494 Y74.344 E0.01848
G1 X50.084 Y74.392 E0.01131
G1 X49.631 Y74.36 E0.01245
G1 X49.188 Y74.248 E0.01252
G1 X48.876 Y74.112 E0.00933
G1 X48.462 Y73.835 E0.01365
G1 X48.218 Y73.599 E0.0093
G1 X47.943 Y73.225 E0.01272
G1 X47.695 Y72.683 E0.01634
G1 X47.609 Y72.122 E0.01555
G0 F1320 X48.74 Y73.547
G1 F480 X48.496 Y73.312 E0.00928
G1 X48.299 Y73.044 E0.00912
G1 X48.079 Y72.571 E0.0143
G1 X47.987 Y71.935 E0.01761
G1 X48.137 Y71.25 E0.01922
G1 X48.506 Y70.649 E0.01933
G1 X49.028 Y70.248 E0.01804
G1 X49.376 Y70.092 E0.01045
G1 X49.92 Y70.003 E0.01511
G1 X50.301 Y70.02 E0.01045
G1 X50.972 Y70.235 E0.01931
G1 X51.461 Y70.638 E0.01737
G1 X51.875 Y71.27 E0.02071
G1 X52 Y71.964 E0.01933
G1 X51.915 Y72.578 E0.01699
G1 X51.697 Y73.044 E0.0141
G1 X51.5 Y73.312 E0.00912
G1 X51.256 Y73.547 E0.00928
G1 X50.964 Y73.743 E0.00964
G1 X50.425 Y73.95 E0.01582
G1 X50.084 Y73.992 E0.00942
G1 X49.665 Y73.961 E0.01151
G1 X49.348 Y73.881 E0.00896
G1 X49.036 Y73.745 E0.00933
G1 X48.74 Y73.547 E0.00976
G0 F1320 X48.272 Y72.644
G0 X48.1 Y71.828
G0 X48.403 Y71.893
G1 F480 X48.529 Y71.372 E0.01469
G1 X48.775 Y70.969 E0.01294
G1 X49.221 Y70.598 E0.0159
G1 X49.518 Y70.473 E0.00883
G1 X49.952 Y70.401 E0.01206
G1 X50.287 Y70.423 E0.0092
G1 X50.82 Y70.626 E0.01563
G1 X51.221 Y70.969 E0.01446
G1 X51.491 Y71.429 E0.01462
G1 X51.6 Y71.961 E0.01488
G1 X51.532 Y72.464 E0.01391
G1 X51.34 Y72.864 E0.01216
G1 X50.978 Y73.26 E0.0147
G1 X50.803 Y73.377 E0.00577
G1 X50.356 Y73.556 E0.0132
G1 X50.084 Y73.592 E0.00752
G1 X49.698 Y73.563 E0.01061
G1 X49.196 Y73.378 E0.01466
G1 X49.018 Y73.26 E0.00585
G1 X48.656 Y72.864 E0.0147
G1 X48.463 Y72.46 E0.01227
G1 X48.403 Y71.893 E0.01563
G0 F1320 X48.1 Y71.828
G0 X48.503 Y73.106
G0 X49.532 Y73.802
G0 X50.5 Y73.787
G0 X51.436 Y73.249
G0 X50.944 Y72.736
M204 P150
;TYPE:WALL-OUTER
G1 F480 X50.641 Y73.011 E0.01111
G1 X50.285 Y73.162 E0.0105
G1 X50.067 Y73.192 E0.00597
G1 X49.731 Y73.164 E0.00915
G1 X49.296 Y72.972 E0.0129
G1 X49.013 Y72.683 E0.01098
G1 X48.847 Y72.348 E0.01015
G1 X48.8 Y71.956 E0.01072
G1 X48.882 Y71.563 E0.0109
G1 X49.105 Y71.199 E0.01159
G1 X49.415 Y70.948 E0.01083
G1 X49.599 Y70.866 E0.00547
G1 X49.984 Y70.8 E0.0106
G1 X50.208 Y70.815 E0.00609
G1 X50.581 Y70.948 E0.01075
G1 X50.891 Y71.199 E0.01083
G1 X51.113 Y71.561 E0.01153
G1 X51.198 Y71.921 E0.01004
G1 X51.148 Y72.35 E0.01172
G1 X50.944 Y72.736 E0.01185
G0 F1320 X50.796 Y72.87
G0 X51.292 Y73.388
G0 X51.78 Y72.544
G0 X59.162 Y28.048
G0 X59.858 Y28.743
G1 F480 X59.973 Y28.685 E0.0035
G1 X62.8 Y28.684 E0.07673
G1 X62.8 Y22.2 E0.17598
G1 X37.2 Y22.2 E0.69479
G1 X37.2 Y77.8 E1.509
G1 X62.8 Y77.8 E0.69479
G1 X62.8 Y40.084 E1.02362
G1 X59.955 Y40.08 E0.07721
G1 X59.854 Y40.022 E0.00316
G1 X59.8 Y39.899 E0.00365
G1 X59.801 Y28.859 E0.29963
G1 X59.858 Y28.743 E0.00351
G0 F1320 X59.973 Y28.685
G0 X60.044 Y28.685
G0 X60.044 Y27.976
G0 X58.612 Y27.499
M204 P250
;TYPE:FILL
G1 F660 X57.513 Y26.4 E0.04177
G1 X57.443 Y26.33
G0 F1320 X58.742 Y24.8
G1 F660 X61 Y24.8 E0.06068
G0 F1320 X61 Y24.4
G1 F660 X58.342 Y24.4 E0.07143
G1 X58.34 Y24.4
G1 X57.901 Y23.96 E0.0167
G0 F1320 X59.542 Y25.6
G1 F660 X61 Y25.6 E0.03918
G0 F1320 X61 Y26
G1 F660 X59.942 Y26 E0.02843
G0 F1320 X60.34 Y26.4
G1 F660 X58.34 Y24.4 E0.07601
G1 X55.513 Y24.4 E0.07597
G1 X55.072 Y23.96 E0.01674
G0 F1320 X55.512 Y24.4
G0 X52.685 Y24.4
G0 X52.244 Y23.96
G1 F660 X52.685 Y24.4 E0.01674
G1 X55.512 Y24.4 E0.07597
G1 X57.513 Y26.4 E0.07603
G1 X60.34 Y26.4 E0.07597
G1 X60.865 Y26.924 E0.01993
G1 X60.935 Y26.994
G0 F1320 X61.04 Y24.271
G1 F660 X60.729 Y23.96 E0.01182
G0 F1320 X58.083 Y28.4
G1 F660 X56.685 Y28.4 E0.03757
G1 X56.585 Y28.4
G0 F1320 X57.883 Y29.6
G1 F660 X52.683 Y24.4 E0.19763
G1 X49.856 Y24.4 E0.07597
G1 X49.6 Y24.146 E0.00969
G0 F1320 X49.415 Y23.96
G1 F660 X49.6 Y24.146 E0.00705
G1 X49.6 Y26.971 E0.07592
G1 X57.6 Y34.971 E0.30405
G0 F1320 X57.827 Y35.2
G1 F660 X57.6 Y34.971 E0.00867
G1 X57.6 Y32.146 E0.07592
G1 X55.056 Y29.6 E0.09672
G1 X54.986 Y29.53
G0 F1320 X55.856 Y30.4
G1 F660 X58.001 Y30.4 E0.05765
G0 F1320 X58.001 Y30.8
G1 F660 X56.256 Y30.8 E0.0469
G0 F1320 X56.656 Y31.2
G1 F660 X58.001 Y31.2 E0.03615
G1 X58.101 Y31.2
G0 F1320 X57.6 Y32.146
G1 F660 X58.042 Y32.586 E0.01676
G0 F1320 X58.041 Y29.756
G1 F660 X57.883 Y29.6 E0.00597
G1 X55.056 Y29.6 E0.07597
G1 X49.856 Y24.4 E0.19763
G1 X49.786 Y24.33
G0 F1320 X48.8 Y24
G1 F660 X48.8 Y26.171 E0.05834
G0 F1320 X48.4 Y25.771
G1 F660 X48.4 Y24 E0.04759
G0 F1320 X48 Y24
G1 F660 X48 Y25.371 E0.03684
G1 X48 Y25.471
G0 F1320 X47.027 Y24.4
G1 F660 X46.587 Y23.96 E0.01672
G0 F1320 X44.2 Y24.4
G0 X43.759 Y23.96
G1 F660 X44.2 Y24.4 E0.01674
G1 X47.027 Y24.4 E0.07597
G1 X49.6 Y26.971 E0.09775
G1 X49.67 Y27.041
G0 F1320 X41.769 Y24.8
G1 F660 X39 Y24.8 E0.07441
G1 X38.959 Y24.817
G1 X39.6 Y25.459 E0.02438
G1 X39.6 Y28.286 E0.07597
G1 X60.4 Y49.088 E0.79056
G1 X60.4 Y51.914 E0.07595
G1 X61.04 Y52.555 E0.02434
G1 X61.11 Y52.625
G0 F1320 X60.4 Y51.916
G0 X61.04 Y49.727
G1 F660 X60.4 Y49.086 E0.02434
G1 X60.4 Y46.259 E0.07597
G1 X58.143 Y44 E0.08582
G1 X58.073 Y43.93
G0 F1320 X58.943 Y44.8
G1 F660 X61 Y44.8 E0.05528
G0 F1320 X61 Y45.2
G1 F660 X59.343 Y45.2 E0.04453
G1 X59.243 Y45.2
G0 F1320 X60.143 Y46
G1 F660 X61 Y46 E0.02303
G0 F1320 X60.4 Y46.259
G1 F660 X61.04 Y46.898 E0.0243
G1 X61.11 Y46.968
G0 F1320 X60.4 Y49.086
G0 X61.04 Y44.07
G1 F660 X60.969 Y44 E0.00268
G1 X58.143 Y44 E0.07595
G1 X56.143 Y42 E0.07601
G0 F1320 X55.743 Y41.6
G1 F660 X56.143 Y42 E0.0152
G1 X58.969 Y42 E0.07595
G1 X60.969 Y44 E0.07601
G1 X61.039 Y44.07
G0 F1320 X61 Y43.2
G1 F660 X60.171 Y43.2 E0.02228
G1 X60.071 Y43.2
G0 F1320 X59.371 Y42.4
G1 F660 X61 Y42.4 E0.04378
G1 X61.1 Y42.4
G0 F1320 X58.969 Y42
G1 F660 X58.569 Y41.6 E0.0152
G1 X55.743 Y41.6 E0.07595
G1 X55.343 Y41.2 E0.0152
G1 X55.273 Y41.13
G0 F1320 X56.971 Y40
G1 F660 X58.005 Y40 E0.02779
G0 F1320 X58.005 Y39.2
G1 F660 X56.171 Y39.2 E0.04929
G0 F1320 X55.771 Y38.8
G1 F660 X58.004 Y38.8 E0.06001
G0 F1320 X58.044 Y38.245
G1 F660 X57.798 Y38 E0.00933
G1 X54.971 Y38 E0.07597
G1 X40.93 Y23.96 E0.53362
G0 F1320 X41.369 Y24.4
G0 X39.6 Y25.459
G1 F660 X55.343 Y41.2 E0.59829
G1 X58.169 Y41.2 E0.07595
G1 X58.569 Y41.6 E0.0152
G0 F1320 X58.169 Y41.2
G1 F660 X54.971 Y38 E0.12158
G1 X54.901 Y37.93
G0 F1320 X56.2 Y36.4
G1 F660 X58.003 Y36.4 E0.04845
G0 F1320 X58.003 Y36
G1 F660 X55.8 Y36 E0.0592
G1 X55.7 Y36
G0 F1320 X55 Y35.2
G1 F660 X57.798 Y38 E0.10638
G1 X57.868 Y38.07
G0 F1320 X58.004 Y37.2
G1 F660 X57 Y37.2 E0.02698
G1 X56.9 Y37.2
G0 F1320 X58.044 Y35.416
G1 F660 X57.827 Y35.2 E0.00823
G1 X55 Y35.2 E0.07597
G1 X44.198 Y24.4 E0.4105
G1 X41.371 Y24.4 E0.07597
G1 X39 Y24.4 E0.06372
G1 X38.9 Y24.4
G0 F1320 X38.959 Y27.646
G1 F660 X39.6 Y28.288 E0.02438
G1 X39.6 Y31.114 E0.07595
G1 X60.4 Y51.916 E0.79056
G1 X60.4 Y54.742 E0.07595
G1 X61.04 Y55.383 E0.02434
G1 X61.11 Y55.453
G0 F1320 X60.4 Y54.745
G0 X60.4 Y57.571
G0 X61.04 Y58.212
G1 F660 X60.4 Y57.571 E0.02434
G1 X60.4 Y54.745 E0.07595
G1 X39.6 Y33.942 E0.79058
G1 X39.6 Y31.116 E0.07595
G1 X38.959 Y30.474 E0.02438
G1 X38.889 Y30.404
G0 F1320 X39.6 Y31.114
G0 X38.959 Y33.303
G1 F660 X39.6 Y33.945 E0.02438
G1 X39.6 Y36.771 E0.07595
G1 X60.4 Y57.573 E0.79056
G1 X60.4 Y60.399 E0.07595
G1 X61.04 Y61.04 E0.02434
G1 X61.11 Y61.11
G0 F1320 X60.4 Y60.401
G0 X60.4 Y63.228
G0 X61.04 Y63.869
G1 F660 X60.4 Y63.228 E0.02434
G1 X60.4 Y60.401 E0.07597
G1 X39.6 Y39.599 E0.79056
G1 X39.6 Y36.773 E0.07595
G1 X38.959 Y36.131 E0.02438
G1 X38.889 Y36.061
G0 F1320 X39.6 Y36.771
G0 X38.959 Y38.959
G1 F660 X39.6 Y39.601 E0.02438
G1 X39.6 Y42.428 E0.07597
G1 X60.4 Y63.23 E0.79056
G1 X60.4 Y66.056 E0.07595
G1 X61.04 Y66.697 E0.02434
G1 X61.11 Y66.767
G0 F1320 X60.4 Y66.058
G0 X60.4 Y68.885
G0 X61.04 Y69.526
G1 F660 X60.4 Y68.885 E0.02434
G1 X60.4 Y66.058 E0.07597
G1 X39.6 Y45.256 E0.79056
G1 X39.6 Y42.43 E0.07595
G1 X38.959 Y41.788 E0.02438
G1 X38.889 Y41.718
G0 F1320 X39.6 Y42.428
G0 X38.959 Y44.616
G1 F660 X39.6 Y45.258 E0.02438
G1 X39.6 Y48.085 E0.07597
G1 X60.4 Y68.887 E0.79056
G1 X60.4 Y71.713 E0.07595
G1 X61.04 Y72.354 E0.02434
G1 X61.11 Y72.424
G0 F1320 X60.4 Y71.715
G0 X59.2 Y73.344
G1 F660 X59.2 Y76 E0.07138
G1 X59.07 Y76.04
G1 X53.6 Y70.572 E0.20785
G1 X53.6 Y73.398 E0.07595
G1 X53.2 Y72.998 E0.0152
G0 F1320 X52.885 Y72.684
G1 F660 X53.2 Y72.998 E0.01195
G1 X53.2 Y70.172 E0.07595
G1 X53.6 Y70.572 E0.0152
G0 F1320 X53.2 Y70.172
G1 F660 X39.6 Y56.572 E0.51688
G1 X39.6 Y59.398 E0.07595
G1 X38.959 Y58.758 E0.02434
G1 X38.889 Y58.688
G0 F1320 X39.6 Y59.398
G1 F660 X39.6 Y62.226 E0.076
G1 X47.618 Y70.245 E0.30475
G1 X47.688 Y70.315
G0 F1320 X46.8 Y69.429
G1 F660 X46.8 Y72.185 E0.07407
G1 X46.8 Y72.257
G1 X46.4 Y71.857 E0.0152
G1 X46.4 Y74.683 E0.07595
G1 X39.6 Y67.886 E0.25838
G1 X39.6 Y70.712 E0.07595
G1 X38.959 Y70.072 E0.02434
G1 X38.889 Y70.002
G0 F1320 X39.6 Y70.712
G0 X38.959 Y72.901
G1 F660 X39.6 Y73.54 E0.02432
G1 X39.6 Y70.714 E0.07595
G1 X44.927 Y76.04 E0.20244
G0 F1320 X45.2 Y76
G1 F660 X45.2 Y73.486 E0.06756
G0 F1320 X45.6 Y73.886
G1 F660 X45.6 Y76 E0.05681
G0 F1320 X46 Y76
G1 F660 X46 Y74.286 E0.04606
G0 F1320 X46.4 Y74.683
G1 F660 X46.8 Y75.083 E0.0152
G1 X46.8 Y72.257 E0.07595
G1 X47.097 Y72.553 E0.01127
G0 F1320 X47.2 Y73.032
G1 F660 X47.2 Y75.483 E0.06587
G0 F1320 X46.8 Y75.086
G1 F660 X46.8 Y76 E0.02456
G1 X46.8 Y76.1
G0 F1320 X47.6 Y75.883
G1 F660 X47.6 Y73.758 E0.05711
G0 F1320 X48 Y74.224
G1 F660 X48 Y76 E0.04773
G0 F1320 X47.756 Y76.04
G1 F660 X46.8 Y75.083 E0.03635
G1 X46.73 Y75.013
G0 F1320 X48.4 Y74.504
G1 F660 X48.4 Y76 E0.0402
G0 F1320 X48.8 Y76
G1 F660 X48.8 Y74.733 E0.03405
G0 F1320 X49.2 Y74.862
G1 F660 X49.2 Y76 E0.03058
G1 X49.2 Y76.1
G0 F1320 X49.42 Y74.876
G1 F660 X50.584 Y76.04 E0.04424
G0 F1320 X50.8 Y76
G1 F660 X50.8 Y74.862 E0.03058
G0 F1320 X50.4 Y74.957
G1 F660 X50.4 Y75.855 E0.02413
G1 X50.4 Y75.955
G0 F1320 X51.2 Y76
G1 F660 X51.2 Y74.718 E0.03445
G0 F1320 X51.736 Y74.364
G1 F660 X52.973 Y75.6 E0.04699
G1 X55.8 Y75.6 E0.07597
G1 X56.241 Y76.04 E0.01674
G1 X56.4 Y76
G1 X56.4 Y73.372 E0.07063
G0 F1320 X56.8 Y73.772
G1 F660 X56.8 Y76 E0.05988
G0 F1320 X57.6 Y76
G1 F660 X57.6 Y74.572 E0.03838
G0 F1320 X58 Y74.972
G1 F660 X58 Y76 E0.02763
G1 X58 Y76.1
G0 F1320 X59.6 Y76
G1 F660 X59.6 Y73.744 E0.06063
G1 X59.6 Y73.644
G0 F1320 X60.4 Y74.541
G1 F660 X60.4 Y76 E0.03921
G0 F1320 X60.8 Y76
G1 F660 X60.8 Y74.944 E0.02838
G0 F1320 X61.04 Y75.182
G1 F660 X39.6 Y53.744 E0.81481
G1 X39.6 Y56.569 E0.07592
G1 X38.959 Y55.93 E0.02432
G1 X38.889 Y55.86
G0 F1320 X39.6 Y56.569
G0 X39.6 Y53.744
G1 F660 X39.6 Y50.915 E0.07603
G1 X38.959 Y50.273 E0.02438
G1 X38.889 Y50.203
G0 F1320 X39.6 Y50.913
G0 X38.959 Y53.102
G1 F660 X39.6 Y53.741 E0.02432
G1 X39.67 Y53.811
G0 F1320 X39.6 Y48.087
G0 X38.959 Y47.445
G1 F660 X39.6 Y48.087 E0.02438
G1 X39.6 Y50.913 E0.07595
G1 X60.4 Y71.715 E0.79056
G1 X60.4 Y74.541 E0.07595
G1 X60.4 Y74.644
G0 F1320 X55.8 Y75.6
G1 F660 X53.6 Y73.398 E0.08365
G1 X53.53 Y73.328
G0 F1320 X54.2 Y74
G1 F660 X52.218 Y74 E0.05326
G0 F1320 X52 Y74.629
G1 F660 X52 Y76 E0.03684
G0 F1320 X52.4 Y76
G1 F660 X52.4 Y75.029 E0.02609
G1 X52.4 Y74.929
G0 F1320 X52.973 Y75.6
G1 F660 X53.413 Y76.04 E0.01672
G0 F1320 X51.2 Y69.261
G1 F660 X51.2 Y68.172 E0.02927
G0 F1320 X50.8 Y67.772
G1 F660 X50.8 Y69.118 E0.03617
G0 F1320 X50.4 Y69.027
G1 F660 X50.4 Y67.372 E0.04448
G1 X50.4 Y67.272
G0 F1320 X49.6 Y66.572
G1 F660 X49.6 Y69.04 E0.06633
G0 F1320 X49.329 Y69.128
G1 F660 X39.6 Y59.4 E0.36974
G1 X39.53 Y59.33
G0 F1320 X38.959 Y61.587
G1 F660 X39.6 Y62.229 E0.02438
G1 X39.6 Y65.055 E0.07595
G1 X38.959 Y64.415 E0.02434
G1 X38.889 Y64.345
G0 F1320 X39.6 Y62.229
G0 X38.959 Y67.244
G1 F660 X39.6 Y67.883 E0.02432
G1 X39.6 Y65.057 E0.07595
G1 X46.4 Y71.857 E0.25844
G1 X46.47 Y71.927
G0 F1320 X43.2 Y74.314
G1 F660 X43.2 Y76 E0.04531
G0 F1320 X42.8 Y76
G1 F660 X42.8 Y73.914 E0.05606
G0 F1320 X42.4 Y73.514
G1 F660 X42.4 Y76 E0.06681
G0 F1320 X42.099 Y76.04
G1 F660 X39.6 Y73.54 E0.095
G1 X39.6 Y73.543
G1 X39.6 Y76 E0.06603
G0 F1320 X39.271 Y76.04
G1 F660 X38.959 Y75.729 E0.01184
G0 F1320 X40 Y76
G1 F660 X40 Y73.943 E0.05528
G0 F1320 X40.4 Y74.343
G1 F660 X40.4 Y76 E0.04453
G0 F1320 X41.2 Y76
G1 F660 X41.2 Y75.143 E0.02303
G1 X41.2 Y75.043
G0 F1320 X44 Y75.114
G1 F660 X44 Y76 E0.02381
G1 X44 Y76.1
G0 F1320 X39.6 Y67.886
G0 X39.6 Y45.258
G0 X39.6 Y39.601
G0 X39.6 Y33.945
G0 X39.6 Y28.288
;MESH:NONMESH
G0 F600 X39.6 Y28.288 Z1.96
G0 F1320 X59.162 Y40.724
G0 X61.2 Y41.684
;TIME_ELAPSED:4259.256867
;LAYER:11
M204 P200
;TYPE:WALL-INNER
;MESH:flasherTopPlate.STL
G1 F480 X60 Y41.684 E0.03289
G1 X59.601 Y41.64 E0.011
G1 X59.08 Y41.432 E0.01537
G1 X58.615 Y41.035 E0.01676
G1 X58.361 Y40.63 E0.0131
G1 X58.273 Y40.394 E0.0069
G1 X58.204 Y40.014 E0.01058
G1 X58.2 Y28.728 E0.30931
G1 X58.355 Y28.152 E0.01635
G1 X58.505 Y27.88 E0.00851
G1 X58.722 Y27.616 E0.00937
G1 X59.01 Y27.38 E0.0102
G1 X59.362 Y27.2 E0.01084
G1 X59.783 Y27.084 E0.01197
G1 X61.2 Y27.084 E0.03883
G1 X61.2 Y23.8 E0.09
G1 X38.8 Y23.8 E0.6139
G1 X38.8 Y76.2 E1.43609
G1 X61.2 Y76.2 E0.6139
G1 X61.2 Y41.684 E0.94596
G0 F1320 X61.6 Y41.284
G1 F480 X60 Y41.284 E0.04385
G1 X59.69 Y41.25 E0.00855
G1 X59.457 Y41.175 E0.00671
G1 X59.155 Y41.001 E0.00955
G1 X58.815 Y40.631 E0.01377
G1 X58.657 Y40.281 E0.01052
G1 X58.603 Y39.985 E0.00825
G1 X58.6 Y28.76 E0.30764
G1 X58.72 Y28.315 E0.01263
G1 X59.006 Y27.897 E0.01388
G1 X59.23 Y27.714 E0.00793
G1 X59.504 Y27.574 E0.00843
G1 X59.831 Y27.484 E0.0093
G1 X61.6 Y27.484 E0.04848
G1 X61.6 Y23.4 E0.11193
G1 X38.4 Y23.4 E0.63583
G1 X38.4 Y76.6 E1.45802
G1 X61.6 Y76.6 E0.63583
G1 X61.6 Y41.284 E0.96788
G0 F1320 X59.488 Y40.796
G0 X59.488 Y40.744
G1 F480 X59.326 Y40.624 E0.00553
G1 X59.154 Y40.418 E0.00735
G1 X59.04 Y40.167 E0.00756
G1 X59.002 Y39.957 E0.00585
G1 X59 Y28.795 E0.30591
G1 X59.086 Y28.477 E0.00903
G1 X59.29 Y28.179 E0.0099
G1 X59.645 Y27.948 E0.01161
G1 X59.878 Y27.884 E0.00662
G1 X62 Y27.884 E0.05816
G1 X62 Y23 E0.13385
G1 X38 Y23 E0.65775
G1 X38 Y77 E1.47994
G1 X62 Y77 E0.65775
G1 X62 Y40.884 E0.98981
G1 X59.838 Y40.884 E0.05925
G1 X59.488 Y40.744 E0.01033
G0 F1320 X59.488 Y40.796
G0 X59.09 Y28.809
G0 X59.404 Y28.809
G1 F480 X59.451 Y28.64 E0.00481
G1 X59.574 Y28.461 E0.00595
G1 X59.787 Y28.322 E0.00697
G1 X59.925 Y28.284 E0.00392
G1 X62.4 Y28.284 E0.06783
G1 X62.4 Y22.6 E0.15578
G1 X37.6 Y22.6 E0.67968
G1 X37.6 Y77.4 E1.50187
G1 X62.4 Y77.4 E0.67968
G1 X62.4 Y40.484 E1.01173
G1 X59.902 Y40.484 E0.06846
G1 X59.693 Y40.4 E0.00617
G1 X59.538 Y40.268 E0.00558
G1 X59.453 Y40.133 E0.00437
G1 X59.401 Y39.928 E0.0058
G1 X59.404 Y28.809 E0.30473
G0 F1320 X59.09 Y28.809
G0 X48.019 Y70.017
G1 F480 X48.506 Y69.631 E0.01703
G1 X48.928 Y69.412 E0.01303
G1 X49.227 Y69.309 E0.00867
G1 X49.857 Y69.205 E0.0175
G1 X50.52 Y69.232 E0.01819
G1 X51.219 Y69.48 E0.02033
G1 X51.49 Y69.631 E0.0085
G1 X51.982 Y70.02 E0.01719
G1 X52.217 Y70.288 E0.00977
G1 X52.602 Y70.943 E0.02082
G1 X52.774 Y71.645 E0.01981
G1 X52.8 Y71.97 E0.00894
G1 X52.722 Y72.718 E0.02061
G1 X52.41 Y73.406 E0.0207
G1 X52.056 Y73.887 E0.01637
G1 X51.812 Y74.122 E0.00928
G1 X51.288 Y74.475 E0.01732
G1 X50.563 Y74.738 E0.02114
G1 X50.084 Y74.792 E0.01321
G1 X49.598 Y74.759 E0.01335
G1 X49.028 Y74.614 E0.01612
G1 X48.717 Y74.478 E0.0093
G1 X48.184 Y74.122 E0.01757
G1 X47.94 Y73.887 E0.00928
G1 X47.586 Y73.406 E0.01637
G1 X47.271 Y72.705 E0.02106
G1 X47.191 Y71.859 E0.02329
G1 X47.336 Y71.125 E0.02051
G1 X47.443 Y70.86 E0.00783
G1 X47.779 Y70.286 E0.01823
G1 X48.019 Y70.017 E0.00988
G0 F1320 X47.805 Y71.031
G1 F480 X48.186 Y70.41 E0.01997
G1 X48.781 Y69.92 E0.02112
G1 X49.324 Y69.697 E0.01609
G1 X49.888 Y69.604 E0.01567
G1 X50.539 Y69.661 E0.01791
G1 X51.056 Y69.845 E0.01504
G1 X51.267 Y69.962 E0.00661
G1 X51.807 Y70.407 E0.01918
G1 X52.219 Y71.053 E0.021
G1 X52.38 Y71.714 E0.01865
G1 X52.4 Y71.967 E0.00696
G1 X52.328 Y72.629 E0.01825
G1 X52.053 Y73.225 E0.01799
G1 X51.778 Y73.599 E0.01272
G1 X51.534 Y73.835 E0.0093
G1 X51.126 Y74.109 E0.01347
G1 X50.494 Y74.344 E0.01848
G1 X50.084 Y74.392 E0.01131
G1 X49.631 Y74.36 E0.01245
G1 X49.188 Y74.248 E0.01252
G1 X48.876 Y74.112 E0.00933
G1 X48.462 Y73.835 E0.01365
G1 X48.218 Y73.599 E0.0093
G1 X47.943 Y73.225 E0.01272
G1 X47.695 Y72.683 E0.01634
G1 X47.609 Y72.122 E0.01555
G1 X47.607 Y71.809 E0.00858
G1 X47.805 Y71.031 E0.022
G0 F1320 X49.417 Y70.238
G0 X50.348 Y70.176
G0 X51.875 Y71.27
G1 F480 X52 Y71.964 E0.01933
G1 X51.915 Y72.578 E0.01699
G1 X51.697 Y73.044 E0.0141
G1 X51.5 Y73.312 E0.00912
G1 X51.256 Y73.547 E0.00928
G1 X50.964 Y73.743 E0.00964
G1 X50.425 Y73.95 E0.01582
G1 X50.084 Y73.992 E0.00942
G1 X49.665 Y73.961 E0.01151
G1 X49.348 Y73.881 E0.00896
G1 X49.036 Y73.745 E0.00933
G1 X48.74 Y73.547 E0.00976
G1 X48.496 Y73.312 E0.00928
G1 X48.299 Y73.044 E0.00912
G1 X48.079 Y72.571 E0.0143
G1 X47.987 Y71.935 E0.01761
G1 X48.137 Y71.25 E0.01922
G1 X48.506 Y70.649 E0.01933
G1 X49.028 Y70.248 E0.01804
G1 X49.376 Y70.092 E0.01045
G1 X49.92 Y70.003 E0.01511
G1 X50.301 Y70.02 E0.01045
G1 X50.972 Y70.235 E0.01931
G1 X51.461 Y70.638 E0.01737
G1 X51.875 Y71.27 E0.02071
G0 F1320 X51.789 Y72.417
G0 X51.34 Y72.864
G1 F480 X50.978 Y73.26 E0.0147
G1 X50.803 Y73.377 E0.00577
G1 X50.356 Y73.556 E0.0132
G1 X50.084 Y73.592 E0.00752
G1 X49.698 Y73.563 E0.01061
G1 X49.196 Y73.378 E0.01466
G1 X49.018 Y73.26 E0.00585
G1 X48.656 Y72.864 E0.0147
G1 X48.463 Y72.46 E0.01227
G1 X48.403 Y71.893 E0.01563
G1 X48.529 Y71.372 E0.01469
G1 X48.775 Y70.969 E0.01294
G1 X49.221 Y70.598 E0.0159
G1 X49.518 Y70.473 E0.00883
G1 X49.952 Y70.401 E0.01206
G1 X50.287 Y70.423 E0.0092
G1 X50.82 Y70.626 E0.01563
G1 X51.221 Y70.969 E0.01446
G1 X51.491 Y71.429 E0.01462
G1 X51.6 Y71.961 E0.01488
G1 X51.532 Y72.464 E0.01391
G1 X51.34 Y72.864 E0.01216
G0 F1320 X51.616 Y73.003
G0 X50.5 Y73.787
G0 X49.532 Y73.802
G0 X48.503 Y73.106
G0 X48.095 Y72.045
G0 X48.8 Y71.956
M204 P150
;TYPE:WALL-OUTER
G1 F480 X48.882 Y71.563 E0.0109
G1 X49.105 Y71.199 E0.01159
G1 X49.415 Y70.948 E0.01083
G1 X49.599 Y70.866 E0.00547
G1 X49.984 Y70.8 E0.0106
G1 X50.208 Y70.815 E0.00609
G1 X50.581 Y70.948 E0.01075
G1 X50.891 Y71.199 E0.01083
G1 X51.113 Y71.561 E0.01153
G1 X51.198 Y71.921 E0.01004
G1 X51.148 Y72.35 E0.01172
G1 X50.944 Y72.736 E0.01185
G1 X50.641 Y73.011 E0.01111
G1 X50.285 Y73.162 E0.0105
G1 X50.067 Y73.192 E0.00597
G1 X49.731 Y73.164 E0.00915
G1 X49.296 Y72.972 E0.0129
G1 X49.013 Y72.683 E0.01098
G1 X48.847 Y72.348 E0.01015
G1 X48.8 Y71.956 E0.01072
G0 F1320 X48.84 Y71.76
G0 X48.146 Y71.612
G0 X59.162 Y28.048
G0 X59.973 Y27.976
G0 X59.973 Y28.685
G1 F480 X62.8 Y28.684 E0.07673
G1 X62.8 Y22.2 E0.17598
G1 X37.2 Y22.2 E0.69479
G1 X37.2 Y77.8 E1.509
G1 X62.8 Y77.8 E0.69479
G1 X62.8 Y40.084 E1.02362
G1 X59.955 Y40.08 E0.07721
G1 X59.854 Y40.022 E0.00316
G1 X59.8 Y39.899 E0.00365
G1 X59.801 Y28.859 E0.29963
G1 X59.858 Y28.743 E0.00351
G1 X59.973 Y28.685 E0.0035
G0 F1320 X60.173 Y28.685
G0 X60.173 Y27.976
G0 X59.162 Y28.048
G0 X52.308 Y74.144
M204 P180
;TYPE:SKIN
G1 F480 X52.718 Y73.591 E0.01905
G1 X53.072 Y72.81 E0.02373
G1 X53.174 Y71.831 E0.02724
G1 X53.022 Y71.122 E0.02007
G1 X52.882 Y70.718 E0.01183
G1 X52.521 Y70.094 E0.01995
G1 X52.248 Y69.773 E0.01166
G1 X51.705 Y69.339 E0.01924
G1 X51.351 Y69.143 E0.0112
G1 X50.57 Y68.873 E0.02287
G1 X49.765 Y68.845 E0.02229
G1 X49.038 Y68.98 E0.02046
G1 X48.385 Y69.268 E0.01975
G1 X47.776 Y69.746 E0.02142
G1 X47.493 Y70.064 E0.01178
G1 X47.11 Y70.717 E0.02095
G1 X46.983 Y71.04 E0.0096
G1 X46.825 Y71.833 E0.02238
G1 X46.915 Y72.791 E0.02663
G1 X47.278 Y73.595 E0.02441
G1 X47.666 Y74.123 E0.01813
G1 X47.934 Y74.381 E0.01029
G1 F446.5 X48.65 Y74.865 E0.02571
G1 F390.2 X49.52 Y75.17 E0.03138
G1 F354.2 X49.564 Y75.197 E0.00194
G1 F347.2 X50.064 Y75.224 E0.01916
G1 F342.9 X50.634 Y75.18 E0.02215
G1 F346.6 X50.675 Y75.145 E0.00207
G1 F412.9 X51.463 Y74.783 E0.0279
G1 F480 X52.064 Y74.38 E0.02002
G1 X52.308 Y74.144 E0.00939
G0 F1320 X60.84 Y42.044
G1 F480 X60.84 Y75.84 E0.93522
G1 X51.603 Y75.84 E0.25561
G1 F412.9 X50.786 Y75.775 E0.02637
G1 F346.6 X50.683 Y75.752 E0.00404
G1 F342.9 X50.084 Y75.768 E0.02321
G1 F347.2 X49.544 Y75.758 E0.02066
G1 F354.2 X49.446 Y75.779 E0.00376
G1 F416.5 X48.799 Y75.839 E0.02072
G1 F480 X39.161 Y75.839 E0.26671
G1 X39.16 Y24.16 E1.43008
G1 X60.84 Y24.16 E0.59994
G1 X60.84 Y26.724 E0.07095
G1 X59.729 Y26.726 E0.03074
G1 X59.246 Y26.859 E0.01386
G1 X58.829 Y27.065 E0.01287
G1 X58.481 Y27.345 E0.01236
G1 X58.217 Y27.661 E0.01139
G1 X58.014 Y28.032 E0.0117
G1 X57.846 Y28.664 E0.0181
G1 X57.844 Y40.042 E0.31486
G1 X57.918 Y40.475 E0.01216
G1 X58.032 Y40.778 E0.00896
G1 X58.334 Y41.264 E0.01583
G1 X58.56 Y41.493 E0.0089
G1 X58.896 Y41.744 E0.01161
G1 X59.493 Y41.982 E0.01778
G1 X59.977 Y42.043 E0.0135
G1 X60.84 Y42.044 E0.02388
G0 F1320 X39.361 Y24.561
G1 F480 X39.563 Y24.36 E0.00789
G0 F1320 X40.128 Y24.36
G1 F480 X39.361 Y25.127 E0.03002
G0 F1320 X39.361 Y25.693
G1 F480 X40.694 Y24.36 E0.05217
G0 F1320 X41.26 Y24.36
G1 F480 X39.361 Y26.258 E0.0743
G0 F1320 X39.361 Y26.824
G1 F480 X41.825 Y24.36 E0.09643
G0 F1320 X42.391 Y24.36
G1 F480 X39.361 Y27.39 E0.11858
G0 F1320 X39.361 Y27.955
G1 F480 X42.957 Y24.36 E0.14071
G0 F1320 X43.522 Y24.36
G1 F480 X39.361 Y28.521 E0.16284
G0 F1320 X39.361 Y29.087
G1 F480 X44.088 Y24.36 E0.18499
G0 F1320 X44.654 Y24.36
G1 F480 X39.361 Y29.653 E0.20714
G0 F1320 X39.361 Y30.218
G1 F480 X45.219 Y24.36 E0.22925
G0 F1320 X45.785 Y24.36
G1 F480 X39.361 Y30.784 E0.2514
G0 F1320 X39.361 Y31.35
G1 F480 X46.351 Y24.36 E0.27355
G0 F1320 X46.917 Y24.36
G1 F480 X39.361 Y31.915 E0.29568
G0 F1320 X39.361 Y32.481
G1 F480 X47.482 Y24.36 E0.31781
G0 F1320 X48.048 Y24.36
G1 F480 X39.361 Y33.047 E0.33996
G0 F1320 X39.361 Y33.612
G1 F480 X48.614 Y24.36 E0.36209
G0 F1320 X49.179 Y24.36
G1 F480 X39.361 Y34.178 E0.38422
G0 F1320 X39.361 Y34.744
G1 F480 X49.745 Y24.36 E0.40638
G0 F1320 X50.311 Y24.36
G1 F480 X39.361 Y35.309 E0.42851
G0 F1320 X39.361 Y35.875
G1 F480 X50.876 Y24.36 E0.45064
G0 F1320 X51.442 Y24.36
G1 F480 X39.361 Y36.441 E0.47279
G0 F1320 X39.361 Y37.006
G1 F480 X52.008 Y24.36 E0.49492
G0 F1320 X52.573 Y24.36
G1 F480 X39.361 Y37.572 E0.51705
G0 F1320 X39.361 Y38.138
G1 F480 X53.139 Y24.36 E0.5392
G0 F1320 X53.705 Y24.36
G1 F480 X39.361 Y38.703 E0.56133
G0 F1320 X39.361 Y39.269
G1 F480 X54.27 Y24.36 E0.58346
G0 F1320 X54.836 Y24.36
G1 F480 X39.361 Y39.835 E0.60561
G0 F1320 X39.361 Y40.401
G1 F480 X55.402 Y24.36 E0.62776
G0 F1320 X55.968 Y24.36
G1 F480 X39.361 Y40.966 E0.64989
G0 F1320 X39.361 Y41.532
G1 F480 X56.533 Y24.36 E0.67202
G0 F1320 X57.099 Y24.36
G1 F480 X39.361 Y42.098 E0.69417
G0 F1320 X39.361 Y42.663
G1 F480 X57.665 Y24.36 E0.7163
G0 F1320 X58.23 Y24.36
G1 F480 X39.361 Y43.229 E0.73843
G0 F1320 X39.361 Y43.795
G1 F480 X58.796 Y24.36 E0.76058
G0 F1320 X59.362 Y24.36
G1 F480 X39.361 Y44.36 E0.78271
G0 F1320 X39.361 Y44.926
G1 F480 X59.927 Y24.36 E0.80484
G0 F1320 X60.493 Y24.36
G1 F480 X39.361 Y45.492 E0.827
G0 F1320 X39.361 Y46.057
G1 F480 X60.64 Y24.778 E0.83275
G0 F1320 X60.64 Y25.344
G1 F480 X59.365 Y26.619 E0.0499
G0 F1320 X60.022 Y26.528
G1 F480 X60.64 Y25.91 E0.02419
G1 X60.71 Y25.84
G0 F1320 X57.755 Y28.229
G1 F480 X39.361 Y46.623 E0.71984
G0 F1320 X39.361 Y47.189
G1 F480 X57.64 Y28.91 E0.71534
G0 F1320 X57.64 Y29.476
G1 F480 X39.361 Y47.754 E0.71532
G0 F1320 X39.361 Y48.32
G1 F480 X57.64 Y30.041 E0.71534
G0 F1320 X57.641 Y30.606
G1 F480 X39.361 Y48.886 E0.71538
G0 F1320 X39.361 Y49.452
G1 F480 X57.641 Y31.172 E0.71538
G0 F1320 X57.641 Y31.738
G1 F480 X39.361 Y50.017 E0.71536
G0 F1320 X39.361 Y50.583
G1 F480 X57.641 Y32.303 E0.71538
G0 F1320 X57.641 Y32.868
G1 F480 X39.361 Y51.149 E0.7154
G0 F1320 X39.361 Y51.714
G1 F480 X57.641 Y33.434 E0.71538
G0 F1320 X57.642 Y33.999
G1 F480 X39.361 Y52.28 E0.71542
G0 F1320 X39.361 Y52.846
G1 F480 X57.642 Y34.565 E0.71542
G0 F1320 X57.642 Y35.13
G1 F480 X39.361 Y53.411 E0.71542
G0 F1320 X39.361 Y53.977
G1 F480 X57.643 Y35.695 E0.71546
G0 F1320 X57.643 Y36.261
G1 F480 X39.361 Y54.543 E0.71546
G0 F1320 X39.361 Y55.108
G1 F480 X57.643 Y36.826 E0.71546
G0 F1320 X57.643 Y37.392
G1 F480 X39.361 Y55.674 E0.71546
G0 F1320 X39.361 Y56.24
G1 F480 X57.643 Y37.957 E0.71548
G0 F1320 X57.644 Y38.522
G1 F480 X39.361 Y56.805 E0.7155
G0 F1320 X39.361 Y57.371
G1 F480 X57.644 Y39.088 E0.7155
G0 F1320 X57.644 Y39.654
G1 F480 X39.361 Y57.937 E0.7155
G0 F1320 X39.361 Y58.502
G1 F480 X57.668 Y40.195 E0.71644
G0 F1320 X57.772 Y40.657
G1 F480 X39.361 Y59.068 E0.72051
G0 F1320 X39.361 Y59.634
G1 F480 X57.958 Y41.037 E0.72779
G0 F1320 X58.175 Y41.386
G1 F480 X39.361 Y60.2 E0.73628
G0 F1320 X39.361 Y60.765
G1 F480 X58.46 Y41.666 E0.74743
G0 F1320 X58.792 Y41.9
G1 F480 X39.361 Y61.331 E0.76043
G0 F1320 X39.361 Y61.897
G1 F480 X59.183 Y42.074 E0.77575
G0 F1320 X59.627 Y42.197
G1 F480 X39.361 Y62.462 E0.79308
G0 F1320 X39.361 Y63.028
G1 F480 X60.147 Y42.242 E0.81345
G0 F1320 X60.64 Y42.315
G1 F480 X39.361 Y63.594 E0.83275
G0 F1320 X39.361 Y64.159
G1 F480 X60.64 Y42.88 E0.83275
G0 F1320 X60.64 Y43.446
G1 F480 X39.361 Y64.725 E0.83275
G0 F1320 X39.361 Y65.291
G1 F480 X60.64 Y44.012 E0.83275
G0 F1320 X60.64 Y44.577
G1 F480 X39.361 Y65.856 E0.83275
G0 F1320 X39.361 Y66.422
G1 F480 X60.64 Y45.143 E0.83275
G0 F1320 X60.64 Y45.709
G1 F480 X39.361 Y66.988 E0.83275
G0 F1320 X39.361 Y67.553
G1 F480 X60.64 Y46.274 E0.83275
G0 F1320 X60.64 Y46.84
G1 F480 X39.361 Y68.119 E0.83275
G0 F1320 X39.361 Y68.685
G1 F480 X60.64 Y47.406 E0.83275
G0 F1320 X60.64 Y47.972
G1 F480 X39.361 Y69.251 E0.83275
G0 F1320 X39.361 Y69.816
G1 F480 X60.64 Y48.537 E0.83275
G0 F1320 X60.64 Y49.103
G1 F480 X39.361 Y70.382 E0.83275
G0 F1320 X39.361 Y70.948
G1 F480 X60.64 Y49.669 E0.83275
G0 F1320 X60.64 Y50.234
G1 F480 X39.361 Y71.513 E0.83275
G0 F1320 X39.361 Y72.079
G1 F480 X60.64 Y50.8 E0.83275
G0 F1320 X60.64 Y51.366
G1 F480 X39.361 Y72.645 E0.83275
G0 F1320 X39.361 Y73.21
G1 F480 X60.64 Y51.931 E0.83275
G0 F1320 X60.64 Y52.497
G1 F480 X39.361 Y73.776 E0.83275
G0 F1320 X39.361 Y74.342
G1 F480 X60.64 Y53.063 E0.83275
G0 F1320 X60.64 Y53.628
G1 F480 X39.361 Y74.907 E0.83275
G0 F1320 X39.361 Y75.473
G1 F480 X60.64 Y54.194 E0.83275
G0 F1320 X60.64 Y54.76
G1 F480 X39.761 Y75.639 E0.81709
G0 F1320 X40.326 Y75.639
G1 F480 X60.64 Y55.325 E0.79498
G0 F1320 X60.64 Y55.891
G1 F480 X40.892 Y75.639 E0.77283
G0 F1320 X41.458 Y75.639
G1 F480 X60.64 Y56.457 E0.75068
G0 F1320 X60.64 Y57.023
G1 F480 X48.798 Y68.864 E0.46341
G0 F1320 X49.543 Y68.685
G1 F480 X60.64 Y57.588 E0.43428
G0 F1320 X60.64 Y58.154
G1 F480 X50.136 Y68.658 E0.41107
G0 F1320 X50.668 Y68.691
G1 F480 X60.64 Y58.72 E0.39023
G0 F1320 X60.64 Y59.285
G1 F480 X51.087 Y68.838 E0.37385
G0 F1320 X51.494 Y68.997
G1 F480 X60.64 Y59.851 E0.35793
G0 F1320 X60.64 Y60.417
G1 F480 X51.854 Y69.202 E0.34382
G0 F1320 X52.17 Y69.452
G1 F480 X60.64 Y60.982 E0.33147
G0 F1320 X60.64 Y61.548
G1 F480 X52.463 Y69.725 E0.32
G0 F1320 X52.719 Y70.035
G1 F480 X60.64 Y62.114 E0.30999
G0 F1320 X60.64 Y62.679
G1 F480 X52.928 Y70.392 E0.30183
G0 F1320 X53.108 Y70.777
G1 F480 X60.64 Y63.245 E0.29476
G0 F1320 X60.64 Y63.811
G1 F480 X53.246 Y71.205 E0.28936
G0 F1320 X53.345 Y71.672
G1 F480 X60.64 Y64.376 E0.28551
G0 F1320 X60.64 Y64.942
G1 F480 X53.33 Y72.252 E0.28607
G0 F1320 X53.253 Y72.895
G1 F480 X60.64 Y65.508 E0.28909
G0 F1320 X60.64 Y66.073
G1 F480 X52.534 Y74.179 E0.31723
G0 F1320 X52.16 Y74.553
G1 F480 X51.146 Y75.568 E0.0397
G0 F1320 X51.639 Y75.641
G1 F480 X60.64 Y66.639 E0.35227
G0 F1320 X60.64 Y67.205
G1 F480 X52.204 Y75.641 E0.33014
G0 F1320 X52.77 Y75.641
G1 F480 X60.64 Y67.771 E0.30799
G0 F1320 X60.64 Y68.336
G1 F480 X53.336 Y75.641 E0.28586
G0 F1320 X53.901 Y75.641
G1 F480 X60.64 Y68.902 E0.26373
G0 F1320 X60.64 Y69.468
G1 F480 X54.467 Y75.641 E0.24158
G0 F1320 X55.033 Y75.641
G1 F480 X60.64 Y70.033 E0.21945
G0 F1320 X60.64 Y70.599
G1 F480 X55.598 Y75.641 E0.19732
G0 F1320 X56.164 Y75.641
G1 F480 X60.64 Y71.165 E0.17517
G0 F1320 X60.64 Y71.73
G1 F480 X56.73 Y75.641 E0.15304
G0 F1320 X57.295 Y75.641
G1 F480 X60.64 Y72.296 E0.13091
G0 F1320 X60.64 Y72.862
G1 F480 X57.861 Y75.641 E0.10876
G0 F1320 X58.427 Y75.641
G1 F480 X60.64 Y73.427 E0.08662
G0 F1320 X60.64 Y73.993
G1 F480 X58.993 Y75.641 E0.06447
G0 F1320 X59.558 Y75.641
G1 F480 X60.64 Y74.559 E0.04234
G0 F1320 X60.64 Y75.124
G1 F480 X60.124 Y75.641 E0.02021
G0 F1320 X49.162 Y75.289
G1 F480 X48.814 Y75.636 E0.0136
G0 F1320 X48.771 Y75.114
G1 F480 X48.246 Y75.639 E0.02055
G0 F1320 X47.68 Y75.639
G1 F480 X48.387 Y74.932 E0.02767
G0 F1320 X48.05 Y74.704
G1 F480 X47.115 Y75.639 E0.03659
G0 F1320 X46.549 Y75.639
G1 F480 X47.73 Y74.458 E0.04622
G0 F1320 X47.455 Y74.167
G1 F480 X45.983 Y75.639 E0.05761
G0 F1320 X45.417 Y75.639
G1 F480 X47.214 Y73.843 E0.07031
G0 F1320 X47.005 Y73.486
G1 F480 X44.852 Y75.639 E0.08426
G0 F1320 X44.286 Y75.639
G1 F480 X46.831 Y73.094 E0.0996
G0 F1320 X46.702 Y72.658
G1 F480 X43.72 Y75.639 E0.11668
G0 F1320 X43.155 Y75.639
G1 F480 X46.653 Y72.141 E0.13689
G0 F1320 X46.677 Y71.551
G1 F480 X42.589 Y75.639 E0.15998
G0 F1320 X42.023 Y75.639
G1 F480 X46.861 Y70.801 E0.18933
G1 X46.931 Y70.731
;MESH:NONMESH
G0 F600 X46.931 Y70.731 Z2.12
G0 F1320 X58.273 Y40.394
;TIME_ELAPSED:4726.598321
;LAYER:12
M204 P200
;TYPE:WALL-INNER
;MESH:flasherTopPlate.STL
G1 F480 X58.204 Y40.014 E0.01058
G1 X58.2 Y28.728 E0.30931
G1 X58.355 Y28.152 E0.01635
G1 X58.505 Y27.88 E0.00851
G1 X58.722 Y27.616 E0.00937
G1 X59.01 Y27.38 E0.0102
G1 X59.362 Y27.2 E0.01084
G1 X59.783 Y27.084 E0.01197
G1 X61.2 Y27.084 E0.03883
G1 X61.2 Y23.8 E0.09
G1 X38.8 Y23.8 E0.6139
G1 X38.8 Y76.2 E1.43609
G1 X61.2 Y76.2 E0.6139
G1 X61.2 Y41.684 E0.94596
G1 X60 Y41.684 E0.03289
G1 X59.601 Y41.64 E0.011
G1 X59.08 Y41.432 E0.01537
G1 X58.615 Y41.035 E0.01676
G1 X58.361 Y40.63 E0.0131
G1 X58.273 Y40.394 E0.0069
G0 F1320 X59.162 Y28.048
G0 X59.23 Y27.714
G1 F480 X59.504 Y27.574 E0.00843
G1 X59.831 Y27.484 E0.0093
G1 X61.6 Y27.484 E0.04848
G1 X61.6 Y23.4 E0.11193
G1 X38.4 Y23.4 E0.63583
G1 X38.4 Y76.6 E1.45802
G1 X61.6 Y76.6 E0.63583
G1 X61.6 Y41.284 E0.96788
G1 X60 Y41.284 E0.04385
G1 X59.69 Y41.25 E0.00855
G1 X59.457 Y41.175 E0.00671
G1 X59.155 Y41.001 E0.00955
G1 X58.815 Y40.631 E0.01377
G1 X58.657 Y40.281 E0.01052
G1 X58.603 Y39.985 E0.00825
G1 X58.6 Y28.76 E0.30764
G1 X58.72 Y28.315 E0.01263
G1 X59.006 Y27.897 E0.01388
G1 X59.23 Y27.714 E0.00793
G0 F1320 X59.04 Y40.167
G1 F480 X59.002 Y39.957 E0.00585
G1 X59 Y28.795 E0.30591
G1 X59.086 Y28.477 E0.00903
G1 X59.29 Y28.179 E0.0099
G1 X59.645 Y27.948 E0.01161
G1 X59.878 Y27.884 E0.00662
G1 X62 Y27.884 E0.05816
G1 X62 Y23 E0.13385
G1 X38 Y23 E0.65775
G1 X38 Y77 E1.47994
G1 X62 Y77 E0.65775
G1 X62 Y40.884 E0.98981
G1 X59.838 Y40.884 E0.05925
G1 X59.488 Y40.744 E0.01033
G1 X59.326 Y40.624 E0.00553
G1 X59.154 Y40.418 E0.00735
G1 X59.04 Y40.167 E0.00756
G0 F1320 X37.88 Y77.12
G0 X37.6 Y77.4
G1 F480 X62.4 Y77.4 E0.67968
G1 X62.4 Y40.484 E1.01173
G1 X59.902 Y40.484 E0.06846
G1 X59.693 Y40.4 E0.00617
G1 X59.538 Y40.268 E0.00558
G1 X59.453 Y40.133 E0.00437
G1 X59.401 Y39.928 E0.0058
G1 X59.404 Y28.809 E0.30473
G1 X59.451 Y28.64 E0.00481
G1 X59.574 Y28.461 E0.00595
G1 X59.787 Y28.322 E0.00697
G1 X59.925 Y28.284 E0.00392
G1 X62.4 Y28.284 E0.06783
G1 X62.4 Y22.6 E0.15578
G1 X37.6 Y22.6 E0.67968
G1 X37.6 Y77.4 E1.50187
G0 F1320 X37.88 Y77.12
G0 X49.598 Y74.759
G1 F480 X49.028 Y74.614 E0.01612
G1 X48.717 Y74.478 E0.0093
G1 X48.184 Y74.122 E0.01757
G1 X47.94 Y73.887 E0.00928
G1 X47.586 Y73.406 E0.01637
G1 X47.271 Y72.705 E0.02106
G1 X47.191 Y71.859 E0.02329
G1 X47.336 Y71.125 E0.02051
G1 X47.443 Y70.86 E0.00783
G1 X47.779 Y70.286 E0.01823
G1 X48.019 Y70.017 E0.00988
G1 X48.506 Y69.631 E0.01703
G1 X48.928 Y69.412 E0.01303
G1 X49.227 Y69.309 E0.00867
G1 X49.857 Y69.205 E0.0175
G1 X50.52 Y69.232 E0.01819
G1 X51.219 Y69.48 E0.02033
G1 X51.49 Y69.631 E0.0085
G1 X51.982 Y70.02 E0.01719
G1 X52.217 Y70.288 E0.00977
G1 X52.602 Y70.943 E0.02082
G1 X52.774 Y71.645 E0.01981
G1 X52.8 Y71.97 E0.00894
G1 X52.722 Y72.718 E0.02061
G1 X52.41 Y73.406 E0.0207
G1 X52.056 Y73.887 E0.01637
G1 X51.812 Y74.122 E0.00928
G1 X51.288 Y74.475 E0.01732
G1 X50.563 Y74.738 E0.02114
G1 X50.084 Y74.792 E0.01321
G1 X49.598 Y74.759 E0.01335
G0 F1320 X47.609 Y72.122
G1 F480 X47.607 Y71.809 E0.00858
G1 X47.805 Y71.031 E0.022
G1 X48.186 Y70.41 E0.01997
G1 X48.781 Y69.92 E0.02112
G1 X49.324 Y69.697 E0.01609
G1 X49.888 Y69.604 E0.01567
G1 X50.539 Y69.661 E0.01791
G1 X51.056 Y69.845 E0.01504
G1 X51.267 Y69.962 E0.00661
G1 X51.807 Y70.407 E0.01918
G1 X52.219 Y71.053 E0.021
G1 X52.38 Y71.714 E0.01865
G1 X52.4 Y71.967 E0.00696
G1 X52.328 Y72.629 E0.01825
G1 X52.053 Y73.225 E0.01799
G1 X51.778 Y73.599 E0.01272
G1 X51.534 Y73.835 E0.0093
G1 X51.126 Y74.109 E0.01347
G1 X50.494 Y74.344 E0.01848
G1 X50.084 Y74.392 E0.01131
G1 X49.631 Y74.36 E0.01245
G1 X49.188 Y74.248 E0.01252
G1 X48.876 Y74.112 E0.00933
G1 X48.462 Y73.835 E0.01365
G1 X48.218 Y73.599 E0.0093
G1 X47.943 Y73.225 E0.01272
G1 X47.695 Y72.683 E0.01634
G1 X47.609 Y72.122 E0.01555
G0 F1320 X48.137 Y71.25
G1 F480 X48.506 Y70.649 E0.01933
G1 X49.028 Y70.248 E0.01804
G1 X49.376 Y70.092 E0.01045
G1 X49.92 Y70.003 E0.01511
G1 X50.301 Y70.02 E0.01045
G1 X50.972 Y70.235 E0.01931
G1 X51.461 Y70.638 E0.01737
G1 X51.875 Y71.27 E0.02071
G1 X52 Y71.964 E0.01933
G1 X51.915 Y72.578 E0.01699
G1 X51.697 Y73.044 E0.0141
G1 X51.5 Y73.312 E0.00912
G1 X51.256 Y73.547 E0.00928
G1 X50.964 Y73.743 E0.00964
G1 X50.425 Y73.95 E0.01582
G1 X50.084 Y73.992 E0.00942
G1 X49.665 Y73.961 E0.01151
G1 X49.348 Y73.881 E0.00896
G1 X49.036 Y73.745 E0.00933
G1 X48.74 Y73.547 E0.00976
G1 X48.496 Y73.312 E0.00928
G1 X48.299 Y73.044 E0.00912
G1 X48.079 Y72.571 E0.0143
G1 X47.987 Y71.935 E0.01761
G1 X48.137 Y71.25 E0.01922
G0 F1320 X48.403 Y71.893
G1 F480 X48.529 Y71.372 E0.01469
G1 X48.775 Y70.969 E0.01294
G1 X49.221 Y70.598 E0.0159
G1 X49.518 Y70.473 E0.00883
G1 X49.952 Y70.401 E0.01206
G1 X50.287 Y70.423 E0.0092
G1 X50.82 Y70.626 E0.01563
G1 X51.221 Y70.969 E0.01446
G1 X51.491 Y71.429 E0.01462
G1 X51.6 Y71.961 E0.01488
G1 X51.532 Y72.464 E0.01391
G1 X51.34 Y72.864 E0.01216
G1 X50.978 Y73.26 E0.0147
G1 X50.803 Y73.377 E0.00577
G1 X50.356 Y73.556 E0.0132
G1 X50.084 Y73.592 E0.00752
G1 X49.698 Y73.563 E0.01061
G1 X49.196 Y73.378 E0.01466
G1 X49.018 Y73.26 E0.00585
G1 X48.656 Y72.864 E0.0147
G1 X48.463 Y72.46 E0.01227
G1 X48.403 Y71.893 E0.01563
G0 F1320 X48.8 Y71.956
M204 P150
;TYPE:WALL-OUTER
G1 F480 X48.882 Y71.563 E0.0109
G1 X49.105 Y71.199 E0.01159
G1 X49.415 Y70.948 E0.01083
G1 X49.599 Y70.866 E0.00547
G1 X49.984 Y70.8 E0.0106
G1 X50.208 Y70.815 E0.00609
G1 X50.581 Y70.948 E0.01075
G1 X50.891 Y71.199 E0.01083
G1 X51.113 Y71.561 E0.01153
G1 X51.198 Y71.921 E0.01004
G1 X51.148 Y72.35 E0.01172
G1 X50.944 Y72.736 E0.01185
G1 X50.641 Y73.011 E0.01111
G1 X50.285 Y73.162 E0.0105
G1 X50.067 Y73.192 E0.00597
G1 X49.731 Y73.164 E0.00915
G1 X49.296 Y72.972 E0.0129
G1 X49.013 Y72.683 E0.01098
G1 X48.847 Y72.348 E0.01015
G1 X48.8 Y71.956 E0.01072
G0 F1320 X48.84 Y71.76
G0 X48.146 Y71.612
G0 X59.562 Y28.448
G0 X62.52 Y22.48
G0 X62.8 Y22.2
G1 F480 X37.2 Y22.2 E0.69479
G1 X37.2 Y77.8 E1.509
G1 X62.8 Y77.8 E0.69479
G1 X62.8 Y40.084 E1.02362
G1 X59.955 Y40.08 E0.07721
G1 X59.854 Y40.022 E0.00316
G1 X59.8 Y39.899 E0.00365
G1 X59.801 Y28.859 E0.29963
G1 X59.858 Y28.743 E0.00351
G1 X59.973 Y28.685 E0.0035
G1 X62.8 Y28.684 E0.07673
G1 X62.8 Y22.2 E0.17598
G0 F1320 X62.6 Y22.2
G0 X62.12 Y22.88
G0 X59.162 Y28.048
G0 X51.78 Y72.544
G0 X50.064 Y75.224
M204 P180
;TYPE:SKIN
G1 F342.9 X50.634 Y75.18 E0.02215
G1 F346.6 X50.675 Y75.145 E0.00207
G1 F412.9 X51.463 Y74.783 E0.0279
G1 F480 X52.064 Y74.38 E0.02002
G1 X52.308 Y74.144 E0.00939
G1 X52.718 Y73.591 E0.01905
G1 X53.072 Y72.81 E0.02373
G1 X53.174 Y71.831 E0.02724
G1 X53.022 Y71.122 E0.02007
G1 X52.882 Y70.718 E0.01183
G1 X52.521 Y70.094 E0.01995
G1 X52.248 Y69.773 E0.01166
G1 X51.705 Y69.339 E0.01924
G1 X51.351 Y69.143 E0.0112
G1 X50.57 Y68.873 E0.02287
G1 X49.765 Y68.845 E0.02229
G1 X49.038 Y68.98 E0.02046
G1 X48.385 Y69.268 E0.01975
G1 X47.776 Y69.746 E0.02142
G1 X47.493 Y70.064 E0.01178
G1 X47.11 Y70.717 E0.02095
G1 X46.983 Y71.04 E0.0096
G1 X46.825 Y71.833 E0.02238
G1 X46.915 Y72.791 E0.02663
G1 X47.278 Y73.595 E0.02441
G1 X47.666 Y74.123 E0.01813
G1 X47.934 Y74.381 E0.01029
G1 F446.5 X48.65 Y74.865 E0.02571
G1 F390.2 X49.52 Y75.17 E0.03138
G1 F354.2 X49.564 Y75.197 E0.00194
G1 F347.2 X50.064 Y75.224 E0.01916
G0 F1320 X51.497 Y73.106
G0 X58.896 Y41.744
G1 F480 X59.493 Y41.982 E0.01778
G1 X59.977 Y42.043 E0.0135
G1 X60.84 Y42.044 E0.02388
G1 X60.84 Y75.84 E0.93522
G1 X51.603 Y75.84 E0.25561
G1 F412.9 X50.786 Y75.775 E0.02637
G1 F346.6 X50.683 Y75.752 E0.00404
G1 F342.9 X50.084 Y75.768 E0.02321
G1 F347.2 X49.544 Y75.758 E0.02066
G1 F354.2 X49.446 Y75.779 E0.00376
G1 F416.5 X48.799 Y75.839 E0.02072
G1 F480 X39.161 Y75.839 E0.26671
G1 X39.16 Y24.16 E1.43008
G1 X60.84 Y24.16 E0.59994
G1 X60.84 Y26.724 E0.07095
G1 X59.729 Y26.726 E0.03074
G1 X59.246 Y26.859 E0.01386
G1 X58.829 Y27.065 E0.01287
G1 X58.481 Y27.345 E0.01236
G1 X58.217 Y27.661 E0.01139
G1 X58.014 Y28.032 E0.0117
G1 X57.846 Y28.664 E0.0181
G1 X57.844 Y40.042 E0.31486
G1 X57.918 Y40.475 E0.01216
G1 X58.032 Y40.778 E0.00896
G1 X58.334 Y41.264 E0.01583
G1 X58.56 Y41.493 E0.0089
G1 X58.896 Y41.744 E0.01161
G0 F1320 X59.162 Y28.048
G0 X60.564 Y24.36
G1 F480 X60.64 Y24.436 E0.00297
G0 F1320 X60.64 Y25.002
G1 F480 X59.998 Y24.36 E0.02512
G0 F1320 X59.432 Y24.36
G1 F480 X60.64 Y25.568 E0.04727
G0 F1320 X60.64 Y26.133
G1 F480 X58.867 Y24.36 E0.06939
G0 F1320 X58.301 Y24.36
G1 F480 X60.465 Y26.524 E0.08469
G0 F1320 X59.903 Y26.528
G1 F480 X57.735 Y24.36 E0.08484
G0 F1320 X57.17 Y24.36
G1 F480 X59.415 Y26.605 E0.08786
G0 F1320 X59.002 Y26.758
G1 F480 X56.604 Y24.36 E0.09385
G0 F1320 X56.038 Y24.36
G1 F480 X58.642 Y26.963 E0.10189
G0 F1320 X58.331 Y27.218
G1 F480 X55.473 Y24.36 E0.11185
G0 F1320 X54.907 Y24.36
G1 F480 X58.071 Y27.524 E0.12382
G0 F1320 X57.863 Y27.882
G1 F480 X54.341 Y24.36 E0.13783
G0 F1320 X53.775 Y24.36
G1 F480 X57.732 Y28.317 E0.15486
G0 F1320 X57.641 Y28.791
G1 F480 X53.21 Y24.36 E0.17341
G0 F1320 X52.644 Y24.36
G1 F480 X57.641 Y29.356 E0.19554
G0 F1320 X57.641 Y29.922
G1 F480 X52.078 Y24.36 E0.21769
G0 F1320 X51.513 Y24.36
G1 F480 X57.641 Y30.488 E0.23982
G0 F1320 X57.641 Y31.054
G1 F480 X50.947 Y24.36 E0.26197
G0 F1320 X50.381 Y24.36
G1 F480 X57.641 Y31.62 E0.28412
G0 F1320 X57.642 Y32.186
G1 F480 X49.816 Y24.36 E0.30627
G0 F1320 X49.25 Y24.36
G1 F480 X57.642 Y32.752 E0.32842
G0 F1320 X57.642 Y33.317
G1 F480 X48.684 Y24.36 E0.35055
G0 F1320 X48.119 Y24.36
G1 F480 X57.643 Y33.884 E0.37272
G0 F1320 X57.643 Y34.45
G1 F480 X47.553 Y24.36 E0.39487
G0 F1320 X46.987 Y24.36
G1 F480 X57.643 Y35.015 E0.417
G0 F1320 X57.643 Y35.582
G1 F480 X46.422 Y24.36 E0.43915
G0 F1320 X45.856 Y24.36
G1 F480 X57.643 Y36.147 E0.46128
G0 F1320 X57.643 Y36.713
G1 F480 X45.29 Y24.36 E0.48343
G0 F1320 X44.725 Y24.36
G1 F480 X57.644 Y37.279 E0.50558
G0 F1320 X57.644 Y37.845
G1 F480 X44.159 Y24.36 E0.52773
G0 F1320 X43.593 Y24.36
G1 F480 X57.644 Y38.411 E0.54988
G0 F1320 X57.645 Y38.977
G1 F480 X43.027 Y24.36 E0.57205
G0 F1320 X42.462 Y24.36
G1 F480 X57.645 Y39.543 E0.59418
G0 F1320 X57.655 Y40.119
G1 F480 X41.896 Y24.36 E0.61672
G0 F1320 X41.33 Y24.36
G1 F480 X57.88 Y40.909 E0.64766
G1 X57.95 Y40.979
G0 F1320 X58.953 Y41.982
G1 F480 X60.64 Y43.67 E0.06604
G0 F1320 X60.64 Y44.235
G1 F480 X40.765 Y24.36 E0.7778
G0 F1320 X40.199 Y24.36
G1 F480 X60.64 Y44.801 E0.79995
G0 F1320 X60.64 Y45.367
G1 F480 X39.633 Y24.36 E0.8221
G0 F1320 X39.36 Y24.653
G1 F480 X60.64 Y45.932 E0.83277
G0 F1320 X60.64 Y46.498
G1 F480 X39.36 Y25.218 E0.83279
G0 F1320 X39.36 Y25.784
G1 F480 X60.64 Y47.064 E0.83279
G0 F1320 X60.64 Y47.629
G1 F480 X39.36 Y26.35 E0.83277
G0 F1320 X39.36 Y26.915
G1 F480 X60.64 Y48.195 E0.83279
G0 F1320 X60.64 Y48.761
G1 F480 X39.36 Y27.481 E0.83279
G0 F1320 X39.36 Y28.047
G1 F480 X60.64 Y49.326 E0.83277
G0 F1320 X60.64 Y49.892
G1 F480 X39.36 Y28.612 E0.83279
G0 F1320 X39.36 Y29.178
G1 F480 X60.64 Y50.458 E0.83279
G0 F1320 X60.64 Y51.023
G1 F480 X39.36 Y29.744 E0.83277
G0 F1320 X39.36 Y30.309
G1 F480 X60.64 Y51.589 E0.83279
G0 F1320 X60.64 Y52.155
G1 F480 X39.36 Y30.875 E0.83279
G0 F1320 X39.36 Y31.441
G1 F480 X60.64 Y52.72 E0.83277
G0 F1320 X60.64 Y53.286
G1 F480 X39.36 Y32.006 E0.83279
G0 F1320 X39.36 Y32.572
G1 F480 X60.64 Y53.852 E0.83279
G0 F1320 X60.64 Y54.418
G1 F480 X39.36 Y33.138 E0.83279
G0 F1320 X39.36 Y33.704
G1 F480 X60.64 Y54.983 E0.83277
G0 F1320 X60.64 Y55.549
G1 F480 X39.36 Y34.269 E0.83279
G0 F1320 X39.36 Y34.835
G1 F480 X60.64 Y56.115 E0.83279
G0 F1320 X60.64 Y56.68
G1 F480 X39.36 Y35.401 E0.83277
G0 F1320 X39.36 Y35.966
G1 F480 X60.64 Y57.246 E0.83279
G0 F1320 X60.64 Y57.812
G1 F480 X39.36 Y36.532 E0.83279
G0 F1320 X39.36 Y37.098
G1 F480 X60.64 Y58.377 E0.83277
G0 F1320 X60.64 Y58.943
G1 F480 X39.36 Y37.663 E0.83279
G0 F1320 X39.36 Y38.229
G1 F480 X60.64 Y59.509 E0.83279
G0 F1320 X60.64 Y60.074
G1 F480 X39.36 Y38.795 E0.83277
G0 F1320 X39.36 Y39.36
G1 F480 X60.64 Y60.64 E0.83279
G0 F1320 X60.64 Y61.206
G1 F480 X39.36 Y39.926 E0.83279
G0 F1320 X39.36 Y40.492
G1 F480 X60.64 Y61.771 E0.83277
G0 F1320 X60.64 Y62.337
G1 F480 X39.36 Y41.057 E0.83279
G0 F1320 X39.36 Y41.623
G1 F480 X60.64 Y62.903 E0.83279
G0 F1320 X60.64 Y63.468
G1 F480 X39.36 Y42.189 E0.83277
G0 F1320 X39.36 Y42.755
G1 F480 X60.64 Y64.034 E0.83277
G0 F1320 X60.64 Y64.6
G1 F480 X39.36 Y43.32 E0.83279
G0 F1320 X39.36 Y43.886
G1 F480 X60.64 Y65.166 E0.83279
G0 F1320 X60.64 Y65.731
G1 F480 X39.36 Y44.452 E0.83277
G0 F1320 X39.36 Y45.017
G1 F480 X60.64 Y66.297 E0.83279
G0 F1320 X60.64 Y66.863
G1 F480 X39.36 Y45.583 E0.83279
G0 F1320 X39.36 Y46.149
G1 F480 X60.64 Y67.428 E0.83277
G0 F1320 X60.64 Y67.994
G1 F480 X39.36 Y46.714 E0.83279
G0 F1320 X39.36 Y47.28
G1 F480 X60.64 Y68.56 E0.83279
G0 F1320 X60.64 Y69.125
G1 F480 X39.36 Y47.846 E0.83277
G0 F1320 X39.36 Y48.411
G1 F480 X60.64 Y69.691 E0.83279
G0 F1320 X60.64 Y70.257
G1 F480 X39.36 Y48.977 E0.83279
G0 F1320 X39.36 Y49.543
G1 F480 X60.64 Y70.822 E0.83277
G0 F1320 X60.64 Y71.388
G1 F480 X39.36 Y50.108 E0.83279
G0 F1320 X39.36 Y50.674
G1 F480 X60.64 Y71.954 E0.83279
G0 F1320 X60.64 Y72.519
G1 F480 X39.36 Y51.24 E0.83277
G0 F1320 X39.36 Y51.805
G1 F480 X60.64 Y73.085 E0.83279
G0 F1320 X60.64 Y73.651
G1 F480 X39.36 Y52.371 E0.83279
G0 F1320 X39.36 Y52.937
G1 F480 X60.64 Y74.217 E0.83279
G0 F1320 X60.64 Y74.782
G1 F480 X39.36 Y53.503 E0.83277
G0 F1320 X39.36 Y54.068
G1 F480 X60.64 Y75.348 E0.83279
G0 F1320 X60.366 Y75.64
G1 F480 X39.36 Y54.634 E0.82206
G0 F1320 X39.36 Y55.2
G1 F480 X59.801 Y75.64 E0.79993
G0 F1320 X59.235 Y75.64
G1 F480 X39.36 Y55.765 E0.7778
G0 F1320 X39.36 Y56.331
G1 F480 X58.669 Y75.64 E0.75565
G0 F1320 X58.104 Y75.64
G1 F480 X53.027 Y70.564 E0.19867
G1 X52.957 Y70.494
G0 F1320 X53.283 Y71.385
G1 F480 X57.538 Y75.64 E0.16652
G0 F1320 X56.972 Y75.64
G1 F480 X53.353 Y72.02 E0.14165
G0 F1320 X53.3 Y72.534
G1 F480 X56.407 Y75.64 E0.12157
G0 F1320 X55.841 Y75.64
G1 F480 X53.204 Y73.003 E0.1032
G0 F1320 X53.029 Y73.394
G1 F480 X55.275 Y75.64 E0.0879
G0 F1320 X54.71 Y75.64
G1 F480 X52.836 Y73.767 E0.07332
G0 F1320 X52.597 Y74.093
G1 F480 X54.144 Y75.64 E0.06054
G0 F1320 X53.578 Y75.64
G1 F480 X52.334 Y74.395 E0.0487
G0 F1320 X52.021 Y74.649
G1 F480 X53.013 Y75.64 E0.0388
G0 F1320 X52.447 Y75.64
G1 F480 X51.683 Y74.876 E0.0299
G0 F1320 X51.327 Y75.086
G1 F480 X51.881 Y75.64 E0.02168
G0 F1320 X51.26 Y75.585
G1 F480 X50.963 Y75.287 E0.01164
G0 F1320 X49.481 Y75.503
G1 F480 X49.357 Y75.378 E0.00487
G0 F1320 X49.012 Y75.599
G1 F480 X48.259 Y74.846 E0.02947
G1 X48.189 Y74.776
G0 F1320 X48.486 Y75.639
G1 F480 X39.36 Y66.513 E0.35714
G0 F1320 X39.36 Y65.948
G1 F480 X47.091 Y73.678 E0.30253
G1 X47.161 Y73.748
G0 F1320 X46.709 Y72.731
G1 F480 X39.36 Y65.382 E0.2876
G0 F1320 X39.36 Y64.816
G1 F480 X46.65 Y72.106 E0.28529
G0 F1320 X46.675 Y71.565
G1 F480 X39.36 Y64.251 E0.28625
G0 F1320 X39.36 Y63.685
G1 F480 X46.769 Y71.093 E0.28993
G0 F1320 X46.915 Y70.674
G1 F480 X39.36 Y63.119 E0.29566
G0 F1320 X39.36 Y62.553
G1 F480 X47.115 Y70.308 E0.30349
G0 F1320 X47.33 Y69.958
G1 F480 X39.36 Y61.988 E0.3119
G0 F1320 X39.36 Y61.422
G1 F480 X47.594 Y69.656 E0.32224
G0 F1320 X47.898 Y69.394
G1 F480 X39.36 Y60.856 E0.33413
G0 F1320 X39.36 Y60.291
G1 F480 X48.214 Y69.144 E0.34648
G0 F1320 X48.59 Y68.955
G1 F480 X39.36 Y59.725 E0.36121
G0 F1320 X39.36 Y59.159
G1 F480 X48.985 Y68.784 E0.37667
G0 F1320 X49.465 Y68.698
G1 F480 X39.36 Y58.594 E0.39544
G0 F1320 X39.36 Y58.028
G1 F480 X49.984 Y68.652 E0.41577
G0 F1320 X50.572 Y68.674
G1 F480 X39.36 Y57.462 E0.43878
G0 F1320 X39.36 Y56.897
G1 F480 X51.419 Y68.955 E0.47191
G1 X51.489 Y69.025
G0 F1320 X49.064 Y70.397
G0 X48.272 Y71.307
G0 X47.92 Y75.639
G1 F480 X39.36 Y67.079 E0.33499
G0 F1320 X39.36 Y67.645
G1 F480 X47.354 Y75.639 E0.31284
G0 F1320 X46.789 Y75.639
G1 F480 X39.36 Y68.21 E0.29073
G0 F1320 X39.36 Y68.776
G1 F480 X46.223 Y75.639 E0.26858
G0 F1320 X45.657 Y75.639
G1 F480 X39.36 Y69.342 E0.24643
G0 F1320 X39.36 Y69.907
G1 F480 X45.091 Y75.639 E0.2243
G0 F1320 X44.526 Y75.639
G1 F480 X39.36 Y70.473 E0.20217
G0 F1320 X39.36 Y71.039
G1 F480 X43.96 Y75.639 E0.18002
G0 F1320 X43.394 Y75.639
G1 F480 X39.36 Y71.604 E0.15789
G0 F1320 X39.36 Y72.17
G1 F480 X42.829 Y75.639 E0.13576
G0 F1320 X42.263 Y75.639
G1 F480 X39.36 Y72.736 E0.11361
G0 F1320 X39.36 Y73.302
G1 F480 X41.697 Y75.639 E0.09146
G0 F1320 X41.132 Y75.639
G1 F480 X39.36 Y73.867 E0.06935
G0 F1320 X39.36 Y74.433
G1 F480 X40.566 Y75.639 E0.0472
G0 F1320 X40 Y75.639
G1 F480 X39.36 Y74.999 E0.02505
G0 F1320 X39.36 Y75.564
G1 F480 X39.435 Y75.639 E0.00294
G0 F1320 X60.64 Y43.104
G1 F480 X59.751 Y42.214 E0.03481
G0 F1320 X60.345 Y42.243
G1 F480 X60.64 Y42.538 E0.01154
;MESH:NONMESH
G0 F600 X60.64 Y42.538 Z2.28
G0 F1320 X59.162 Y40.724
G0 X59.162 Y28.048
G0 X59.783 Y27.084
;TIME_ELAPSED:5195.659162
;LAYER:13
M204 P200
;TYPE:WALL-INNER
;MESH:flasherTopPlate.STL
G1 F480 X61.2 Y27.084 E0.03883
G1 X61.2 Y23.8 E0.09
G1 X38.8 Y23.8 E0.6139
G1 X38.8 Y76.2 E1.43609
G1 X61.2 Y76.2 E0.6139
G1 X61.2 Y41.684 E0.94596
G1 X60 Y41.684 E0.03289
G1 X59.601 Y41.64 E0.011
G1 X59.08 Y41.432 E0.01537
G1 X58.615 Y41.035 E0.01676
G1 X58.361 Y40.63 E0.0131
G1 X58.273 Y40.394 E0.0069
G1 X58.204 Y40.014 E0.01058
G1 X58.2 Y28.728 E0.30931
G1 X58.355 Y28.152 E0.01635
G1 X58.505 Y27.88 E0.00851
G1 X58.722 Y27.616 E0.00937
G1 X59.01 Y27.38 E0.0102
G1 X59.362 Y27.2 E0.01084
G1 X59.783 Y27.084 E0.01197
G0 F1320 X59.831 Y27.484
G1 F480 X61.6 Y27.484 E0.04848
G1 X61.6 Y23.4 E0.11193
G1 X38.4 Y23.4 E0.63583
G1 X38.4 Y76.6 E1.45802
G1 X61.6 Y76.6 E0.63583
G1 X61.6 Y41.284 E0.96788
G1 X60 Y41.284 E0.04385
G1 X59.69 Y41.25 E0.00855
G1 X59.457 Y41.175 E0.00671
G1 X59.155 Y41.001 E0.00955
G1 X58.815 Y40.631 E0.01377
G1 X58.657 Y40.281 E0.01052
G1 X58.603 Y39.985 E0.00825
G1 X58.6 Y28.76 E0.30764
G1 X58.72 Y28.315 E0.01263
G1 X59.006 Y27.897 E0.01388
G1 X59.23 Y27.714 E0.00793
G1 X59.504 Y27.574 E0.00843
G1 X59.831 Y27.484 E0.0093
G0 F1320 X59.878 Y27.884
G1 F480 X62 Y27.884 E0.05816
G1 X62 Y23 E0.13385
G1 X38 Y23 E0.65775
G1 X38 Y77 E1.47994
G1 X62 Y77 E0.65775
G1 X62 Y40.884 E0.98981
G1 X59.838 Y40.884 E0.05925
G1 X59.488 Y40.744 E0.01033
G1 X59.326 Y40.624 E0.00553
G1 X59.154 Y40.418 E0.00735
G1 X59.04 Y40.167 E0.00756
G1 X59.002 Y39.957 E0.00585
G1 X59 Y28.795 E0.30591
G1 X59.086 Y28.477 E0.00903
G1 X59.29 Y28.179 E0.0099
G1 X59.645 Y27.948 E0.01161
G1 X59.878 Y27.884 E0.00662
G0 F1320 X62.12 Y22.88
G0 X62.4 Y22.6
G1 F480 X37.6 Y22.6 E0.67968
G1 X37.6 Y77.4 E1.50187
G1 X62.4 Y77.4 E0.67968
G1 X62.4 Y40.484 E1.01173
G1 X59.902 Y40.484 E0.06846
G1 X59.693 Y40.4 E0.00617
G1 X59.538 Y40.268 E0.00558
G1 X59.453 Y40.133 E0.00437
G1 X59.401 Y39.928 E0.0058
G1 X59.404 Y28.809 E0.30473
G1 X59.451 Y28.64 E0.00481
G1 X59.574 Y28.461 E0.00595
G1 X59.787 Y28.322 E0.00697
G1 X59.925 Y28.284 E0.00392
G1 X62.4 Y28.284 E0.06783
G1 X62.4 Y22.6 E0.15578
G0 F1320 X62.12 Y22.88
G0 X59.162 Y28.048
G0 X47.779 Y70.286
G1 F480 X48.019 Y70.017 E0.00988
G1 X48.506 Y69.631 E0.01703
G1 X48.928 Y69.412 E0.01303
G1 X49.227 Y69.309 E0.00867
G1 X49.857 Y69.205 E0.0175
G1 X50.52 Y69.232 E0.01819
G1 X51.219 Y69.48 E0.02033
G1 X51.49 Y69.631 E0.0085
G1 X51.982 Y70.02 E0.01719
G1 X52.217 Y70.288 E0.00977
G1 X52.602 Y70.943 E0.02082
G1 X52.774 Y71.645 E0.01981
G1 X52.8 Y71.97 E0.00894
G1 X52.722 Y72.718 E0.02061
G1 X52.41 Y73.406 E0.0207
G1 X52.056 Y73.887 E0.01637
G1 X51.812 Y74.122 E0.00928
G1 X51.288 Y74.475 E0.01732
G1 X50.563 Y74.738 E0.02114
G1 X50.084 Y74.792 E0.01321
G1 X49.598 Y74.759 E0.01335
G1 X49.028 Y74.614 E0.01612
G1 X48.717 Y74.478 E0.0093
G1 X48.184 Y74.122 E0.01757
G1 X47.94 Y73.887 E0.00928
G1 X47.586 Y73.406 E0.01637
G1 X47.271 Y72.705 E0.02106
G1 X47.191 Y71.859 E0.02329
G1 X47.336 Y71.125 E0.02051
G1 X47.443 Y70.86 E0.00783
G1 X47.779 Y70.286 E0.01823
G0 F1320 X48.218 Y73.599
G1 F480 X47.943 Y73.225 E0.01272
G1 X47.695 Y72.683 E0.01634
G1 X47.609 Y72.122 E0.01555
G1 X47.607 Y71.809 E0.00858
G1 X47.805 Y71.031 E0.022
G1 X48.186 Y70.41 E0.01997
G1 X48.781 Y69.92 E0.02112
G1 X49.324 Y69.697 E0.01609
G1 X49.888 Y69.604 E0.01567
G1 X50.539 Y69.661 E0.01791
G1 X51.056 Y69.845 E0.01504
G1 X51.267 Y69.962 E0.00661
G1 X51.807 Y70.407 E0.01918
G1 X52.219 Y71.053 E0.021
G1 X52.38 Y71.714 E0.01865
G1 X52.4 Y71.967 E0.00696
G1 X52.328 Y72.629 E0.01825
G1 X52.053 Y73.225 E0.01799
G1 X51.778 Y73.599 E0.01272
G1 X51.534 Y73.835 E0.0093
G1 X51.126 Y74.109 E0.01347
G1 X50.494 Y74.344 E0.01848
G1 X50.084 Y74.392 E0.01131
G1 X49.631 Y74.36 E0.01245
G1 X49.188 Y74.248 E0.01252
G1 X48.876 Y74.112 E0.00933
G1 X48.462 Y73.835 E0.01365
G1 X48.218 Y73.599 E0.0093
G0 F1320 X50.12 Y73.851
G0 X51.042 Y73.543
G0 X51.78 Y72.544
G0 X51.875 Y71.27
G1 F480 X52 Y71.964 E0.01933
G1 X51.915 Y72.578 E0.01699
G1 X51.697 Y73.044 E0.0141
G1 X51.5 Y73.312 E0.00912
G1 X51.256 Y73.547 E0.00928
G1 X50.964 Y73.743 E0.00964
G1 X50.425 Y73.95 E0.01582
G1 X50.084 Y73.992 E0.00942
G1 X49.665 Y73.961 E0.01151
G1 X49.348 Y73.881 E0.00896
G1 X49.036 Y73.745 E0.00933
G1 X48.74 Y73.547 E0.00976
G1 X48.496 Y73.312 E0.00928
G1 X48.299 Y73.044 E0.00912
G1 X48.079 Y72.571 E0.0143
G1 X47.987 Y71.935 E0.01761
G1 X48.137 Y71.25 E0.01922
G1 X48.506 Y70.649 E0.01933
G1 X49.028 Y70.248 E0.01804
G1 X49.376 Y70.092 E0.01045
G1 X49.92 Y70.003 E0.01511
G1 X50.301 Y70.02 E0.01045
G1 X50.972 Y70.235 E0.01931
G1 X51.461 Y70.638 E0.01737
G1 X51.875 Y71.27 E0.02071
G0 F1320 X51.78 Y72.544
G0 X51.128 Y73.46
G0 X50.407 Y73.864
G0 X50.356 Y73.556
G1 F480 X50.084 Y73.592 E0.00752
G1 X49.698 Y73.563 E0.01061
G1 X49.196 Y73.378 E0.01466
G1 X49.018 Y73.26 E0.00585
G1 X48.656 Y72.864 E0.0147
G1 X48.463 Y72.46 E0.01227
G1 X48.403 Y71.893 E0.01563
G1 X48.529 Y71.372 E0.01469
G1 X48.775 Y70.969 E0.01294
G1 X49.221 Y70.598 E0.0159
G1 X49.518 Y70.473 E0.00883
G1 X49.952 Y70.401 E0.01206
G1 X50.287 Y70.423 E0.0092
G1 X50.82 Y70.626 E0.01563
G1 X51.221 Y70.969 E0.01446
G1 X51.491 Y71.429 E0.01462
G1 X51.6 Y71.961 E0.01488
G1 X51.532 Y72.464 E0.01391
G1 X51.34 Y72.864 E0.01216
G1 X50.978 Y73.26 E0.0147
G1 X50.803 Y73.377 E0.00577
G1 X50.356 Y73.556 E0.0132
G0 F1320 X50.406 Y73.864
G0 X49.532 Y73.802
G0 X48.589 Y73.189
G0 X48.145 Y72.437
G0 X48.847 Y72.348
M204 P150
;TYPE:WALL-OUTER
G1 F480 X48.8 Y71.956 E0.01072
G1 X48.882 Y71.563 E0.0109
G1 X49.105 Y71.199 E0.01159
G1 X49.415 Y70.948 E0.01083
G1 X49.599 Y70.866 E0.00547
G1 X49.984 Y70.8 E0.0106
G1 X50.208 Y70.815 E0.00609
G1 X50.581 Y70.948 E0.01075
G1 X50.891 Y71.199 E0.01083
G1 X51.113 Y71.561 E0.01153
G1 X51.198 Y71.921 E0.01004
G1 X51.148 Y72.35 E0.01172
G1 X50.944 Y72.736 E0.01185
G1 X50.641 Y73.011 E0.01111
G1 X50.285 Y73.162 E0.0105
G1 X50.067 Y73.192 E0.00597
G1 X49.731 Y73.164 E0.00915
G1 X49.296 Y72.972 E0.0129
G1 X49.013 Y72.683 E0.01098
G1 X48.847 Y72.348 E0.01015
G0 F1320 X48.824 Y72.15
G0 X48.119 Y72.239
G0 X48.272 Y71.307
G0 X59.162 Y28.048
G0 X59.973 Y27.976
G0 X59.973 Y28.685
G1 F480 X62.8 Y28.684 E0.07673
G1 X62.8 Y22.2 E0.17598
G1 X37.2 Y22.2 E0.69479
G1 X37.2 Y77.8 E1.509
G1 X62.8 Y77.8 E0.69479
G1 X62.8 Y40.084 E1.02362
G1 X59.955 Y40.08 E0.07721
G1 X59.854 Y40.022 E0.00316
G1 X59.8 Y39.899 E0.00365
G1 X59.801 Y28.859 E0.29963
G1 X59.858 Y28.743 E0.00351
G1 X59.973 Y28.685 E0.0035
G0 F1320 X60.173 Y28.685
G0 X60.173 Y27.976
G0 X59.162 Y28.048
G0 X48.141 Y71.923
G0 X47.666 Y74.123
M204 P180
;TYPE:SKIN
G1 F480 X47.934 Y74.381 E0.01029
G1 F446.5 X48.65 Y74.865 E0.02571
G1 F390.2 X49.52 Y75.17 E0.03138
G1 F354.2 X49.564 Y75.197 E0.00194
G1 F347.2 X50.064 Y75.224 E0.01916
G1 F342.9 X50.634 Y75.18 E0.02215
G1 F346.6 X50.675 Y75.145 E0.00207
G1 F412.9 X51.463 Y74.783 E0.0279
G1 F480 X52.064 Y74.38 E0.02002
G1 X52.308 Y74.144 E0.00939
G1 X52.718 Y73.591 E0.01905
G1 X53.072 Y72.81 E0.02373
G1 X53.174 Y71.831 E0.02724
G1 X53.022 Y71.122 E0.02007
G1 X52.882 Y70.718 E0.01183
G1 X52.521 Y70.094 E0.01995
G1 X52.248 Y69.773 E0.01166
G1 X51.705 Y69.339 E0.01924
G1 X51.351 Y69.143 E0.0112
G1 X50.57 Y68.873 E0.02287
G1 X49.765 Y68.845 E0.02229
G1 X49.038 Y68.98 E0.02046
G1 X48.385 Y69.268 E0.01975
G1 X47.776 Y69.746 E0.02142
G1 X47.493 Y70.064 E0.01178
G1 X47.11 Y70.717 E0.02095
G1 X46.983 Y71.04 E0.0096
G1 X46.825 Y71.833 E0.02238
G1 X46.915 Y72.791 E0.02663
G1 X47.278 Y73.595 E0.02441
G1 X47.666 Y74.123 E0.01813
G0 F1320 X58.217 Y27.661
G1 F480 X58.014 Y28.032 E0.0117
G1 X57.846 Y28.664 E0.0181
G1 X57.844 Y40.042 E0.31486
G1 X57.918 Y40.475 E0.01216
G1 X58.032 Y40.778 E0.00896
G1 X58.334 Y41.264 E0.01583
G1 X58.56 Y41.493 E0.0089
G1 X58.896 Y41.744 E0.01161
G1 X59.493 Y41.982 E0.01778
G1 X59.977 Y42.043 E0.0135
G1 X60.84 Y42.044 E0.02388
G1 X60.84 Y75.84 E0.93522
G1 X51.603 Y75.84 E0.25561
G1 F412.9 X50.786 Y75.775 E0.02637
G1 F346.6 X50.683 Y75.752 E0.00404
G1 F342.9 X50.084 Y75.768 E0.02321
G1 F347.2 X49.544 Y75.758 E0.02066
G1 F354.2 X49.446 Y75.779 E0.00376
G1 F416.5 X48.799 Y75.839 E0.02072
G1 F480 X39.161 Y75.839 E0.26671
G1 X39.16 Y24.16 E1.43008
G1 X60.84 Y24.16 E0.59994
G1 X60.84 Y26.724 E0.07095
G1 X59.729 Y26.726 E0.03074
G1 X59.246 Y26.859 E0.01386
G1 X58.829 Y27.065 E0.01287
G1 X58.481 Y27.345 E0.01236
G1 X58.217 Y27.661 E0.01139
G0 F1320 X39.361 Y24.561
G1 F480 X39.563 Y24.36 E0.00789
G0 F1320 X40.128 Y24.36
G1 F480 X39.361 Y25.127 E0.03002
G0 F1320 X39.361 Y25.693
G1 F480 X40.694 Y24.36 E0.05217
G0 F1320 X41.26 Y24.36
G1 F480 X39.361 Y26.258 E0.0743
G0 F1320 X39.361 Y26.824
G1 F480 X41.825 Y24.36 E0.09643
G0 F1320 X42.391 Y24.36
G1 F480 X39.361 Y27.39 E0.11858
G0 F1320 X39.361 Y27.955
G1 F480 X42.957 Y24.36 E0.14071
G0 F1320 X43.522 Y24.36
G1 F480 X39.361 Y28.521 E0.16284
G0 F1320 X39.361 Y29.087
G1 F480 X44.088 Y24.36 E0.18499
G0 F1320 X44.654 Y24.36
G1 F480 X39.361 Y29.653 E0.20714
G0 F1320 X39.361 Y30.218
G1 F480 X45.219 Y24.36 E0.22925
G0 F1320 X45.785 Y24.36
G1 F480 X39.361 Y30.784 E0.2514
G0 F1320 X39.361 Y31.35
G1 F480 X46.351 Y24.36 E0.27355
G0 F1320 X46.917 Y24.36
G1 F480 X39.361 Y31.915 E0.29568
G0 F1320 X39.361 Y32.481
G1 F480 X47.482 Y24.36 E0.31781
G0 F1320 X48.048 Y24.36
G1 F480 X39.361 Y33.047 E0.33996
G0 F1320 X39.361 Y33.612
G1 F480 X48.614 Y24.36 E0.36209
G0 F1320 X49.179 Y24.36
G1 F480 X39.361 Y34.178 E0.38422
G0 F1320 X39.361 Y34.744
G1 F480 X49.745 Y24.36 E0.40638
G0 F1320 X50.311 Y24.36
G1 F480 X39.361 Y35.309 E0.42851
G0 F1320 X39.361 Y35.875
G1 F480 X50.876 Y24.36 E0.45064
G0 F1320 X51.442 Y24.36
G1 F480 X39.361 Y36.441 E0.47279
G0 F1320 X39.361 Y37.006
G1 F480 X52.008 Y24.36 E0.49492
G0 F1320 X52.573 Y24.36
G1 F480 X39.361 Y37.572 E0.51705
G0 F1320 X39.361 Y38.138
G1 F480 X53.139 Y24.36 E0.5392
G0 F1320 X53.705 Y24.36
G1 F480 X39.361 Y38.703 E0.56133
G0 F1320 X39.361 Y39.269
G1 F480 X54.27 Y24.36 E0.58346
G0 F1320 X54.836 Y24.36
G1 F480 X39.361 Y39.835 E0.60561
G0 F1320 X39.361 Y40.401
G1 F480 X55.402 Y24.36 E0.62776
G0 F1320 X55.968 Y24.36
G1 F480 X39.361 Y40.966 E0.64989
G0 F1320 X39.361 Y41.532
G1 F480 X56.533 Y24.36 E0.67202
G0 F1320 X57.099 Y24.36
G1 F480 X39.361 Y42.098 E0.69417
G0 F1320 X39.361 Y42.663
G1 F480 X57.665 Y24.36 E0.7163
G0 F1320 X58.23 Y24.36
G1 F480 X39.361 Y43.229 E0.73843
G0 F1320 X39.361 Y43.795
G1 F480 X58.796 Y24.36 E0.76058
G0 F1320 X59.362 Y24.36
G1 F480 X39.361 Y44.36 E0.78271
G0 F1320 X39.361 Y44.926
G1 F480 X59.927 Y24.36 E0.80484
G0 F1320 X60.493 Y24.36
G1 F480 X39.361 Y45.492 E0.827
G0 F1320 X39.361 Y46.057
G1 F480 X60.64 Y24.778 E0.83275
G0 F1320 X60.64 Y25.344
G1 F480 X59.365 Y26.619 E0.0499
G0 F1320 X60.022 Y26.528
G1 F480 X60.64 Y25.91 E0.02419
G1 X60.71 Y25.84
G0 F1320 X57.755 Y28.229
G1 F480 X39.361 Y46.623 E0.71984
G0 F1320 X39.361 Y47.189
G1 F480 X57.64 Y28.91 E0.71534
G0 F1320 X57.64 Y29.476
G1 F480 X39.361 Y47.754 E0.71532
G0 F1320 X39.361 Y48.32
G1 F480 X57.64 Y30.041 E0.71534
G0 F1320 X57.641 Y30.606
G1 F480 X39.361 Y48.886 E0.71538
G0 F1320 X39.361 Y49.452
G1 F480 X57.641 Y31.172 E0.71538
G0 F1320 X57.641 Y31.738
G1 F480 X39.361 Y50.017 E0.71536
G0 F1320 X39.361 Y50.583
G1 F480 X57.641 Y32.303 E0.71538
G0 F1320 X57.641 Y32.868
G1 F480 X39.361 Y51.149 E0.7154
G0 F1320 X39.361 Y51.714
G1 F480 X57.641 Y33.434 E0.71538
G0 F1320 X57.642 Y33.999
G1 F480 X39.361 Y52.28 E0.71542
G0 F1320 X39.361 Y52.846
G1 F480 X57.642 Y34.565 E0.71542
G0 F1320 X57.642 Y35.13
G1 F480 X39.361 Y53.411 E0.71542
G0 F1320 X39.361 Y53.977
G1 F480 X57.643 Y35.695 E0.71546
G0 F1320 X57.643 Y36.261
G1 F480 X39.361 Y54.543 E0.71546
G0 F1320 X39.361 Y55.108
G1 F480 X57.643 Y36.826 E0.71546
G0 F1320 X57.643 Y37.392
G1 F480 X39.361 Y55.674 E0.71546
G0 F1320 X39.361 Y56.24
G1 F480 X57.643 Y37.957 E0.71548
G0 F1320 X57.644 Y38.522
G1 F480 X39.361 Y56.805 E0.7155
G0 F1320 X39.361 Y57.371
G1 F480 X57.644 Y39.088 E0.7155
G0 F1320 X57.644 Y39.654
G1 F480 X39.361 Y57.937 E0.7155
G0 F1320 X39.361 Y58.502
G1 F480 X57.668 Y40.195 E0.71644
G0 F1320 X57.772 Y40.657
G1 F480 X39.361 Y59.068 E0.72051
G0 F1320 X39.361 Y59.634
G1 F480 X57.958 Y41.037 E0.72779
G0 F1320 X58.175 Y41.386
G1 F480 X39.361 Y60.2 E0.73628
G0 F1320 X39.361 Y60.765
G1 F480 X58.46 Y41.666 E0.74743
G0 F1320 X58.792 Y41.9
G1 F480 X39.361 Y61.331 E0.76043
G0 F1320 X39.361 Y61.897
G1 F480 X59.183 Y42.074 E0.77575
G0 F1320 X59.627 Y42.197
G1 F480 X39.361 Y62.462 E0.79308
G0 F1320 X39.361 Y63.028
G1 F480 X60.147 Y42.242 E0.81345
G0 F1320 X60.64 Y42.315
G1 F480 X39.361 Y63.594 E0.83275
G0 F1320 X39.361 Y64.159
G1 F480 X60.64 Y42.88 E0.83275
G0 F1320 X60.64 Y43.446
G1 F480 X39.361 Y64.725 E0.83275
G0 F1320 X39.361 Y65.291
G1 F480 X60.64 Y44.012 E0.83275
G0 F1320 X60.64 Y44.577
G1 F480 X39.361 Y65.856 E0.83275
G0 F1320 X39.361 Y66.422
G1 F480 X60.64 Y45.143 E0.83275
G0 F1320 X60.64 Y45.709
G1 F480 X39.361 Y66.988 E0.83275
G0 F1320 X39.361 Y67.553
G1 F480 X60.64 Y46.274 E0.83275
G0 F1320 X60.64 Y46.84
G1 F480 X39.361 Y68.119 E0.83275
G0 F1320 X39.361 Y68.685
G1 F480 X60.64 Y47.406 E0.83275
G0 F1320 X60.64 Y47.972
G1 F480 X39.361 Y69.251 E0.83275
G0 F1320 X39.361 Y69.816
G1 F480 X60.64 Y48.537 E0.83275
G0 F1320 X60.64 Y49.103
G1 F480 X39.361 Y70.382 E0.83275
G0 F1320 X39.361 Y70.948
G1 F480 X60.64 Y49.669 E0.83275
G0 F1320 X60.64 Y50.234
G1 F480 X39.361 Y71.513 E0.83275
G0 F1320 X39.361 Y72.079
G1 F480 X60.64 Y50.8 E0.83275
G0 F1320 X60.64 Y51.366
G1 F480 X39.361 Y72.645 E0.83275
G0 F1320 X39.361 Y73.21
G1 F480 X60.64 Y51.931 E0.83275
G0 F1320 X60.64 Y52.497
G1 F480 X39.361 Y73.776 E0.83275
G0 F1320 X39.361 Y74.342
G1 F480 X60.64 Y53.063 E0.83275
G0 F1320 X60.64 Y53.628
G1 F480 X39.361 Y74.907 E0.83275
G0 F1320 X39.361 Y75.473
G1 F480 X60.64 Y54.194 E0.83275
G0 F1320 X60.64 Y54.76
G1 F480 X39.761 Y75.639 E0.81709
G0 F1320 X40.326 Y75.639
G1 F480 X60.64 Y55.325 E0.79498
G0 F1320 X60.64 Y55.891
G1 F480 X40.892 Y75.639 E0.77283
G0 F1320 X41.458 Y75.639
G1 F480 X60.64 Y56.457 E0.75068
G0 F1320 X60.64 Y57.023
G1 F480 X48.798 Y68.864 E0.46341
G0 F1320 X49.543 Y68.685
G1 F480 X60.64 Y57.588 E0.43428
G0 F1320 X60.64 Y58.154
G1 F480 X50.136 Y68.658 E0.41107
G0 F1320 X50.668 Y68.691
G1 F480 X60.64 Y58.72 E0.39023
G0 F1320 X60.64 Y59.285
G1 F480 X51.087 Y68.838 E0.37385
G0 F1320 X51.494 Y68.997
G1 F480 X60.64 Y59.851 E0.35793
G0 F1320 X60.64 Y60.417
G1 F480 X51.854 Y69.202 E0.34382
G0 F1320 X52.17 Y69.452
G1 F480 X60.64 Y60.982 E0.33147
G0 F1320 X60.64 Y61.548
G1 F480 X52.463 Y69.725 E0.32
G0 F1320 X52.719 Y70.035
G1 F480 X60.64 Y62.114 E0.30999
G0 F1320 X60.64 Y62.679
G1 F480 X52.928 Y70.392 E0.30183
G0 F1320 X53.108 Y70.777
G1 F480 X60.64 Y63.245 E0.29476
G0 F1320 X60.64 Y63.811
G1 F480 X53.246 Y71.205 E0.28936
G0 F1320 X53.345 Y71.672
G1 F480 X60.64 Y64.376 E0.28551
G0 F1320 X60.64 Y64.942
G1 F480 X53.33 Y72.252 E0.28607
G0 F1320 X53.253 Y72.895
G1 F480 X60.64 Y65.508 E0.28909
G0 F1320 X60.64 Y66.073
G1 F480 X52.534 Y74.179 E0.31723
G0 F1320 X52.16 Y74.553
G1 F480 X51.146 Y75.568 E0.0397
G0 F1320 X51.639 Y75.641
G1 F480 X60.64 Y66.639 E0.35227
G0 F1320 X60.64 Y67.205
G1 F480 X52.204 Y75.641 E0.33014
G0 F1320 X52.77 Y75.641
G1 F480 X60.64 Y67.771 E0.30799
G0 F1320 X60.64 Y68.336
G1 F480 X53.336 Y75.641 E0.28586
G0 F1320 X53.901 Y75.641
G1 F480 X60.64 Y68.902 E0.26373
G0 F1320 X60.64 Y69.468
G1 F480 X54.467 Y75.641 E0.24158
G0 F1320 X55.033 Y75.641
G1 F480 X60.64 Y70.033 E0.21945
G0 F1320 X60.64 Y70.599
G1 F480 X55.598 Y75.641 E0.19732
G0 F1320 X56.164 Y75.641
G1 F480 X60.64 Y71.165 E0.17517
G0 F1320 X60.64 Y71.73
G1 F480 X56.73 Y75.641 E0.15304
G0 F1320 X57.295 Y75.641
G1 F480 X60.64 Y72.296 E0.13091
G0 F1320 X60.64 Y72.862
G1 F480 X57.861 Y75.641 E0.10876
G0 F1320 X58.427 Y75.641
G1 F480 X60.64 Y73.427 E0.08662
G0 F1320 X60.64 Y73.993
G1 F480 X58.993 Y75.641 E0.06447
G0 F1320 X59.558 Y75.641
G1 F480 X60.64 Y74.559 E0.04234
G0 F1320 X60.64 Y75.124
G1 F480 X60.124 Y75.641 E0.02021
G0 F1320 X49.162 Y75.289
G1 F480 X48.814 Y75.636 E0.0136
G0 F1320 X48.771 Y75.114
G1 F480 X48.246 Y75.639 E0.02055
G0 F1320 X47.68 Y75.639
G1 F480 X48.387 Y74.932 E0.02767
G0 F1320 X48.05 Y74.704
G1 F480 X47.115 Y75.639 E0.03659
G0 F1320 X46.549 Y75.639
G1 F480 X47.73 Y74.458 E0.04622
G0 F1320 X47.455 Y74.167
G1 F480 X45.983 Y75.639 E0.05761
G0 F1320 X45.417 Y75.639
G1 F480 X47.214 Y73.843 E0.07031
G0 F1320 X47.005 Y73.486
G1 F480 X44.852 Y75.639 E0.08426
G0 F1320 X44.286 Y75.639
G1 F480 X46.831 Y73.094 E0.0996
G0 F1320 X46.702 Y72.658
G1 F480 X43.72 Y75.639 E0.11668
G0 F1320 X43.155 Y75.639
G1 F480 X46.653 Y72.141 E0.13689
G0 F1320 X46.677 Y71.551
G1 F480 X42.589 Y75.639 E0.15998
G0 F1320 X42.023 Y75.639
G1 F480 X46.861 Y70.801 E0.18933
G1 X46.931 Y70.731
;MESH:NONMESH
G0 F600 X46.931 Y70.731 Z2.44
G0 F1320 X58.361 Y40.63
;TIME_ELAPSED:5663.402523
;LAYER:14
M204 P200
;TYPE:WALL-INNER
;MESH:flasherTopPlate.STL
G1 F480 X58.273 Y40.394 E0.0069
G1 X58.204 Y40.014 E0.01058
G1 X58.2 Y28.728 E0.30931
G1 X58.355 Y28.152 E0.01635
G1 X58.505 Y27.88 E0.00851
G1 X58.722 Y27.616 E0.00937
G1 X59.01 Y27.38 E0.0102
G1 X59.362 Y27.2 E0.01084
G1 X59.783 Y27.084 E0.01197
G1 X61.2 Y27.084 E0.03883
G1 X61.2 Y23.8 E0.09
G1 X38.8 Y23.8 E0.6139
G1 X38.8 Y76.2 E1.43609
G1 X61.2 Y76.2 E0.6139
G1 X61.2 Y41.684 E0.94596
G1 X60 Y41.684 E0.03289
G1 X59.601 Y41.64 E0.011
G1 X59.08 Y41.432 E0.01537
G1 X58.615 Y41.035 E0.01676
G1 X58.361 Y40.63 E0.0131
G0 F1320 X59.155 Y41.001
G1 F480 X58.815 Y40.631 E0.01377
G1 X58.657 Y40.281 E0.01052
G1 X58.603 Y39.985 E0.00825
G1 X58.6 Y28.76 E0.30764
G1 X58.72 Y28.315 E0.01263
G1 X59.006 Y27.897 E0.01388
G1 X59.23 Y27.714 E0.00793
G1 X59.504 Y27.574 E0.00843
G1 X59.831 Y27.484 E0.0093
G1 X61.6 Y27.484 E0.04848
G1 X61.6 Y23.4 E0.11193
G1 X38.4 Y23.4 E0.63583
G1 X38.4 Y76.6 E1.45802
G1 X61.6 Y76.6 E0.63583
G1 X61.6 Y41.284 E0.96788
G1 X60 Y41.284 E0.04385
G1 X59.69 Y41.25 E0.00855
G1 X59.457 Y41.175 E0.00671
G1 X59.155 Y41.001 E0.00955
G0 F1320 X59.09 Y28.179
G0 X59.29 Y28.179
G1 F480 X59.645 Y27.948 E0.01161
G1 X59.878 Y27.884 E0.00662
G1 X62 Y27.884 E0.05816
G1 X62 Y23 E0.13385
G1 X38 Y23 E0.65775
G1 X38 Y77 E1.47994
G1 X62 Y77 E0.65775
G1 X62 Y40.884 E0.98981
G1 X59.838 Y40.884 E0.05925
G1 X59.488 Y40.744 E0.01033
G1 X59.326 Y40.624 E0.00553
G1 X59.154 Y40.418 E0.00735
G1 X59.04 Y40.167 E0.00756
G1 X59.002 Y39.957 E0.00585
G1 X59 Y28.795 E0.30591
G1 X59.086 Y28.477 E0.00903
G1 X59.29 Y28.179 E0.0099
G0 F1320 X59.09 Y28.179
G0 X59.162 Y40.724
G0 X59.693 Y40.4
G1 F480 X59.538 Y40.268 E0.00558
G1 X59.453 Y40.133 E0.00437
G1 X59.401 Y39.928 E0.0058
G1 X59.404 Y28.809 E0.30473
G1 X59.451 Y28.64 E0.00481
G1 X59.574 Y28.461 E0.00595
G1 X59.787 Y28.322 E0.00697
G1 X59.925 Y28.284 E0.00392
G1 X62.4 Y28.284 E0.06783
G1 X62.4 Y22.6 E0.15578
G1 X37.6 Y22.6 E0.67968
G1 X37.6 Y77.4 E1.50187
G1 X62.4 Y77.4 E0.67968
G1 X62.4 Y40.484 E1.01173
G1 X59.902 Y40.484 E0.06846
G1 X59.693 Y40.4 E0.00617
G0 F1320 X59.693 Y40.796
G0 X50.52 Y69.232
G1 F480 X51.219 Y69.48 E0.02033
G1 X51.49 Y69.631 E0.0085
G1 X51.982 Y70.02 E0.01719
G1 X52.217 Y70.288 E0.00977
G1 X52.602 Y70.943 E0.02082
G1 X52.774 Y71.645 E0.01981
G1 X52.8 Y71.97 E0.00894
G1 X52.722 Y72.718 E0.02061
G1 X52.41 Y73.406 E0.0207
G1 X52.056 Y73.887 E0.01637
G1 X51.812 Y74.122 E0.00928
G1 X51.288 Y74.475 E0.01732
G1 X50.563 Y74.738 E0.02114
G1 X50.084 Y74.792 E0.01321
G1 X49.598 Y74.759 E0.01335
G1 X49.028 Y74.614 E0.01612
G1 X48.717 Y74.478 E0.0093
G1 X48.184 Y74.122 E0.01757
G1 X47.94 Y73.887 E0.00928
G1 X47.586 Y73.406 E0.01637
G1 X47.271 Y72.705 E0.02106
G1 X47.191 Y71.859 E0.02329
G1 X47.336 Y71.125 E0.02051
G1 X47.443 Y70.86 E0.00783
G1 X47.779 Y70.286 E0.01823
G1 X48.019 Y70.017 E0.00988
G1 X48.506 Y69.631 E0.01703
G1 X48.928 Y69.412 E0.01303
G1 X49.227 Y69.309 E0.00867
G1 X49.857 Y69.205 E0.0175
G1 X50.52 Y69.232 E0.01819
G0 F1320 X51.498 Y70.913
G0 X52.328 Y72.629
G1 F480 X52.053 Y73.225 E0.01799
G1 X51.778 Y73.599 E0.01272
G1 X51.534 Y73.835 E0.0093
G1 X51.126 Y74.109 E0.01347
G1 X50.494 Y74.344 E0.01848
G1 X50.084 Y74.392 E0.01131
G1 X49.631 Y74.36 E0.01245
G1 X49.188 Y74.248 E0.01252
G1 X48.876 Y74.112 E0.00933
G1 X48.462 Y73.835 E0.01365
G1 X48.218 Y73.599 E0.0093
G1 X47.943 Y73.225 E0.01272
G1 X47.695 Y72.683 E0.01634
G1 X47.609 Y72.122 E0.01555
G1 X47.607 Y71.809 E0.00858
G1 X47.805 Y71.031 E0.022
G1 X48.186 Y70.41 E0.01997
G1 X48.781 Y69.92 E0.02112
G1 X49.324 Y69.697 E0.01609
G1 X49.888 Y69.604 E0.01567
G1 X50.539 Y69.661 E0.01791
G1 X51.056 Y69.845 E0.01504
G1 X51.267 Y69.962 E0.00661
G1 X51.807 Y70.407 E0.01918
G1 X52.219 Y71.053 E0.021
G1 X52.38 Y71.714 E0.01865
G1 X52.4 Y71.967 E0.00696
G1 X52.328 Y72.629 E0.01825
G0 F1320 X51.875 Y71.27
G1 F480 X52 Y71.964 E0.01933
G1 X51.915 Y72.578 E0.01699
G1 X51.697 Y73.044 E0.0141
G1 X51.5 Y73.312 E0.00912
G1 X51.256 Y73.547 E0.00928
G1 X50.964 Y73.743 E0.00964
G1 X50.425 Y73.95 E0.01582
G1 X50.084 Y73.992 E0.00942
G1 X49.665 Y73.961 E0.01151
G1 X49.348 Y73.881 E0.00896
G1 X49.036 Y73.745 E0.00933
G1 X48.74 Y73.547 E0.00976
G1 X48.496 Y73.312 E0.00928
G1 X48.299 Y73.044 E0.00912
G1 X48.079 Y72.571 E0.0143
G1 X47.987 Y71.935 E0.01761
G1 X48.137 Y71.25 E0.01922
G1 X48.506 Y70.649 E0.01933
G1 X49.028 Y70.248 E0.01804
G1 X49.376 Y70.092 E0.01045
G1 X49.92 Y70.003 E0.01511
G1 X50.301 Y70.02 E0.01045
G1 X50.972 Y70.235 E0.01931
G1 X51.461 Y70.638 E0.01737
G1 X51.875 Y71.27 E0.02071
G0 F1320 X51.221 Y70.969
G1 F480 X51.491 Y71.429 E0.01462
G1 X51.6 Y71.961 E0.01488
G1 X51.532 Y72.464 E0.01391
G1 X51.34 Y72.864 E0.01216
G1 X50.978 Y73.26 E0.0147
G1 X50.803 Y73.377 E0.00577
G1 X50.356 Y73.556 E0.0132
G1 X50.084 Y73.592 E0.00752
G1 X49.698 Y73.563 E0.01061
G1 X49.196 Y73.378 E0.01466
G1 X49.018 Y73.26 E0.00585
G1 X48.656 Y72.864 E0.0147
G1 X48.463 Y72.46 E0.01227
G1 X48.403 Y71.893 E0.01563
G1 X48.529 Y71.372 E0.01469
G1 X48.775 Y70.969 E0.01294
G1 X49.221 Y70.598 E0.0159
G1 X49.518 Y70.473 E0.00883
G1 X49.952 Y70.401 E0.01206
G1 X50.287 Y70.423 E0.0092
G1 X50.82 Y70.626 E0.01563
G1 X51.221 Y70.969 E0.01446
G0 F1320 X51.491 Y70.805
G0 X51.859 Y71.923
G0 X51.497 Y73.106
G0 X50.554 Y73.763
G0 X49.672 Y73.874
G0 X49.731 Y73.164
M204 P150
;TYPE:WALL-OUTER
G1 F480 X49.296 Y72.972 E0.0129
G1 X49.013 Y72.683 E0.01098
G1 X48.847 Y72.348 E0.01015
G1 X48.8 Y71.956 E0.01072
G1 X48.882 Y71.563 E0.0109
G1 X49.105 Y71.199 E0.01159
G1 X49.415 Y70.948 E0.01083
G1 X49.599 Y70.866 E0.00547
G1 X49.984 Y70.8 E0.0106
G1 X50.208 Y70.815 E0.00609
G1 X50.581 Y70.948 E0.01075
G1 X50.891 Y71.199 E0.01083
G1 X51.113 Y71.561 E0.01153
G1 X51.198 Y71.921 E0.01004
G1 X51.148 Y72.35 E0.01172
G1 X50.944 Y72.736 E0.01185
G1 X50.641 Y73.011 E0.01111
G1 X50.285 Y73.162 E0.0105
G1 X50.067 Y73.192 E0.00597
G1 X49.731 Y73.164 E0.00915
G0 F1320 X49.548 Y73.084
G0 X49.25 Y73.741
G0 X48.608 Y72.426
G0 X59.562 Y28.448
G0 X62.52 Y22.48
G0 X62.8 Y22.2
G1 F480 X37.2 Y22.2 E0.69479
G1 X37.2 Y77.8 E1.509
G1 X62.8 Y77.8 E0.69479
G1 X62.8 Y40.084 E1.02362
G1 X59.955 Y40.08 E0.07721
G1 X59.854 Y40.022 E0.00316
G1 X59.8 Y39.899 E0.00365
G1 X59.801 Y28.859 E0.29963
G1 X59.858 Y28.743 E0.00351
G1 X59.973 Y28.685 E0.0035
G1 X62.8 Y28.684 E0.07673
G1 X62.8 Y22.2 E0.17598
G0 F1320 X62.6 Y22.2
G0 X62.12 Y22.88
G0 X59.162 Y28.048
G0 X51.351 Y69.143
M204 P180
;TYPE:SKIN
G1 F480 X50.57 Y68.873 E0.02287
G1 X49.765 Y68.845 E0.02229
G1 X49.038 Y68.98 E0.02046
G1 X48.385 Y69.268 E0.01975
G1 X47.776 Y69.746 E0.02142
G1 X47.493 Y70.064 E0.01178
G1 X47.11 Y70.717 E0.02095
G1 X46.983 Y71.04 E0.0096
G1 X46.825 Y71.833 E0.02238
G1 X46.915 Y72.791 E0.02663
G1 X47.278 Y73.595 E0.02441
G1 X47.666 Y74.123 E0.01813
G1 X47.934 Y74.381 E0.01029
G1 F446.5 X48.65 Y74.865 E0.02571
G1 F390.2 X49.52 Y75.17 E0.03138
G1 F354.2 X49.564 Y75.197 E0.00194
G1 F347.2 X50.064 Y75.224 E0.01916
G1 F342.9 X50.634 Y75.18 E0.02215
G1 F346.6 X50.675 Y75.145 E0.00207
G1 F412.9 X51.463 Y74.783 E0.0279
G1 F480 X52.064 Y74.38 E0.02002
G1 X52.308 Y74.144 E0.00939
G1 X52.718 Y73.591 E0.01905
G1 X53.072 Y72.81 E0.02373
G1 X53.174 Y71.831 E0.02724
G1 X53.022 Y71.122 E0.02007
G1 X52.882 Y70.718 E0.01183
G1 X52.521 Y70.094 E0.01995
G1 X52.248 Y69.773 E0.01166
G1 X51.705 Y69.339 E0.01924
G1 X51.351 Y69.143 E0.0112
G0 F1320 X58.56 Y41.493
G1 F480 X58.896 Y41.744 E0.01161
G1 X59.493 Y41.982 E0.01778
G1 X59.977 Y42.043 E0.0135
G1 X60.84 Y42.044 E0.02388
G1 X60.84 Y75.84 E0.93522
G1 X51.603 Y75.84 E0.25561
G1 F412.9 X50.786 Y75.775 E0.02637
G1 F346.6 X50.683 Y75.752 E0.00404
G1 F342.9 X50.084 Y75.768 E0.02321
G1 F347.2 X49.544 Y75.758 E0.02066
G1 F354.2 X49.446 Y75.779 E0.00376
G1 F416.5 X48.799 Y75.839 E0.02072
G1 F480 X39.161 Y75.839 E0.26671
G1 X39.16 Y24.16 E1.43008
G1 X60.84 Y24.16 E0.59994
G1 X60.84 Y26.724 E0.07095
G1 X59.729 Y26.726 E0.03074
G1 X59.246 Y26.859 E0.01386
G1 X58.829 Y27.065 E0.01287
G1 X58.481 Y27.345 E0.01236
G1 X58.217 Y27.661 E0.01139
G1 X58.014 Y28.032 E0.0117
G1 X57.846 Y28.664 E0.0181
G1 X57.844 Y40.042 E0.31486
G1 X57.918 Y40.475 E0.01216
G1 X58.032 Y40.778 E0.00896
G1 X58.334 Y41.264 E0.01583
G1 X58.56 Y41.493 E0.0089
G0 F1320 X59.162 Y28.048
G0 X60.564 Y24.36
G1 F480 X60.64 Y24.436 E0.00297
G0 F1320 X60.64 Y25.002
G1 F480 X59.998 Y24.36 E0.02512
G0 F1320 X59.432 Y24.36
G1 F480 X60.64 Y25.568 E0.04727
G0 F1320 X60.64 Y26.133
G1 F480 X58.867 Y24.36 E0.06939
G0 F1320 X58.301 Y24.36
G1 F480 X60.465 Y26.524 E0.08469
G0 F1320 X59.903 Y26.528
G1 F480 X57.735 Y24.36 E0.08484
G0 F1320 X57.17 Y24.36
G1 F480 X59.415 Y26.605 E0.08786
G0 F1320 X59.002 Y26.758
G1 F480 X56.604 Y24.36 E0.09385
G0 F1320 X56.038 Y24.36
G1 F480 X58.642 Y26.963 E0.10189
G0 F1320 X58.331 Y27.218
G1 F480 X55.473 Y24.36 E0.11185
G0 F1320 X54.907 Y24.36
G1 F480 X58.071 Y27.524 E0.12382
G0 F1320 X57.863 Y27.882
G1 F480 X54.341 Y24.36 E0.13783
G0 F1320 X53.775 Y24.36
G1 F480 X57.732 Y28.317 E0.15486
G0 F1320 X57.641 Y28.791
G1 F480 X53.21 Y24.36 E0.17341
G0 F1320 X52.644 Y24.36
G1 F480 X57.641 Y29.356 E0.19554
G0 F1320 X57.641 Y29.922
G1 F480 X52.078 Y24.36 E0.21769
G0 F1320 X51.513 Y24.36
G1 F480 X57.641 Y30.488 E0.23982
G0 F1320 X57.641 Y31.054
G1 F480 X50.947 Y24.36 E0.26197
G0 F1320 X50.381 Y24.36
G1 F480 X57.641 Y31.62 E0.28412
G0 F1320 X57.642 Y32.186
G1 F480 X49.816 Y24.36 E0.30627
G0 F1320 X49.25 Y24.36
G1 F480 X57.642 Y32.752 E0.32842
G0 F1320 X57.642 Y33.317
G1 F480 X48.684 Y24.36 E0.35055
G0 F1320 X48.119 Y24.36
G1 F480 X57.643 Y33.884 E0.37272
G0 F1320 X57.643 Y34.45
G1 F480 X47.553 Y24.36 E0.39487
G0 F1320 X46.987 Y24.36
G1 F480 X57.643 Y35.015 E0.417
G0 F1320 X57.643 Y35.582
G1 F480 X46.422 Y24.36 E0.43915
G0 F1320 X45.856 Y24.36
G1 F480 X57.643 Y36.147 E0.46128
G0 F1320 X57.643 Y36.713
G1 F480 X45.29 Y24.36 E0.48343
G0 F1320 X44.725 Y24.36
G1 F480 X57.644 Y37.279 E0.50558
G0 F1320 X57.644 Y37.845
G1 F480 X44.159 Y24.36 E0.52773
G0 F1320 X43.593 Y24.36
G1 F480 X57.644 Y38.411 E0.54988
G0 F1320 X57.645 Y38.977
G1 F480 X43.027 Y24.36 E0.57205
G0 F1320 X42.462 Y24.36
G1 F480 X57.645 Y39.543 E0.59418
G0 F1320 X57.655 Y40.119
G1 F480 X41.896 Y24.36 E0.61672
G0 F1320 X41.33 Y24.36
G1 F480 X57.88 Y40.909 E0.64766
G1 X57.95 Y40.979
G0 F1320 X58.953 Y41.982
G1 F480 X60.64 Y43.67 E0.06604
G0 F1320 X60.64 Y44.235
G1 F480 X40.765 Y24.36 E0.7778
G0 F1320 X40.199 Y24.36
G1 F480 X60.64 Y44.801 E0.79995
G0 F1320 X60.64 Y45.367
G1 F480 X39.633 Y24.36 E0.8221
G0 F1320 X39.36 Y24.653
G1 F480 X60.64 Y45.932 E0.83277
G0 F1320 X60.64 Y46.498
G1 F480 X39.36 Y25.218 E0.83279
G0 F1320 X39.36 Y25.784
G1 F480 X60.64 Y47.064 E0.83279
G0 F1320 X60.64 Y47.629
G1 F480 X39.36 Y26.35 E0.83277
G0 F1320 X39.36 Y26.915
G1 F480 X60.64 Y48.195 E0.83279
G0 F1320 X60.64 Y48.761
G1 F480 X39.36 Y27.481 E0.83279
G0 F1320 X39.36 Y28.047
G1 F480 X60.64 Y49.326 E0.83277
G0 F1320 X60.64 Y49.892
G1 F480 X39.36 Y28.612 E0.83279
G0 F1320 X39.36 Y29.178
G1 F480 X60.64 Y50.458 E0.83279
G0 F1320 X60.64 Y51.023
G1 F480 X39.36 Y29.744 E0.83277
G0 F1320 X39.36 Y30.309
G1 F480 X60.64 Y51.589 E0.83279
G0 F1320 X60.64 Y52.155
G1 F480 X39.36 Y30.875 E0.83279
G0 F1320 X39.36 Y31.441
G1 F480 X60.64 Y52.72 E0.83277
G0 F1320 X60.64 Y53.286
G1 F480 X39.36 Y32.006 E0.83279
G0 F1320 X39.36 Y32.572
G1 F480 X60.64 Y53.852 E0.83279
G0 F1320 X60.64 Y54.418
G1 F480 X39.36 Y33.138 E0.83279
G0 F1320 X39.36 Y33.704
G1 F480 X60.64 Y54.983 E0.83277
G0 F1320 X60.64 Y55.549
G1 F480 X39.36 Y34.269 E0.83279
G0 F1320 X39.36 Y34.835
G1 F480 X60.64 Y56.115 E0.83279
G0 F1320 X60.64 Y56.68
G1 F480 X39.36 Y35.401 E0.83277
G0 F1320 X39.36 Y35.966
G1 F480 X60.64 Y57.246 E0.83279
G0 F1320 X60.64 Y57.812
G1 F480 X39.36 Y36.532 E0.83279
G0 F1320 X39.36 Y37.098
G1 F480 X60.64 Y58.377 E0.83277
G0 F1320 X60.64 Y58.943
G1 F480 X39.36 Y37.663 E0.83279
G0 F1320 X39.36 Y38.229
G1 F480 X60.64 Y59.509 E0.83279
G0 F1320 X60.64 Y60.074
G1 F480 X39.36 Y38.795 E0.83277
G0 F1320 X39.36 Y39.36
G1 F480 X60.64 Y60.64 E0.83279
G0 F1320 X60.64 Y61.206
G1 F480 X39.36 Y39.926 E0.83279
G0 F1320 X39.36 Y40.492
G1 F480 X60.64 Y61.771 E0.83277
G0 F1320 X60.64 Y62.337
G1 F480 X39.36 Y41.057 E0.83279
G0 F1320 X39.36 Y41.623
G1 F480 X60.64 Y62.903 E0.83279
G0 F1320 X60.64 Y63.468
G1 F480 X39.36 Y42.189 E0.83277
G0 F1320 X39.36 Y42.755
G1 F480 X60.64 Y64.034 E0.83277
G0 F1320 X60.64 Y64.6
G1 F480 X39.36 Y43.32 E0.83279
G0 F1320 X39.36 Y43.886
G1 F480 X60.64 Y65.166 E0.83279
G0 F1320 X60.64 Y65.731
G1 F480 X39.36 Y44.452 E0.83277
G0 F1320 X39.36 Y45.017
G1 F480 X60.64 Y66.297 E0.83279
G0 F1320 X60.64 Y66.863
G1 F480 X39.36 Y45.583 E0.83279
G0 F1320 X39.36 Y46.149
G1 F480 X60.64 Y67.428 E0.83277
G0 F1320 X60.64 Y67.994
G1 F480 X39.36 Y46.714 E0.83279
G0 F1320 X39.36 Y47.28
G1 F480 X60.64 Y68.56 E0.83279
G0 F1320 X60.64 Y69.125
G1 F480 X39.36 Y47.846 E0.83277
G0 F1320 X39.36 Y48.411
G1 F480 X60.64 Y69.691 E0.83279
G0 F1320 X60.64 Y70.257
G1 F480 X39.36 Y48.977 E0.83279
G0 F1320 X39.36 Y49.543
G1 F480 X60.64 Y70.822 E0.83277
G0 F1320 X60.64 Y71.388
G1 F480 X39.36 Y50.108 E0.83279
G0 F1320 X39.36 Y50.674
G1 F480 X60.64 Y71.954 E0.83279
G0 F1320 X60.64 Y72.519
G1 F480 X39.36 Y51.24 E0.83277
G0 F1320 X39.36 Y51.805
G1 F480 X60.64 Y73.085 E0.83279
G0 F1320 X60.64 Y73.651
G1 F480 X39.36 Y52.371 E0.83279
G0 F1320 X39.36 Y52.937
G1 F480 X60.64 Y74.217 E0.83279
G0 F1320 X60.64 Y74.782
G1 F480 X39.36 Y53.503 E0.83277
G0 F1320 X39.36 Y54.068
G1 F480 X60.64 Y75.348 E0.83279
G0 F1320 X60.366 Y75.64
G1 F480 X39.36 Y54.634 E0.82206
G0 F1320 X39.36 Y55.2
G1 F480 X59.801 Y75.64 E0.79993
G0 F1320 X59.235 Y75.64
G1 F480 X39.36 Y55.765 E0.7778
G0 F1320 X39.36 Y56.331
G1 F480 X58.669 Y75.64 E0.75565
G0 F1320 X58.104 Y75.64
G1 F480 X53.027 Y70.564 E0.19867
G1 X52.957 Y70.494
G0 F1320 X53.283 Y71.385
G1 F480 X57.538 Y75.64 E0.16652
G0 F1320 X56.972 Y75.64
G1 F480 X53.353 Y72.02 E0.14165
G0 F1320 X53.3 Y72.534
G1 F480 X56.407 Y75.64 E0.12157
G0 F1320 X55.841 Y75.64
G1 F480 X53.204 Y73.003 E0.1032
G0 F1320 X53.029 Y73.394
G1 F480 X55.275 Y75.64 E0.0879
G0 F1320 X54.71 Y75.64
G1 F480 X52.836 Y73.767 E0.07332
G0 F1320 X52.597 Y74.093
G1 F480 X54.144 Y75.64 E0.06054
G0 F1320 X53.578 Y75.64
G1 F480 X52.334 Y74.395 E0.0487
G0 F1320 X52.021 Y74.649
G1 F480 X53.013 Y75.64 E0.0388
G0 F1320 X52.447 Y75.64
G1 F480 X51.683 Y74.876 E0.0299
G0 F1320 X51.327 Y75.086
G1 F480 X51.881 Y75.64 E0.02168
G0 F1320 X51.26 Y75.585
G1 F480 X50.963 Y75.287 E0.01164
G0 F1320 X49.481 Y75.503
G1 F480 X49.357 Y75.378 E0.00487
G0 F1320 X49.012 Y75.599
G1 F480 X48.259 Y74.846 E0.02947
G1 X48.189 Y74.776
G0 F1320 X48.486 Y75.639
G1 F480 X39.36 Y66.513 E0.35714
G0 F1320 X39.36 Y65.948
G1 F480 X47.091 Y73.678 E0.30253
G1 X47.161 Y73.748
G0 F1320 X46.709 Y72.731
G1 F480 X39.36 Y65.382 E0.2876
G0 F1320 X39.36 Y64.816
G1 F480 X46.65 Y72.106 E0.28529
G0 F1320 X46.675 Y71.565
G1 F480 X39.36 Y64.251 E0.28625
G0 F1320 X39.36 Y63.685
G1 F480 X46.769 Y71.093 E0.28993
G0 F1320 X46.915 Y70.674
G1 F480 X39.36 Y63.119 E0.29566
G0 F1320 X39.36 Y62.553
G1 F480 X47.115 Y70.308 E0.30349
G0 F1320 X47.33 Y69.958
G1 F480 X39.36 Y61.988 E0.3119
G0 F1320 X39.36 Y61.422
G1 F480 X47.594 Y69.656 E0.32224
G0 F1320 X47.898 Y69.394
G1 F480 X39.36 Y60.856 E0.33413
G0 F1320 X39.36 Y60.291
G1 F480 X48.214 Y69.144 E0.34648
G0 F1320 X48.59 Y68.955
G1 F480 X39.36 Y59.725 E0.36121
G0 F1320 X39.36 Y59.159
G1 F480 X48.985 Y68.784 E0.37667
G0 F1320 X49.465 Y68.698
G1 F480 X39.36 Y58.594 E0.39544
G0 F1320 X39.36 Y58.028
G1 F480 X49.984 Y68.652 E0.41577
G0 F1320 X50.572 Y68.674
G1 F480 X39.36 Y57.462 E0.43878
G0 F1320 X39.36 Y56.897
G1 F480 X51.419 Y68.955 E0.47191
G1 X51.489 Y69.025
G0 F1320 X49.064 Y70.397
G0 X48.272 Y71.307
G0 X47.92 Y75.639
G1 F480 X39.36 Y67.079 E0.33499
G0 F1320 X39.36 Y67.645
G1 F480 X47.354 Y75.639 E0.31284
G0 F1320 X46.789 Y75.639
G1 F480 X39.36 Y68.21 E0.29073
G0 F1320 X39.36 Y68.776
G1 F480 X46.223 Y75.639 E0.26858
G0 F1320 X45.657 Y75.639
G1 F480 X39.36 Y69.342 E0.24643
G0 F1320 X39.36 Y69.907
G1 F480 X45.091 Y75.639 E0.2243
G0 F1320 X44.526 Y75.639
G1 F480 X39.36 Y70.473 E0.20217
G0 F1320 X39.36 Y71.039
G1 F480 X43.96 Y75.639 E0.18002
G0 F1320 X43.394 Y75.639
G1 F480 X39.36 Y71.604 E0.15789
G0 F1320 X39.36 Y72.17
G1 F480 X42.829 Y75.639 E0.13576
G0 F1320 X42.263 Y75.639
G1 F480 X39.36 Y72.736 E0.11361
G0 F1320 X39.36 Y73.302
G1 F480 X41.697 Y75.639 E0.09146
G0 F1320 X41.132 Y75.639
G1 F480 X39.36 Y73.867 E0.06935
G0 F1320 X39.36 Y74.433
G1 F480 X40.566 Y75.639 E0.0472
G0 F1320 X40 Y75.639
G1 F480 X39.36 Y74.999 E0.02505
G0 F1320 X39.36 Y75.564
G1 F480 X39.435 Y75.639 E0.00294
G0 F1320 X60.64 Y43.104
G1 F480 X59.751 Y42.214 E0.03481
G0 F1320 X60.345 Y42.243
G1 F480 X60.64 Y42.538 E0.01154
;MESH:NONMESH
G0 F600 X60.64 Y42.538 Z2.6
G0 F1320 X59.08 Y41.432
;TIME_ELAPSED:6130.594668
;LAYER:15
M204 P200
;TYPE:WALL-INNER
;MESH:flasherTopPlate.STL
G1 F480 X58.615 Y41.035 E0.01676
G1 X58.361 Y40.63 E0.0131
G1 X58.273 Y40.394 E0.0069
G1 X58.204 Y40.014 E0.01058
G1 X58.2 Y28.728 E0.30931
G1 X58.355 Y28.152 E0.01635
G1 X58.505 Y27.88 E0.00851
G1 X58.722 Y27.616 E0.00937
G1 X59.01 Y27.38 E0.0102
G1 X59.362 Y27.2 E0.01084
G1 X59.783 Y27.084 E0.01197
G1 X61.2 Y27.084 E0.03883
G1 X61.2 Y23.8 E0.09
G1 X38.8 Y23.8 E0.6139
G1 X38.8 Y76.2 E1.43609
G1 X61.2 Y76.2 E0.6139
G1 X61.2 Y41.684 E0.94596
G1 X60 Y41.684 E0.03289
G1 X59.601 Y41.64 E0.011
G1 X59.08 Y41.432 E0.01537
G0 F1320 X61.6 Y41.284
G1 F480 X60 Y41.284 E0.04385
G1 X59.69 Y41.25 E0.00855
G1 X59.457 Y41.175 E0.00671
G1 X59.155 Y41.001 E0.00955
G1 X58.815 Y40.631 E0.01377
G1 X58.657 Y40.281 E0.01052
G1 X58.603 Y39.985 E0.00825
G1 X58.6 Y28.76 E0.30764
G1 X58.72 Y28.315 E0.01263
G1 X59.006 Y27.897 E0.01388
G1 X59.23 Y27.714 E0.00793
G1 X59.504 Y27.574 E0.00843
G1 X59.831 Y27.484 E0.0093
G1 X61.6 Y27.484 E0.04848
G1 X61.6 Y23.4 E0.11193
G1 X38.4 Y23.4 E0.63583
G1 X38.4 Y76.6 E1.45802
G1 X61.6 Y76.6 E0.63583
G1 X61.6 Y41.284 E0.96788
G0 F1320 X59.162 Y40.724
G0 X59.162 Y28.048
G0 X62 Y27.884
G1 F480 X62 Y23 E0.13385
G1 X38 Y23 E0.65775
G1 X38 Y77 E1.47994
G1 X62 Y77 E0.65775
G1 X62 Y40.884 E0.98981
G1 X59.838 Y40.884 E0.05925
G1 X59.488 Y40.744 E0.01033
G1 X59.326 Y40.624 E0.00553
G1 X59.154 Y40.418 E0.00735
G1 X59.04 Y40.167 E0.00756
G1 X59.002 Y39.957 E0.00585
G1 X59 Y28.795 E0.30591
G1 X59.086 Y28.477 E0.00903
G1 X59.29 Y28.179 E0.0099
G1 X59.645 Y27.948 E0.01161
G1 X59.878 Y27.884 E0.00662
G1 X62 Y27.884 E0.05816
G0 F1320 X59.162 Y28.048
G0 X37.88 Y77.12
G0 X37.6 Y77.4
G1 F480 X62.4 Y77.4 E0.67968
G1 X62.4 Y40.484 E1.01173
G1 X59.902 Y40.484 E0.06846
G1 X59.693 Y40.4 E0.00617
G1 X59.538 Y40.268 E0.00558
G1 X59.453 Y40.133 E0.00437
G1 X59.401 Y39.928 E0.0058
G1 X59.404 Y28.809 E0.30473
G1 X59.451 Y28.64 E0.00481
G1 X59.574 Y28.461 E0.00595
G1 X59.787 Y28.322 E0.00697
G1 X59.925 Y28.284 E0.00392
G1 X62.4 Y28.284 E0.06783
G1 X62.4 Y22.6 E0.15578
G1 X37.6 Y22.6 E0.67968
G1 X37.6 Y77.4 E1.50187
G0 F1320 X37.88 Y77.12
G0 X47.443 Y70.86
G1 F480 X47.779 Y70.286 E0.01823
G1 X48.019 Y70.017 E0.00988
G1 X48.506 Y69.631 E0.01703
G1 X48.928 Y69.412 E0.01303
G1 X49.227 Y69.309 E0.00867
G1 X49.857 Y69.205 E0.0175
G1 X50.52 Y69.232 E0.01819
G1 X51.219 Y69.48 E0.02033
G1 X51.49 Y69.631 E0.0085
G1 X51.982 Y70.02 E0.01719
G1 X52.217 Y70.288 E0.00977
G1 X52.602 Y70.943 E0.02082
G1 X52.774 Y71.645 E0.01981
G1 X52.8 Y71.97 E0.00894
G1 X52.722 Y72.718 E0.02061
G1 X52.41 Y73.406 E0.0207
G1 X52.056 Y73.887 E0.01637
G1 X51.812 Y74.122 E0.00928
G1 X51.288 Y74.475 E0.01732
G1 X50.563 Y74.738 E0.02114
G1 X50.084 Y74.792 E0.01321
G1 X49.598 Y74.759 E0.01335
G1 X49.028 Y74.614 E0.01612
G1 X48.717 Y74.478 E0.0093
G1 X48.184 Y74.122 E0.01757
G1 X47.94 Y73.887 E0.00928
G1 X47.586 Y73.406 E0.01637
G1 X47.271 Y72.705 E0.02106
G1 X47.191 Y71.859 E0.02329
G1 X47.336 Y71.125 E0.02051
G1 X47.443 Y70.86 E0.00783
G0 F1320 X47.607 Y71.809
G1 F480 X47.805 Y71.031 E0.022
G1 X48.186 Y70.41 E0.01997
G1 X48.781 Y69.92 E0.02112
G1 X49.324 Y69.697 E0.01609
G1 X49.888 Y69.604 E0.01567
G1 X50.539 Y69.661 E0.01791
G1 X51.056 Y69.845 E0.01504
G1 X51.267 Y69.962 E0.00661
G1 X51.807 Y70.407 E0.01918
G1 X52.219 Y71.053 E0.021
G1 X52.38 Y71.714 E0.01865
G1 X52.4 Y71.967 E0.00696
G1 X52.328 Y72.629 E0.01825
G1 X52.053 Y73.225 E0.01799
G1 X51.778 Y73.599 E0.01272
G1 X51.534 Y73.835 E0.0093
G1 X51.126 Y74.109 E0.01347
G1 X50.494 Y74.344 E0.01848
G1 X50.084 Y74.392 E0.01131
G1 X49.631 Y74.36 E0.01245
G1 X49.188 Y74.248 E0.01252
G1 X48.876 Y74.112 E0.00933
G1 X48.462 Y73.835 E0.01365
G1 X48.218 Y73.599 E0.0093
G1 X47.943 Y73.225 E0.01272
G1 X47.695 Y72.683 E0.01634
G1 X47.609 Y72.122 E0.01555
G1 X47.607 Y71.809 E0.00858
G0 F1320 X48.506 Y70.649
G1 F480 X49.028 Y70.248 E0.01804
G1 X49.376 Y70.092 E0.01045
G1 X49.92 Y70.003 E0.01511
G1 X50.301 Y70.02 E0.01045
G1 X50.972 Y70.235 E0.01931
G1 X51.461 Y70.638 E0.01737
G1 X51.875 Y71.27 E0.02071
G1 X52 Y71.964 E0.01933
G1 X51.915 Y72.578 E0.01699
G1 X51.697 Y73.044 E0.0141
G1 X51.5 Y73.312 E0.00912
G1 X51.256 Y73.547 E0.00928
G1 X50.964 Y73.743 E0.00964
G1 X50.425 Y73.95 E0.01582
G1 X50.084 Y73.992 E0.00942
G1 X49.665 Y73.961 E0.01151
G1 X49.348 Y73.881 E0.00896
G1 X49.036 Y73.745 E0.00933
G1 X48.74 Y73.547 E0.00976
G1 X48.496 Y73.312 E0.00928
G1 X48.299 Y73.044 E0.00912
G1 X48.079 Y72.571 E0.0143
G1 X47.987 Y71.935 E0.01761
G1 X48.137 Y71.25 E0.01922
G1 X48.506 Y70.649 E0.01933
G0 F1320 X49.417 Y70.238
G0 X50.348 Y70.176
G0 X51.49 Y70.804
G0 X51.221 Y70.969
G1 F480 X51.491 Y71.429 E0.01462
G1 X51.6 Y71.961 E0.01488
G1 X51.532 Y72.464 E0.01391
G1 X51.34 Y72.864 E0.01216
G1 X50.978 Y73.26 E0.0147
G1 X50.803 Y73.377 E0.00577
G1 X50.356 Y73.556 E0.0132
G1 X50.084 Y73.592 E0.00752
G1 X49.698 Y73.563 E0.01061
G1 X49.196 Y73.378 E0.01466
G1 X49.018 Y73.26 E0.00585
G1 X48.656 Y72.864 E0.0147
G1 X48.463 Y72.46 E0.01227
G1 X48.403 Y71.893 E0.01563
G1 X48.529 Y71.372 E0.01469
G1 X48.775 Y70.969 E0.01294
G1 X49.221 Y70.598 E0.0159
G1 X49.518 Y70.473 E0.00883
G1 X49.952 Y70.401 E0.01206
G1 X50.287 Y70.423 E0.0092
G1 X50.82 Y70.626 E0.01563
G1 X51.221 Y70.969 E0.01446
G0 F1320 X50.581 Y70.948
M204 P150
;TYPE:WALL-OUTER
G1 F480 X50.891 Y71.199 E0.01083
G1 X51.113 Y71.561 E0.01153
G1 X51.198 Y71.921 E0.01004
G1 X51.148 Y72.35 E0.01172
G1 X50.944 Y72.736 E0.01185
G1 X50.641 Y73.011 E0.01111
G1 X50.285 Y73.162 E0.0105
G1 X50.067 Y73.192 E0.00597
G1 X49.731 Y73.164 E0.00915
G1 X49.296 Y72.972 E0.0129
G1 X49.013 Y72.683 E0.01098
G1 X48.847 Y72.348 E0.01015
G1 X48.8 Y71.956 E0.01072
G1 X48.882 Y71.563 E0.0109
G1 X49.105 Y71.199 E0.01159
G1 X49.415 Y70.948 E0.01083
G1 X49.599 Y70.866 E0.00547
G1 X49.984 Y70.8 E0.0106
G1 X50.208 Y70.815 E0.00609
G1 X50.581 Y70.948 E0.01075
G0 F1320 X50.736 Y71.073
G0 X51.183 Y70.52
G0 X37.48 Y22.48
G0 X37.2 Y22.2
G1 F480 X37.2 Y77.8 E1.509
G1 X62.8 Y77.8 E0.69479
G1 X62.8 Y40.084 E1.02362
G1 X59.955 Y40.08 E0.07721
G1 X59.854 Y40.022 E0.00316
G1 X59.8 Y39.899 E0.00365
G1 X59.801 Y28.859 E0.29963
G1 X59.858 Y28.743 E0.00351
G1 X59.973 Y28.685 E0.0035
G1 X62.8 Y28.684 E0.07673
G1 X62.8 Y22.2 E0.17598
G1 X37.2 Y22.2 E0.69479
G0 F1320 X37.2 Y22.4
G0 X37.88 Y22.88
G0 X48.65 Y74.865
M204 P180
;TYPE:SKIN
G1 F390.2 X49.52 Y75.17 E0.03138
G1 F354.2 X49.564 Y75.197 E0.00194
G1 F347.2 X50.064 Y75.224 E0.01916
G1 F342.9 X50.634 Y75.18 E0.02215
G1 F346.6 X50.675 Y75.145 E0.00207
G1 F412.9 X51.463 Y74.783 E0.0279
G1 F480 X52.064 Y74.38 E0.02002
G1 X52.308 Y74.144 E0.00939
G1 X52.718 Y73.591 E0.01905
G1 X53.072 Y72.81 E0.02373
G1 X53.174 Y71.831 E0.02724
G1 X53.022 Y71.122 E0.02007
G1 X52.882 Y70.718 E0.01183
G1 X52.521 Y70.094 E0.01995
G1 X52.248 Y69.773 E0.01166
G1 X51.705 Y69.339 E0.01924
G1 X51.351 Y69.143 E0.0112
G1 X50.57 Y68.873 E0.02287
G1 X49.765 Y68.845 E0.02229
G1 X49.038 Y68.98 E0.02046
G1 X48.385 Y69.268 E0.01975
G1 X47.776 Y69.746 E0.02142
G1 X47.493 Y70.064 E0.01178
G1 X47.11 Y70.717 E0.02095
G1 X46.983 Y71.04 E0.0096
G1 X46.825 Y71.833 E0.02238
G1 X46.915 Y72.791 E0.02663
G1 X47.278 Y73.595 E0.02441
G1 X47.666 Y74.123 E0.01813
G1 X47.934 Y74.381 E0.01029
G1 F446.5 X48.65 Y74.865 E0.02571
G0 F1320 X48.141 Y71.923
G0 X59.162 Y28.048
G0 X60.84 Y24.16
G1 F480 X60.84 Y26.724 E0.07095
G1 X59.729 Y26.726 E0.03074
G1 X59.246 Y26.859 E0.01386
G1 X58.829 Y27.065 E0.01287
G1 X58.481 Y27.345 E0.01236
G1 X58.217 Y27.661 E0.01139
G1 X58.014 Y28.032 E0.0117
G1 X57.846 Y28.664 E0.0181
G1 X57.844 Y40.042 E0.31486
G1 X57.918 Y40.475 E0.01216
G1 X58.032 Y40.778 E0.00896
G1 X58.334 Y41.264 E0.01583
G1 X58.56 Y41.493 E0.0089
G1 X58.896 Y41.744 E0.01161
G1 X59.493 Y41.982 E0.01778
G1 X59.977 Y42.043 E0.0135
G1 X60.84 Y42.044 E0.02388
G1 X60.84 Y75.84 E0.93522
G1 X51.603 Y75.84 E0.25561
G1 F412.9 X50.786 Y75.775 E0.02637
G1 F346.6 X50.683 Y75.752 E0.00404
G1 F342.9 X50.084 Y75.768 E0.02321
G1 F347.2 X49.544 Y75.758 E0.02066
G1 F354.2 X49.446 Y75.779 E0.00376
G1 F416.5 X48.799 Y75.839 E0.02072
G1 F480 X39.161 Y75.839 E0.26671
G1 X39.16 Y24.16 E1.43008
G1 X60.84 Y24.16 E0.59994
G0 F1320 X39.361 Y24.561
G1 F480 X39.563 Y24.36 E0.00789
G0 F1320 X40.128 Y24.36
G1 F480 X39.361 Y25.127 E0.03002
G0 F1320 X39.361 Y25.693
G1 F480 X40.694 Y24.36 E0.05217
G0 F1320 X41.26 Y24.36
G1 F480 X39.361 Y26.258 E0.0743
G0 F1320 X39.361 Y26.824
G1 F480 X41.825 Y24.36 E0.09643
G0 F1320 X42.391 Y24.36
G1 F480 X39.361 Y27.39 E0.11858
G0 F1320 X39.361 Y27.955
G1 F480 X42.957 Y24.36 E0.14071
G0 F1320 X43.522 Y24.36
G1 F480 X39.361 Y28.521 E0.16284
G0 F1320 X39.361 Y29.087
G1 F480 X44.088 Y24.36 E0.18499
G0 F1320 X44.654 Y24.36
G1 F480 X39.361 Y29.653 E0.20714
G0 F1320 X39.361 Y30.218
G1 F480 X45.219 Y24.36 E0.22925
G0 F1320 X45.785 Y24.36
G1 F480 X39.361 Y30.784 E0.2514
G0 F1320 X39.361 Y31.35
G1 F480 X46.351 Y24.36 E0.27355
G0 F1320 X46.917 Y24.36
G1 F480 X39.361 Y31.915 E0.29568
G0 F1320 X39.361 Y32.481
G1 F480 X47.482 Y24.36 E0.31781
G0 F1320 X48.048 Y24.36
G1 F480 X39.361 Y33.047 E0.33996
G0 F1320 X39.361 Y33.612
G1 F480 X48.614 Y24.36 E0.36209
G0 F1320 X49.179 Y24.36
G1 F480 X39.361 Y34.178 E0.38422
G0 F1320 X39.361 Y34.744
G1 F480 X49.745 Y24.36 E0.40638
G0 F1320 X50.311 Y24.36
G1 F480 X39.361 Y35.309 E0.42851
G0 F1320 X39.361 Y35.875
G1 F480 X50.876 Y24.36 E0.45064
G0 F1320 X51.442 Y24.36
G1 F480 X39.361 Y36.441 E0.47279
G0 F1320 X39.361 Y37.006
G1 F480 X52.008 Y24.36 E0.49492
G0 F1320 X52.573 Y24.36
G1 F480 X39.361 Y37.572 E0.51705
G0 F1320 X39.361 Y38.138
G1 F480 X53.139 Y24.36 E0.5392
G0 F1320 X53.705 Y24.36
G1 F480 X39.361 Y38.703 E0.56133
G0 F1320 X39.361 Y39.269
G1 F480 X54.27 Y24.36 E0.58346
G0 F1320 X54.836 Y24.36
G1 F480 X39.361 Y39.835 E0.60561
G0 F1320 X39.361 Y40.401
G1 F480 X55.402 Y24.36 E0.62776
G0 F1320 X55.968 Y24.36
G1 F480 X39.361 Y40.966 E0.64989
G0 F1320 X39.361 Y41.532
G1 F480 X56.533 Y24.36 E0.67202
G0 F1320 X57.099 Y24.36
G1 F480 X39.361 Y42.098 E0.69417
G0 F1320 X39.361 Y42.663
G1 F480 X57.665 Y24.36 E0.7163
G0 F1320 X58.23 Y24.36
G1 F480 X39.361 Y43.229 E0.73843
G0 F1320 X39.361 Y43.795
G1 F480 X58.796 Y24.36 E0.76058
G0 F1320 X59.362 Y24.36
G1 F480 X39.361 Y44.36 E0.78271
G0 F1320 X39.361 Y44.926
G1 F480 X59.927 Y24.36 E0.80484
G0 F1320 X60.493 Y24.36
G1 F480 X39.361 Y45.492 E0.827
G0 F1320 X39.361 Y46.057
G1 F480 X60.64 Y24.778 E0.83275
G0 F1320 X60.64 Y25.344
G1 F480 X59.365 Y26.619 E0.0499
G0 F1320 X60.022 Y26.528
G1 F480 X60.64 Y25.91 E0.02419
G1 X60.71 Y25.84
G0 F1320 X57.755 Y28.229
G1 F480 X39.361 Y46.623 E0.71984
G0 F1320 X39.361 Y47.189
G1 F480 X57.64 Y28.91 E0.71534
G0 F1320 X57.64 Y29.476
G1 F480 X39.361 Y47.754 E0.71532
G0 F1320 X39.361 Y48.32
G1 F480 X57.64 Y30.041 E0.71534
G0 F1320 X57.641 Y30.606
G1 F480 X39.361 Y48.886 E0.71538
G0 F1320 X39.361 Y49.452
G1 F480 X57.641 Y31.172 E0.71538
G0 F1320 X57.641 Y31.738
G1 F480 X39.361 Y50.017 E0.71536
G0 F1320 X39.361 Y50.583
G1 F480 X57.641 Y32.303 E0.71538
G0 F1320 X57.641 Y32.868
G1 F480 X39.361 Y51.149 E0.7154
G0 F1320 X39.361 Y51.714
G1 F480 X57.641 Y33.434 E0.71538
G0 F1320 X57.642 Y33.999
G1 F480 X39.361 Y52.28 E0.71542
G0 F1320 X39.361 Y52.846
G1 F480 X57.642 Y34.565 E0.71542
G0 F1320 X57.642 Y35.13
G1 F480 X39.361 Y53.411 E0.71542
G0 F1320 X39.361 Y53.977
G1 F480 X57.643 Y35.695 E0.71546
G0 F1320 X57.643 Y36.261
G1 F480 X39.361 Y54.543 E0.71546
G0 F1320 X39.361 Y55.108
G1 F480 X57.643 Y36.826 E0.71546
G0 F1320 X57.643 Y37.392
G1 F480 X39.361 Y55.674 E0.71546
G0 F1320 X39.361 Y56.24
G1 F480 X57.643 Y37.957 E0.71548
G0 F1320 X57.644 Y38.522
G1 F480 X39.361 Y56.805 E0.7155
G0 F1320 X39.361 Y57.371
G1 F480 X57.644 Y39.088 E0.7155
G0 F1320 X57.644 Y39.654
G1 F480 X39.361 Y57.937 E0.7155
G0 F1320 X39.361 Y58.502
G1 F480 X57.668 Y40.195 E0.71644
G0 F1320 X57.772 Y40.657
G1 F480 X39.361 Y59.068 E0.72051
G0 F1320 X39.361 Y59.634
G1 F480 X57.958 Y41.037 E0.72779
G0 F1320 X58.175 Y41.386
G1 F480 X39.361 Y60.2 E0.73628
G0 F1320 X39.361 Y60.765
G1 F480 X58.46 Y41.666 E0.74743
G0 F1320 X58.792 Y41.9
G1 F480 X39.361 Y61.331 E0.76043
G0 F1320 X39.361 Y61.897
G1 F480 X59.183 Y42.074 E0.77575
G0 F1320 X59.627 Y42.197
G1 F480 X39.361 Y62.462 E0.79308
G0 F1320 X39.361 Y63.028
G1 F480 X60.147 Y42.242 E0.81345
G0 F1320 X60.64 Y42.315
G1 F480 X39.361 Y63.594 E0.83275
G0 F1320 X39.361 Y64.159
G1 F480 X60.64 Y42.88 E0.83275
G0 F1320 X60.64 Y43.446
G1 F480 X39.361 Y64.725 E0.83275
G0 F1320 X39.361 Y65.291
G1 F480 X60.64 Y44.012 E0.83275
G0 F1320 X60.64 Y44.577
G1 F480 X39.361 Y65.856 E0.83275
G0 F1320 X39.361 Y66.422
G1 F480 X60.64 Y45.143 E0.83275
G0 F1320 X60.64 Y45.709
G1 F480 X39.361 Y66.988 E0.83275
G0 F1320 X39.361 Y67.553
G1 F480 X60.64 Y46.274 E0.83275
G0 F1320 X60.64 Y46.84
G1 F480 X39.361 Y68.119 E0.83275
G0 F1320 X39.361 Y68.685
G1 F480 X60.64 Y47.406 E0.83275
G0 F1320 X60.64 Y47.972
G1 F480 X39.361 Y69.251 E0.83275
G0 F1320 X39.361 Y69.816
G1 F480 X60.64 Y48.537 E0.83275
G0 F1320 X60.64 Y49.103
G1 F480 X39.361 Y70.382 E0.83275
G0 F1320 X39.361 Y70.948
G1 F480 X60.64 Y49.669 E0.83275
G0 F1320 X60.64 Y50.234
G1 F480 X39.361 Y71.513 E0.83275
G0 F1320 X39.361 Y72.079
G1 F480 X60.64 Y50.8 E0.83275
G0 F1320 X60.64 Y51.366
G1 F480 X39.361 Y72.645 E0.83275
G0 F1320 X39.361 Y73.21
G1 F480 X60.64 Y51.931 E0.83275
G0 F1320 X60.64 Y52.497
G1 F480 X39.361 Y73.776 E0.83275
G0 F1320 X39.361 Y74.342
G1 F480 X60.64 Y53.063 E0.83275
G0 F1320 X60.64 Y53.628
G1 F480 X39.361 Y74.907 E0.83275
G0 F1320 X39.361 Y75.473
G1 F480 X60.64 Y54.194 E0.83275
G0 F1320 X60.64 Y54.76
G1 F480 X39.761 Y75.639 E0.81709
G0 F1320 X40.326 Y75.639
G1 F480 X60.64 Y55.325 E0.79498
G0 F1320 X60.64 Y55.891
G1 F480 X40.892 Y75.639 E0.77283
G0 F1320 X41.458 Y75.639
G1 F480 X60.64 Y56.457 E0.75068
G0 F1320 X60.64 Y57.023
G1 F480 X48.798 Y68.864 E0.46341
G0 F1320 X49.543 Y68.685
G1 F480 X60.64 Y57.588 E0.43428
G0 F1320 X60.64 Y58.154
G1 F480 X50.136 Y68.658 E0.41107
G0 F1320 X50.668 Y68.691
G1 F480 X60.64 Y58.72 E0.39023
G0 F1320 X60.64 Y59.285
G1 F480 X51.087 Y68.838 E0.37385
G0 F1320 X51.494 Y68.997
G1 F480 X60.64 Y59.851 E0.35793
G0 F1320 X60.64 Y60.417
G1 F480 X51.854 Y69.202 E0.34382
G0 F1320 X52.17 Y69.452
G1 F480 X60.64 Y60.982 E0.33147
G0 F1320 X60.64 Y61.548
G1 F480 X52.463 Y69.725 E0.32
G0 F1320 X52.719 Y70.035
G1 F480 X60.64 Y62.114 E0.30999
G0 F1320 X60.64 Y62.679
G1 F480 X52.928 Y70.392 E0.30183
G0 F1320 X53.108 Y70.777
G1 F480 X60.64 Y63.245 E0.29476
G0 F1320 X60.64 Y63.811
G1 F480 X53.246 Y71.205 E0.28936
G0 F1320 X53.345 Y71.672
G1 F480 X60.64 Y64.376 E0.28551
G0 F1320 X60.64 Y64.942
G1 F480 X53.33 Y72.252 E0.28607
G0 F1320 X53.253 Y72.895
G1 F480 X60.64 Y65.508 E0.28909
G0 F1320 X60.64 Y66.073
G1 F480 X52.534 Y74.179 E0.31723
G0 F1320 X52.16 Y74.553
G1 F480 X51.146 Y75.568 E0.0397
G0 F1320 X51.639 Y75.641
G1 F480 X60.64 Y66.639 E0.35227
G0 F1320 X60.64 Y67.205
G1 F480 X52.204 Y75.641 E0.33014
G0 F1320 X52.77 Y75.641
G1 F480 X60.64 Y67.771 E0.30799
G0 F1320 X60.64 Y68.336
G1 F480 X53.336 Y75.641 E0.28586
G0 F1320 X53.901 Y75.641
G1 F480 X60.64 Y68.902 E0.26373
G0 F1320 X60.64 Y69.468
G1 F480 X54.467 Y75.641 E0.24158
G0 F1320 X55.033 Y75.641
G1 F480 X60.64 Y70.033 E0.21945
G0 F1320 X60.64 Y70.599
G1 F480 X55.598 Y75.641 E0.19732
G0 F1320 X56.164 Y75.641
G1 F480 X60.64 Y71.165 E0.17517
G0 F1320 X60.64 Y71.73
G1 F480 X56.73 Y75.641 E0.15304
G0 F1320 X57.295 Y75.641
G1 F480 X60.64 Y72.296 E0.13091
G0 F1320 X60.64 Y72.862
G1 F480 X57.861 Y75.641 E0.10876
G0 F1320 X58.427 Y75.641
G1 F480 X60.64 Y73.427 E0.08662
G0 F1320 X60.64 Y73.993
G1 F480 X58.993 Y75.641 E0.06447
G0 F1320 X59.558 Y75.641
G1 F480 X60.64 Y74.559 E0.04234
G0 F1320 X60.64 Y75.124
G1 F480 X60.124 Y75.641 E0.02021
G0 F1320 X49.162 Y75.289
G1 F480 X48.814 Y75.636 E0.0136
G0 F1320 X48.771 Y75.114
G1 F480 X48.246 Y75.639 E0.02055
G0 F1320 X47.68 Y75.639
G1 F480 X48.387 Y74.932 E0.02767
G0 F1320 X48.05 Y74.704
G1 F480 X47.115 Y75.639 E0.03659
G0 F1320 X46.549 Y75.639
G1 F480 X47.73 Y74.458 E0.04622
G0 F1320 X47.455 Y74.167
G1 F480 X45.983 Y75.639 E0.05761
G0 F1320 X45.417 Y75.639
G1 F480 X47.214 Y73.843 E0.07031
G0 F1320 X47.005 Y73.486
G1 F480 X44.852 Y75.639 E0.08426
G0 F1320 X44.286 Y75.639
G1 F480 X46.831 Y73.094 E0.0996
G0 F1320 X46.702 Y72.658
G1 F480 X43.72 Y75.639 E0.11668
G0 F1320 X43.155 Y75.639
G1 F480 X46.653 Y72.141 E0.13689
G0 F1320 X46.677 Y71.551
G1 F480 X42.589 Y75.639 E0.15998
G0 F1320 X42.023 Y75.639
G1 F480 X46.861 Y70.801 E0.18933
G1 X46.931 Y70.731
;MESH:NONMESH
G0 F600 X46.931 Y70.731 Z2.76
G0 F1320 X61.2 Y41.684
;TIME_ELAPSED:6600.059829
;LAYER:16
M204 P200
;TYPE:WALL-INNER
;MESH:flasherTopPlate.STL
G1 F480 X60 Y41.684 E0.03289
G1 X59.601 Y41.64 E0.011
G1 X59.08 Y41.432 E0.01537
G1 X58.615 Y41.035 E0.01676
G1 X58.361 Y40.63 E0.0131
G1 X58.273 Y40.394 E0.0069
G1 X58.204 Y40.014 E0.01058
G1 X58.2 Y28.728 E0.30931
G1 X58.355 Y28.152 E0.01635
G1 X58.505 Y27.88 E0.00851
G1 X58.722 Y27.616 E0.00937
G1 X59.01 Y27.38 E0.0102
G1 X59.362 Y27.2 E0.01084
G1 X59.783 Y27.084 E0.01197
G1 X61.2 Y27.084 E0.03883
G1 X61.2 Y23.8 E0.09
G1 X38.8 Y23.8 E0.6139
G1 X38.8 Y76.2 E1.43609
G1 X61.2 Y76.2 E0.6139
G1 X61.2 Y41.684 E0.94596
G0 F1320 X59.162 Y40.724
G0 X58.603 Y39.985
G1 F480 X58.6 Y28.76 E0.30764
G1 X58.72 Y28.315 E0.01263
G1 X59.006 Y27.897 E0.01388
G1 X59.23 Y27.714 E0.00793
G1 X59.504 Y27.574 E0.00843
G1 X59.831 Y27.484 E0.0093
G1 X61.6 Y27.484 E0.04848
G1 X61.6 Y23.4 E0.11193
G1 X38.4 Y23.4 E0.63583
G1 X38.4 Y76.6 E1.45802
G1 X61.6 Y76.6 E0.63583
G1 X61.6 Y41.284 E0.96788
G1 X60 Y41.284 E0.04385
G1 X59.69 Y41.25 E0.00855
G1 X59.457 Y41.175 E0.00671
G1 X59.155 Y41.001 E0.00955
G1 X58.815 Y40.631 E0.01377
G1 X58.657 Y40.281 E0.01052
G1 X58.603 Y39.985 E0.00825
G0 F1320 X59.162 Y40.724
G0 X59.838 Y40.884
G1 F480 X59.488 Y40.744 E0.01033
G1 X59.326 Y40.624 E0.00553
G1 X59.154 Y40.418 E0.00735
G1 X59.04 Y40.167 E0.00756
G1 X59.002 Y39.957 E0.00585
G1 X59 Y28.795 E0.30591
G1 X59.086 Y28.477 E0.00903
G1 X59.29 Y28.179 E0.0099
G1 X59.645 Y27.948 E0.01161
G1 X59.878 Y27.884 E0.00662
G1 X62 Y27.884 E0.05816
G1 X62 Y23 E0.13385
G1 X38 Y23 E0.65775
G1 X38 Y77 E1.47994
G1 X62 Y77 E0.65775
G1 X62 Y40.884 E0.98981
G1 X59.838 Y40.884 E0.05925
G0 F1320 X59.162 Y28.048
G0 X62.12 Y22.88
G0 X62.4 Y22.6
G1 F480 X37.6 Y22.6 E0.67968
G1 X37.6 Y77.4 E1.50187
G1 X62.4 Y77.4 E0.67968
G1 X62.4 Y40.484 E1.01173
G1 X59.902 Y40.484 E0.06846
G1 X59.693 Y40.4 E0.00617
G1 X59.538 Y40.268 E0.00558
G1 X59.453 Y40.133 E0.00437
G1 X59.401 Y39.928 E0.0058
G1 X59.404 Y28.809 E0.30473
G1 X59.451 Y28.64 E0.00481
G1 X59.574 Y28.461 E0.00595
G1 X59.787 Y28.322 E0.00697
G1 X59.925 Y28.284 E0.00392
G1 X62.4 Y28.284 E0.06783
G1 X62.4 Y22.6 E0.15578
G0 F1320 X62.12 Y22.88
G0 X59.162 Y28.048
G0 X51.78 Y72.544
G0 X50.563 Y74.738
G1 F480 X50.084 Y74.792 E0.01321
G1 X49.598 Y74.759 E0.01335
G1 X49.028 Y74.614 E0.01612
G1 X48.717 Y74.478 E0.0093
G1 X48.184 Y74.122 E0.01757
G1 X47.94 Y73.887 E0.00928
G1 X47.586 Y73.406 E0.01637
G1 X47.271 Y72.705 E0.02106
G1 X47.191 Y71.859 E0.02329
G1 X47.336 Y71.125 E0.02051
G1 X47.443 Y70.86 E0.00783
G1 X47.779 Y70.286 E0.01823
G1 X48.019 Y70.017 E0.00988
G1 X48.506 Y69.631 E0.01703
G1 X48.928 Y69.412 E0.01303
G1 X49.227 Y69.309 E0.00867
G1 X49.857 Y69.205 E0.0175
G1 X50.52 Y69.232 E0.01819
G1 X51.219 Y69.48 E0.02033
G1 X51.49 Y69.631 E0.0085
G1 X51.982 Y70.02 E0.01719
G1 X52.217 Y70.288 E0.00977
G1 X52.602 Y70.943 E0.02082
G1 X52.774 Y71.645 E0.01981
G1 X52.8 Y71.97 E0.00894
G1 X52.722 Y72.718 E0.02061
G1 X52.41 Y73.406 E0.0207
G1 X52.056 Y73.887 E0.01637
G1 X51.812 Y74.122 E0.00928
G1 X51.288 Y74.475 E0.01732
G1 X50.563 Y74.738 E0.02114
G0 F1320 X49.631 Y74.36
G1 F480 X49.188 Y74.248 E0.01252
G1 X48.876 Y74.112 E0.00933
G1 X48.462 Y73.835 E0.01365
G1 X48.218 Y73.599 E0.0093
G1 X47.943 Y73.225 E0.01272
G1 X47.695 Y72.683 E0.01634
G1 X47.609 Y72.122 E0.01555
G1 X47.607 Y71.809 E0.00858
G1 X47.805 Y71.031 E0.022
G1 X48.186 Y70.41 E0.01997
G1 X48.781 Y69.92 E0.02112
G1 X49.324 Y69.697 E0.01609
G1 X49.888 Y69.604 E0.01567
G1 X50.539 Y69.661 E0.01791
G1 X51.056 Y69.845 E0.01504
G1 X51.267 Y69.962 E0.00661
G1 X51.807 Y70.407 E0.01918
G1 X52.219 Y71.053 E0.021
G1 X52.38 Y71.714 E0.01865
G1 X52.4 Y71.967 E0.00696
G1 X52.328 Y72.629 E0.01825
G1 X52.053 Y73.225 E0.01799
G1 X51.778 Y73.599 E0.01272
G1 X51.534 Y73.835 E0.0093
G1 X51.126 Y74.109 E0.01347
G1 X50.494 Y74.344 E0.01848
G1 X50.084 Y74.392 E0.01131
G1 X49.631 Y74.36 E0.01245
G0 F1320 X51.5 Y73.312
G1 F480 X51.256 Y73.547 E0.00928
G1 X50.964 Y73.743 E0.00964
G1 X50.425 Y73.95 E0.01582
G1 X50.084 Y73.992 E0.00942
G1 X49.665 Y73.961 E0.01151
G1 X49.348 Y73.881 E0.00896
G1 X49.036 Y73.745 E0.00933
G1 X48.74 Y73.547 E0.00976
G1 X48.496 Y73.312 E0.00928
G1 X48.299 Y73.044 E0.00912
G1 X48.079 Y72.571 E0.0143
G1 X47.987 Y71.935 E0.01761
G1 X48.137 Y71.25 E0.01922
G1 X48.506 Y70.649 E0.01933
G1 X49.028 Y70.248 E0.01804
G1 X49.376 Y70.092 E0.01045
G1 X49.92 Y70.003 E0.01511
G1 X50.301 Y70.02 E0.01045
G1 X50.972 Y70.235 E0.01931
G1 X51.461 Y70.638 E0.01737
G1 X51.875 Y71.27 E0.02071
G1 X52 Y71.964 E0.01933
G1 X51.915 Y72.578 E0.01699
G1 X51.697 Y73.044 E0.0141
G1 X51.5 Y73.312 E0.00912
G0 F1320 X51.34 Y72.864
G1 F480 X50.978 Y73.26 E0.0147
G1 X50.803 Y73.377 E0.00577
G1 X50.356 Y73.556 E0.0132
G1 X50.084 Y73.592 E0.00752
G1 X49.698 Y73.563 E0.01061
G1 X49.196 Y73.378 E0.01466
G1 X49.018 Y73.26 E0.00585
G1 X48.656 Y72.864 E0.0147
G1 X48.463 Y72.46 E0.01227
G1 X48.403 Y71.893 E0.01563
G1 X48.529 Y71.372 E0.01469
G1 X48.775 Y70.969 E0.01294
G1 X49.221 Y70.598 E0.0159
G1 X49.518 Y70.473 E0.00883
G1 X49.952 Y70.401 E0.01206
G1 X50.287 Y70.423 E0.0092
G1 X50.82 Y70.626 E0.01563
G1 X51.221 Y70.969 E0.01446
G1 X51.491 Y71.429 E0.01462
G1 X51.6 Y71.961 E0.01488
G1 X51.532 Y72.464 E0.01391
G1 X51.34 Y72.864 E0.01216
G0 F1320 X51.616 Y73.003
G0 X51.859 Y71.923
G0 X51.338 Y70.645
G0 X50.891 Y71.199
M204 P150
;TYPE:WALL-OUTER
G1 F480 X51.113 Y71.561 E0.01153
G1 X51.198 Y71.921 E0.01004
G1 X51.148 Y72.35 E0.01172
G1 X50.944 Y72.736 E0.01185
G1 X50.641 Y73.011 E0.01111
G1 X50.285 Y73.162 E0.0105
G1 X50.067 Y73.192 E0.00597
G1 X49.731 Y73.164 E0.00915
G1 X49.296 Y72.972 E0.0129
G1 X49.013 Y72.683 E0.01098
G1 X48.847 Y72.348 E0.01015
G1 X48.8 Y71.956 E0.01072
G1 X48.882 Y71.563 E0.0109
G1 X49.105 Y71.199 E0.01159
G1 X49.415 Y70.948 E0.01083
G1 X49.599 Y70.866 E0.00547
G1 X49.984 Y70.8 E0.0106
G1 X50.208 Y70.815 E0.00609
G1 X50.581 Y70.948 E0.01075
G1 X50.891 Y71.199 E0.01083
G0 F1320 X50.995 Y71.369
G0 X51.607 Y70.994
G0 X50.264 Y70.571
G0 X37.48 Y77.52
G0 X37.2 Y77.8
G1 F480 X62.8 Y77.8 E0.69479
G1 X62.8 Y40.084 E1.02362
G1 X59.955 Y40.08 E0.07721
G1 X59.854 Y40.022 E0.00316
G1 X59.8 Y39.899 E0.00365
G1 X59.801 Y28.859 E0.29963
G1 X59.858 Y28.743 E0.00351
G1 X59.973 Y28.685 E0.0035
G1 X62.8 Y28.684 E0.07673
G1 X62.8 Y22.2 E0.17598
G1 X37.2 Y22.2 E0.69479
G1 X37.2 Y77.8 E1.509
G0 F1320 X37.4 Y77.8
G0 X37.88 Y77.12
G0 X50.683 Y75.752
M204 P180
;TYPE:SKIN
G1 F342.9 X50.084 Y75.768 E0.02321
G1 F347.2 X49.544 Y75.758 E0.02066
G1 F354.2 X49.446 Y75.779 E0.00376
G1 F416.5 X48.799 Y75.839 E0.02072
G1 F480 X39.161 Y75.839 E0.26671
G1 X39.16 Y24.16 E1.43008
G1 X60.84 Y24.16 E0.59994
G1 X60.84 Y26.724 E0.07095
G1 X59.729 Y26.726 E0.03074
G1 X59.246 Y26.859 E0.01386
G1 X58.829 Y27.065 E0.01287
G1 X58.481 Y27.345 E0.01236
G1 X58.217 Y27.661 E0.01139
G1 X58.014 Y28.032 E0.0117
G1 X57.846 Y28.664 E0.0181
G1 X57.844 Y40.042 E0.31486
G1 X57.918 Y40.475 E0.01216
G1 X58.032 Y40.778 E0.00896
G1 X58.334 Y41.264 E0.01583
G1 X58.56 Y41.493 E0.0089
G1 X58.896 Y41.744 E0.01161
G1 X59.493 Y41.982 E0.01778
G1 X59.977 Y42.043 E0.0135
G1 X60.84 Y42.044 E0.02388
G1 X60.84 Y75.84 E0.93522
G1 X51.603 Y75.84 E0.25561
G1 F412.9 X50.786 Y75.775 E0.02637
G1 F346.6 X50.683 Y75.752 E0.00404
G0 F1320 X46.915 Y72.791
G1 F480 X47.278 Y73.595 E0.02441
G1 X47.666 Y74.123 E0.01813
G1 X47.934 Y74.381 E0.01029
G1 F446.5 X48.65 Y74.865 E0.02571
G1 F390.2 X49.52 Y75.17 E0.03138
G1 F354.2 X49.564 Y75.197 E0.00194
G1 F347.2 X50.064 Y75.224 E0.01916
G1 F342.9 X50.634 Y75.18 E0.02215
G1 F346.6 X50.675 Y75.145 E0.00207
G1 F412.9 X51.463 Y74.783 E0.0279
G1 F480 X52.064 Y74.38 E0.02002
G1 X52.308 Y74.144 E0.00939
G1 X52.718 Y73.591 E0.01905
G1 X53.072 Y72.81 E0.02373
G1 X53.174 Y71.831 E0.02724
G1 X53.022 Y71.122 E0.02007
G1 X52.882 Y70.718 E0.01183
G1 X52.521 Y70.094 E0.01995
G1 X52.248 Y69.773 E0.01166
G1 X51.705 Y69.339 E0.01924
G1 X51.351 Y69.143 E0.0112
G1 X50.57 Y68.873 E0.02287
G1 X49.765 Y68.845 E0.02229
G1 X49.038 Y68.98 E0.02046
G1 X48.385 Y69.268 E0.01975
G1 X47.776 Y69.746 E0.02142
G1 X47.493 Y70.064 E0.01178
G1 X47.11 Y70.717 E0.02095
G1 X46.983 Y71.04 E0.0096
G1 X46.825 Y71.833 E0.02238
G1 X46.915 Y72.791 E0.02663
G0 F1320 X39.435 Y75.639
G1 F480 X39.36 Y75.564 E0.00294
G0 F1320 X39.36 Y74.999
G1 F480 X40 Y75.639 E0.02505
G0 F1320 X40.566 Y75.639
G1 F480 X39.36 Y74.433 E0.0472
G0 F1320 X39.36 Y73.867
G1 F480 X41.132 Y75.639 E0.06935
G0 F1320 X41.697 Y75.639
G1 F480 X39.36 Y73.302 E0.09146
G0 F1320 X39.36 Y72.736
G1 F480 X42.263 Y75.639 E0.11361
G0 F1320 X42.829 Y75.639
G1 F480 X39.36 Y72.17 E0.13576
G0 F1320 X39.36 Y71.604
G1 F480 X43.394 Y75.639 E0.15789
G0 F1320 X43.96 Y75.639
G1 F480 X39.36 Y71.039 E0.18002
G0 F1320 X39.36 Y70.473
G1 F480 X44.526 Y75.639 E0.20217
G0 F1320 X45.091 Y75.639
G1 F480 X39.36 Y69.907 E0.2243
G0 F1320 X39.36 Y69.342
G1 F480 X45.657 Y75.639 E0.24643
G0 F1320 X46.223 Y75.639
G1 F480 X39.36 Y68.776 E0.26858
G0 F1320 X39.36 Y68.21
G1 F480 X46.789 Y75.639 E0.29073
G0 F1320 X47.354 Y75.639
G1 F480 X39.36 Y67.645 E0.31284
G0 F1320 X39.36 Y67.079
G1 F480 X47.92 Y75.639 E0.33499
G0 F1320 X48.486 Y75.639
G1 F480 X39.36 Y66.513 E0.35714
G0 F1320 X39.36 Y65.948
G1 F480 X47.091 Y73.678 E0.30253
G1 X47.161 Y73.748
G0 F1320 X46.709 Y72.731
G1 F480 X39.36 Y65.382 E0.2876
G0 F1320 X39.36 Y64.816
G1 F480 X46.65 Y72.106 E0.28529
G0 F1320 X46.675 Y71.565
G1 F480 X39.36 Y64.251 E0.28625
G0 F1320 X39.36 Y63.685
G1 F480 X46.769 Y71.093 E0.28993
G0 F1320 X46.915 Y70.674
G1 F480 X39.36 Y63.119 E0.29566
G0 F1320 X39.36 Y62.553
G1 F480 X47.115 Y70.308 E0.30349
G0 F1320 X47.33 Y69.958
G1 F480 X39.36 Y61.988 E0.3119
G0 F1320 X39.36 Y61.422
G1 F480 X47.594 Y69.656 E0.32224
G0 F1320 X47.898 Y69.394
G1 F480 X39.36 Y60.856 E0.33413
G0 F1320 X39.36 Y60.291
G1 F480 X48.214 Y69.144 E0.34648
G0 F1320 X48.59 Y68.955
G1 F480 X39.36 Y59.725 E0.36121
G0 F1320 X39.36 Y59.159
G1 F480 X48.985 Y68.784 E0.37667
G0 F1320 X49.465 Y68.698
G1 F480 X39.36 Y58.594 E0.39544
G0 F1320 X39.36 Y58.028
G1 F480 X49.984 Y68.652 E0.41577
G0 F1320 X50.572 Y68.674
G1 F480 X39.36 Y57.462 E0.43878
G0 F1320 X39.36 Y56.897
G1 F480 X51.419 Y68.955 E0.47191
G1 X51.489 Y69.025
G0 F1320 X53.027 Y70.564
G1 F480 X58.104 Y75.64 E0.19867
G0 F1320 X58.669 Y75.64
G1 F480 X39.36 Y56.331 E0.75565
G0 F1320 X39.36 Y55.765
G1 F480 X59.235 Y75.64 E0.7778
G0 F1320 X59.801 Y75.64
G1 F480 X39.36 Y55.2 E0.79993
G0 F1320 X39.36 Y54.634
G1 F480 X60.366 Y75.64 E0.82206
G0 F1320 X60.64 Y75.348
G1 F480 X39.36 Y54.068 E0.83279
G0 F1320 X39.36 Y53.503
G1 F480 X60.64 Y74.782 E0.83277
G0 F1320 X60.64 Y74.217
G1 F480 X39.36 Y52.937 E0.83279
G0 F1320 X39.36 Y52.371
G1 F480 X60.64 Y73.651 E0.83279
G0 F1320 X60.64 Y73.085
G1 F480 X39.36 Y51.805 E0.83279
G0 F1320 X39.36 Y51.24
G1 F480 X60.64 Y72.519 E0.83277
G0 F1320 X60.64 Y71.954
G1 F480 X39.36 Y50.674 E0.83279
G0 F1320 X39.36 Y50.108
G1 F480 X60.64 Y71.388 E0.83279
G0 F1320 X60.64 Y70.822
G1 F480 X39.36 Y49.543 E0.83277
G0 F1320 X39.36 Y48.977
G1 F480 X60.64 Y70.257 E0.83279
G0 F1320 X60.64 Y69.691
G1 F480 X39.36 Y48.411 E0.83279
G0 F1320 X39.36 Y47.846
G1 F480 X60.64 Y69.125 E0.83277
G0 F1320 X60.64 Y68.56
G1 F480 X39.36 Y47.28 E0.83279
G0 F1320 X39.36 Y46.714
G1 F480 X60.64 Y67.994 E0.83279
G0 F1320 X60.64 Y67.428
G1 F480 X39.36 Y46.149 E0.83277
G0 F1320 X39.36 Y45.583
G1 F480 X60.64 Y66.863 E0.83279
G0 F1320 X60.64 Y66.297
G1 F480 X39.36 Y45.017 E0.83279
G0 F1320 X39.36 Y44.452
G1 F480 X60.64 Y65.731 E0.83277
G0 F1320 X60.64 Y65.166
G1 F480 X39.36 Y43.886 E0.83279
G0 F1320 X39.36 Y43.32
G1 F480 X60.64 Y64.6 E0.83279
G0 F1320 X60.64 Y64.034
G1 F480 X39.36 Y42.755 E0.83277
G0 F1320 X39.36 Y42.189
G1 F480 X60.64 Y63.468 E0.83277
G0 F1320 X60.64 Y62.903
G1 F480 X39.36 Y41.623 E0.83279
G0 F1320 X39.36 Y41.057
G1 F480 X60.64 Y62.337 E0.83279
G0 F1320 X60.64 Y61.771
G1 F480 X39.36 Y40.492 E0.83277
G0 F1320 X39.36 Y39.926
G1 F480 X60.64 Y61.206 E0.83279
G0 F1320 X60.64 Y60.64
G1 F480 X39.36 Y39.36 E0.83279
G0 F1320 X39.36 Y38.795
G1 F480 X60.64 Y60.074 E0.83277
G0 F1320 X60.64 Y59.509
G1 F480 X39.36 Y38.229 E0.83279
G0 F1320 X39.36 Y37.663
G1 F480 X60.64 Y58.943 E0.83279
G0 F1320 X60.64 Y58.377
G1 F480 X39.36 Y37.098 E0.83277
G0 F1320 X39.36 Y36.532
G1 F480 X60.64 Y57.812 E0.83279
G0 F1320 X60.64 Y57.246
G1 F480 X39.36 Y35.966 E0.83279
G0 F1320 X39.36 Y35.401
G1 F480 X60.64 Y56.68 E0.83277
G0 F1320 X60.64 Y56.115
G1 F480 X39.36 Y34.835 E0.83279
G0 F1320 X39.36 Y34.269
G1 F480 X60.64 Y55.549 E0.83279
G0 F1320 X60.64 Y54.983
G1 F480 X39.36 Y33.704 E0.83277
G0 F1320 X39.36 Y33.138
G1 F480 X60.64 Y54.418 E0.83279
G0 F1320 X60.64 Y53.852
G1 F480 X39.36 Y32.572 E0.83279
G0 F1320 X39.36 Y32.006
G1 F480 X60.64 Y53.286 E0.83279
G0 F1320 X60.64 Y52.72
G1 F480 X39.36 Y31.441 E0.83277
G0 F1320 X39.36 Y30.875
G1 F480 X60.64 Y52.155 E0.83279
G0 F1320 X60.64 Y51.589
G1 F480 X39.36 Y30.309 E0.83279
G0 F1320 X39.36 Y29.744
G1 F480 X60.64 Y51.023 E0.83277
G0 F1320 X60.64 Y50.458
G1 F480 X39.36 Y29.178 E0.83279
G0 F1320 X39.36 Y28.612
G1 F480 X60.64 Y49.892 E0.83279
G0 F1320 X60.64 Y49.326
G1 F480 X39.36 Y28.047 E0.83277
G0 F1320 X39.36 Y27.481
G1 F480 X60.64 Y48.761 E0.83279
G0 F1320 X60.64 Y48.195
G1 F480 X39.36 Y26.915 E0.83279
G0 F1320 X39.36 Y26.35
G1 F480 X60.64 Y47.629 E0.83277
G0 F1320 X60.64 Y47.064
G1 F480 X39.36 Y25.784 E0.83279
G0 F1320 X39.36 Y25.218
G1 F480 X60.64 Y46.498 E0.83279
G0 F1320 X60.64 Y45.932
G1 F480 X39.36 Y24.653 E0.83277
G0 F1320 X39.633 Y24.36
G1 F480 X60.64 Y45.367 E0.8221
G0 F1320 X60.64 Y44.801
G1 F480 X40.199 Y24.36 E0.79995
G0 F1320 X40.765 Y24.36
G1 F480 X60.64 Y44.235 E0.7778
G0 F1320 X60.64 Y43.67
G1 F480 X58.953 Y41.982 E0.06604
G1 X58.883 Y41.912
G0 F1320 X59.751 Y42.214
G1 F480 X60.64 Y43.104 E0.03481
G0 F1320 X60.64 Y42.538
G1 F480 X60.345 Y42.243 E0.01154
G0 F1320 X57.88 Y40.909
G1 F480 X41.33 Y24.36 E0.64766
G0 F1320 X41.896 Y24.36
G1 F480 X57.655 Y40.119 E0.61672
G0 F1320 X57.645 Y39.543
G1 F480 X42.462 Y24.36 E0.59418
G0 F1320 X43.027 Y24.36
G1 F480 X57.645 Y38.977 E0.57205
G0 F1320 X57.644 Y38.411
G1 F480 X43.593 Y24.36 E0.54988
G0 F1320 X44.159 Y24.36
G1 F480 X57.644 Y37.845 E0.52773
G0 F1320 X57.644 Y37.279
G1 F480 X44.725 Y24.36 E0.50558
G0 F1320 X45.29 Y24.36
G1 F480 X57.643 Y36.713 E0.48343
G0 F1320 X57.643 Y36.147
G1 F480 X45.856 Y24.36 E0.46128
G0 F1320 X46.422 Y24.36
G1 F480 X57.643 Y35.582 E0.43915
G0 F1320 X57.643 Y35.015
G1 F480 X46.987 Y24.36 E0.417
G0 F1320 X47.553 Y24.36
G1 F480 X57.643 Y34.45 E0.39487
G0 F1320 X57.643 Y33.884
G1 F480 X48.119 Y24.36 E0.37272
G0 F1320 X48.684 Y24.36
G1 F480 X57.642 Y33.317 E0.35055
G0 F1320 X57.642 Y32.752
G1 F480 X49.25 Y24.36 E0.32842
G0 F1320 X49.816 Y24.36
G1 F480 X57.642 Y32.186 E0.30627
G0 F1320 X57.641 Y31.62
G1 F480 X50.381 Y24.36 E0.28412
G0 F1320 X50.947 Y24.36
G1 F480 X57.641 Y31.054 E0.26197
G0 F1320 X57.641 Y30.488
G1 F480 X51.513 Y24.36 E0.23982
G0 F1320 X52.078 Y24.36
G1 F480 X57.641 Y29.922 E0.21769
G0 F1320 X57.641 Y29.356
G1 F480 X52.644 Y24.36 E0.19554
G0 F1320 X53.21 Y24.36
G1 F480 X57.641 Y28.791 E0.17341
G0 F1320 X57.732 Y28.317
G1 F480 X53.775 Y24.36 E0.15486
G0 F1320 X54.341 Y24.36
G1 F480 X57.863 Y27.882 E0.13783
G0 F1320 X58.071 Y27.524
G1 F480 X54.907 Y24.36 E0.12382
G0 F1320 X55.473 Y24.36
G1 F480 X58.331 Y27.218 E0.11185
G0 F1320 X58.642 Y26.963
G1 F480 X56.038 Y24.36 E0.10189
G0 F1320 X56.604 Y24.36
G1 F480 X59.002 Y26.758 E0.09385
G0 F1320 X59.415 Y26.605
G1 F480 X57.17 Y24.36 E0.08786
G0 F1320 X57.735 Y24.36
G1 F480 X59.903 Y26.528 E0.08484
G0 F1320 X60.465 Y26.524
G1 F480 X58.301 Y24.36 E0.08469
G0 F1320 X58.867 Y24.36
G1 F480 X60.64 Y26.133 E0.06939
G0 F1320 X60.64 Y25.568
G1 F480 X59.432 Y24.36 E0.04727
G0 F1320 X59.998 Y24.36
G1 F480 X60.64 Y25.002 E0.02512
G0 F1320 X60.64 Y24.436
G1 F480 X60.564 Y24.36 E0.00297
G0 F1320 X59.162 Y28.048
G0 X53.283 Y71.385
G1 F480 X57.538 Y75.64 E0.16652
G0 F1320 X56.972 Y75.64
G1 F480 X53.353 Y72.02 E0.14165
G0 F1320 X53.3 Y72.534
G1 F480 X56.407 Y75.64 E0.12157
G0 F1320 X55.841 Y75.64
G1 F480 X53.204 Y73.003 E0.1032
G0 F1320 X53.029 Y73.394
G1 F480 X55.275 Y75.64 E0.0879
G0 F1320 X54.71 Y75.64
G1 F480 X52.836 Y73.767 E0.07332
G0 F1320 X52.597 Y74.093
G1 F480 X54.144 Y75.64 E0.06054
G0 F1320 X53.578 Y75.64
G1 F480 X52.334 Y74.395 E0.0487
G0 F1320 X52.021 Y74.649
G1 F480 X53.013 Y75.64 E0.0388
G0 F1320 X52.447 Y75.64
G1 F480 X51.683 Y74.876 E0.0299
G0 F1320 X51.327 Y75.086
G1 F480 X51.881 Y75.64 E0.02168
G0 F1320 X51.26 Y75.585
G1 F480 X50.963 Y75.287 E0.01164
G0 F1320 X49.481 Y75.503
G1 F480 X49.357 Y75.378 E0.00487
G0 F1320 X49.012 Y75.599
G1 F480 X48.259 Y74.846 E0.02947
G1 X48.189 Y74.776
;MESH:NONMESH
G0 F600 X48.189 Y74.776 Z2.92
G0 F1320 X48.141 Y71.923
G0 X59.01 Y27.38
;TIME_ELAPSED:7065.352678
;LAYER:17
M204 P200
;TYPE:WALL-INNER
;MESH:flasherTopPlate.STL
G1 F480 X59.362 Y27.2 E0.01084
G1 X59.783 Y27.084 E0.01197
G1 X61.2 Y27.084 E0.03883
G1 X61.2 Y23.8 E0.09
G1 X38.8 Y23.8 E0.6139
G1 X38.8 Y76.2 E1.43609
G1 X61.2 Y76.2 E0.6139
G1 X61.2 Y41.684 E0.94596
G1 X60 Y41.684 E0.03289
G1 X59.601 Y41.64 E0.011
G1 X59.08 Y41.432 E0.01537
G1 X58.615 Y41.035 E0.01676
G1 X58.361 Y40.63 E0.0131
G1 X58.273 Y40.394 E0.0069
G1 X58.204 Y40.014 E0.01058
G1 X58.2 Y28.728 E0.30931
G1 X58.355 Y28.152 E0.01635
G1 X58.505 Y27.88 E0.00851
G1 X58.722 Y27.616 E0.00937
G1 X59.01 Y27.38 E0.0102
G1 F1500 E-6.5
G0 F1320 X58.6 Y28.76
G1 F1500 E6.5
G1 F480 X58.72 Y28.315 E0.01263
G1 X59.006 Y27.897 E0.01388
G1 X59.23 Y27.714 E0.00793
G1 X59.504 Y27.574 E0.00843
G1 X59.831 Y27.484 E0.0093
G1 X61.6 Y27.484 E0.04848
G1 X61.6 Y23.4 E0.11193
G1 X38.4 Y23.4 E0.63583
G1 X38.4 Y76.6 E1.45802
G1 X61.6 Y76.6 E0.63583
G1 X61.6 Y41.284 E0.96788
G1 X60 Y41.284 E0.04385
G1 X59.69 Y41.25 E0.00855
G1 X59.457 Y41.175 E0.00671
G1 X59.155 Y41.001 E0.00955
G1 X58.815 Y40.631 E0.01377
G1 X58.657 Y40.281 E0.01052
G1 X58.603 Y39.985 E0.00825
G1 X58.6 Y28.76 E0.30764
G0 F1320 X59.29 Y28.179
G1 F480 X59.645 Y27.948 E0.01161
G1 X59.878 Y27.884 E0.00662
G1 X62 Y27.884 E0.05816
G1 X62 Y23 E0.13385
G1 X38 Y23 E0.65775
G1 X38 Y77 E1.47994
G1 X62 Y77 E0.65775
G1 X62 Y40.884 E0.98981
G1 X59.838 Y40.884 E0.05925
G1 X59.488 Y40.744 E0.01033
G1 X59.326 Y40.624 E0.00553
G1 X59.154 Y40.418 E0.00735
G1 X59.04 Y40.167 E0.00756
G1 X59.002 Y39.957 E0.00585
G1 X59 Y28.795 E0.30591
G1 X59.086 Y28.477 E0.00903
G1 X59.29 Y28.179 E0.0099
G1 F1500 E-6.5
G0 F1320 X60.653 Y29.539
G0 X63.653 Y39.233
G0 X63.653 Y78.653
G0 X36.347 Y78.653
G0 X36.335 Y77.4
G0 X37.6 Y77.4
G1 F1500 E6.5
G1 F480 X62.4 Y77.4 E0.67968
G1 X62.4 Y40.484 E1.01173
G1 X59.902 Y40.484 E0.06846
G1 X59.693 Y40.4 E0.00617
G1 X59.538 Y40.268 E0.00558
G1 X59.453 Y40.133 E0.00437
G1 X59.401 Y39.928 E0.0058
G1 X59.404 Y28.809 E0.30473
G1 X59.451 Y28.64 E0.00481
G1 X59.574 Y28.461 E0.00595
G1 X59.787 Y28.322 E0.00697
G1 X59.925 Y28.284 E0.00392
G1 X62.4 Y28.284 E0.06783
G1 X62.4 Y22.6 E0.15578
G1 X37.6 Y22.6 E0.67968
G1 X37.6 Y77.4 E1.50187
G1 F1500 E-6.5
G0 F1320 X49.227 Y69.309
G1 F1500 E6.5
G1 F480 X49.857 Y69.205 E0.0175
G1 X50.52 Y69.232 E0.01819
G1 X51.219 Y69.48 E0.02033
G1 X51.49 Y69.631 E0.0085
G1 X51.982 Y70.02 E0.01719
G1 X52.217 Y70.288 E0.00977
G1 X52.602 Y70.943 E0.02082
G1 X52.774 Y71.645 E0.01981
G1 X52.8 Y71.97 E0.00894
G1 X52.722 Y72.718 E0.02061
G1 X52.41 Y73.406 E0.0207
G1 X52.056 Y73.887 E0.01637
G1 X51.812 Y74.122 E0.00928
G1 X51.288 Y74.475 E0.01732
G1 X50.563 Y74.738 E0.02114
G1 X50.084 Y74.792 E0.01321
G1 X49.598 Y74.759 E0.01335
G1 X49.028 Y74.614 E0.01612
G1 X48.717 Y74.478 E0.0093
G1 X48.184 Y74.122 E0.01757
G1 X47.94 Y73.887 E0.00928
G1 X47.586 Y73.406 E0.01637
G1 X47.271 Y72.705 E0.02106
G1 X47.191 Y71.859 E0.02329
G1 X47.336 Y71.125 E0.02051
G1 X47.443 Y70.86 E0.00783
G1 X47.779 Y70.286 E0.01823
G1 X48.019 Y70.017 E0.00988
G1 X48.506 Y69.631 E0.01703
G1 X48.928 Y69.412 E0.01303
G1 X49.227 Y69.309 E0.00867
G1 F1500 E-6.5
G0 F1320 X47.695 Y72.683
G1 F1500 E6.5
G1 F480 X47.609 Y72.122 E0.01555
G1 X47.607 Y71.809 E0.00858
G1 X47.805 Y71.031 E0.022
G1 X48.186 Y70.41 E0.01997
G1 X48.781 Y69.92 E0.02112
G1 X49.324 Y69.697 E0.01609
G1 X49.888 Y69.604 E0.01567
G1 X50.539 Y69.661 E0.01791
G1 X51.056 Y69.845 E0.01504
G1 X51.267 Y69.962 E0.00661
G1 X51.807 Y70.407 E0.01918
G1 X52.219 Y71.053 E0.021
G1 X52.38 Y71.714 E0.01865
G1 X52.4 Y71.967 E0.00696
G1 X52.328 Y72.629 E0.01825
G1 X52.053 Y73.225 E0.01799
G1 X51.778 Y73.599 E0.01272
G1 X51.534 Y73.835 E0.0093
G1 X51.126 Y74.109 E0.01347
G1 X50.494 Y74.344 E0.01848
G1 X50.084 Y74.392 E0.01131
G1 X49.631 Y74.36 E0.01245
G1 X49.188 Y74.248 E0.01252
G1 X48.876 Y74.112 E0.00933
G1 X48.462 Y73.835 E0.01365
G1 X48.218 Y73.599 E0.0093
G1 X47.943 Y73.225 E0.01272
G1 X47.695 Y72.683 E0.01634
G1 F1500 E-6.5
G0 F1320 X50.301 Y70.02
G1 F1500 E6.5
G1 F480 X50.972 Y70.235 E0.01931
G1 X51.461 Y70.638 E0.01737
G1 X51.875 Y71.27 E0.02071
G1 X52 Y71.964 E0.01933
G1 X51.915 Y72.578 E0.01699
G1 X51.697 Y73.044 E0.0141
G1 X51.5 Y73.312 E0.00912
G1 X51.256 Y73.547 E0.00928
G1 X50.964 Y73.743 E0.00964
G1 X50.425 Y73.95 E0.01582
G1 X50.084 Y73.992 E0.00942
G1 X49.665 Y73.961 E0.01151
G1 X49.348 Y73.881 E0.00896
G1 X49.036 Y73.745 E0.00933
G1 X48.74 Y73.547 E0.00976
G1 X48.496 Y73.312 E0.00928
G1 X48.299 Y73.044 E0.00912
G1 X48.079 Y72.571 E0.0143
G1 X47.987 Y71.935 E0.01761
G1 X48.137 Y71.25 E0.01922
G1 X48.506 Y70.649 E0.01933
G1 X49.028 Y70.248 E0.01804
G1 X49.376 Y70.092 E0.01045
G1 X49.92 Y70.003 E0.01511
G1 X50.301 Y70.02 E0.01045
G1 F1500 E-6.5
G0 F1320 X50.029 Y71.669
G0 X50.978 Y73.26
G1 F1500 E6.5
G1 F480 X50.803 Y73.377 E0.00577
G1 X50.356 Y73.556 E0.0132
G1 X50.084 Y73.592 E0.00752
G1 X49.698 Y73.563 E0.01061
G1 X49.196 Y73.378 E0.01466
G1 X49.018 Y73.26 E0.00585
G1 X48.656 Y72.864 E0.0147
G1 X48.463 Y72.46 E0.01227
G1 X48.403 Y71.893 E0.01563
G1 X48.529 Y71.372 E0.01469
G1 X48.775 Y70.969 E0.01294
G1 X49.221 Y70.598 E0.0159
G1 X49.518 Y70.473 E0.00883
G1 X49.952 Y70.401 E0.01206
G1 X50.287 Y70.423 E0.0092
G1 X50.82 Y70.626 E0.01563
G1 X51.221 Y70.969 E0.01446
G1 X51.491 Y71.429 E0.01462
G1 X51.6 Y71.961 E0.01488
G1 X51.532 Y72.464 E0.01391
G1 X51.34 Y72.864 E0.01216
G1 X50.978 Y73.26 E0.0147
G0 F1320 X50.944 Y72.736
M204 P150
;TYPE:WALL-OUTER
G1 F480 X50.641 Y73.011 E0.01111
G1 X50.285 Y73.162 E0.0105
G1 X50.067 Y73.192 E0.00597
G1 X49.731 Y73.164 E0.00915
G1 X49.296 Y72.972 E0.0129
G1 X49.013 Y72.683 E0.01098
G1 X48.847 Y72.348 E0.01015
G1 X48.8 Y71.956 E0.01072
G1 X48.882 Y71.563 E0.0109
G1 X49.105 Y71.199 E0.01159
G1 X49.415 Y70.948 E0.01083
G1 X49.599 Y70.866 E0.00547
G1 X49.984 Y70.8 E0.0106
G1 X50.208 Y70.815 E0.00609
G1 X50.581 Y70.948 E0.01075
G1 X50.891 Y71.199 E0.01083
G1 X51.113 Y71.561 E0.01153
G1 X51.198 Y71.921 E0.01004
G1 X51.148 Y72.35 E0.01172
G1 X50.944 Y72.736 E0.01185
G0 F1320 X50.796 Y72.87
G1 F1500 E-6.5
G0 F1320 X59.8 Y39.899
G1 F1500 E6.5
G1 F480 X59.801 Y28.859 E0.29963
G1 X59.858 Y28.743 E0.00351
G1 X59.973 Y28.685 E0.0035
G1 X62.8 Y28.684 E0.07673
G1 X62.8 Y22.2 E0.17598
G1 X37.2 Y22.2 E0.69479
G1 X37.2 Y77.8 E1.509
G1 X62.8 Y77.8 E0.69479
G1 X62.8 Y40.084 E1.02362
G1 X59.955 Y40.08 E0.07721
G1 X59.854 Y40.022 E0.00316
G1 X59.8 Y39.899 E0.00365
G0 F1320 X59.8 Y39.699
G1 F1500 E-6.5
G0 F1320 X50.064 Y75.224
M204 P180
;TYPE:SKIN
G1 F1500 E6.5
G1 F342.9 X50.634 Y75.18 E0.02215
G1 F346.6 X50.675 Y75.145 E0.00207
G1 F412.9 X51.463 Y74.783 E0.0279
G1 F480 X52.064 Y74.38 E0.02002
G1 X52.308 Y74.144 E0.00939
G1 X52.718 Y73.591 E0.01905
G1 X53.072 Y72.81 E0.02373
G1 X53.174 Y71.831 E0.02724
G1 X53.022 Y71.122 E0.02007
G1 X52.882 Y70.718 E0.01183
G1 X52.521 Y70.094 E0.01995
G1 X52.248 Y69.773 E0.01166
G1 X51.705 Y69.339 E0.01924
G1 X51.351 Y69.143 E0.0112
G1 X50.57 Y68.873 E0.02287
G1 X49.765 Y68.845 E0.02229
G1 X49.038 Y68.98 E0.02046
G1 X48.385 Y69.268 E0.01975
G1 X47.776 Y69.746 E0.02142
G1 X47.493 Y70.064 E0.01178
G1 X47.11 Y70.717 E0.02095
G1 X46.983 Y71.04 E0.0096
G1 X46.825 Y71.833 E0.02238
G1 X46.915 Y72.791 E0.02663
G1 X47.278 Y73.595 E0.02441
G1 X47.666 Y74.123 E0.01813
G1 X47.934 Y74.381 E0.01029
G1 F446.5 X48.65 Y74.865 E0.02571
G1 F390.2 X49.52 Y75.17 E0.03138
G1 F354.2 X49.564 Y75.197 E0.00194
G1 F347.2 X50.064 Y75.224 E0.01916
G1 F1500 E-6.5
G0 F1320 X57.844 Y40.042
G1 F1500 E6.5
G1 F480 X57.918 Y40.475 E0.01216
G1 X58.032 Y40.778 E0.00896
G1 X58.334 Y41.264 E0.01583
G1 X58.56 Y41.493 E0.0089
G1 X58.896 Y41.744 E0.01161
G1 X59.493 Y41.982 E0.01778
G1 X59.977 Y42.043 E0.0135
G1 X60.84 Y42.044 E0.02388
G1 X60.84 Y75.84 E0.93522
G1 X51.603 Y75.84 E0.25561
G1 F412.9 X50.786 Y75.775 E0.02637
G1 F346.6 X50.683 Y75.752 E0.00404
G1 F342.9 X50.084 Y75.768 E0.02321
G1 F347.2 X49.544 Y75.758 E0.02066
G1 F354.2 X49.446 Y75.779 E0.00376
G1 F416.5 X48.799 Y75.839 E0.02072
G1 F480 X39.161 Y75.839 E0.26671
G1 X39.16 Y24.16 E1.43008
G1 X60.84 Y24.16 E0.59994
G1 X60.84 Y26.724 E0.07095
G1 X59.729 Y26.726 E0.03074
G1 X59.246 Y26.859 E0.01386
G1 X58.829 Y27.065 E0.01287
G1 X58.481 Y27.345 E0.01236
G1 X58.217 Y27.661 E0.01139
G1 X58.014 Y28.032 E0.0117
G1 X57.846 Y28.664 E0.0181
G1 X57.844 Y40.042 E0.31486
G1 F1500 E-6.5
G0 F1320 X60.653 Y39.233
G0 X63.653 Y29.539
G0 X63.653 Y21.347
G0 X36.347 Y21.347
G0 X36.335 Y24.561
G0 X39.361 Y24.561
G1 F1500 E6.5
G1 F480 X39.563 Y24.36 E0.00789
G0 F1320 X40.128 Y24.36
G1 F480 X39.361 Y25.127 E0.03002
G0 F1320 X39.361 Y25.693
G1 F480 X40.694 Y24.36 E0.05217
G0 F1320 X41.26 Y24.36
G1 F480 X39.361 Y26.258 E0.0743
G0 F1320 X39.361 Y26.824
G1 F480 X41.825 Y24.36 E0.09643
G0 F1320 X42.391 Y24.36
G1 F480 X39.361 Y27.39 E0.11858
G0 F1320 X39.361 Y27.955
G1 F480 X42.957 Y24.36 E0.14071
G0 F1320 X43.522 Y24.36
G1 F480 X39.361 Y28.521 E0.16284
G0 F1320 X39.361 Y29.087
G1 F480 X44.088 Y24.36 E0.18499
G0 F1320 X44.654 Y24.36
G1 F480 X39.361 Y29.653 E0.20714
G0 F1320 X39.361 Y30.218
G1 F480 X45.219 Y24.36 E0.22925
G0 F1320 X45.785 Y24.36
G1 F480 X39.361 Y30.784 E0.2514
G0 F1320 X39.361 Y31.35
G1 F480 X46.351 Y24.36 E0.27355
G0 F1320 X46.917 Y24.36
G1 F480 X39.361 Y31.915 E0.29568
G0 F1320 X39.361 Y32.481
G1 F480 X47.482 Y24.36 E0.31781
G0 F1320 X48.048 Y24.36
G1 F480 X39.361 Y33.047 E0.33996
G0 F1320 X39.361 Y33.612
G1 F480 X48.614 Y24.36 E0.36209
G0 F1320 X49.179 Y24.36
G1 F480 X39.361 Y34.178 E0.38422
G0 F1320 X39.361 Y34.744
G1 F480 X49.745 Y24.36 E0.40638
G0 F1320 X50.311 Y24.36
G1 F480 X39.361 Y35.309 E0.42851
G0 F1320 X39.361 Y35.875
G1 F480 X50.876 Y24.36 E0.45064
G0 F1320 X51.442 Y24.36
G1 F480 X39.361 Y36.441 E0.47279
G0 F1320 X39.361 Y37.006
G1 F480 X52.008 Y24.36 E0.49492
G0 F1320 X52.573 Y24.36
G1 F480 X39.361 Y37.572 E0.51705
G0 F1320 X39.361 Y38.138
G1 F480 X53.139 Y24.36 E0.5392
G0 F1320 X53.705 Y24.36
G1 F480 X39.361 Y38.703 E0.56133
G0 F1320 X39.361 Y39.269
G1 F480 X54.27 Y24.36 E0.58346
G0 F1320 X54.836 Y24.36
G1 F480 X39.361 Y39.835 E0.60561
G0 F1320 X39.361 Y40.401
G1 F480 X55.402 Y24.36 E0.62776
G0 F1320 X55.968 Y24.36
G1 F480 X39.361 Y40.966 E0.64989
G0 F1320 X39.361 Y41.532
G1 F480 X56.533 Y24.36 E0.67202
G0 F1320 X57.099 Y24.36
G1 F480 X39.361 Y42.098 E0.69417
G0 F1320 X39.361 Y42.663
G1 F480 X57.665 Y24.36 E0.7163
G0 F1320 X58.23 Y24.36
G1 F480 X39.361 Y43.229 E0.73843
G0 F1320 X39.361 Y43.795
G1 F480 X58.796 Y24.36 E0.76058
G0 F1320 X59.362 Y24.36
G1 F480 X39.361 Y44.36 E0.78271
G0 F1320 X39.361 Y44.926
G1 F480 X59.927 Y24.36 E0.80484
G0 F1320 X60.493 Y24.36
G1 F480 X39.361 Y45.492 E0.827
G0 F1320 X39.361 Y46.057
G1 F480 X60.64 Y24.778 E0.83275
G0 F1320 X60.64 Y25.344
G1 F480 X59.365 Y26.619 E0.0499
G0 F1320 X60.022 Y26.528
G1 F480 X60.64 Y25.91 E0.02419
G1 X60.71 Y25.84
G1 F1500 E-6.5
G0 F1320 X57.755 Y28.229
G1 F1500 E6.5
G1 F480 X39.361 Y46.623 E0.71984
G0 F1320 X39.361 Y47.189
G1 F480 X57.641 Y28.909 E0.71538
G0 F1320 X57.641 Y29.475
G1 F480 X39.361 Y47.754 E0.71536
G0 F1320 X39.361 Y48.32
G1 F480 X57.641 Y30.041 E0.71536
G0 F1320 X57.641 Y30.606
G1 F480 X39.361 Y48.886 E0.71538
G0 F1320 X39.361 Y49.452
G1 F480 X57.641 Y31.171 E0.7154
G0 F1320 X57.641 Y31.737
G1 F480 X39.361 Y50.017 E0.71538
G0 F1320 X39.361 Y50.583
G1 F480 X57.641 Y32.303 E0.71538
G0 F1320 X57.642 Y32.868
G1 F480 X39.361 Y51.149 E0.71542
G0 F1320 X39.361 Y51.714
G1 F480 X57.642 Y33.433 E0.71542
G0 F1320 X57.642 Y33.999
G1 F480 X39.361 Y52.28 E0.71542
G0 F1320 X39.361 Y52.846
G1 F480 X57.643 Y34.564 E0.71546
G0 F1320 X57.643 Y35.13
G1 F480 X39.361 Y53.411 E0.71544
G0 F1320 X39.361 Y53.977
G1 F480 X57.643 Y35.695 E0.71546
G0 F1320 X57.643 Y36.26
G1 F480 X39.361 Y54.543 E0.71548
G0 F1320 X39.361 Y55.108
G1 F480 X57.643 Y36.826 E0.71546
G0 F1320 X57.643 Y37.392
G1 F480 X39.361 Y55.674 E0.71546
G0 F1320 X39.361 Y56.24
G1 F480 X57.643 Y37.957 E0.71548
G0 F1320 X57.644 Y38.522
G1 F480 X39.361 Y56.805 E0.7155
G0 F1320 X39.361 Y57.371
G1 F480 X57.644 Y39.088 E0.7155
G0 F1320 X57.644 Y39.654
G1 F480 X39.361 Y57.937 E0.7155
G0 F1320 X39.361 Y58.502
G1 F480 X57.668 Y40.195 E0.71644
G0 F1320 X57.772 Y40.657
G1 F480 X39.361 Y59.068 E0.72051
G0 F1320 X39.361 Y59.634
G1 F480 X57.958 Y41.037 E0.72779
G0 F1320 X58.175 Y41.386
G1 F480 X39.361 Y60.2 E0.73628
G0 F1320 X39.361 Y60.765
G1 F480 X58.46 Y41.666 E0.74743
G0 F1320 X58.792 Y41.9
G1 F480 X39.361 Y61.331 E0.76043
G0 F1320 X39.361 Y61.897
G1 F480 X59.183 Y42.074 E0.77575
G0 F1320 X59.627 Y42.197
G1 F480 X39.361 Y62.462 E0.79308
G0 F1320 X39.361 Y63.028
G1 F480 X60.147 Y42.242 E0.81345
G0 F1320 X60.64 Y42.315
G1 F480 X39.361 Y63.594 E0.83275
G0 F1320 X39.361 Y64.159
G1 F480 X60.64 Y42.88 E0.83275
G0 F1320 X60.64 Y43.446
G1 F480 X39.361 Y64.725 E0.83275
G0 F1320 X39.361 Y65.291
G1 F480 X60.64 Y44.012 E0.83275
G0 F1320 X60.64 Y44.577
G1 F480 X39.361 Y65.856 E0.83275
G0 F1320 X39.361 Y66.422
G1 F480 X60.64 Y45.143 E0.83275
G0 F1320 X60.64 Y45.709
G1 F480 X39.361 Y66.988 E0.83275
G0 F1320 X39.361 Y67.553
G1 F480 X60.64 Y46.274 E0.83275
G0 F1320 X60.64 Y46.84
G1 F480 X39.361 Y68.119 E0.83275
G0 F1320 X39.361 Y68.685
G1 F480 X60.64 Y47.406 E0.83275
G0 F1320 X60.64 Y47.972
G1 F480 X39.361 Y69.251 E0.83275
G0 F1320 X39.361 Y69.816
G1 F480 X60.64 Y48.537 E0.83275
G0 F1320 X60.64 Y49.103
G1 F480 X39.361 Y70.382 E0.83275
G0 F1320 X39.361 Y70.948
G1 F480 X60.64 Y49.669 E0.83275
G0 F1320 X60.64 Y50.234
G1 F480 X39.361 Y71.513 E0.83275
G0 F1320 X39.361 Y72.079
G1 F480 X60.64 Y50.8 E0.83275
G0 F1320 X60.64 Y51.366
G1 F480 X39.361 Y72.645 E0.83275
G0 F1320 X39.361 Y73.21
G1 F480 X60.64 Y51.931 E0.83275
G0 F1320 X60.64 Y52.497
G1 F480 X39.361 Y73.776 E0.83275
G0 F1320 X39.361 Y74.342
G1 F480 X60.64 Y53.063 E0.83275
G0 F1320 X60.64 Y53.628
G1 F480 X39.361 Y74.907 E0.83275
G0 F1320 X39.361 Y75.473
G1 F480 X60.64 Y54.194 E0.83275
G0 F1320 X60.64 Y54.76
G1 F480 X39.761 Y75.639 E0.81709
G0 F1320 X40.326 Y75.639
G1 F480 X60.64 Y55.325 E0.79498
G0 F1320 X60.64 Y55.891
G1 F480 X40.892 Y75.639 E0.77283
G0 F1320 X41.458 Y75.639
G1 F480 X60.64 Y56.457 E0.75068
G0 F1320 X60.64 Y57.023
G1 F480 X48.798 Y68.864 E0.46341
G0 F1320 X49.543 Y68.685
G1 F480 X60.64 Y57.588 E0.43428
G0 F1320 X60.64 Y58.154
G1 F480 X50.136 Y68.658 E0.41107
G0 F1320 X50.668 Y68.691
G1 F480 X60.64 Y58.72 E0.39023
G0 F1320 X60.64 Y59.285
G1 F480 X51.087 Y68.838 E0.37385
G0 F1320 X51.494 Y68.997
G1 F480 X60.64 Y59.851 E0.35793
G0 F1320 X60.64 Y60.417
G1 F480 X51.854 Y69.202 E0.34382
G0 F1320 X52.17 Y69.452
G1 F480 X60.64 Y60.982 E0.33147
G0 F1320 X60.64 Y61.548
G1 F480 X52.463 Y69.725 E0.32
G0 F1320 X52.719 Y70.035
G1 F480 X60.64 Y62.114 E0.30999
G0 F1320 X60.64 Y62.679
G1 F480 X52.928 Y70.392 E0.30183
G0 F1320 X53.108 Y70.777
G1 F480 X60.64 Y63.245 E0.29476
G0 F1320 X60.64 Y63.811
G1 F480 X53.246 Y71.205 E0.28936
G0 F1320 X53.345 Y71.672
G1 F480 X60.64 Y64.376 E0.28551
G0 F1320 X60.64 Y64.942
G1 F480 X53.33 Y72.252 E0.28607
G0 F1320 X53.253 Y72.895
G1 F480 X60.64 Y65.508 E0.28909
G0 F1320 X60.64 Y66.073
G1 F480 X52.534 Y74.179 E0.31723
G0 F1320 X52.16 Y74.553
G1 F480 X51.146 Y75.568 E0.0397
G0 F1320 X51.639 Y75.641
G1 F480 X60.64 Y66.639 E0.35227
G0 F1320 X60.64 Y67.205
G1 F480 X52.204 Y75.641 E0.33014
G0 F1320 X52.77 Y75.641
G1 F480 X60.64 Y67.771 E0.30799
G0 F1320 X60.64 Y68.336
G1 F480 X53.336 Y75.641 E0.28586
G0 F1320 X53.901 Y75.641
G1 F480 X60.64 Y68.902 E0.26373
G0 F1320 X60.64 Y69.468
G1 F480 X54.467 Y75.641 E0.24158
G0 F1320 X55.033 Y75.641
G1 F480 X60.64 Y70.033 E0.21945
G0 F1320 X60.64 Y70.599
G1 F480 X55.598 Y75.641 E0.19732
G0 F1320 X56.164 Y75.641
G1 F480 X60.64 Y71.165 E0.17517
G0 F1320 X60.64 Y71.73
G1 F480 X56.73 Y75.641 E0.15304
G0 F1320 X57.295 Y75.641
G1 F480 X60.64 Y72.296 E0.13091
G0 F1320 X60.64 Y72.862
G1 F480 X57.861 Y75.641 E0.10876
G0 F1320 X58.427 Y75.641
G1 F480 X60.64 Y73.427 E0.08662
G0 F1320 X60.64 Y73.993
G1 F480 X58.993 Y75.641 E0.06447
G0 F1320 X59.558 Y75.641
G1 F480 X60.64 Y74.559 E0.04234
G0 F1320 X60.64 Y75.124
G1 F480 X60.124 Y75.641 E0.02021
G1 F1500 E-6.5
G0 F1320 X49.162 Y75.289
G1 F1500 E6.5
G1 F480 X48.814 Y75.636 E0.0136
G0 F1320 X48.771 Y75.114
G1 F480 X48.246 Y75.639 E0.02055
G0 F1320 X47.68 Y75.639
G1 F480 X48.387 Y74.932 E0.02767
G0 F1320 X48.05 Y74.704
G1 F480 X47.115 Y75.639 E0.03659
G0 F1320 X46.549 Y75.639
G1 F480 X47.73 Y74.458 E0.04622
G0 F1320 X47.455 Y74.167
G1 F480 X45.983 Y75.639 E0.05761
G0 F1320 X45.417 Y75.639
G1 F480 X47.214 Y73.843 E0.07031
G0 F1320 X47.005 Y73.486
G1 F480 X44.852 Y75.639 E0.08426
G0 F1320 X44.286 Y75.639
G1 F480 X46.831 Y73.094 E0.0996
G0 F1320 X46.702 Y72.658
G1 F480 X43.72 Y75.639 E0.11668
G0 F1320 X43.155 Y75.639
G1 F480 X46.653 Y72.141 E0.13689
G0 F1320 X46.677 Y71.551
G1 F480 X42.589 Y75.639 E0.15998
G0 F1320 X42.023 Y75.639
G1 F480 X46.861 Y70.801 E0.18933
G1 X46.931 Y70.731
G1 F1500 E-6.5
G0 F1320 X48.496 Y35.388
M204 P120
G1 F1500 E6.5
G1 F132.5 X48.504 Y36.742 E0.00206
G1 F145.5 X48.513 Y38.096 E0.00187
G1 F160.6 X48.521 Y39.45 E0.0017
G1 F179.3 X48.53 Y40.804 E0.00152
G1 F203.8 X48.538 Y42.158 E0.00134
G1 F1500 E-6.5
G0 F1320 X36.335 Y42.158
G0 X36.347 Y78.653
G0 X46.931 Y78.665
G0 X46.931 Y77.888
G1 F1500 E6.5
G1 F360 X37.108 Y77.888 E0.00549
G1 X37.108 Y22.108 E0.03117
G1 X62.888 Y22.108 E0.01441
G1 X62.888 Y28.776 E0.00373
G1 X59.94 Y28.776 E0.00165
G1 X59.888 Y28.828 E0.00004
G1 X59.89 Y39.954 E0.00622
G1 X59.924 Y39.992 E0.00003
G1 X62.888 Y39.996 E0.00166
G1 X62.888 Y77.888 E0.02117
G1 X46.931 Y77.888 E0.00892
G0 F1320 X46.931 Y77.768
G1 F360 X37.228 Y77.768 E0.00542
G1 X37.228 Y22.228 E0.03103
G1 X62.768 Y22.228 E0.01427
G1 X62.768 Y28.656 E0.00359
G1 X59.924 Y28.656 E0.00159
G1 X59.768 Y28.751 E0.0001
G1 X59.772 Y39.997 E0.00628
G1 X59.906 Y40.111 E0.0001
G1 X62.768 Y40.116 E0.0016
G1 X62.768 Y77.768 E0.02104
G1 X46.931 Y77.768 E0.00885
G0 F1320 X46.931 Y77.648
G1 F360 X37.348 Y77.648 E0.00535
G1 X37.348 Y22.348 E0.0309
G1 X62.648 Y22.348 E0.01414
G1 X62.648 Y28.536 E0.00346
G1 X59.881 Y28.54 E0.00155
G1 X59.703 Y28.647 E0.00012
G1 X59.648 Y28.751 E0.00007
G1 X59.652 Y40.012 E0.00629
G1 X59.877 Y40.227 E0.00017
G1 X62.648 Y40.236 E0.00155
G1 X62.648 Y77.648 E0.0209
G1 X46.931 Y77.648 E0.00878
G0 F1320 X46.931 Y77.528
G1 F360 X37.468 Y77.528 E0.00529
G1 X37.468 Y22.468 E0.03077
G1 X62.528 Y22.468 E0.014
G1 X62.528 Y28.416 E0.00332
G1 X59.841 Y28.424 E0.0015
G1 X59.611 Y28.564 E0.00015
G1 X59.528 Y28.735 E0.00011
G1 X59.532 Y40.061 E0.00633
G1 X59.843 Y40.342 E0.00023
G1 X62.528 Y40.356 E0.0015
G1 X62.528 Y77.528 E0.02077
G1 X46.931 Y77.528 E0.00872
G0 F1320 X46.931 Y77.408
G1 F360 X37.588 Y77.408 E0.00522
G1 X37.588 Y22.588 E0.03063
G1 X62.408 Y22.588 E0.01387
G1 X62.408 Y28.296 E0.00319
G1 X59.801 Y28.308 E0.00146
G1 X59.531 Y28.467 E0.00018
G1 X59.412 Y28.699 E0.00015
G1 X59.412 Y40.108 E0.00638
G1 X59.807 Y40.458 E0.00029
G1 X62.408 Y40.476 E0.00145
G1 X62.408 Y77.408 E0.02064
G1 X46.931 Y77.408 E0.00865
G0 F1320 X46.931 Y77.288
G1 F360 X37.708 Y77.288 E0.00515
G1 X37.708 Y22.708 E0.0305
G1 X62.288 Y22.708 E0.01373
G1 X62.288 Y28.176 E0.00306
G1 X59.781 Y28.188 E0.0014
G1 X59.435 Y28.388 E0.00022
G1 X59.292 Y28.679 E0.00018
G1 X59.292 Y40.102 E0.00638
G1 X59.34 Y40.206 E0.00006
G1 X59.762 Y40.574 E0.00031
G1 X62.288 Y40.596 E0.00141
G1 X62.288 Y77.288 E0.0205
G1 X46.931 Y77.288 E0.00858
G0 F1320 X46.931 Y77.168
G1 F360 X37.828 Y77.168 E0.00509
G1 X37.828 Y22.828 E0.03036
G1 X62.168 Y22.828 E0.0136
G1 X62.168 Y28.052 E0.00292
G1 X59.733 Y28.074 E0.00136
G1 X59.343 Y28.303 E0.00025
G1 X59.172 Y28.66 E0.00022
G1 X59.176 Y40.137 E0.00641
G1 X59.233 Y40.266 E0.00008
G1 X59.71 Y40.69 E0.00036
G1 X62.168 Y40.716 E0.00137
G1 X62.168 Y77.168 E0.02037
G1 X46.931 Y77.168 E0.00851
G0 F1320 X46.931 Y77.048
G1 F360 X37.948 Y77.048 E0.00502
G1 X37.948 Y22.948 E0.03023
G1 X62.048 Y22.948 E0.01347
G1 X62.048 Y27.928 E0.00278
G1 X59.709 Y27.954 E0.00131
G1 X59.234 Y28.237 E0.00031
G1 X59.052 Y28.644 E0.00025
G1 X59.058 Y40.175 E0.00644
G1 X59.156 Y40.366 E0.00012
G1 X59.658 Y40.806 E0.00037
G1 X62.048 Y40.836 E0.00134
G1 X62.048 Y77.048 E0.02023
G1 X46.931 Y77.048 E0.00845
G0 F1320 X46.931 Y76.928
G1 F360 X38.068 Y76.928 E0.00495
G1 X38.068 Y23.068 E0.0301
G1 X61.928 Y23.068 E0.01333
G1 X61.928 Y27.808 E0.00265
G1 X59.677 Y27.832 E0.00126
G1 X59.154 Y28.14 E0.00034
G1 X58.932 Y28.628 E0.0003
G1 X58.942 Y40.211 E0.00647
G1 X59.06 Y40.442 E0.00014
G1 X59.62 Y40.925 E0.00041
G1 X61.928 Y40.952 E0.00129
G1 X61.928 Y76.928 E0.0201
G1 X46.931 Y76.928 E0.00838
G0 F1320 X46.93 Y76.807
G1 F360 X38.189 Y76.807 E0.00488
G1 X38.188 Y23.188 E0.02996
G1 X61.808 Y23.188 E0.0132
G1 X61.808 Y27.688 E0.00251
G1 X59.637 Y27.712 E0.00121
G1 X59.062 Y28.061 E0.00038
G1 X58.813 Y28.604 E0.00033
G1 X58.826 Y40.247 E0.00651
G1 X58.964 Y40.518 E0.00017
G1 X59.564 Y41.037 E0.00044
G1 X61.808 Y41.068 E0.00125
G1 X61.808 Y76.808 E0.01997
G1 X46.93 Y76.807 E0.00831
G0 F1320 X46.93 Y76.685
G1 F360 X38.308 Y76.684 E0.00482
G1 X38.308 Y23.308 E0.02982
G1 X61.688 Y23.308 E0.01306
G1 X61.688 Y27.568 E0.00238
G1 X59.597 Y27.592 E0.00117
G1 X58.97 Y27.981 E0.00041
G1 X58.693 Y28.58 E0.00037
G1 X58.71 Y40.283 E0.00654
G1 X58.868 Y40.594 E0.00019
G1 X59.508 Y41.149 E0.00047
G1 X61.688 Y41.184 E0.00122
G1 X61.688 Y76.687 E0.01984
G1 X46.93 Y76.685 E0.00825
G0 F1320 X46.931 Y76.564
G1 F360 X38.428 Y76.564 E0.00475
G1 X38.428 Y23.428 E0.02969
G1 X61.567 Y23.428 E0.01293
G1 X61.567 Y27.448 E0.00225
G1 X59.557 Y27.472 E0.00112
G1 X58.876 Y27.898 E0.00045
G1 X58.573 Y28.556 E0.0004
G1 X58.592 Y40.31 E0.00657
G1 X58.782 Y40.676 E0.00023
G1 X59.451 Y41.261 E0.0005
G1 X61.568 Y41.299 E0.00118
G1 X61.568 Y76.564 E0.01971
G1 X46.931 Y76.564 E0.00818
G0 F1320 X46.93 Y76.443
G1 F360 X38.549 Y76.443 E0.00468
G1 X38.548 Y23.548 E0.02956
G1 X61.444 Y23.548 E0.01279
G1 X61.444 Y27.328 E0.00211
G1 X59.517 Y27.352 E0.00108
G1 X58.784 Y27.818 E0.00049
G1 X58.453 Y28.532 E0.00044
G1 X58.472 Y40.33 E0.00659
G1 X58.69 Y40.752 E0.00027
G1 X59.407 Y41.381 E0.00053
G1 X61.448 Y41.416 E0.00114
G1 X61.448 Y76.444 E0.01957
G1 X46.93 Y76.443 E0.00811
G0 F1320 X46.93 Y76.321
G1 F360 X38.668 Y76.32 E0.00462
G1 X38.668 Y23.668 E0.02942
G1 X61.324 Y23.668 E0.01266
G1 X61.324 Y27.208 E0.00198
G1 X59.477 Y27.232 E0.00103
G1 X58.692 Y27.739 E0.00052
G1 X58.333 Y28.504 E0.00047
G1 X58.352 Y40.35 E0.00662
G1 X58.598 Y40.828 E0.0003
G1 X59.363 Y41.501 E0.00057
G1 X61.328 Y41.532 E0.0011
G1 X61.328 Y76.323 E0.01944
G1 X46.93 Y76.321 E0.00805
G0 F1320 X46.931 Y76.2
G1 F360 X38.788 Y76.2 E0.00455
G1 X38.788 Y23.788 E0.02929
G1 X61.204 Y23.788 E0.01253
G1 X61.204 Y27.088 E0.00184
G1 X59.437 Y27.112 E0.00099
G1 X58.601 Y27.658 E0.00056
G1 X58.213 Y28.48 E0.00051
G1 X58.232 Y40.37 E0.00664
G1 X58.506 Y40.904 E0.00034
G1 X59.319 Y41.617 E0.0006
G1 X61.208 Y41.648 E0.00106
G1 X61.208 Y76.2 E0.01931
G1 X46.931 Y76.2 E0.00798
G0 F1320 X46.931 Y76.08
G1 F360 X38.908 Y76.08 E0.00448
G1 X38.908 Y23.908 E0.02915
G1 X61.084 Y23.908 E0.01239
G1 X61.084 Y26.968 E0.00171
G1 X59.397 Y26.992 E0.00094
G1 X58.505 Y27.574 E0.0006
G1 X58.093 Y28.452 E0.00054
G1 X58.112 Y40.39 E0.00667
G1 X58.402 Y40.968 E0.00036
G1 X59.276 Y41.737 E0.00065
G1 X61.088 Y41.764 E0.00101
G1 X61.088 Y76.08 E0.01917
G1 X46.931 Y76.08 E0.00791
G0 F1320 X46.931 Y75.96
G1 F360 X39.028 Y75.96 E0.00442
G1 X39.028 Y24.028 E0.02902
G1 X60.964 Y24.028 E0.01226
G1 X60.964 Y26.848 E0.00158
G1 X59.357 Y26.872 E0.0009
G1 X58.409 Y27.493 E0.00063
G1 X57.973 Y28.428 E0.00058
G1 X57.996 Y40.426 E0.0067
G1 X58.318 Y41.056 E0.0004
G1 X59.228 Y41.853 E0.00068
G1 X60.968 Y41.88 E0.00097
G1 X60.968 Y75.96 E0.01904
G1 X46.931 Y75.96 E0.00784
G0 F1320 X46.931 Y75.84
G1 F360 X39.148 Y75.84 E0.00435
G1 X39.148 Y24.148 E0.02888
G1 X60.844 Y24.148 E0.01212
G1 X60.844 Y26.728 E0.00144
G1 X59.317 Y26.752 E0.00085
G1 X58.316 Y27.415 E0.00067
G1 X57.853 Y28.404 E0.00061
G1 X57.876 Y40.446 E0.00673
G1 X58.218 Y41.12 E0.00042
G1 X59.184 Y41.969 E0.00072
G1 X60.848 Y41.996 E0.00093
G1 X60.848 Y75.84 E0.01891
G1 X46.931 Y75.84 E0.00778
G0 F1320 X46.931 Y75.72
G1 F360 X39.268 Y75.72 E0.00428
G1 X39.268 Y24.268 E0.02875
G1 X60.724 Y24.268 E0.01199
G1 X60.724 Y26.608 E0.00131
G1 X59.277 Y26.632 E0.00081
G1 X58.22 Y27.335 E0.00071
G1 X57.733 Y28.38 E0.00064
G1 X57.756 Y40.466 E0.00675
G1 X58.122 Y41.196 E0.00046
G1 X59.125 Y42.078 E0.00075
G1 X60.728 Y42.111 E0.0009
G1 X60.728 Y75.72 E0.01878
G1 X46.931 Y75.72 E0.00771
G0 F1320 X46.931 Y75.6
G1 F360 X39.388 Y75.6 E0.00421
G1 X39.388 Y24.388 E0.02862
G1 X60.604 Y24.388 E0.01185
G1 X60.604 Y26.488 E0.00117
G1 X59.237 Y26.512 E0.00076
G1 X58.124 Y27.256 E0.00075
G1 X57.613 Y28.356 E0.00068
G1 X57.642 Y40.513 E0.00679
G1 X58.03 Y41.28 E0.00048
G1 X59.081 Y42.198 E0.00078
G1 X60.608 Y42.228 E0.00085
G1 X60.608 Y75.6 E0.01865
G1 X46.931 Y75.6 E0.00764
G1 F1500 E-6.5
G0 F1320 X49.368 Y75.444
G1 F1500 E6.5
G1 F266.7 X49.845 Y75.474 E0.00036
G1 F258.7 X50.684 Y75.44 E0.00065
G1 F1500 E-6.5
G0 F1320 X56.963 Y71.951
G1 F1500 E6.5
G1 F240 X56.993 Y71.252 E0.00059
G1 F1500 E-6.5
G0 F1320 X49.937 Y58.049
G1 F1500 E6.5
G1 F378.9 X49.937 Y48.129 E0.00527
G1 X50.051 Y48.23 E0.00008
G1 X50.051 Y58.053 E0.00521
G1 X49.937 Y58.049 E0.00006
G0 F1320 X49.82 Y58.166
G1 F360 X49.82 Y47.868 E0.00575
G1 X50.168 Y48.179 E0.00026
G1 X50.168 Y58.177 E0.00559
G1 X49.82 Y58.166 E0.00019
G0 F1320 X49.7 Y58.286
G1 F360 X49.7 Y47.6 E0.00597
G1 X50.288 Y48.123 E0.00044
G1 X50.288 Y58.305 E0.00569
G1 X49.7 Y58.286 E0.00033
G0 F1320 X49.58 Y58.406
G1 F360 X49.581 Y47.284 E0.00621
G1 X49.62 Y47.365 E0.00005
G1 X50.408 Y48.067 E0.00059
G1 X50.408 Y58.433 E0.00579
G1 X49.58 Y58.406 E0.00046
G0 F1320 X49.46 Y58.526
G1 F360 X49.46 Y46.671 E0.00662
G1 X49.708 Y47.275 E0.00036
G1 X50.528 Y48.011 E0.00062
G1 X50.528 Y58.561 E0.0059
G1 X49.46 Y58.526 E0.0006
G0 F1320 X49.34 Y58.646
G1 F360 X49.34 Y46.07 E0.00703
G1 X49.812 Y47.204 E0.00069
G1 X50.648 Y47.955 E0.00063
G1 X50.648 Y58.689 E0.006
G1 X49.34 Y58.646 E0.00073
G0 F1320 X49.22 Y58.766
G1 F360 X49.22 Y45.484 E0.00742
G1 X49.916 Y47.132 E0.001
G1 X50.768 Y47.899 E0.00064
G1 X50.768 Y58.817 E0.0061
G1 X49.22 Y58.766 E0.00087
G0 F1320 X49.1 Y58.885
G1 F360 X49.101 Y44.898 E0.00782
G1 X50.02 Y47.06 E0.00131
G1 X50.888 Y47.847 E0.00065
G1 X50.888 Y58.945 E0.0062
G1 X49.1 Y58.885 E0.001
G0 F1320 X48.98 Y59.005
G1 F360 X48.98 Y44.31 E0.00821
G1 X50.12 Y46.988 E0.00163
G1 X51.008 Y47.791 E0.00067
G1 X51.008 Y59.073 E0.0063
G1 X48.98 Y59.005 E0.00113
G0 F1320 X48.86 Y59.125
G1 F360 X48.86 Y43.726 E0.0086
G1 X50.22 Y46.916 E0.00194
G1 X51.128 Y47.739 E0.00068
G1 X51.128 Y59.201 E0.0064
G1 X48.86 Y59.125 E0.00127
G0 F1320 X48.74 Y59.245
G1 F360 X48.74 Y43.142 E0.009
G1 X50.32 Y46.844 E0.00225
G1 X51.248 Y47.683 E0.0007
G1 X51.248 Y59.329 E0.00651
G1 X48.74 Y59.245 E0.0014
G0 F1320 X48.62 Y59.365
G1 F360 X48.62 Y42.558 E0.00939
G1 X50.42 Y46.772 E0.00256
G1 X51.368 Y47.631 E0.00071
G1 X51.368 Y59.454 E0.00661
G1 X48.62 Y59.365 E0.00154
G0 F1320 X48.5 Y59.515
G1 F360 X48.5 Y47.114 E0.00693
G1 F308.6 X48.519 Y44.635 E0.00162
G1 F242.7 X48.538 Y42.156 E0.00205
G1 X49.529 Y44.429 E0.00206
G1 F308.6 X50.52 Y46.701 E0.00162
G1 F360 X51.488 Y47.575 E0.00073
G1 X51.488 Y59.578 E0.00671
G1 X48.645 Y59.488 E0.00159
G1 X48.5 Y59.515 E0.00008
G0 F1320 X48.381 Y59.663
G1 F360 X48.38 Y35.462 E0.01352
G1 F291.9 X48.407 Y35.062 E0.00028
G1 F254.1 X48.402 Y33.411 E0.00131
G1 F261.8 X48.566 Y33.414 E0.00013
G1 F254.1 X48.582 Y35.061 E0.0013
G1 F291.9 X48.615 Y35.461 E0.00028
G1 F360 X48.696 Y42.131 E0.00373
G1 X50.62 Y46.628 E0.00273
G1 X51.608 Y47.523 E0.00074
G1 X51.608 Y59.702 E0.00681
G1 X48.673 Y59.608 E0.00164
G1 X48.381 Y59.663 E0.00017
G0 F1320 X48.26 Y59.808
G1 F360 X48.26 Y33.269 E0.01483
G1 X48.708 Y33.272 E0.00025
G1 X48.816 Y42.111 E0.00494
G1 X50.72 Y46.556 E0.0027
G1 X51.728 Y47.467 E0.00076
G1 X51.728 Y59.829 E0.00691
G1 X48.693 Y59.728 E0.0017
G1 X48.26 Y59.808 E0.00025
G0 F1320 X48.14 Y59.952
G1 F360 X48.14 Y33.149 E0.01498
G1 X48.828 Y33.152 E0.00038
G1 X48.936 Y42.091 E0.005
G1 X50.82 Y46.484 E0.00267
G1 X51.848 Y47.411 E0.00077
G1 X51.848 Y59.957 E0.00701
G1 X48.713 Y59.848 E0.00175
G1 X48.14 Y59.952 E0.00033
G0 F1320 X48.021 Y60.096
G1 F360 X48.02 Y33.029 E0.01512
G1 X48.948 Y33.032 E0.00052
G1 X49.056 Y42.071 E0.00505
G1 X50.92 Y46.412 E0.00264
G1 X51.968 Y47.359 E0.00079
G1 X51.968 Y60.085 E0.00711
G1 X48.733 Y59.968 E0.00181
G1 X48.021 Y60.096 E0.0004
G0 F1320 X47.901 Y60.24
G1 F360 X47.9 Y32.909 E0.01527
G1 X49.068 Y32.912 E0.00065
G1 X49.176 Y42.051 E0.00511
G1 X51.02 Y46.34 E0.00261
G1 X52.088 Y47.303 E0.0008
G1 X52.088 Y60.213 E0.00721
G1 X48.753 Y60.088 E0.00186
G1 X47.901 Y60.24 E0.00048
G0 F1320 X47.78 Y60.387
G1 F360 X47.78 Y32.789 E0.01542
G1 X49.188 Y32.792 E0.00079
G1 X49.296 Y42.031 E0.00516
G1 X51.12 Y46.268 E0.00258
G1 X52.208 Y47.251 E0.00082
G1 X52.208 Y60.342 E0.00731
G1 X48.763 Y60.208 E0.00193
G1 X47.78 Y60.387 E0.00056
G0 F1320 X47.66 Y60.532
G1 F360 X47.66 Y32.669 E0.01557
G1 X49.308 Y32.672 E0.00092
G1 X49.416 Y42.011 E0.00522
G1 X51.22 Y46.196 E0.00255
G1 X52.328 Y47.195 E0.00083
G1 X52.328 Y60.527 E0.00745
G1 X52.077 Y60.454 E0.00015
G1 X48.769 Y60.328 E0.00185
G1 X47.66 Y60.532 E0.00063
G0 F1320 X47.54 Y60.676
G1 F360 X47.54 Y32.549 E0.01572
G1 X49.428 Y32.552 E0.00105
G1 X49.536 Y41.991 E0.00527
G1 X51.32 Y46.124 E0.00252
G1 X52.448 Y47.143 E0.00085
G1 X52.448 Y60.688 E0.00757
G1 X52.045 Y60.57 E0.00023
G1 X48.789 Y60.448 E0.00182
G1 X47.54 Y60.676 E0.00071
G0 F1320 X47.421 Y60.823
G1 F360 X47.42 Y32.429 E0.01587
G1 X49.548 Y32.432 E0.00119
G1 X49.656 Y41.971 E0.00533
G1 X51.42 Y46.052 E0.00248
G1 X52.568 Y47.087 E0.00086
G1 X52.568 Y60.848 E0.00769
G1 X52.013 Y60.686 E0.00032
G1 X48.809 Y60.568 E0.00179
G1 X47.421 Y60.823 E0.00079
G0 F1320 X47.3 Y60.968
G1 F360 X47.3 Y32.309 E0.01601
G1 X49.668 Y32.312 E0.00132
G1 X49.776 Y41.951 E0.00539
G1 X51.52 Y45.98 E0.00245
G1 X52.688 Y47.035 E0.00088
G1 X52.688 Y61.008 E0.00781
G1 X51.981 Y60.802 E0.00041
G1 X48.829 Y60.688 E0.00176
G1 X47.3 Y60.968 E0.00087
G0 F1320 X47.18 Y61.115
G1 F360 X47.181 Y32.189 E0.01616
G1 X49.788 Y32.192 E0.00146
G1 X49.896 Y41.931 E0.00544
G1 X51.62 Y45.908 E0.00242
G1 X52.808 Y46.979 E0.00089
G1 X52.808 Y61.168 E0.00793
G1 X51.945 Y60.918 E0.0005
G1 X48.849 Y60.808 E0.00173
G1 X47.18 Y61.115 E0.00095
G0 F1320 X47.06 Y61.26
G1 F360 X47.06 Y32.069 E0.01631
G1 X49.908 Y32.072 E0.00159
G1 X50.016 Y41.911 E0.0055
G1 X51.72 Y45.836 E0.00239
G1 X52.928 Y46.927 E0.00091
G1 X52.928 Y61.331 E0.00805
G1 X51.909 Y61.034 E0.00059
G1 X48.869 Y60.928 E0.0017
G1 X47.06 Y61.26 E0.00103
G0 F1320 X46.94 Y61.404
G1 F360 X46.94 Y31.949 E0.01646
G1 X50.028 Y31.952 E0.00173
G1 X50.136 Y41.891 E0.00555
G1 X51.82 Y45.764 E0.00236
G1 X53.048 Y46.871 E0.00092
G1 X53.048 Y61.492 E0.00817
G1 X51.873 Y61.15 E0.00068
G1 X48.889 Y61.048 E0.00167
G1 X46.94 Y61.404 E0.00111
G0 F1320 X46.821 Y61.548
G1 F360 X46.82 Y31.829 E0.01661
G1 X50.148 Y31.832 E0.00186
G1 X50.256 Y41.871 E0.00561
G1 X51.927 Y45.704 E0.00234
G1 X53.168 Y46.815 E0.00093
G1 X53.168 Y61.655 E0.00829
G1 X51.837 Y61.266 E0.00077
G1 X48.909 Y61.168 E0.00164
G1 X46.821 Y61.548 E0.00119
G0 F1320 X46.7 Y61.691
G1 F360 X46.7 Y31.709 E0.01675
G1 X50.268 Y31.712 E0.00199
G1 X50.376 Y41.851 E0.00567
G1 X52.027 Y45.632 E0.00231
G1 X53.288 Y46.763 E0.00095
G1 X53.288 Y61.816 E0.00841
G1 X51.801 Y61.382 E0.00087
G1 X48.929 Y61.288 E0.00161
G1 X46.7 Y61.691 E0.00127
G0 F1320 X46.58 Y61.89
G1 F360 X46.58 Y31.589 E0.01693
G1 X50.388 Y31.592 E0.00213
G1 X50.496 Y41.831 E0.00572
G1 X52.127 Y45.56 E0.00227
G1 X53.408 Y46.711 E0.00096
G1 X53.408 Y61.976 E0.00853
G1 X51.765 Y61.498 E0.00096
G1 X48.949 Y61.408 E0.00157
G1 X46.809 Y61.796 E0.00122
G1 X46.58 Y61.89 E0.00014
G0 F1320 X46.46 Y62.073
G1 F360 X46.46 Y31.469 E0.0171
G1 X50.508 Y31.472 E0.00226
G1 X50.616 Y41.811 E0.00578
G1 X52.227 Y45.488 E0.00224
G1 X53.528 Y46.659 E0.00098
G1 X53.528 Y62.139 E0.00865
G1 X51.729 Y61.614 E0.00105
G1 X48.969 Y61.528 E0.00154
G1 X46.837 Y61.916 E0.00121
G1 X46.46 Y62.073 E0.00023
G0 F1320 X46.34 Y62.254
G1 F360 X46.34 Y31.349 E0.01727
G1 X50.628 Y31.352 E0.0024
G1 X50.736 Y41.791 E0.00583
G1 X52.327 Y45.416 E0.00221
G1 X53.648 Y46.607 E0.00099
G1 X53.648 Y62.303 E0.00877
G1 X51.693 Y61.73 E0.00114
G1 X48.989 Y61.648 E0.00151
G1 X46.865 Y62.036 E0.00121
G1 X46.34 Y62.254 E0.00032
G0 F1320 X46.22 Y62.437
G1 F360 X46.22 Y31.229 E0.01744
G1 X50.748 Y31.232 E0.00253
G1 X50.856 Y41.771 E0.00589
G1 X52.427 Y45.348 E0.00218
G1 X53.768 Y46.555 E0.00101
G1 X53.768 Y62.467 E0.00889
G1 X51.657 Y61.846 E0.00123
G1 X49.009 Y61.768 E0.00148
G1 X46.893 Y62.156 E0.0012
G1 X46.22 Y62.437 E0.00041
G0 F1320 X46.1 Y62.621
G1 F360 X46.1 Y31.109 E0.01761
G1 X50.868 Y31.112 E0.00266
G1 X50.976 Y41.751 E0.00595
G1 X52.527 Y45.276 E0.00215
G1 X53.888 Y46.503 E0.00102
G1 X53.888 Y62.631 E0.00901
G1 X51.654 Y61.966 E0.0013
G1 X49.029 Y61.888 E0.00147
G1 X46.917 Y62.276 E0.0012
G1 X46.1 Y62.621 E0.0005
G0 F1320 X45.98 Y62.805
G1 F360 X45.98 Y30.989 E0.01778
G1 X50.988 Y30.992 E0.0028
G1 X51.096 Y41.731 E0.006
G1 X52.627 Y45.204 E0.00212
G1 X54.008 Y46.451 E0.00104
G1 X54.008 Y62.795 E0.00913
G1 X51.622 Y62.082 E0.00139
G1 X49.049 Y62.008 E0.00144
G1 X46.956 Y62.392 E0.00119
G1 X45.98 Y62.805 E0.00059
G0 F1320 X45.86 Y62.985
G1 F360 X45.86 Y30.869 E0.01795
G1 X51.108 Y30.872 E0.00293
G1 X51.216 Y41.711 E0.00606
G1 X52.727 Y45.132 E0.00209
G1 X54.128 Y46.399 E0.00106
G1 X54.128 Y62.955 E0.00925
G1 X51.59 Y62.198 E0.00148
G1 X49.069 Y62.128 E0.00141
G1 X46.993 Y62.508 E0.00118
G1 X45.86 Y62.985 E0.00069
G0 F1320 X45.74 Y63.165
G1 F360 X45.74 Y30.749 E0.01811
G1 X51.228 Y30.752 E0.00307
G1 X51.336 Y41.691 E0.00611
G1 X52.827 Y45.064 E0.00206
G1 X54.248 Y46.347 E0.00107
G1 X54.248 Y63.119 E0.00937
G1 X51.558 Y62.314 E0.00157
G1 X49.089 Y62.248 E0.00138
G1 X47.017 Y62.628 E0.00118
G1 X45.74 Y63.165 E0.00077
G0 F1320 X45.62 Y63.349
G1 F360 X45.62 Y30.629 E0.01828
G1 X51.348 Y30.632 E0.0032
G1 X51.456 Y41.671 E0.00617
G1 X52.927 Y44.996 E0.00203
G1 X54.368 Y46.295 E0.00108
G1 X54.368 Y63.283 E0.00949
G1 X51.526 Y62.43 E0.00166
G1 X49.113 Y62.368 E0.00135
G1 X47.041 Y62.748 E0.00118
G1 X45.62 Y63.349 E0.00086
G0 F1320 X45.5 Y63.529
G1 F360 X45.5 Y30.509 E0.01845
G1 X51.468 Y30.512 E0.00333
G1 X51.576 Y41.651 E0.00622
G1 X53.027 Y44.928 E0.002
G1 X54.488 Y46.243 E0.0011
G1 X54.488 Y63.446 E0.00961
G1 X51.494 Y62.546 E0.00175
G1 X49.137 Y62.488 E0.00132
G1 X47.065 Y62.868 E0.00118
G1 X45.5 Y63.529 E0.00095
G0 F1320 X45.38 Y63.709
G1 F360 X45.38 Y30.389 E0.01862
G1 X51.588 Y30.392 E0.00347
G1 X51.696 Y41.631 E0.00628
G1 X53.127 Y44.86 E0.00197
G1 X54.608 Y46.191 E0.00111
G1 X54.608 Y63.72 E0.00979
G1 X54.402 Y63.55 E0.00015
G1 X51.462 Y62.662 E0.00172
G1 X49.161 Y62.608 E0.00129
G1 X47.089 Y62.988 E0.00118
G1 X45.38 Y63.709 E0.00104
G0 F1320 X45.26 Y63.893
G1 F360 X45.261 Y30.269 E0.01879
G1 X51.708 Y30.272 E0.0036
G1 X51.816 Y41.611 E0.00634
G1 X53.227 Y44.792 E0.00194
G1 X54.728 Y46.139 E0.00113
G1 X54.728 Y63.987 E0.00997
G1 X54.393 Y63.679 E0.00025
G1 X51.43 Y62.778 E0.00173
G1 X49.17 Y62.728 E0.00126
G1 X47.113 Y63.108 E0.00117
G1 X45.26 Y63.893 E0.00112
G0 F1320 X45.14 Y64.077
G1 F360 X45.14 Y30.149 E0.01896
G1 X51.828 Y30.152 E0.00374
G1 X51.936 Y41.591 E0.00639
G1 X53.334 Y44.728 E0.00192
G1 X54.848 Y46.083 E0.00114
G1 X54.848 Y64.259 E0.01016
G1 X54.333 Y63.787 E0.00039
G1 X51.398 Y62.894 E0.00171
G1 X49.185 Y62.848 E0.00124
G1 X47.133 Y63.228 E0.00117
G1 X45.14 Y64.077 E0.00121
G0 F1320 X45.02 Y64.323
G1 F360 X45.02 Y30.029 E0.01916
G1 X51.948 Y30.032 E0.00387
G1 X52.056 Y41.571 E0.00645
G1 X53.434 Y44.656 E0.00189
G1 X54.968 Y46.031 E0.00115
G1 X54.968 Y64.532 E0.01034
G1 X54.273 Y63.895 E0.00053
G1 X51.366 Y63.01 E0.0017
G1 X49.198 Y62.968 E0.00121
G1 X47.168 Y63.344 E0.00115
G1 X45.2 Y64.184 E0.0012
G1 X45.02 Y64.323 E0.00013
G0 F1320 X44.9 Y64.57
G1 F360 X44.9 Y29.909 E0.01937
G1 X52.068 Y29.912 E0.00401
G1 X52.176 Y41.551 E0.0065
G1 X53.534 Y44.584 E0.00186
G1 X55.088 Y45.979 E0.00117
G1 X55.088 Y64.804 E0.01052
G1 X54.213 Y64.003 E0.00066
G1 X51.33 Y63.126 E0.00168
G1 X49.198 Y63.088 E0.00119
G1 X47.216 Y63.456 E0.00113
G1 X45.252 Y64.296 E0.00119
G1 X44.9 Y64.57 E0.00025
G0 F1320 X44.783 Y64.816
G1 F360 X44.78 Y29.789 E0.01957
G1 X52.188 Y29.792 E0.00414
G1 X52.296 Y41.531 E0.00656
G1 X53.626 Y44.507 E0.00182
G1 X55.208 Y45.927 E0.00119
G1 X55.208 Y65.076 E0.0107
G1 X54.153 Y64.111 E0.0008
G1 X51.294 Y63.242 E0.00167
G1 X49.201 Y63.208 E0.00117
G1 X47.264 Y63.568 E0.0011
G1 X45.29 Y64.416 E0.0012
G1 X44.783 Y64.816 E0.00036
G0 F1320 X44.664 Y65.066
G1 F360 X44.66 Y29.669 E0.01978
G1 X52.308 Y29.672 E0.00427
G1 X52.416 Y41.511 E0.00662
G1 X53.726 Y44.439 E0.00179
G1 X55.328 Y45.875 E0.0012
G1 X55.328 Y65.347 E0.01088
G1 X54.093 Y64.219 E0.00093
G1 X51.258 Y63.358 E0.00166
G1 X49.205 Y63.328 E0.00115
G1 X47.312 Y63.68 E0.00108
G1 X45.366 Y64.512 E0.00118
G1 X44.664 Y65.066 E0.0005
G0 F1320 X44.547 Y65.312
G1 F360 X44.54 Y29.549 E0.01998
G1 X52.428 Y29.552 E0.00441
G1 X52.536 Y41.491 E0.00667
G1 X53.826 Y44.367 E0.00176
G1 X55.448 Y45.823 E0.00122
G1 X55.448 Y65.616 E0.01106
G1 X54.033 Y64.327 E0.00107
G1 X51.222 Y63.474 E0.00164
G1 X49.209 Y63.448 E0.00112
G1 X47.356 Y63.792 E0.00105
G1 X45.442 Y64.608 E0.00116
G1 X44.547 Y65.312 E0.00064
G0 F1320 X44.429 Y65.563
G1 F360 X44.421 Y29.429 E0.02019
G1 X52.548 Y29.432 E0.00454
G1 X52.656 Y41.471 E0.00673
G1 X53.926 Y44.295 E0.00173
G1 X55.568 Y45.771 E0.00123
G1 X55.568 Y65.887 E0.01124
G1 X53.973 Y64.435 E0.00121
G1 X51.186 Y63.59 E0.00163
G1 X49.209 Y63.568 E0.0011
G1 X47.404 Y63.904 E0.00103
G1 X45.504 Y64.712 E0.00115
G1 X44.429 Y65.563 E0.00077
G0 F1320 X44.309 Y65.813
G1 F360 X44.3 Y29.309 E0.0204
G1 X52.668 Y29.312 E0.00468
G1 X52.776 Y41.451 E0.00678
G1 X54.026 Y44.223 E0.0017
G1 X55.688 Y45.719 E0.00125
G1 X55.688 Y66.155 E0.01142
G1 X53.913 Y64.543 E0.00134
G1 X51.15 Y63.706 E0.00161
G1 X49.213 Y63.688 E0.00108
G1 X47.448 Y64.016 E0.001
G1 X45.566 Y64.816 E0.00114
G1 X44.309 Y65.813 E0.0009
G0 F1320 X44.189 Y66.06
G1 F360 X44.181 Y29.189 E0.0206
G1 X52.788 Y29.192 E0.00481
G1 X52.896 Y41.431 E0.00684
G1 X54.126 Y44.151 E0.00167
G1 X55.808 Y45.667 E0.00127
G1 X55.808 Y66.423 E0.0116
G1 X53.849 Y64.651 E0.00148
G1 X51.114 Y63.822 E0.0016
G1 X49.217 Y63.808 E0.00106
G1 X47.496 Y64.128 E0.00098
G1 X45.642 Y64.912 E0.00112
G1 X44.189 Y66.06 E0.00103
G0 F1320 X44.071 Y66.384
G1 F360 X44.061 Y29.069 E0.02085
G1 X52.908 Y29.072 E0.00494
G1 X53.016 Y41.411 E0.00689
G1 X54.226 Y44.079 E0.00164
G1 X55.928 Y45.615 E0.00128
G1 X55.928 Y66.691 E0.01178
G1 X53.789 Y64.759 E0.00161
G1 X51.089 Y63.94 E0.00158
G1 X49.221 Y63.928 E0.00104
G1 X47.54 Y64.24 E0.00096
G1 X45.718 Y65.008 E0.0011
G1 X44.23 Y66.184 E0.00106
G1 X44.071 Y66.384 E0.00014
G0 F1320 X43.952 Y66.736
G1 F360 X43.941 Y28.949 E0.02111
G1 X53.028 Y28.952 E0.00508
G1 X53.136 Y41.391 E0.00695
G1 X54.326 Y44.007 E0.00161
G1 X56.048 Y45.563 E0.0013
G1 X56.048 Y66.959 E0.01196
G1 X53.729 Y64.867 E0.00175
G1 X51.073 Y64.06 E0.00155
G1 X49.225 Y64.048 E0.00103
G1 X47.584 Y64.352 E0.00093
G1 X45.794 Y65.104 E0.00108
G1 X44.306 Y66.28 E0.00106
G1 X43.952 Y66.736 E0.00032
G0 F1320 X43.832 Y67.089
G1 F360 X43.821 Y28.829 E0.02138
G1 X53.152 Y28.832 E0.00521
G1 X53.254 Y41.366 E0.007
G1 X54.428 Y43.944 E0.00158
G1 X56.168 Y45.511 E0.00131
G1 X56.168 Y67.325 E0.01219
G1 X56.039 Y67.116 E0.00014
G1 X53.669 Y64.975 E0.00178
G1 X51.057 Y64.18 E0.00153
G1 X49.241 Y64.168 E0.00101
G1 X47.617 Y64.468 E0.00092
G1 X45.87 Y65.2 E0.00106
G1 X44.382 Y66.376 E0.00106
G1 X43.832 Y67.089 E0.0005
G0 F1320 X43.712 Y67.448
G1 F360 X43.7 Y28.709 E0.02165
G1 X53.276 Y28.712 E0.00535
G1 X53.37 Y41.334 E0.00705
G1 X54.524 Y43.872 E0.00156
G1 X56.288 Y45.459 E0.00133
G1 X56.288 Y67.75 E0.01246
G1 X55.94 Y67.18 E0.00037
G1 X53.609 Y65.083 E0.00175
G1 X51.041 Y64.3 E0.0015
G1 X49.257 Y64.288 E0.001
G1 X47.624 Y64.592 E0.00093
G1 X45.946 Y65.296 E0.00102
G1 X44.458 Y66.472 E0.00106
G1 X43.712 Y67.448 E0.00069
G0 F1320 X43.593 Y67.81
G1 F360 X43.581 Y28.589 E0.02192
G1 X53.4 Y28.592 E0.00549
G1 X53.486 Y41.302 E0.0071
G1 X54.628 Y43.81 E0.00154
G1 X56.408 Y45.407 E0.00134
G1 X56.408 Y68.17 E0.01272
G1 X55.84 Y67.244 E0.00061
G1 X53.526 Y65.178 E0.00173
G1 X51.025 Y64.42 E0.00146
G1 X49.261 Y64.408 E0.00099
G1 X47.668 Y64.704 E0.00091
G1 X46.008 Y65.4 E0.00101
G1 X44.534 Y66.569 E0.00105
G1 X43.593 Y67.81 E0.00087
G0 F1320 X43.502 Y68.132
G1 F360 X43.472 Y68.172 E0.00003
G1 X43.461 Y28.469 E0.02218
G1 X53.524 Y28.472 E0.00562
G1 X53.602 Y41.27 E0.00715
G1 X54.724 Y43.738 E0.00151
G1 X56.528 Y45.355 E0.00135
G1 X56.528 Y68.591 E0.01298
G1 X55.74 Y67.308 E0.00084
G1 X53.466 Y65.286 E0.0017
G1 X51.009 Y64.54 E0.00143
G1 X49.265 Y64.528 E0.00097
G1 X47.712 Y64.816 E0.00088
G1 X46.056 Y65.512 E0.001
G1 X44.63 Y66.645 E0.00102
G1 X43.502 Y68.132 E0.00104
G0 F1320 X43.599 Y68.209
G1 F360 X43.353 Y68.534 E0.00023
G1 X43.34 Y28.349 E0.02245
G1 X53.648 Y28.352 E0.00576
G1 X53.718 Y41.238 E0.0072
G1 X54.824 Y43.666 E0.00149
G1 X56.648 Y45.299 E0.00137
G1 X56.648 Y69.011 E0.01325
G1 X55.64 Y67.372 E0.00108
G1 X53.406 Y65.394 E0.00167
G1 X50.993 Y64.66 E0.00141
G1 X49.269 Y64.648 E0.00096
G1 X47.732 Y64.936 E0.00087
G1 X46.104 Y65.624 E0.00099
G1 X44.726 Y66.721 E0.00098
G1 X43.599 Y68.209 E0.00104
G0 F1320 X43.232 Y69.108
G1 F360 X43.221 Y28.229 E0.02284
G1 X53.768 Y28.232 E0.00589
G1 X53.834 Y41.206 E0.00725
G1 X54.924 Y43.594 E0.00147
G1 X56.768 Y45.247 E0.00138
G1 X56.768 Y69.611 E0.01361
G1 X56.674 Y69.279 E0.00019
G1 X55.54 Y67.436 E0.00121
G1 X53.346 Y65.502 E0.00163
G1 X50.977 Y64.78 E0.00138
G1 X49.273 Y64.768 E0.00095
G1 X47.756 Y65.056 E0.00086
G1 X46.152 Y65.736 E0.00097
G1 X44.822 Y66.797 E0.00095
G1 X43.328 Y68.767 E0.00138
G1 X43.232 Y69.108 E0.0002
G0 F1320 X43.198 Y69.681
G1 F360 X43.119 Y69.963 E0.00016
G1 X43.109 Y68.86 E0.00062
G1 X43.101 Y28.109 E0.02277
G1 X53.888 Y28.112 E0.00603
G1 X53.95 Y41.174 E0.0073
G1 X55.024 Y43.522 E0.00144
G1 X56.888 Y45.195 E0.0014
G1 X56.888 Y70.484 E0.01413
G1 X56.568 Y69.328 E0.00067
G1 X55.44 Y67.5 E0.0012
G1 X53.308 Y65.622 E0.00159
G1 X50.961 Y64.9 E0.00137
G1 X49.277 Y64.888 E0.00094
G1 X47.78 Y65.176 E0.00085
G1 X46.2 Y65.848 E0.00096
G1 X44.898 Y66.893 E0.00093
G1 X43.44 Y68.823 E0.00135
G1 X43.198 Y69.681 E0.0005
G0 F1320 X43.312 Y69.728
G1 F360 X43.008 Y70.826 E0.00064
G1 X42.988 Y68.86 E0.0011
G1 X42.984 Y27.989 E0.02284
G1 X54.008 Y27.992 E0.00616
G1 X54.066 Y41.142 E0.00735
G1 X55.116 Y43.445 E0.00141
G1 X57.008 Y45.143 E0.00142
G1 X57.008 Y69.207 E0.01345
G1 F320 X56.993 Y71.252 E0.00129
G1 X56.452 Y69.364 E0.00123
G1 F360 X55.36 Y67.592 E0.00116
G1 X53.252 Y65.73 E0.00157
G1 X50.945 Y65.02 E0.00135
G1 X49.281 Y65.008 E0.00093
G1 X47.828 Y65.288 E0.00083
G1 X46.252 Y65.96 E0.00096
G1 X44.974 Y66.989 E0.00092
G1 X43.547 Y68.883 E0.00133
G1 X43.312 Y69.728 E0.00049
G0 F1320 X43.426 Y69.785
G1 F308.6 X43.022 Y71.281 E0.00101
G1 F270 X43.077 Y72.065 E0.00059
G1 F246.9 X42.895 Y72.065 E0.00015
G1 F270 X42.879 Y71.313 E0.00056
G1 F327.3 X42.869 Y68.859 E0.00151
G1 F360 X42.868 Y27.869 E0.0229
G1 X54.128 Y27.872 E0.00629
G1 X54.182 Y41.11 E0.0074
G1 X55.22 Y43.385 E0.0014
G1 X57.128 Y45.091 E0.00143
G1 X57.128 Y72.116 E0.0151
G1 X56.782 Y72.116 E0.00019
G1 X56.86 Y71.29 E0.00046
G1 X56.336 Y69.4 E0.0011
G1 X55.26 Y67.656 E0.00115
G1 X53.192 Y65.838 E0.00154
G1 X50.929 Y65.14 E0.00132
G1 X49.285 Y65.128 E0.00092
G1 X47.876 Y65.4 E0.0008
G1 X46.304 Y66.072 E0.00096
G1 X45.039 Y67.096 E0.00091
G1 X43.649 Y68.96 E0.0013
G1 F337.5 X43.426 Y69.785 E0.00051
G0 F1320 X43.544 Y69.836
G1 F363 X43.156 Y71.304 E0.00084
G1 F360 X43.238 Y72.212 E0.00051
G1 X42.748 Y72.212 E0.00027
G1 X42.748 Y27.749 E0.02484
G1 X54.248 Y27.752 E0.00643
G1 X54.298 Y41.078 E0.00745
G1 X55.327 Y43.329 E0.00138
G1 X57.248 Y45.035 E0.00144
G1 X57.248 Y72.236 E0.0152
G1 X56.654 Y72.236 E0.00033
G1 X56.74 Y71.29 E0.00053
G1 X56.236 Y69.464 E0.00106
G1 X55.16 Y67.72 E0.00115
G1 X53.136 Y65.946 E0.0015
G1 X50.913 Y65.26 E0.0013
G1 X49.294 Y65.248 E0.0009
G1 X47.924 Y65.512 E0.00078
G1 X46.352 Y66.184 E0.00096
G1 X45.119 Y67.188 E0.00089
G1 X43.761 Y69.016 E0.00127
G1 F363 X43.544 Y69.836 E0.00047
G0 F1320 X43.662 Y69.863
G1 F360 X43.281 Y71.3 E0.00083
G1 X43.374 Y72.332 E0.00058
G1 X42.628 Y72.332 E0.00042
G1 X42.628 Y27.628 E0.02498
G1 X54.374 Y27.628 E0.00656
G1 X54.414 Y41.046 E0.0075
G1 X55.431 Y43.269 E0.00137
G1 X57.368 Y44.98 E0.00144
G1 X57.368 Y72.356 E0.0153
G1 X56.526 Y72.356 E0.00047
G1 X56.618 Y71.267 E0.00061
G1 X56.136 Y69.528 E0.00101
G1 X55.08 Y67.812 E0.00113
G1 X53.08 Y66.054 E0.00149
G1 X50.897 Y65.38 E0.00128
G1 X49.31 Y65.368 E0.00089
G1 X47.972 Y65.624 E0.00076
G1 X46.4 Y66.296 E0.00096
G1 X45.219 Y67.26 E0.00085
G1 X43.873 Y69.072 E0.00126
G1 X43.662 Y69.863 E0.00046
G0 F1320 X43.781 Y69.897
G1 F360 X43.405 Y71.316 E0.00082
G1 X43.51 Y72.452 E0.00064
G1 X42.508 Y72.452 E0.00056
G1 X42.508 Y27.508 E0.02511
G1 X54.554 Y27.508 E0.00673
G1 X54.495 Y27.671 E0.0001
G1 X54.53 Y41.014 E0.00746
G1 X55.535 Y43.209 E0.00135
G1 X57.488 Y44.924 E0.00145
G1 X57.488 Y72.476 E0.0154
G1 X56.394 Y72.476 E0.00061
G1 X56.5 Y71.29 E0.00067
G1 X56.036 Y69.592 E0.00098
G1 X54.98 Y67.876 E0.00113
G1 X53.024 Y66.162 E0.00145
G1 X50.881 Y65.5 E0.00125
G1 X49.326 Y65.488 E0.00087
G1 X48.02 Y65.736 E0.00074
G1 X46.448 Y66.408 E0.00096
G1 X45.309 Y67.341 E0.00082
G1 X43.985 Y69.128 E0.00124
G1 X43.781 Y69.897 E0.00044
G0 F1320 X43.904 Y69.925
G1 F360 X43.529 Y71.332 E0.00081
G1 X43.645 Y72.572 E0.0007
G1 X42.388 Y72.572 E0.0007
G1 X42.388 Y27.388 E0.02525
G1 X54.731 Y27.388 E0.0069
G1 X54.616 Y27.669 E0.00017
G1 X54.65 Y40.998 E0.00745
G1 X55.639 Y43.149 E0.00132
G1 X57.525 Y44.795 E0.0014
G1 X57.608 Y44.834 E0.00005
G1 X57.608 Y72.596 E0.01551
G1 X56.266 Y72.596 E0.00075
G1 X56.38 Y71.29 E0.00073
G1 X55.936 Y69.656 E0.00095
G1 X54.88 Y67.94 E0.00113
G1 X52.968 Y66.27 E0.00142
G1 X50.865 Y65.62 E0.00123
G1 X49.342 Y65.608 E0.00085
G1 X48.044 Y65.856 E0.00074
G1 X46.528 Y66.5 E0.00092
G1 X45.385 Y67.437 E0.00083
G1 X44.107 Y69.164 E0.0012
G1 X43.904 Y69.925 E0.00044
G0 F1320 X44.023 Y69.957
G1 F360 X43.653 Y71.348 E0.0008
G1 X43.781 Y72.692 E0.00075
G1 X42.268 Y72.692 E0.00085
G1 X42.268 Y27.268 E0.02538
G1 X54.912 Y27.268 E0.00707
G1 X54.737 Y27.667 E0.00024
G1 X54.77 Y40.982 E0.00744
G1 X55.731 Y43.069 E0.00128
G1 X57.592 Y44.694 E0.00138
G1 X57.728 Y44.759 E0.00008
G1 X57.728 Y72.716 E0.01562
G1 X56.134 Y72.716 E0.00089
G1 X56.258 Y71.267 E0.00081
G1 X55.82 Y69.692 E0.00091
G1 X54.8 Y68.032 E0.00109
G1 X52.912 Y66.378 E0.0014
G1 X50.849 Y65.74 E0.00121
G1 X49.358 Y65.728 E0.00083
G1 X48.092 Y65.968 E0.00072
G1 X46.58 Y66.612 E0.00092
G1 X45.465 Y67.533 E0.00081
G1 X44.219 Y69.224 E0.00117
G1 X44.023 Y69.957 E0.00042
G0 F1320 X44.142 Y69.99
G1 F360 X43.776 Y71.368 E0.0008
G1 X43.917 Y72.815 E0.00081
G1 X42.149 Y72.815 E0.00099
G1 X42.148 Y27.148 E0.02552
G1 X55.096 Y27.148 E0.00723
G1 X54.857 Y27.695 E0.00033
G1 X54.89 Y40.966 E0.00742
G1 X55.823 Y42.989 E0.00124
G1 X57.672 Y44.606 E0.00137
G1 X57.848 Y44.681 E0.00011
G1 X57.848 Y72.836 E0.01573
G1 X56.006 Y72.836 E0.00103
G1 X56.14 Y71.29 E0.00087
G1 X55.72 Y69.756 E0.00089
G1 X54.72 Y68.124 E0.00107
G1 X52.856 Y66.486 E0.00139
G1 X50.833 Y65.86 E0.00118
G1 X49.374 Y65.848 E0.00082
G1 X48.14 Y66.08 E0.0007
G1 X46.632 Y66.724 E0.00092
G1 X45.541 Y67.629 E0.00079
G1 X44.331 Y69.28 E0.00114
G1 X44.142 Y69.99 E0.00041
G0 F1320 X44.255 Y70.025
G1 F360 X43.901 Y71.368 E0.00078
G1 X44.053 Y72.936 E0.00088
G1 X42.028 Y72.936 E0.00113
G1 X42.028 Y27.028 E0.02565
G1 X55.283 Y27.029 E0.00741
G1 X54.977 Y27.723 E0.00042
G1 X55.008 Y40.947 E0.00739
G1 X55.915 Y42.909 E0.00121
G1 X57.752 Y44.514 E0.00136
G1 X57.968 Y44.601 E0.00013
G1 X57.968 Y72.956 E0.01584
G1 X55.878 Y72.956 E0.00117
G1 X56.02 Y71.29 E0.00093
G1 X55.62 Y69.82 E0.00085
G1 X54.62 Y68.188 E0.00107
G1 X52.8 Y66.594 E0.00135
G1 X50.817 Y65.98 E0.00116
G1 X49.39 Y65.968 E0.0008
G1 X48.188 Y66.192 E0.00068
G1 X46.712 Y66.82 E0.0009
G1 X45.621 Y67.725 E0.00079
G1 X44.433 Y69.352 E0.00113
G1 X44.255 Y70.025 E0.00039
G0 F1320 X44.372 Y70.06
G1 F360 X44.024 Y71.388 E0.00077
G1 X44.189 Y73.056 E0.00094
G1 X41.908 Y73.056 E0.00127
G1 X41.908 Y26.908 E0.02579
G1 X55.471 Y26.908 E0.00758
G1 X55.097 Y27.751 E0.00052
G1 X55.128 Y40.919 E0.00736
G1 X56.007 Y42.829 E0.00117
G1 X57.832 Y44.426 E0.00136
G1 X58.088 Y44.519 E0.00015
G1 X58.088 Y73.076 E0.01596
G1 X55.75 Y73.076 E0.00131
G1 X55.898 Y71.267 E0.00101
G1 X55.504 Y69.856 E0.00082
G1 X54.52 Y68.252 E0.00105
G1 X52.744 Y66.702 E0.00132
G1 X50.801 Y66.1 E0.00114
G1 X49.406 Y66.088 E0.00078
G1 X48.212 Y66.312 E0.00068
G1 X46.792 Y66.916 E0.00086
G1 X45.701 Y67.821 E0.00079
G1 X44.545 Y69.404 E0.0011
G1 X44.372 Y70.06 E0.00038
G0 F1320 X44.49 Y70.09
G1 F360 X44.149 Y71.388 E0.00075
G1 X44.325 Y73.176 E0.001
G1 X41.788 Y73.176 E0.00142
G1 X41.788 Y26.788 E0.02592
G1 X55.659 Y26.789 E0.00775
G1 X55.217 Y27.779 E0.00061
G1 X55.248 Y40.907 E0.00734
G1 X56.099 Y42.749 E0.00113
G1 X57.912 Y44.334 E0.00135
G1 X58.208 Y44.432 E0.00017
G1 X58.208 Y73.196 E0.01607
G1 X55.622 Y73.196 E0.00144
G1 X55.78 Y71.301 E0.00106
G1 X55.388 Y69.892 E0.00082
G1 X54.42 Y68.316 E0.00103
G1 X52.688 Y66.81 E0.00128
G1 X50.785 Y66.22 E0.00111
G1 X49.419 Y66.208 E0.00076
G1 X48.26 Y66.424 E0.00066
G1 X46.872 Y67.012 E0.00084
G1 X45.781 Y67.917 E0.00079
G1 X44.657 Y69.456 E0.00106
G1 X44.49 Y70.09 E0.00037
G0 F1320 X44.613 Y70.113
G1 F360 X44.268 Y71.408 E0.00075
G1 X44.442 Y73.11 E0.00096
G1 X44.499 Y73.296 E0.00011
G1 X41.668 Y73.296 E0.00158
G1 X41.668 Y26.668 E0.02605
G1 X55.847 Y26.668 E0.00792
G1 X55.337 Y27.807 E0.0007
G1 X55.368 Y40.879 E0.0073
G1 X56.191 Y42.669 E0.0011
G1 X57.996 Y44.246 E0.00134
G1 X58.328 Y44.346 E0.00019
G1 X58.328 Y73.316 E0.01619
G1 X55.494 Y73.316 E0.00158
G1 X55.658 Y71.291 E0.00114
G1 X55.272 Y69.928 E0.00079
G1 X54.32 Y68.38 E0.00102
G1 X52.632 Y66.918 E0.00125
G1 X50.769 Y66.34 E0.00109
G1 X49.434 Y66.328 E0.00075
G1 X48.284 Y66.544 E0.00065
G1 X46.952 Y67.108 E0.00081
G1 X45.861 Y68.013 E0.00079
G1 X44.779 Y69.492 E0.00102
G1 X44.613 Y70.113 E0.00036
G0 F1320 X44.731 Y70.143
G1 F360 X44.393 Y71.408 E0.00073
G1 X44.562 Y73.094 E0.00095
G1 X44.662 Y73.416 E0.00019
G1 X41.548 Y73.419 E0.00174
G1 X41.548 Y26.548 E0.02619
G1 X56.031 Y26.548 E0.00809
G1 X55.457 Y27.835 E0.00079
G1 X55.488 Y40.867 E0.00728
G1 X56.283 Y42.589 E0.00106
G1 X58.076 Y44.158 E0.00133
G1 X58.448 Y44.256 E0.00021
G1 X58.448 Y73.436 E0.0163
G1 X55.366 Y73.436 E0.00172
G1 X55.538 Y71.303 E0.0012
G1 X55.156 Y69.964 E0.00078
G1 X54.22 Y68.444 E0.001
G1 X52.576 Y67.026 E0.00121
G1 X50.753 Y66.46 E0.00107
G1 X49.447 Y66.448 E0.00073
G1 X48.332 Y66.656 E0.00063
G1 X47.032 Y67.204 E0.00079
G1 X45.941 Y68.109 E0.00079
G1 X44.891 Y69.548 E0.001
G1 X44.731 Y70.143 E0.00034
G0 F1320 X44.846 Y70.18
G1 F360 X44.517 Y71.424 E0.00072
G1 X44.682 Y73.083 E0.00093
G1 X44.829 Y73.539 E0.00027
G1 X41.428 Y73.54 E0.0019
G1 X41.428 Y26.428 E0.02632
G1 X56.219 Y26.428 E0.00826
G1 X55.577 Y27.863 E0.00088
G1 X55.608 Y40.839 E0.00725
G1 X56.377 Y42.514 E0.00103
G1 X58.156 Y44.07 E0.00132
G1 X58.568 Y44.161 E0.00024
G1 X58.568 Y73.556 E0.01643
G1 X55.238 Y73.556 E0.00186
G1 X55.418 Y71.315 E0.00126
G1 X55.04 Y70 E0.00076
G1 X54.12 Y68.512 E0.00098
G1 X52.516 Y67.134 E0.00118
G1 X50.737 Y66.58 E0.00104
G1 X49.462 Y66.568 E0.00071
G1 X48.356 Y66.776 E0.00063
G1 X47.08 Y67.316 E0.00077
G1 X46.011 Y68.212 E0.00078
G1 X44.993 Y69.624 E0.00097
G1 X44.846 Y70.18 E0.00032
G0 F1320 X44.964 Y70.213
G1 F360 X44.641 Y71.44 E0.00071
G1 X44.8 Y73.062 E0.00091
G1 X44.996 Y73.66 E0.00035
G1 X41.308 Y73.663 E0.00206
G1 X41.308 Y26.308 E0.02646
G1 X56.403 Y26.308 E0.00843
G1 X55.697 Y27.891 E0.00097
G1 X55.728 Y40.811 E0.00722
G1 X56.477 Y42.442 E0.001
G1 X58.236 Y43.978 E0.0013
G1 X58.688 Y44.06 E0.00026
G1 X58.688 Y73.676 E0.01655
G1 X55.024 Y73.676 E0.00205
G1 X55.128 Y73.469 E0.00013
G1 X55.298 Y71.327 E0.0012
G1 X54.934 Y70.051 E0.00074
G1 X54.015 Y68.576 E0.00097
G1 X52.449 Y67.235 E0.00115
G1 X50.738 Y66.702 E0.001
G1 X49.479 Y66.688 E0.0007
G1 X48.394 Y66.89 E0.00062
G1 X47.16 Y67.412 E0.00075
G1 X46.121 Y68.273 E0.00075
G1 X45.105 Y69.68 E0.00097
G1 X44.964 Y70.213 E0.00031
G0 F1320 X45.083 Y70.246
G1 F360 X44.765 Y71.456 E0.0007
G1 X44.92 Y73.046 E0.00089
G1 X45.164 Y73.783 E0.00043
G1 X41.188 Y73.784 E0.00222
G1 X41.188 Y26.188 E0.0266
G1 X56.591 Y26.189 E0.00861
G1 X55.817 Y27.919 E0.00106
G1 X55.848 Y40.799 E0.0072
G1 X56.581 Y42.382 E0.00097
G1 X58.316 Y43.89 E0.00128
G1 X58.808 Y43.958 E0.00028
G1 X58.808 Y73.796 E0.01667
G1 X54.821 Y73.796 E0.00223
G1 X55 Y73.487 E0.0002
G1 X55.178 Y71.343 E0.0012
G1 X54.818 Y70.087 E0.00073
G1 X53.915 Y68.644 E0.00095
G1 X52.393 Y67.343 E0.00112
G1 X50.73 Y66.822 E0.00097
G1 X49.491 Y66.808 E0.00069
G1 X48.43 Y67.006 E0.0006
G1 X47.208 Y67.524 E0.00074
G1 X46.191 Y68.376 E0.00074
G1 X45.217 Y69.736 E0.00093
G1 X45.083 Y70.246 E0.00029
G0 F1320 X45.206 Y70.271
G1 F360 X44.884 Y71.476 E0.0007
G1 X45.04 Y73.031 E0.00087
G1 X45.332 Y73.904 E0.00051
G1 X41.068 Y73.904 E0.00238
G1 X41.068 Y26.068 E0.02673
G1 X56.847 Y26.068 E0.00882
G1 X56.735 Y26.153 E0.00008
G1 X55.937 Y27.947 E0.0011
G1 X55.968 Y40.787 E0.00717
G1 X56.685 Y42.322 E0.00095
G1 X58.396 Y43.802 E0.00126
G1 X58.928 Y43.849 E0.0003
G1 X58.928 Y73.916 E0.0168
G1 X54.616 Y73.916 E0.00241
G1 X54.885 Y73.45 E0.0003
G1 X55.058 Y71.359 E0.00117
G1 X54.702 Y70.123 E0.00072
G1 X53.815 Y68.708 E0.00093
G1 X52.337 Y67.451 E0.00108
G1 X50.722 Y66.942 E0.00095
G1 X49.503 Y66.928 E0.00068
G1 X48.466 Y67.122 E0.00059
G1 X47.264 Y67.632 E0.00073
G1 X46.281 Y68.458 E0.00072
G1 X45.339 Y69.773 E0.0009
G1 X45.206 Y70.271 E0.00029
G0 F1320 X45.324 Y70.3
G1 F360 X45.008 Y71.48 E0.00068
G1 X45.16 Y73.014 E0.00086
G1 X45.504 Y74.024 E0.0006
G1 X40.948 Y74.024 E0.00255
G1 X40.948 Y25.948 E0.02686
G1 X57.216 Y25.948 E0.00909
G1 X56.848 Y26.203 E0.00025
G1 X56.057 Y27.975 E0.00108
G1 X56.088 Y40.775 E0.00715
G1 X56.79 Y42.26 E0.00092
G1 X58.492 Y43.728 E0.00126
G1 X59.048 Y43.736 E0.00031
G1 X59.048 Y74.036 E0.01693
G1 X54.412 Y74.036 E0.00259
G1 X54.769 Y73.414 E0.0004
G1 X54.938 Y71.375 E0.00114
G1 X54.586 Y70.159 E0.00071
G1 X53.715 Y68.775 E0.00091
G1 X52.271 Y67.554 E0.00106
G1 X50.711 Y67.062 E0.00091
G1 X49.519 Y67.048 E0.00067
G1 X48.498 Y67.238 E0.00058
G1 X47.352 Y67.724 E0.0007
G1 X46.361 Y68.549 E0.00072
G1 X45.451 Y69.829 E0.00088
G1 X45.324 Y70.3 E0.00027
G0 F1320 X45.442 Y70.331
G1 F360 X45.132 Y71.484 E0.00067
G1 X45.28 Y72.998 E0.00085
G1 X45.672 Y74.144 E0.00068
G1 X40.828 Y74.144 E0.00271
G1 X40.828 Y25.828 E0.027
G1 X56.819 Y25.828 E0.00894
G1 X57.587 Y25.84 E0.00043
G1 X56.944 Y26.283 E0.00044
G1 X56.177 Y28.003 E0.00105
G1 X56.208 Y40.763 E0.00713
G1 X56.882 Y42.18 E0.00088
G1 X58.54 Y43.612 E0.00122
G1 X59.168 Y43.62 E0.00035
G1 X59.168 Y74.156 E0.01706
G1 X54.208 Y74.156 E0.00277
G1 X54.653 Y73.378 E0.0005
G1 X54.818 Y71.395 E0.00111
G1 X54.47 Y70.195 E0.0007
G1 X53.615 Y68.843 E0.00089
G1 X52.215 Y67.662 E0.00102
G1 X50.699 Y67.182 E0.00089
G1 X49.531 Y67.168 E0.00065
G1 X48.534 Y67.354 E0.00057
G1 X47.408 Y67.832 E0.00068
G1 X46.441 Y68.641 E0.0007
G1 X45.562 Y69.885 E0.00085
G1 X45.442 Y70.331 E0.00026
G0 F1320 X45.559 Y70.362
G1 F360 X45.256 Y71.488 E0.00065
G1 X45.4 Y72.986 E0.00084
G1 X45.843 Y74.264 E0.00076
G1 X40.708 Y74.264 E0.00287
G1 X40.708 Y25.708 E0.02713
G1 X56.85 Y25.708 E0.00902
G1 X57.97 Y25.723 E0.00063
G1 X57.04 Y26.367 E0.00063
G1 X56.297 Y28.031 E0.00102
G1 X56.328 Y40.751 E0.00711
G1 X56.974 Y42.1 E0.00084
G1 X58.588 Y43.492 E0.00119
G1 X59.288 Y43.504 E0.00039
G1 X59.288 Y74.276 E0.01719
G1 X54 Y74.276 E0.00295
G1 X54.537 Y73.342 E0.0006
G1 X54.698 Y71.415 E0.00108
G1 X54.354 Y70.231 E0.00069
G1 X53.515 Y68.911 E0.00087
G1 X52.159 Y67.77 E0.00099
G1 X50.687 Y67.302 E0.00086
G1 X49.543 Y67.288 E0.00064
G1 X48.57 Y67.47 E0.00055
G1 X47.472 Y67.936 E0.00067
G1 X46.506 Y68.749 E0.00071
G1 X45.674 Y69.937 E0.00081
G1 X45.559 Y70.362 E0.00025
G0 F1320 X45.677 Y70.393
G1 F360 X45.38 Y71.492 E0.00064
G1 X45.52 Y72.974 E0.00083
G1 X46.015 Y74.384 E0.00084
G1 X40.588 Y74.384 E0.00303
G1 X40.588 Y25.588 E0.02727
G1 X56.884 Y25.588 E0.00911
G1 X58.346 Y25.611 E0.00082
G1 X57.136 Y26.447 E0.00082
G1 X56.417 Y28.059 E0.00099
G1 X56.451 Y40.742 E0.00709
G1 X57.066 Y42.02 E0.00079
G1 X58.636 Y43.376 E0.00116
G1 X59.408 Y43.388 E0.00043
G1 X59.408 Y74.396 E0.01733
G1 X53.796 Y74.396 E0.00314
G1 X54.421 Y73.306 E0.0007
G1 X54.578 Y71.435 E0.00105
G1 X54.238 Y70.267 E0.00068
G1 X53.403 Y68.961 E0.00087
G1 X52.103 Y67.878 E0.00095
G1 X50.675 Y67.422 E0.00084
G1 X49.559 Y67.408 E0.00062
G1 X48.602 Y67.586 E0.00054
G1 X47.56 Y68.028 E0.00063
G1 X46.593 Y68.833 E0.0007
G1 X45.786 Y69.989 E0.00079
G1 X45.677 Y70.393 E0.00023
G0 F1320 X45.795 Y70.42
G1 F360 X45.5 Y71.496 E0.00062
G1 X45.643 Y72.977 E0.00083
G1 X46.163 Y74.44 E0.00087
G1 X46.215 Y74.504 E0.00005
G1 X40.468 Y74.504 E0.00321
G1 X40.468 Y25.468 E0.0274
G1 X56.918 Y25.468 E0.00919
G1 X58.722 Y25.499 E0.00101
G1 X57.232 Y26.527 E0.00101
G1 X56.537 Y28.087 E0.00095
G1 X56.568 Y40.711 E0.00705
G1 X57.158 Y41.94 E0.00076
G1 X58.684 Y43.26 E0.00113
G1 X59.528 Y43.272 E0.00047
G1 X59.528 Y74.516 E0.01746
G1 X53.592 Y74.516 E0.00332
G1 X54.305 Y73.27 E0.0008
G1 X54.458 Y71.451 E0.00102
G1 X54.138 Y70.331 E0.00065
G1 X53.303 Y69.025 E0.00087
G1 X52.067 Y67.997 E0.0009
G1 X50.663 Y67.542 E0.00082
G1 X49.571 Y67.528 E0.00061
G1 X48.638 Y67.702 E0.00053
G1 X47.64 Y68.124 E0.00061
G1 X46.673 Y68.929 E0.0007
G1 X45.898 Y70.045 E0.00076
G1 X45.795 Y70.42 E0.00022
G0 F1320 X45.912 Y70.448
G1 F360 X45.62 Y71.5 E0.00061
G1 X45.763 Y72.965 E0.00082
G1 X46.279 Y74.401 E0.00085
G1 X46.494 Y74.624 E0.00017
G1 X40.348 Y74.624 E0.00343
G1 X40.348 Y25.348 E0.02753
G1 X56.967 Y25.349 E0.00929
G1 F304.2 X58.9 Y25.369 E0.00128
G1 F273.4 X59.628 Y25.364 E0.00054
G1 F284.2 X59.628 Y25.514 E0.00011
G1 F273.4 X58.914 Y25.531 E0.00053
G1 F304.2 X57.332 Y26.608 E0.00127
G1 F360 X56.657 Y28.115 E0.00092
G1 X56.688 Y40.691 E0.00703
G1 X57.25 Y41.86 E0.00072
G1 X58.732 Y43.144 E0.0011
G1 X59.648 Y43.156 E0.00051
G1 X59.648 Y74.636 E0.01759
G1 X53.385 Y74.636 E0.0035
G1 X54.189 Y73.234 E0.0009
G1 X54.338 Y71.467 E0.00099
G1 X54.022 Y70.367 E0.00064
G1 X53.203 Y69.089 E0.00085
G1 X52.011 Y68.105 E0.00086
G1 X50.651 Y67.662 E0.0008
G1 X49.583 Y67.648 E0.0006
G1 X48.674 Y67.818 E0.00052
G1 X47.697 Y68.232 E0.00059
G1 X46.742 Y69.033 E0.0007
G1 X46.01 Y70.097 E0.00072
G1 X45.912 Y70.448 E0.0002
G0 F1320 X46.024 Y70.482
G1 F360 X45.744 Y71.5 E0.00059
G1 X45.883 Y72.953 E0.00082
G1 X46.395 Y74.361 E0.00084
G1 X46.795 Y74.744 E0.00031
G1 X40.228 Y74.744 E0.00367
G1 X40.228 Y25.228 E0.02767
G1 X59.764 Y25.228 E0.01092
G1 X59.764 Y25.649 E0.00024
G1 X58.957 Y25.672 E0.00045
G1 X57.432 Y26.687 E0.00102
G1 X56.777 Y28.147 E0.00089
G1 X56.808 Y40.671 E0.007
G1 X57.342 Y41.78 E0.00069
G1 X58.78 Y43.024 E0.00106
G1 X59.768 Y43.04 E0.00055
G1 X59.768 Y74.756 E0.01772
G1 X53.103 Y74.756 E0.00372
G1 X53.288 Y74.566 E0.00015
G1 X54.073 Y73.198 E0.00088
G1 X54.218 Y71.483 E0.00096
G1 X53.906 Y70.403 E0.00063
G1 X53.121 Y69.175 E0.00081
G1 X51.94 Y68.204 E0.00085
G1 X50.643 Y67.782 E0.00076
G1 X49.599 Y67.768 E0.00058
G1 X48.706 Y67.934 E0.00051
G1 X47.76 Y68.336 E0.00057
G1 X46.833 Y69.114 E0.00068
G1 X46.11 Y70.17 E0.00072
G1 X46.024 Y70.482 E0.00018
G0 F1320 X46.135 Y70.515
G1 F360 X45.868 Y71.5 E0.00057
G1 X46.003 Y72.941 E0.00081
G1 X46.504 Y74.307 E0.00081
G1 X47.1 Y74.864 E0.00046
G1 X40.108 Y74.867 E0.00391
G1 X40.108 Y25.108 E0.0278
G1 X59.884 Y25.108 E0.01105
G1 X59.884 Y25.769 E0.00037
G1 X58.997 Y25.792 E0.0005
G1 X57.532 Y26.767 E0.00098
G1 X56.897 Y28.179 E0.00087
G1 X56.928 Y40.651 E0.00697
G1 X57.434 Y41.7 E0.00065
G1 X58.817 Y42.902 E0.00102
G1 X59.888 Y42.924 E0.0006
G1 X59.888 Y74.876 E0.01785
G1 X52.824 Y74.876 E0.00395
G1 X53.193 Y74.498 E0.0003
G1 X53.957 Y73.162 E0.00086
G1 X54.098 Y71.499 E0.00093
G1 X53.79 Y70.439 E0.00062
G1 X53.033 Y69.255 E0.00079
G1 X51.876 Y68.308 E0.00084
G1 X50.635 Y67.902 E0.00073
G1 X49.611 Y67.888 E0.00057
G1 X48.742 Y68.05 E0.00049
G1 X47.824 Y68.44 E0.00056
G1 X46.913 Y69.206 E0.00067
G1 X46.21 Y70.242 E0.0007
G1 X46.135 Y70.515 E0.00016
G0 F1320 X46.253 Y70.547
G1 F360 X45.992 Y71.504 E0.00055
G1 X46.123 Y72.929 E0.0008
G1 X46.607 Y74.229 E0.00078
G1 X47.407 Y74.987 E0.00062
G1 X39.988 Y74.991 E0.00415
G1 X39.988 Y24.988 E0.02794
G1 X60.004 Y24.988 E0.01118
G1 X60.004 Y25.889 E0.0005
G1 X59.037 Y25.912 E0.00054
G1 X57.632 Y26.847 E0.00094
G1 X57.017 Y28.211 E0.00084
G1 X57.048 Y40.631 E0.00694
G1 X57.526 Y41.62 E0.00061
G1 X58.861 Y42.786 E0.00099
G1 X60.008 Y42.808 E0.00064
G1 X60.008 Y74.996 E0.01799
G1 X52.544 Y74.996 E0.00417
G1 X53.1 Y74.426 E0.00044
G1 X53.841 Y73.126 E0.00084
G1 X53.978 Y71.515 E0.0009
G1 X53.674 Y70.471 E0.00061
G1 X52.945 Y69.339 E0.00075
G1 X51.812 Y68.412 E0.00082
G1 X50.627 Y68.022 E0.0007
G1 X49.623 Y68.008 E0.00056
G1 X48.778 Y68.166 E0.00048
G1 X47.888 Y68.544 E0.00054
G1 X46.993 Y69.298 E0.00065
G1 X46.322 Y70.294 E0.00067
G1 X46.253 Y70.547 E0.00015
G0 F1320 X46.37 Y70.578
G1 F360 X46.116 Y71.508 E0.00054
G1 X46.243 Y72.918 E0.00079
G1 X46.711 Y74.162 E0.00074
G1 X47.707 Y75.108 E0.00077
G1 X39.868 Y75.112 E0.00438
G1 X39.868 Y24.868 E0.02807
G1 X60.124 Y24.868 E0.01132
G1 X60.124 Y26.009 E0.00064
G1 X59.077 Y26.032 E0.00059
G1 X57.732 Y26.927 E0.0009
G1 X57.133 Y28.252 E0.00081
G1 X57.171 Y40.622 E0.00691
G1 X57.618 Y41.54 E0.00057
G1 X58.905 Y42.67 E0.00096
G1 X60.128 Y42.692 E0.00068
G1 X60.128 Y75.119 E0.01812
G1 X52.261 Y75.116 E0.0044
G1 X53.005 Y74.358 E0.00059
G1 X53.725 Y73.086 E0.00082
G1 X53.858 Y71.531 E0.00087
G1 X53.558 Y70.503 E0.0006
G1 X52.857 Y69.419 E0.00072
G1 X51.758 Y68.521 E0.00079
G1 X50.609 Y68.141 E0.00068
G1 X49.635 Y68.128 E0.00054
G1 X48.814 Y68.282 E0.00047
G1 X47.952 Y68.648 E0.00052
G1 X47.073 Y69.39 E0.00064
G1 X46.434 Y70.346 E0.00064
G1 X46.37 Y70.578 E0.00013
G0 F1320 X46.483 Y70.61
G1 F360 X46.24 Y71.508 E0.00052
G1 X46.363 Y72.906 E0.00078
G1 X46.815 Y74.094 E0.00071
G1 X47.75 Y74.98 E0.00072
G1 X48.165 Y75.228 E0.00027
G1 X39.748 Y75.235 E0.0047
G1 X39.748 Y24.748 E0.02821
G1 X60.244 Y24.748 E0.01145
G1 X60.244 Y26.129 E0.00077
G1 X59.117 Y26.152 E0.00063
G1 X57.832 Y27.007 E0.00086
G1 X57.253 Y28.28 E0.00078
G1 X57.291 Y40.602 E0.00689
G1 X57.722 Y41.48 E0.00055
G1 X58.949 Y42.55 E0.00091
G1 X60.248 Y42.576 E0.00073
G1 X60.248 Y75.24 E0.01825
G1 X51.815 Y75.24 E0.00471
G1 X52.068 Y75.143 E0.00015
G1 X52.921 Y74.274 E0.00068
G1 X53.609 Y73.05 E0.00078
G1 X53.74 Y71.561 E0.00084
G1 X53.442 Y70.535 E0.0006
G1 X52.769 Y69.499 E0.00069
G1 X51.71 Y68.633 E0.00076
G1 X50.593 Y68.261 E0.00066
G1 X49.647 Y68.248 E0.00053
G1 X48.85 Y68.398 E0.00045
G1 X48.016 Y68.752 E0.00051
G1 X47.153 Y69.482 E0.00063
G1 X46.537 Y70.414 E0.00062
G1 X46.483 Y70.61 E0.00011
G0 F1320 X46.599 Y70.641
G1 F360 X46.364 Y71.508 E0.0005
G1 X46.475 Y72.862 E0.00076
G1 X46.919 Y74.026 E0.0007
G1 X47.83 Y74.892 E0.0007
G1 X48.599 Y75.348 E0.0005
G1 X39.628 Y75.359 E0.00501
G1 X39.628 Y24.628 E0.02835
G1 X60.364 Y24.628 E0.01159
G1 X60.364 Y26.249 E0.00091
G1 X59.157 Y26.272 E0.00067
G1 X57.932 Y27.088 E0.00082
G1 X57.373 Y28.308 E0.00075
G1 X57.406 Y40.565 E0.00685
G1 X57.826 Y41.416 E0.00053
G1 X58.993 Y42.434 E0.00087
G1 X60.368 Y42.46 E0.00077
G1 X60.368 Y75.36 E0.01838
G1 X51.142 Y75.36 E0.00516
G1 X51.977 Y75.057 E0.0005
G1 X52.837 Y74.19 E0.00068
G1 X53.493 Y73.014 E0.00075
G1 X53.62 Y71.585 E0.0008
G1 X53.326 Y70.571 E0.00059
G1 X52.681 Y69.579 E0.00066
G1 X51.65 Y68.737 E0.00074
G1 X50.577 Y68.381 E0.00063
G1 X49.669 Y68.368 E0.00051
G1 X48.889 Y68.512 E0.00044
G1 X48.08 Y68.856 E0.00049
G1 X47.257 Y69.55 E0.0006
G1 X46.641 Y70.487 E0.00063
G1 X46.599 Y70.641 E0.00009
G0 F1320 X46.714 Y70.672
G1 F360 X46.484 Y71.509 E0.00049
G1 X46.587 Y72.818 E0.00073
G1 X47.023 Y73.958 E0.00068
G1 X47.914 Y74.808 E0.00069
G1 F348.4 X48.852 Y75.347 E0.00062
G1 F273.4 X49.368 Y75.444 E0.00039
G1 F278.7 X48.969 Y75.479 E0.00029
G1 F360 X39.508 Y75.48 E0.00529
G1 X39.508 Y24.508 E0.02848
G1 X60.484 Y24.508 E0.01172
G1 X60.484 Y26.369 E0.00104
G1 X59.197 Y26.392 E0.00072
G1 X58.028 Y27.172 E0.00079
G1 X57.493 Y28.332 E0.00071
G1 X57.522 Y40.533 E0.00682
G1 X57.93 Y41.352 E0.00051
G1 X59.037 Y42.318 E0.00082
G1 X60.488 Y42.344 E0.00081
G1 X60.488 Y75.48 E0.01852
G1 X52.001 Y75.48 E0.00474
G1 F270 X50.684 Y75.44 E0.00098
G1 X51.931 Y74.943 E0.001
G1 F360 X52.753 Y74.106 E0.00066
G1 X53.377 Y72.982 E0.00072
G1 X53.5 Y71.609 E0.00077
G1 X53.21 Y70.607 E0.00058
G1 X52.593 Y69.659 E0.00063
G1 X51.602 Y68.849 E0.00072
G1 X50.565 Y68.501 E0.00061
G1 X49.689 Y68.488 E0.00049
G1 X48.925 Y68.628 E0.00043
G1 X48.144 Y68.96 E0.00047
G1 X47.349 Y69.63 E0.00058
G1 X46.745 Y70.559 E0.00062
G1 X46.714 Y70.672 E0.00007
G0 F1320 X46.829 Y70.704
G1 F360 X46.604 Y71.529 E0.00048
G1 X46.704 Y72.793 E0.00071
G1 X47.142 Y73.912 E0.00067
G1 X47.998 Y74.724 E0.00066
G1 X48.87 Y75.221 E0.00056
G1 X49.836 Y75.348 E0.00054
G1 X50.667 Y75.284 E0.00047
G1 X51.841 Y74.857 E0.0007
G1 X52.659 Y74.035 E0.00065
G1 X53.261 Y72.945 E0.0007
G1 X53.38 Y71.629 E0.00074
G1 X53.095 Y70.638 E0.00058
G1 X52.505 Y69.739 E0.0006
G1 X51.542 Y68.953 E0.00069
G1 X50.553 Y68.621 E0.00058
G1 X49.709 Y68.608 E0.00047
G1 X48.961 Y68.744 E0.00042
G1 X48.208 Y69.064 E0.00046
G1 X47.417 Y69.735 E0.00058
G1 X46.853 Y70.619 E0.00059
G1 X46.829 Y70.704 E0.00005
G1 F1500 E-6.5
G0 F1320 X48.969 Y71.582
G1 F1500 E6.5
G1 F360 X48.888 Y71.964 E0.00022
G1 X48.934 Y72.321 E0.0002
G1 X49.098 Y72.651 E0.00021
G1 X49.366 Y72.912 E0.00021
G1 X49.707 Y73.071 E0.00021
G1 X50.095 Y73.104 E0.00022
G1 X50.279 Y73.072 E0.0001
G1 X50.63 Y72.912 E0.00022
G1 X50.886 Y72.668 E0.0002
G1 X51.062 Y72.321 E0.00022
G1 X51.108 Y71.949 E0.00021
G1 X51.027 Y71.582 E0.00021
G1 X50.832 Y71.266 E0.00021
G1 X50.541 Y71.027 E0.00021
G1 X50.195 Y70.905 E0.00021
G1 X50.002 Y70.888 E0.00011
G1 X49.637 Y70.948 E0.00021
G1 X49.459 Y71.025 E0.00011
G1 X49.164 Y71.266 E0.00021
G1 X48.969 Y71.582 E0.00021
G0 F1320 X48.865 Y71.518
G1 F360 X48.764 Y71.98 E0.00026
G1 X48.814 Y72.354 E0.00021
G1 X48.99 Y72.704 E0.00022
G1 X49.314 Y73.02 E0.00025
G1 X49.655 Y73.179 E0.00021
G1 X50.07 Y73.22 E0.00023
G1 X50.296 Y73.192 E0.00013
G1 X50.678 Y73.02 E0.00023
G1 X50.99 Y72.72 E0.00024
G1 X51.178 Y72.353 E0.00023
G1 X51.228 Y71.937 E0.00023
G1 X51.129 Y71.519 E0.00024
G1 X50.911 Y71.177 E0.00023
G1 X50.597 Y70.919 E0.00023
G1 X50.215 Y70.785 E0.00023
G1 X49.985 Y70.768 E0.00013
G1 X49.601 Y70.832 E0.00022
G1 X49.392 Y70.92 E0.00013
G1 X49.068 Y71.19 E0.00024
G1 X48.865 Y71.518 E0.00022
G0 F1320 X48.756 Y71.468
G1 F360 X48.644 Y71.951 E0.00028
G1 X48.692 Y72.379 E0.00024
G1 X48.878 Y72.756 E0.00023
G1 X49.245 Y73.115 E0.00029
G1 X49.601 Y73.287 E0.00022
G1 X50.062 Y73.336 E0.00026
G1 X50.319 Y73.312 E0.00014
G1 X50.709 Y73.139 E0.00024
G1 X51.094 Y72.776 E0.0003
G1 X51.294 Y72.385 E0.00025
G1 X51.348 Y71.921 E0.00026
G1 X51.236 Y71.464 E0.00026
G1 X50.995 Y71.089 E0.00025
G1 X50.653 Y70.811 E0.00025
G1 X50.24 Y70.667 E0.00024
G1 X49.968 Y70.648 E0.00015
G1 X49.569 Y70.716 E0.00023
G1 X49.319 Y70.819 E0.00015
G1 X48.976 Y71.11 E0.00025
G1 X48.756 Y71.468 E0.00023
G0 F1320 X48.644 Y71.42
G1 F360 X48.524 Y71.921 E0.00029
G1 X48.577 Y72.41 E0.00027
G1 X48.769 Y72.81 E0.00025
G1 X49.189 Y73.223 E0.00033
G1 X49.545 Y73.395 E0.00022
G1 X50.045 Y73.456 E0.00028
G1 X50.335 Y73.428 E0.00016
G1 X50.776 Y73.24 E0.00027
G1 X51.21 Y72.816 E0.00034
G1 X51.41 Y72.417 E0.00025
G1 X51.468 Y71.905 E0.00029
G1 X51.348 Y71.416 E0.00028
G1 X51.087 Y71.013 E0.00027
G1 X50.71 Y70.703 E0.00027
G1 X50.252 Y70.541 E0.00027
G1 X49.951 Y70.528 E0.00017
G1 X49.529 Y70.6 E0.00024
G1 X49.252 Y70.716 E0.00017
G1 X48.898 Y71.016 E0.00026
G1 X48.644 Y71.42 E0.00027
G0 F1320 X48.532 Y71.372
G1 F360 X48.405 Y71.881 E0.00029
G1 X48.453 Y72.412 E0.0003
G1 X48.669 Y72.882 E0.00029
G1 X49.118 Y73.32 E0.00035
G1 X49.494 Y73.503 E0.00023
G1 X50.024 Y73.572 E0.0003
G1 X50.359 Y73.544 E0.00019
G1 X50.84 Y73.34 E0.00029
G1 X51.307 Y72.883 E0.00037
G1 X51.526 Y72.449 E0.00027
G1 X51.588 Y71.889 E0.00031
G1 X51.456 Y71.368 E0.0003
G1 X51.175 Y70.929 E0.00029
G1 X50.762 Y70.593 E0.0003
G1 X50.272 Y70.421 E0.00029
G1 X49.939 Y70.408 E0.00019
G1 X49.497 Y70.484 E0.00025
G1 X49.179 Y70.615 E0.00019
G1 X48.806 Y70.936 E0.00027
G1 X48.532 Y71.372 E0.00029
G0 F1320 X48.42 Y71.324
G1 F360 X48.285 Y71.857 E0.00031
G1 X48.337 Y72.439 E0.00033
G1 X48.582 Y72.968 E0.00033
G1 X49.034 Y73.404 E0.00035
G1 X49.46 Y73.616 E0.00027
G1 X50.004 Y73.688 E0.00031
G1 X50.379 Y73.66 E0.00021
G1 X50.908 Y73.44 E0.00032
G1 X51.391 Y72.967 E0.00038
G1 X51.642 Y72.481 E0.00031
G1 X51.708 Y71.873 E0.00034
G1 X51.567 Y71.319 E0.00032
G1 X51.267 Y70.853 E0.00031
G1 X50.81 Y70.481 E0.00033
G1 X50.291 Y70.301 E0.00031
G1 X49.927 Y70.288 E0.0002
G1 X49.457 Y70.368 E0.00027
G1 X49.105 Y70.518 E0.00021
G1 X48.714 Y70.856 E0.00029
G1 X48.42 Y71.324 E0.00031
G0 F1320 X48.308 Y71.276
G1 F360 X48.165 Y71.833 E0.00032
G1 X48.221 Y72.471 E0.00036
G1 X48.469 Y73.017 E0.00034
G1 X48.964 Y73.502 E0.00039
G1 X49.384 Y73.718 E0.00026
G1 X50 Y73.804 E0.00035
G1 X50.403 Y73.776 E0.00023
G1 X50.975 Y73.54 E0.00035
G1 X51.475 Y73.051 E0.00039
G1 X51.758 Y72.509 E0.00034
G1 X51.828 Y71.853 E0.00037
G1 X51.679 Y71.28 E0.00033
G1 X51.361 Y70.779 E0.00033
G1 X50.858 Y70.369 E0.00036
G1 X50.311 Y70.181 E0.00032
G1 X49.914 Y70.168 E0.00022
G1 X49.425 Y70.252 E0.00028
G1 X49.033 Y70.418 E0.00024
G1 X48.622 Y70.776 E0.0003
G1 X48.308 Y71.276 E0.00033
G0 F1320 X48.196 Y71.228
G1 F360 X48.045 Y71.808 E0.00033
G1 X48.105 Y72.503 E0.00039
G1 X48.382 Y73.104 E0.00037
G1 X48.894 Y73.596 E0.0004
G1 X49.344 Y73.834 E0.00028
G1 X49.996 Y73.924 E0.00037
G1 X50.423 Y73.892 E0.00024
G1 X51.043 Y73.64 E0.00037
G1 X51.559 Y73.135 E0.0004
G1 X51.874 Y72.537 E0.00038
G1 X51.948 Y71.845 E0.00039
G1 X51.792 Y71.24 E0.00035
G1 X51.449 Y70.699 E0.00036
G1 X50.906 Y70.257 E0.00039
G1 X50.331 Y70.061 E0.00034
G1 X49.902 Y70.048 E0.00024
G1 X49.393 Y70.136 E0.00029
G1 X48.961 Y70.318 E0.00026
G1 X48.53 Y70.696 E0.00032
G1 X48.196 Y71.228 E0.00035
G0 F1320 X48.084 Y71.176
G1 F360 X47.925 Y71.784 E0.00035
G1 X47.989 Y72.535 E0.00042
G1 X48.282 Y73.172 E0.00039
G1 X48.81 Y73.684 E0.00041
G1 X49.324 Y73.956 E0.00032
G1 X49.992 Y74.04 E0.00038
G1 X50.443 Y74.008 E0.00025
G1 X51.107 Y73.74 E0.0004
G1 X51.654 Y73.205 E0.00043
G1 X51.986 Y72.577 E0.0004
G1 X52.068 Y71.829 E0.00042
G1 X51.903 Y71.2 E0.00036
G1 X51.531 Y70.613 E0.00039
G1 X50.966 Y70.153 E0.00041
G1 X50.351 Y69.941 E0.00036
G1 X49.89 Y69.928 E0.00026
G1 X49.361 Y70.02 E0.0003
G1 X48.902 Y70.21 E0.00028
G1 X48.434 Y70.616 E0.00035
G1 X48.084 Y71.176 E0.00037
G0 F1320 X47.972 Y71.128
G1 F360 X47.805 Y71.76 E0.00037
G1 X47.872 Y72.554 E0.00045
G1 X48.165 Y73.221 E0.00041
G1 X48.726 Y73.772 E0.00044
G1 X49.288 Y74.072 E0.00036
G1 X49.972 Y74.16 E0.00039
G1 X50.463 Y74.124 E0.00028
G1 X51.171 Y73.84 E0.00043
G1 X51.751 Y73.275 E0.00045
G1 X52.106 Y72.593 E0.00043
G1 X52.188 Y71.817 E0.00044
G1 X52.016 Y71.16 E0.00038
G1 X51.625 Y70.54 E0.00041
G1 X51.014 Y70.041 E0.00044
G1 X50.371 Y69.821 E0.00038
G1 X49.878 Y69.808 E0.00028
G1 X49.321 Y69.904 E0.00032
G1 X48.856 Y70.096 E0.00028
G1 X48.342 Y70.536 E0.00038
G1 X47.972 Y71.128 E0.00039
G0 F1320 X47.861 Y71.08
G1 F360 X47.684 Y71.741 E0.00038
G1 X47.756 Y72.58 E0.00047
G1 X48.064 Y73.288 E0.00043
G1 X48.655 Y73.869 E0.00046
G1 X49.252 Y74.188 E0.00038
G1 X49.952 Y74.28 E0.00039
G1 X50.483 Y74.24 E0.0003
G1 X51.239 Y73.94 E0.00045
G1 X51.835 Y73.359 E0.00047
G1 X52.222 Y72.621 E0.00047
G1 X52.308 Y71.805 E0.00046
G1 X52.127 Y71.12 E0.0004
G1 X51.713 Y70.46 E0.00044
G1 X51.062 Y69.929 E0.00047
G1 X50.391 Y69.701 E0.0004
G1 X49.853 Y69.688 E0.0003
G1 X49.285 Y69.788 E0.00032
G1 X48.788 Y69.996 E0.0003
G1 X48.25 Y70.456 E0.0004
G1 X47.861 Y71.08 E0.00041
G0 F1320 X47.749 Y71.031
G1 F360 X47.564 Y71.717 E0.0004
G1 X47.644 Y72.624 E0.00051
G1 X47.96 Y73.352 E0.00044
G1 X48.599 Y73.977 E0.0005
G1 X49.216 Y74.304 E0.00039
G1 X49.948 Y74.4 E0.00041
G1 X50.503 Y74.356 E0.00031
G1 X51.327 Y74.027 E0.0005
G1 X51.93 Y73.429 E0.00047
G1 X52.334 Y72.665 E0.00048
G1 X52.428 Y71.789 E0.00049
G1 X52.231 Y71.059 E0.00042
G1 X51.795 Y70.373 E0.00045
G1 X51.122 Y69.825 E0.00048
G1 X50.411 Y69.581 E0.00042
G1 X49.845 Y69.568 E0.00032
G1 X49.249 Y69.672 E0.00034
G1 X48.72 Y69.896 E0.00032
G1 X48.158 Y70.376 E0.00041
G1 X47.749 Y71.031 E0.00043
G0 F1320 X47.637 Y70.979
G1 F360 X47.444 Y71.693 E0.00041
G1 X47.532 Y72.668 E0.00055
G1 X47.856 Y73.42 E0.00046
G1 X48.511 Y74.061 E0.00051
G1 X49.176 Y74.42 E0.00042
G1 X49.944 Y74.516 E0.00043
G1 X50.523 Y74.472 E0.00032
G1 X51.395 Y74.127 E0.00052
G1 X52.027 Y73.499 E0.0005
G1 X52.45 Y72.7 E0.00051
G1 X52.548 Y71.773 E0.00052
G1 X52.339 Y71.007 E0.00044
G1 X51.889 Y70.299 E0.00047
G1 X51.17 Y69.713 E0.00052
G1 X50.431 Y69.461 E0.00044
G1 X49.837 Y69.448 E0.00033
G1 X49.213 Y69.556 E0.00035
G1 X48.672 Y69.784 E0.00033
G1 X48.066 Y70.296 E0.00044
G1 X47.637 Y70.979 E0.00045
G0 F1320 X47.525 Y70.927
G1 F360 X47.324 Y71.669 E0.00043
G1 X47.42 Y72.712 E0.00059
G1 X47.752 Y73.484 E0.00047
G1 X48.442 Y74.16 E0.00054
G1 X49.136 Y74.536 E0.00044
G1 X49.924 Y74.636 E0.00044
G1 X50.543 Y74.588 E0.00035
G1 X51.442 Y74.245 E0.00054
G1 X52.111 Y73.583 E0.00053
G1 X52.565 Y72.737 E0.00054
G1 X52.668 Y71.757 E0.00055
G1 X52.447 Y70.955 E0.00046
G1 X51.977 Y70.219 E0.00049
G1 X51.23 Y69.609 E0.00054
G1 X50.451 Y69.341 E0.00046
G1 X49.829 Y69.328 E0.00035
G1 X49.177 Y69.44 E0.00037
G1 X48.592 Y69.688 E0.00036
G1 X47.974 Y70.212 E0.00045
G1 X47.525 Y70.927 E0.00047
G0 F1320 X47.413 Y70.875
G1 F360 X47.204 Y71.645 E0.00045
G1 X47.308 Y72.76 E0.00063
G1 X47.648 Y73.552 E0.00048
G1 X48.358 Y74.244 E0.00055
G1 X49.074 Y74.645 E0.00046
G1 X49.904 Y74.756 E0.00047
G1 X50.563 Y74.704 E0.00037
G1 X51.506 Y74.349 E0.00056
G1 X52.219 Y73.639 E0.00056
G1 X52.682 Y72.773 E0.00055
G1 X52.788 Y71.741 E0.00058
G1 X52.555 Y70.903 E0.00049
G1 X52.065 Y70.139 E0.00051
G1 X51.278 Y69.497 E0.00057
G1 X50.471 Y69.221 E0.00048
G1 X49.809 Y69.208 E0.00037
G1 X49.141 Y69.324 E0.00038
G1 X48.528 Y69.584 E0.00037
G1 X47.882 Y70.132 E0.00047
G1 X47.413 Y70.875 E0.00049
G0 F1320 X47.298 Y70.832
G1 F360 X47.084 Y71.621 E0.00046
G1 X47.188 Y72.772 E0.00065
G1 X47.544 Y73.62 E0.00051
G1 X48.274 Y74.328 E0.00057
G1 X49.034 Y74.761 E0.00049
G1 X49.884 Y74.876 E0.00048
G1 X50.583 Y74.82 E0.00039
G1 X51.569 Y74.453 E0.00059
G1 X52.303 Y73.723 E0.00058
G1 X52.797 Y72.809 E0.00058
G1 X52.904 Y71.717 E0.00061
G1 X52.663 Y70.851 E0.0005
G1 X52.153 Y70.059 E0.00053
G1 X51.326 Y69.385 E0.0006
G1 X50.491 Y69.101 E0.00049
G1 X49.789 Y69.088 E0.00039
G1 X49.105 Y69.208 E0.00039
G1 X48.464 Y69.48 E0.00039
G1 X47.79 Y70.052 E0.00049
G1 X47.301 Y70.823 E0.00051
G1 X47.298 Y70.832 E0.00001
G0 F1320 X47.181 Y70.8
G1 F360 X46.964 Y71.597 E0.00046
G1 X47.064 Y72.766 E0.00066
G1 X47.454 Y73.708 E0.00057
G1 X48.19 Y74.412 E0.00057
G1 X48.99 Y74.873 E0.00052
G1 X49.88 Y74.992 E0.0005
G1 X50.607 Y74.936 E0.00041
G1 X51.637 Y74.557 E0.00061
G1 X52.387 Y73.807 E0.00059
G1 X52.913 Y72.841 E0.00061
G1 X53.024 Y71.693 E0.00064
G1 X52.771 Y70.799 E0.00052
G1 X52.241 Y69.979 E0.00055
G1 X51.386 Y69.281 E0.00062
G1 X50.511 Y68.981 E0.00052
G1 X49.769 Y68.968 E0.00041
G1 X49.069 Y69.092 E0.0004
G1 X48.4 Y69.376 E0.00041
G1 X47.698 Y69.972 E0.00051
G1 X47.189 Y70.771 E0.00053
G1 X47.181 Y70.8 E0.00002
G0 F1320 X47.063 Y70.768
G1 F360 X46.844 Y71.573 E0.00047
G1 X46.944 Y72.778 E0.00068
G1 X47.336 Y73.755 E0.00059
G1 X48.126 Y74.516 E0.00061
G1 X48.95 Y74.989 E0.00053
G1 X49.876 Y75.112 E0.00052
G1 X50.627 Y75.052 E0.00042
G1 X51.705 Y74.657 E0.00064
G1 X52.471 Y73.891 E0.00061
G1 X53.029 Y72.877 E0.00065
G1 X53.14 Y71.673 E0.00068
G1 X52.879 Y70.747 E0.00054
G1 X52.329 Y69.899 E0.00056
G1 X51.434 Y69.169 E0.00065
G1 X50.529 Y68.861 E0.00053
G1 X49.749 Y68.848 E0.00044
G1 X49.033 Y68.976 E0.00041
G1 X48.336 Y69.272 E0.00042
G1 X47.606 Y69.892 E0.00054
G1 X47.077 Y70.719 E0.00055
G1 X47.063 Y70.768 E0.00003
G0 F1320 X46.947 Y70.736
G1 F360 X46.724 Y71.549 E0.00047
G1 X46.824 Y72.785 E0.00069
G1 X47.232 Y73.823 E0.00062
G1 X48.062 Y74.62 E0.00064
G1 X48.91 Y75.105 E0.00055
G1 X49.856 Y75.228 E0.00053
G1 X50.647 Y75.168 E0.00044
G1 X51.773 Y74.757 E0.00067
G1 X52.555 Y73.975 E0.00062
G1 X53.145 Y72.914 E0.00068
G1 X53.26 Y71.649 E0.00071
G1 X52.987 Y70.694 E0.00056
G1 X52.417 Y69.819 E0.00058
G1 X51.482 Y69.057 E0.00067
G1 X50.541 Y68.741 E0.00055
G1 X49.729 Y68.728 E0.00045
G1 X48.997 Y68.86 E0.00042
G1 X48.272 Y69.168 E0.00044
G1 X47.514 Y69.808 E0.00055
G1 X46.965 Y70.671 E0.00057
G1 X46.947 Y70.736 E0.00004
;TIME_ELAPSED:9518.814943
G1 F1500 E-6.5
M204 P4000
M204 T4000
M82 ;absolute extrusion mode
M204 P250 T120 ;Gentle final presentation moves for the small Y-bed
M104 S0 ;Hotend off
M140 S0 ;Bed off in G-code even though bed is external
G91
G1 E-1 F1800
G1 Z10 F1200
G90
G1 X95 F900
G1 Y95 F240 ;Move bed toward the operator
M83 ;relative extrusion mode
M104 S0
;End of Gcode
;SETTING_3 {"global_quality": "[general]\\nversion = 4\\nname = codex - K9 warm 
;SETTING_3 mat cautious\\ndefinition = custom\\n\\n[metadata]\\ntype = quality_c
;SETTING_3 hanges\\nquality_type = draft\\nsetting_version = 25\\n\\n[values]\\n
;SETTING_3 acceleration_enabled = True\\nacceleration_infill = 250\\nacceleratio
;SETTING_3 n_ironing = 120\\nacceleration_layer_0 = 150\\nacceleration_print = 2
;SETTING_3 50\\nacceleration_skirt_brim = 150\\nacceleration_support = 220\\nacc
;SETTING_3 eleration_support_bottom = 160\\nacceleration_support_infill = 220\\n
;SETTING_3 acceleration_support_interface = 160\\nacceleration_support_roof = 16
;SETTING_3 0\\nacceleration_topbottom = 180\\nacceleration_travel = 200\\naccele
;SETTING_3 ration_travel_enabled = True\\nacceleration_wall = 180\\nacceleration
;SETTING_3 _wall_0 = 150\\nacceleration_wall_x = 200\\nadhesion_type = brim\\nbo
;SETTING_3 ttom_layers = 7\\nbrim_width = 14\\ninfill_before_walls = False\\ninf
;SETTING_3 ill_pattern = lines\\ninfill_sparse_density = 20\\nironing_enabled = 
;SETTING_3 True\\nironing_flow = 7\\nironing_line_spacing = 0.12\\nironing_only_
;SETTING_3 highest_layer = True\\nironing_pattern = concentric\\nlayer_height = 
;SETTING_3 0.16\\nlayer_height_0 = 0.2\\nmaterial_bed_temperature = 0\\nskin_ove
;SETTING_3 rlap = 10\\nskirt_brim_speed = 21\\nspeed = 11\\nspeed_infill = 11\\n
;SETTING_3 speed_ironing = 6\\nspeed_layer_0 = 6\\nspeed_print = 11\\nspeed_prin
;SETTING_3 t_layer_0 = 6\\nspeed_support = 11\\nspeed_support_bottom = 8\\nspeed
;SETTING_3 _support_infill = 11\\nspeed_support_interface = 8\\nspeed_support_ro
;SETTING_3 of = 8\\nspeed_topbottom = 8\\nspeed_travel = 25\\nspeed_travel_layer
;SETTING_3 _0 = 25\\nspeed_wall = 8\\nspeed_wall_0 = 8\\nspeed_wall_x = 8\\nsupp
;SETTING_3 ort_angle = 35\\nsupport_enable = False\\nsupport_infill_rate = 10\\n
;SETTING_3 support_interface_density = 65\\nsupport_interface_enable = True\\nsu
;SETTING_3 pport_interface_height = 0.48\\nsupport_interface_pattern = lines\\ns
;SETTING_3 upport_pattern = zigzag\\nsupport_roof_density = 65\\nsupport_roof_en
;SETTING_3 able = True\\nsupport_roof_height = 0.48\\nsupport_structure = normal
;SETTING_3 \\nsupport_top_distance = 0.16\\nsupport_type = everywhere\\nsupport_
;SETTING_3 xy_distance = 0.3\\nsupport_z_distance = 0.16\\ntop_bottom_pattern = 
;SETTING_3 lines\\ntop_bottom_pattern_0 = concentric\\ntop_layers = 7\\nwall_lin
;SETTING_3 e_count = 5\\nz_seam_type = random\\n\\n", "extruder_quality": ["[gen
;SETTING_3 eral]\\nversion = 4\\nname = codex - K9 warm mat cautious\\ndefinitio
;SETTING_3 n = custom\\n\\n[metadata]\\ntype = quality_changes\\nquality_type = 
;SETTING_3 draft\\nintent_category = default\\nposition = 0\\nsetting_version = 
;SETTING_3 25\\n\\n[values]\\nacceleration_enabled = True\\nacceleration_infill 
;SETTING_3 = 250\\nacceleration_ironing = 120\\nacceleration_layer_0 = 150\\nacc
;SETTING_3 eleration_print = 250\\nacceleration_skirt_brim = 150\\nacceleration_
;SETTING_3 support = 220\\nacceleration_support_bottom = 160\\nacceleration_supp
;SETTING_3 ort_infill = 220\\nacceleration_support_interface = 160\\nacceleratio
;SETTING_3 n_support_roof = 160\\nacceleration_topbottom = 180\\nacceleration_tr
;SETTING_3 avel = 200\\nacceleration_travel_enabled = True\\nacceleration_wall =
;SETTING_3  180\\nacceleration_wall_0 = 150\\nacceleration_wall_x = 200\\nbridge
;SETTING_3 _fan_speed = 0\\nbridge_settings_enabled = True\\nbridge_skin_materia
;SETTING_3 l_flow = 100\\nbridge_skin_speed = 7\\nbridge_wall_material_flow = 10
;SETTING_3 0\\nbridge_wall_speed = 7\\ncool_fan_enabled = False\\ncool_fan_speed
;SETTING_3  = 0\\ncool_fan_speed_0 = 0\\ncool_fan_speed_max = 0\\ncool_fan_speed
;SETTING_3 _min = 0\\ncool_min_layer_time = 10\\ninfill_material_flow = 101\\nin
;SETTING_3 itial_layer_line_width_factor = 155\\nironing_enabled = True\\nironin
;SETTING_3 g_flow = 7\\nironing_line_spacing = 0.12\\nironing_only_highest_layer
;SETTING_3  = True\\nironing_pattern = concentric\\nmaterial_bed_temperature = 0
;SETTING_3 \\nmaterial_flow = 103\\nmaterial_flow_layer_0 = 103\\nmaterial_print
;SETTING_3 _temperature = 224\\nmaterial_print_temperature_layer_0 = 226\\nretra
;SETTING_3 ction_amount = 6.5\\nretraction_enable = True\\nretraction_prime_spee
;SETTING_3 d = 25\\nretraction_retract_speed = 25\\nskin_material_flow = 104\\ns
;SETTING_3 kirt_brim_speed = 21\\nspeed = 11\\nspeed_infill = 11\\nspeed_ironing
;SETTING_3  = 6\\nspeed_layer_0 = 6\\nspeed_print = 11\\nspeed_print_layer_0 = 6
;SETTING_3 \\nspeed_support = 11\\nspeed_support_bottom = 8\\nspeed_support_infi
;SETTING_3 ll = 11\\nspeed_support_interface = 8\\nspeed_support_roof = 8\\nspee
;SETTING_3 d_topbottom = 8\\nspeed_travel = 22.0\\nspeed_travel_layer_0 = 25\\ns
;SETTING_3 peed_wall = 8\\nspeed_wall_0 = 8\\nspeed_wall_x = 8\\nwall_0_material
;SETTING_3 _flow = 102\\nwall_material_flow = 103\\nwall_x_material_flow = 103\\
;SETTING_3 n\\n"]}
