;FLAVOR:RepRap
;TIME:16843
;Filament used: 3.6624m
;Layer height: 0.16
;MINX:21.05
;MINY:5.55
;MINZ:0.2
;MAXX:78.95
;MAXY:94.45
;MAXZ:12.04
;TARGET_MACHINE.NAME:Unknown
;Generated with Cura_SteamEngine 5.11.0
T0
M104 S226
M109 S226
; Little Hands manual-zero workflow for EasyThreed K9 / K9 Plus
; Expected fixed start pose on this printer:
; X = fully left, Y = bed fully back (away from operator), Z = nozzle touching bed
; This pose is treated as logical 0,0,0. Do not G28 before print.
G92 X0 Y0 Z0
G1 Z10.0 F600
G92 E0
;LH_EXPERIMENTAL_HOTBED_TARGET:35
M140 S35 ;Experimental controlled hotbed target; Little Hands preheats before M24
M82 ;absolute extrusion mode
M83 ;relative extrusion mode
G1 F1500 E-6.5
;LAYER_COUNT:75
;LAYER:0
M107
M204 T120
G0 F1320 X22.939 Y14.632 Z0.2
M204 P150
;TYPE:SKIRT
G1 F1500 E6.5
G1 F1260 X24.315 Y12.43 E0.14201
G1 X26.245 Y10.214 E0.16072
G1 X28.569 Y8.434 E0.1601
G1 X30.352 Y7.319 E0.11502
G1 X32.865 Y6.306 E0.14819
G1 X35.514 Y5.687 E0.14878
G1 X38.012 Y5.55 E0.13683
G1 X63.135 Y5.594 E1.37405
G1 X64.763 Y5.728 E0.08934
G1 X67.314 Y6.359 E0.14373
G1 X69.868 Y7.439 E0.15166
G1 X72.07 Y8.815 E0.14201
G1 X74.286 Y10.745 E0.16072
G1 X76.066 Y13.069 E0.1601
G1 X77.181 Y14.851 E0.11497
G1 X78.196 Y17.373 E0.14869
G1 X78.813 Y20.01 E0.14812
G1 X78.95 Y22.5 E0.13639
G1 X78.905 Y78.69 E3.07319
G1 X78.772 Y80.263 E0.08634
G1 X78.141 Y82.814 E0.14373
G1 X77.061 Y85.368 E0.15166
G1 X75.685 Y87.57 E0.14201
G1 X73.755 Y89.786 E0.16072
G1 X71.431 Y91.566 E0.1601
G1 X69.648 Y92.681 E0.11502
G1 X67.135 Y93.694 E0.14819
G1 X64.486 Y94.313 E0.14878
G1 X61.988 Y94.45 E0.13683
G1 X36.81 Y94.405 E1.37706
G1 X35.237 Y94.272 E0.08634
G1 X32.686 Y93.641 E0.14373
G1 X30.132 Y92.561 E0.15166
G1 X27.93 Y91.185 E0.14201
G1 X25.714 Y89.255 E0.16072
G1 X23.934 Y86.931 E0.1601
G1 X22.819 Y85.149 E0.11497
G1 X21.804 Y82.627 E0.14869
G1 X21.187 Y79.99 E0.14812
G1 X21.05 Y77.5 E0.13639
G1 X21.095 Y21.31 E3.07319
G1 X21.228 Y19.737 E0.08634
G1 X21.859 Y17.186 E0.14373
G1 X22.939 Y14.632 E0.15166
G0 F1320 X23.489 Y14.922
G1 F1260 X24.818 Y12.795 E0.13717
G1 X26.67 Y10.669 E0.15421
G1 X28.898 Y8.96 E0.15358
G1 X30.636 Y7.873 E0.11212
G1 X33.051 Y6.899 E0.14242
G1 X35.604 Y6.303 E0.14339
G1 X38.011 Y6.17 E0.13185
G1 X63.084 Y6.212 E1.37131
G1 X64.662 Y6.342 E0.0866
G1 X67.12 Y6.95 E0.13849
G1 X69.578 Y7.989 E0.14595
G1 X71.705 Y9.318 E0.13717
G1 X73.831 Y11.17 E0.15421
G1 X75.54 Y13.398 E0.15358
G1 X76.628 Y15.137 E0.11219
G1 X77.602 Y17.557 E0.14267
G1 X78.197 Y20.1 E0.14284
G1 X78.33 Y22.5 E0.13146
G1 X78.287 Y78.638 E3.07035
G1 X78.158 Y80.162 E0.08365
G1 X77.55 Y82.62 E0.13849
G1 X76.511 Y85.078 E0.14595
G1 X75.182 Y87.205 E0.13717
G1 X73.33 Y89.331 E0.15421
G1 X71.102 Y91.04 E0.15358
G1 X69.364 Y92.127 E0.11212
G1 X66.949 Y93.101 E0.14242
G1 X64.396 Y93.697 E0.14339
G1 X61.989 Y93.83 E0.13185
G1 X36.862 Y93.787 E1.37427
G1 X35.338 Y93.658 E0.08365
G1 X32.88 Y93.05 E0.13849
G1 X30.422 Y92.011 E0.14595
G1 X28.295 Y90.682 E0.13717
G1 X26.169 Y88.83 E0.15421
G1 X24.46 Y86.602 E0.15358
G1 X23.372 Y84.863 E0.11219
G1 X22.398 Y82.443 E0.14267
G1 X21.803 Y79.9 E0.14284
G1 X21.67 Y77.5 E0.13146
G1 X21.713 Y21.362 E3.07035
G1 X21.842 Y19.838 E0.08365
G1 X22.45 Y17.38 E0.13849
G1 X23.489 Y14.922 E0.14595
G0 F1320 X24.039 Y15.212
G1 F1260 X25.319 Y13.164 E0.13209
G1 X27.096 Y11.124 E0.14797
G1 X29.227 Y9.486 E0.147
G1 X30.921 Y8.427 E0.10926
G1 X33.237 Y7.492 E0.1366
G1 X35.694 Y6.919 E0.13799
G1 X38.01 Y6.79 E0.12686
G1 X63.033 Y6.83 E1.36858
G1 X64.561 Y6.956 E0.08385
G1 X66.926 Y7.541 E0.13325
G1 X69.288 Y8.539 E0.14024
G1 X71.336 Y9.819 E0.13209
G1 X73.376 Y11.596 E0.14797
G1 X75.014 Y13.727 E0.147
G1 X76.074 Y15.421 E0.10929
G1 X77.009 Y17.743 E0.13691
G1 X77.581 Y20.19 E0.13744
G1 X77.71 Y22.5 E0.12654
G1 X77.669 Y78.586 E3.0675
G1 X77.544 Y80.061 E0.08096
G1 X76.959 Y82.426 E0.13325
G1 X75.961 Y84.788 E0.14024
G1 X74.681 Y86.836 E0.13209
G1 X72.904 Y88.876 E0.14797
G1 X70.773 Y90.514 E0.147
G1 X69.079 Y91.573 E0.10926
G1 X66.763 Y92.508 E0.1366
G1 X64.306 Y93.081 E0.13799
G1 X61.99 Y93.21 E0.12686
G1 X36.914 Y93.169 E1.37148
G1 X35.439 Y93.044 E0.08096
G1 X33.074 Y92.459 E0.13325
G1 X30.712 Y91.461 E0.14024
G1 X28.664 Y90.181 E0.13209
G1 X26.624 Y88.404 E0.14797
G1 X24.986 Y86.273 E0.147
G1 X23.926 Y84.579 E0.10929
G1 X22.991 Y82.257 E0.13691
G1 X22.419 Y79.81 E0.13744
G1 X22.29 Y77.5 E0.12654
G1 X22.331 Y21.414 E3.0675
G1 X22.456 Y19.939 E0.08096
G1 X23.041 Y17.574 E0.13325
G1 X24.039 Y15.212 E0.14024
G0 F1320 X24.589 Y15.502
G1 F1260 X25.822 Y13.529 E0.12725
G1 X27.519 Y11.581 E0.1413
G1 X29.605 Y9.978 E0.14388
G1 X31.203 Y8.982 E0.10299
G1 X33.423 Y8.085 E0.13095
G1 X35.784 Y7.535 E0.13259
G1 X38.009 Y7.41 E0.12188
G1 X62.982 Y7.448 E1.36584
G1 X64.46 Y7.57 E0.08111
G1 X66.732 Y8.132 E0.12801
G1 X68.998 Y9.089 E0.13453
G1 X70.971 Y10.322 E0.12725
G1 X72.919 Y12.019 E0.1413
G1 X74.522 Y14.105 E0.14388
G1 X75.519 Y15.703 E0.10301
G1 X76.416 Y17.929 E0.13126
G1 X76.965 Y20.28 E0.13204
G1 X77.09 Y22.5 E0.12161
G1 X77.051 Y78.534 E3.06466
G1 X76.93 Y79.96 E0.07827
G1 X76.368 Y82.232 E0.12801
G1 X75.411 Y84.498 E0.13453
G1 X74.178 Y86.471 E0.12725
G1 X72.481 Y88.419 E0.1413
G1 X70.395 Y90.022 E0.14388
G1 X68.797 Y91.018 E0.10299
G1 X66.577 Y91.915 E0.13095
G1 X64.216 Y92.465 E0.13259
G1 X61.991 Y92.59 E0.12188
G1 X36.966 Y92.551 E1.36869
G1 X35.54 Y92.43 E0.07827
G1 X33.268 Y91.868 E0.12801
G1 X31.002 Y90.911 E0.13453
G1 X29.029 Y89.678 E0.12725
G1 X27.081 Y87.981 E0.1413
G1 X25.478 Y85.895 E0.14388
G1 X24.481 Y84.297 E0.10301
G1 X23.584 Y82.071 E0.13126
G1 X23.035 Y79.72 E0.13204
G1 X22.91 Y77.5 E0.12161
G1 X22.949 Y21.466 E3.06466
G1 X23.07 Y20.04 E0.07827
G1 X23.632 Y17.768 E0.12801
G1 X24.589 Y15.502 E0.13453
G0 F1320 X25.139 Y15.792
G1 F1260 X26.325 Y13.894 E0.12241
G1 X27.942 Y12.038 E0.13463
G1 X29.983 Y10.47 E0.14077
G1 X31.486 Y9.536 E0.09678
G1 X33.609 Y8.678 E0.12524
G1 X35.874 Y8.151 E0.12719
G1 X38.008 Y8.03 E0.1169
G1 X62.931 Y8.066 E1.36311
G1 X64.359 Y8.184 E0.07837
G1 X66.538 Y8.723 E0.12277
G1 X68.708 Y9.639 E0.12882
G1 X70.606 Y10.825 E0.12241
G1 X72.462 Y12.442 E0.13463
G1 X74.03 Y14.483 E0.14077
G1 X74.964 Y15.984 E0.09669
G1 X75.823 Y18.115 E0.12566
G1 X76.349 Y20.37 E0.12664
G1 X76.47 Y22.5 E0.11668
G1 X76.433 Y78.482 E3.06181
G1 X76.316 Y79.859 E0.07558
G1 X75.777 Y82.038 E0.12277
G1 X74.861 Y84.208 E0.12882
G1 X73.675 Y86.106 E0.12241
G1 X72.058 Y87.962 E0.13463
G1 X70.017 Y89.53 E0.14077
G1 X68.514 Y90.464 E0.09678
G1 X66.391 Y91.322 E0.12524
G1 X64.126 Y91.849 E0.12719
G1 X61.992 Y91.97 E0.1169
G1 X37.018 Y91.933 E1.3659
G1 X35.641 Y91.816 E0.07558
G1 X33.462 Y91.277 E0.12277
G1 X31.292 Y90.361 E0.12882
G1 X29.394 Y89.175 E0.12241
G1 X27.538 Y87.558 E0.13463
G1 X25.97 Y85.517 E0.14077
G1 X25.036 Y84.016 E0.09669
G1 X24.177 Y81.885 E0.12566
G1 X23.651 Y79.63 E0.12664
G1 X23.53 Y77.5 E0.11668
G1 X23.567 Y21.518 E3.06181
G1 X23.684 Y20.141 E0.07558
G1 X24.223 Y17.962 E0.12277
G1 X25.139 Y15.792 E0.12882
G0 F1320 X25.689 Y16.082
G1 F1260 X26.828 Y14.259 E0.11757
G1 X28.368 Y12.492 E0.12819
G1 X30.31 Y10.997 E0.13404
G1 X31.767 Y10.092 E0.09381
G1 X33.799 Y9.27 E0.11988
G1 X35.963 Y8.767 E0.12151
G1 X38.007 Y8.65 E0.11198
G1 X62.88 Y8.684 E1.36038
G1 X64.258 Y8.798 E0.07562
G1 X66.344 Y9.314 E0.11753
G1 X68.418 Y10.189 E0.12311
G1 X70.241 Y11.328 E0.11757
G1 X72.008 Y12.868 E0.12819
G1 X73.503 Y14.81 E0.13404
G1 X74.409 Y16.267 E0.09384
G1 X75.23 Y18.301 E0.11997
G1 X75.733 Y20.46 E0.12124
G1 X75.85 Y22.5 E0.11176
G1 X75.815 Y78.429 E3.05891
G1 X75.702 Y79.758 E0.07295
G1 X75.186 Y81.844 E0.11753
G1 X74.311 Y83.918 E0.12311
G1 X73.172 Y85.741 E0.11757
G1 X71.632 Y87.508 E0.12819
G1 X69.69 Y89.003 E0.13404
G1 X68.233 Y89.908 E0.09381
G1 X66.201 Y90.73 E0.11988
G1 X64.037 Y91.233 E0.12151
G1 X61.993 Y91.35 E0.11198
G1 X37.071 Y91.315 E1.36306
G1 X35.742 Y91.202 E0.07295
G1 X33.656 Y90.686 E0.11753
G1 X31.582 Y89.811 E0.12311
G1 X29.759 Y88.672 E0.11757
G1 X27.992 Y87.132 E0.12819
G1 X26.497 Y85.19 E0.13404
G1 X25.591 Y83.733 E0.09384
G1 X24.77 Y81.699 E0.11997
G1 X24.267 Y79.54 E0.12124
G1 X24.15 Y77.5 E0.11176
G1 X24.185 Y21.571 E3.05891
G1 X24.298 Y20.242 E0.07295
G1 X24.814 Y18.156 E0.11753
G1 X25.689 Y16.082 E0.12311
G0 F1320 X26.241 Y16.369
G1 F1260 X27.329 Y14.627 E0.11233
G1 X28.792 Y12.948 E0.1218
G1 X30.637 Y11.524 E0.12747
G1 X32.05 Y10.646 E0.09099
G1 X33.987 Y9.863 E0.11427
G1 X36.051 Y9.383 E0.1159
G1 X38.006 Y9.27 E0.1071
G1 X62.829 Y9.302 E1.35764
G1 X64.157 Y9.412 E0.07288
G1 X66.15 Y9.905 E0.11229
G1 X68.131 Y10.741 E0.1176
G1 X69.873 Y11.829 E0.11233
G1 X71.552 Y13.292 E0.1218
G1 X72.976 Y15.137 E0.12747
G1 X73.854 Y16.55 E0.09099
G1 X74.637 Y18.487 E0.11427
G1 X75.117 Y20.55 E0.11585
G1 X75.23 Y22.5 E0.10683
G1 X75.197 Y78.376 E3.05602
G1 X75.088 Y79.657 E0.07031
G1 X74.595 Y81.65 E0.11229
G1 X73.759 Y83.631 E0.1176
G1 X72.671 Y85.373 E0.11233
G1 X71.208 Y87.052 E0.1218
G1 X69.363 Y88.476 E0.12747
G1 X67.95 Y89.354 E0.09099
G1 X66.013 Y90.137 E0.11427
G1 X63.949 Y90.617 E0.1159
G1 X61.994 Y90.73 E0.1071
G1 X37.124 Y90.697 E1.36021
G1 X35.843 Y90.588 E0.07031
G1 X33.85 Y90.095 E0.11229
G1 X31.869 Y89.259 E0.1176
G1 X30.127 Y88.171 E0.11233
G1 X28.448 Y86.708 E0.1218
G1 X27.024 Y84.863 E0.12747
G1 X26.146 Y83.45 E0.09099
G1 X25.363 Y81.513 E0.11427
G1 X24.883 Y79.45 E0.11585
G1 X24.77 Y77.5 E0.10683
G1 X24.803 Y21.624 E3.05602
G1 X24.912 Y20.343 E0.07031
G1 X25.405 Y18.35 E0.11229
G1 X26.241 Y16.369 E0.1176
G0 F1320 X26.793 Y16.656
G1 F1260 X27.828 Y14.999 E0.10685
G1 X29.22 Y13.401 E0.11591
G1 X30.964 Y12.051 E0.12062
G1 X32.331 Y11.202 E0.08801
G1 X34.177 Y10.455 E0.10892
G1 X36.14 Y9.999 E0.11022
G1 X38.005 Y9.89 E0.10218
G1 X62.778 Y9.92 E1.35491
G1 X64.056 Y10.026 E0.07014
G1 X65.956 Y10.496 E0.10705
G1 X67.844 Y11.293 E0.11208
G1 X69.501 Y12.328 E0.10685
G1 X71.099 Y13.72 E0.11591
G1 X72.449 Y15.464 E0.12062
G1 X73.298 Y16.831 E0.08801
G1 X74.045 Y18.677 E0.10892
G1 X74.501 Y20.639 E0.11017
G1 X74.61 Y22.5 E0.10196
G1 X74.579 Y78.323 E3.05312
G1 X74.474 Y79.556 E0.06768
G1 X74.004 Y81.456 E0.10705
G1 X73.207 Y83.344 E0.11208
G1 X72.172 Y85.001 E0.10685
G1 X70.78 Y86.599 E0.11591
G1 X69.036 Y87.949 E0.12062
G1 X67.669 Y88.798 E0.08801
G1 X65.823 Y89.545 E0.10892
G1 X63.86 Y90.001 E0.11022
G1 X61.995 Y90.11 E0.10218
G1 X37.177 Y90.079 E1.35737
G1 X35.944 Y89.974 E0.06768
G1 X34.044 Y89.504 E0.10705
G1 X32.156 Y88.707 E0.11208
G1 X30.499 Y87.672 E0.10685
G1 X28.901 Y86.28 E0.11591
G1 X27.551 Y84.536 E0.12062
G1 X26.702 Y83.169 E0.08801
G1 X25.955 Y81.323 E0.10892
G1 X25.499 Y79.361 E0.11017
G1 X25.39 Y77.5 E0.10196
G1 X25.421 Y21.677 E3.05312
G1 X25.526 Y20.444 E0.06768
G1 X25.996 Y18.544 E0.10705
G1 X26.793 Y16.656 E0.11208
G0 F1320 X27.345 Y16.943
G1 F1260 X28.327 Y15.371 E0.10137
G1 X29.648 Y13.854 E0.11002
G1 X31.291 Y12.578 E0.11378
G1 X32.614 Y11.756 E0.08519
G1 X34.365 Y11.048 E0.1033
G1 X36.228 Y10.615 E0.10461
G1 X38.004 Y10.51 E0.0973
G1 X62.727 Y10.538 E1.35217
G1 X63.955 Y10.64 E0.06739
G1 X65.762 Y11.087 E0.10181
G1 X67.557 Y11.845 E0.10657
G1 X69.129 Y12.827 E0.10137
G1 X70.646 Y14.148 E0.11002
G1 X71.922 Y15.791 E0.11378
G1 X72.744 Y17.114 E0.08519
G1 X73.452 Y18.865 E0.1033
G1 X73.885 Y20.727 E0.10456
G1 X73.99 Y22.5 E0.09714
G1 X73.961 Y78.27 E3.05022
G1 X73.86 Y79.455 E0.06505
G1 X73.413 Y81.262 E0.10181
G1 X72.655 Y83.057 E0.10657
G1 X71.673 Y84.629 E0.10137
G1 X70.352 Y86.146 E0.11002
G1 X68.709 Y87.422 E0.11378
G1 X67.386 Y88.244 E0.08519
G1 X65.635 Y88.952 E0.1033
G1 X63.772 Y89.385 E0.10461
G1 X61.996 Y89.49 E0.0973
G1 X37.23 Y89.461 E1.35452
G1 X36.045 Y89.36 E0.06505
G1 X34.238 Y88.913 E0.10181
G1 X32.443 Y88.155 E0.10657
G1 X30.871 Y87.173 E0.10137
G1 X29.354 Y85.852 E0.11002
G1 X28.078 Y84.209 E0.11378
G1 X27.256 Y82.886 E0.08519
G1 X26.548 Y81.135 E0.1033
G1 X26.115 Y79.273 E0.10456
G1 X26.01 Y77.5 E0.09714
G1 X26.039 Y21.73 E3.05022
G1 X26.14 Y20.545 E0.06505
G1 X26.587 Y18.738 E0.10181
G1 X27.345 Y16.943 E0.10657
G0 F1320 X27.895 Y17.233
G1 F1260 X28.828 Y15.74 E0.09629
G1 X30.077 Y14.306 E0.10401
G1 X31.618 Y13.105 E0.10686
G1 X32.897 Y12.31 E0.08236
G1 X34.553 Y11.641 E0.09768
G1 X36.317 Y11.231 E0.09905
G1 X38.003 Y11.13 E0.09238
G1 X62.676 Y11.156 E1.34944
G1 X63.854 Y11.254 E0.06465
G1 X65.568 Y11.678 E0.09657
G1 X67.267 Y12.395 E0.10086
G1 X68.76 Y13.328 E0.09629
G1 X70.194 Y14.577 E0.10401
G1 X71.395 Y16.118 E0.10686
G1 X72.19 Y17.397 E0.08236
G1 X72.859 Y19.053 E0.09768
G1 X73.269 Y20.816 E0.099
G1 X73.37 Y22.5 E0.09227
G1 X73.343 Y78.217 E3.04732
G1 X73.246 Y79.354 E0.06241
G1 X72.822 Y81.068 E0.09657
G1 X72.105 Y82.767 E0.10086
G1 X71.172 Y84.26 E0.09629
G1 X69.923 Y85.694 E0.10401
G1 X68.382 Y86.895 E0.10686
G1 X67.103 Y87.69 E0.08236
G1 X65.447 Y88.359 E0.09768
G1 X63.683 Y88.769 E0.09905
G1 X61.997 Y88.87 E0.09238
G1 X37.283 Y88.843 E1.35168
G1 X36.146 Y88.746 E0.06241
G1 X34.432 Y88.322 E0.09657
G1 X32.733 Y87.605 E0.10086
G1 X31.24 Y86.672 E0.09629
G1 X29.806 Y85.423 E0.10401
G1 X28.605 Y83.882 E0.10686
G1 X27.81 Y82.603 E0.08236
G1 X27.141 Y80.947 E0.09768
G1 X26.731 Y79.184 E0.099
G1 X26.63 Y77.5 E0.09227
G1 X26.657 Y21.783 E3.04732
G1 X26.754 Y20.646 E0.06241
G1 X27.178 Y18.932 E0.09657
G1 X27.895 Y17.233 E0.10086
G0 F1320 X28.445 Y17.523
G1 F1260 X29.331 Y16.105 E0.09145
G1 X30.504 Y14.759 E0.09765
G1 X31.945 Y13.631 E0.10009
G1 X33.175 Y12.866 E0.07922
G1 X34.741 Y12.234 E0.09236
G1 X36.405 Y11.847 E0.09344
G1 X38.002 Y11.75 E0.08751
G1 X62.625 Y11.774 E1.3467
G1 X63.753 Y11.868 E0.06191
G1 X65.374 Y12.269 E0.09133
G1 X66.977 Y12.945 E0.09515
G1 X68.395 Y13.831 E0.09145
G1 X69.741 Y15.004 E0.09765
G1 X70.869 Y16.445 E0.10009
G1 X71.634 Y17.675 E0.07922
G1 X72.266 Y19.241 E0.09236
G1 X72.653 Y20.905 E0.09344
G1 X72.75 Y22.5 E0.0874
G1 X72.725 Y78.164 E3.04442
G1 X72.632 Y79.253 E0.05978
G1 X72.231 Y80.874 E0.09133
G1 X71.555 Y82.477 E0.09515
G1 X70.669 Y83.895 E0.09145
G1 X69.496 Y85.241 E0.09765
G1 X68.055 Y86.369 E0.10009
G1 X66.825 Y87.134 E0.07922
G1 X65.259 Y87.766 E0.09236
G1 X63.595 Y88.153 E0.09344
G1 X61.998 Y88.25 E0.08751
G1 X37.336 Y88.225 E1.34883
G1 X36.247 Y88.132 E0.05978
G1 X34.626 Y87.731 E0.09133
G1 X33.023 Y87.055 E0.09515
G1 X31.605 Y86.169 E0.09145
G1 X30.259 Y84.996 E0.09765
G1 X29.131 Y83.555 E0.10009
G1 X28.366 Y82.325 E0.07922
G1 X27.734 Y80.759 E0.09236
G1 X27.347 Y79.095 E0.09344
G1 X27.25 Y77.5 E0.0874
G1 X27.275 Y21.836 E3.04442
G1 X27.368 Y20.747 E0.05978
G1 X27.769 Y19.126 E0.09133
G1 X28.445 Y17.523 E0.09515
G0 F1320 X28.997 Y17.81
G1 F1260 X29.832 Y16.473 E0.08621
G1 X30.932 Y15.211 E0.09156
G1 X32.273 Y14.157 E0.09329
G1 X33.456 Y13.421 E0.0762
G1 X34.928 Y12.827 E0.08682
G1 X36.494 Y12.463 E0.08793
G1 X38.001 Y12.37 E0.08258
G1 X62.573 Y12.392 E1.34391
G1 X63.652 Y12.482 E0.05922
G1 X65.18 Y12.86 E0.08609
G1 X66.69 Y13.497 E0.08963
G1 X68.027 Y14.332 E0.08621
G1 X69.289 Y15.432 E0.09156
G1 X70.343 Y16.773 E0.09329
G1 X71.079 Y17.956 E0.0762
G1 X71.673 Y19.428 E0.08682
G1 X72.037 Y20.994 E0.08793
G1 X72.13 Y22.5 E0.08252
G1 X72.107 Y78.111 E3.04152
G1 X72.018 Y79.152 E0.05714
G1 X71.64 Y80.68 E0.08609
G1 X71.003 Y82.19 E0.08963
G1 X70.168 Y83.527 E0.08621
G1 X69.068 Y84.789 E0.09156
G1 X67.727 Y85.843 E0.09329
G1 X66.544 Y86.579 E0.0762
G1 X65.072 Y87.173 E0.08682
G1 X63.506 Y87.537 E0.08793
G1 X61.999 Y87.63 E0.08258
G1 X37.389 Y87.607 E1.34599
G1 X36.348 Y87.518 E0.05714
G1 X34.82 Y87.14 E0.08609
G1 X33.31 Y86.503 E0.08963
G1 X31.973 Y85.668 E0.08621
G1 X30.711 Y84.568 E0.09156
G1 X29.657 Y83.227 E0.09329
G1 X28.921 Y82.044 E0.0762
G1 X28.327 Y80.572 E0.08682
G1 X27.963 Y79.006 E0.08793
G1 X27.87 Y77.5 E0.08252
G1 X27.893 Y21.889 E3.04152
G1 X27.982 Y20.848 E0.05714
G1 X28.36 Y19.32 E0.08609
G1 X28.997 Y17.81 E0.08963
G0 F1320 X29.549 Y18.097
G1 F1260 X30.331 Y16.845 E0.08073
G1 X31.361 Y15.662 E0.08579
G1 X32.601 Y14.683 E0.08641
G1 X33.737 Y13.976 E0.07318
G1 X35.115 Y13.42 E0.08127
G1 X36.583 Y13.079 E0.08243
G1 X38 Y12.99 E0.07765
G1 X62.521 Y13.01 E1.34112
G1 X63.551 Y13.096 E0.05653
G1 X64.986 Y13.451 E0.08085
G1 X66.403 Y14.049 E0.08412
G1 X67.655 Y14.831 E0.08073
G1 X68.838 Y15.861 E0.08579
G1 X69.817 Y17.101 E0.08641
G1 X70.524 Y18.237 E0.07318
G1 X71.08 Y19.615 E0.08127
G1 X71.421 Y21.083 E0.08243
G1 X71.51 Y22.5 E0.07765
G1 X71.489 Y78.058 E3.03862
G1 X71.404 Y79.051 E0.05451
G1 X71.049 Y80.486 E0.08085
G1 X70.451 Y81.903 E0.08412
G1 X69.669 Y83.155 E0.08073
G1 X68.639 Y84.338 E0.08579
G1 X67.399 Y85.317 E0.08641
G1 X66.263 Y86.024 E0.07318
G1 X64.885 Y86.58 E0.08127
G1 X63.417 Y86.921 E0.08243
G1 X62 Y87.01 E0.07765
G1 X37.442 Y86.989 E1.34315
G1 X36.449 Y86.904 E0.05451
G1 X35.014 Y86.549 E0.08085
G1 X33.597 Y85.951 E0.08412
G1 X32.345 Y85.169 E0.08073
G1 X31.162 Y84.139 E0.08579
G1 X30.183 Y82.899 E0.08641
G1 X29.476 Y81.763 E0.07318
G1 X28.92 Y80.385 E0.08127
G1 X28.579 Y78.917 E0.08243
G1 X28.49 Y77.5 E0.07765
G1 X28.511 Y21.942 E3.03862
G1 X28.596 Y20.949 E0.05451
G1 X28.951 Y19.514 E0.08085
G1 X29.549 Y18.097 E0.08412
G0 F1320 X30.099 Y18.387
G1 F1260 X30.832 Y17.214 E0.07565
G1 X31.791 Y16.112 E0.0799
G1 X32.929 Y15.209 E0.07945
G1 X34.018 Y14.531 E0.07016
G1 X35.302 Y14.013 E0.07572
G1 X36.672 Y13.695 E0.07692
G1 X38 Y13.61 E0.07278
G1 X62.469 Y13.628 E1.33828
G1 X63.45 Y13.71 E0.05384
G1 X64.792 Y14.042 E0.07561
G1 X66.113 Y14.599 E0.07841
G1 X67.286 Y15.332 E0.07565
G1 X68.388 Y16.291 E0.0799
G1 X69.291 Y17.429 E0.07945
G1 X69.969 Y18.518 E0.07016
G1 X70.487 Y19.802 E0.07572
G1 X70.805 Y21.172 E0.07692
G1 X70.89 Y22.5 E0.07278
G1 X70.871 Y78.005 E3.03572
G1 X70.79 Y78.95 E0.05187
G1 X70.458 Y80.292 E0.07561
G1 X69.901 Y81.613 E0.07841
G1 X69.168 Y82.786 E0.07565
G1 X68.209 Y83.888 E0.0799
G1 X67.071 Y84.791 E0.07945
G1 X65.982 Y85.469 E0.07016
G1 X64.698 Y85.987 E0.07572
G1 X63.328 Y86.305 E0.07692
G1 X62 Y86.39 E0.07278
G1 X37.495 Y86.371 E1.34025
G1 X36.55 Y86.29 E0.05187
G1 X35.208 Y85.958 E0.07561
G1 X33.887 Y85.401 E0.07841
G1 X32.714 Y84.668 E0.07565
G1 X31.612 Y83.709 E0.0799
G1 X30.709 Y82.571 E0.07945
G1 X30.031 Y81.482 E0.07016
G1 X29.513 Y80.198 E0.07572
G1 X29.195 Y78.828 E0.07692
G1 X29.11 Y77.5 E0.07278
G1 X29.129 Y21.995 E3.03572
G1 X29.21 Y21.05 E0.05187
G1 X29.542 Y19.708 E0.07561
G1 X30.099 Y18.387 E0.07841
G0 F1320 X30.649 Y18.677
G1 F1260 X31.335 Y17.579 E0.07081
G1 X32.217 Y16.567 E0.07342
G1 X33.315 Y15.695 E0.07669
G1 X34.298 Y15.087 E0.06322
G1 X35.489 Y14.606 E0.07025
G1 X36.761 Y14.311 E0.07142
G1 X38 Y14.23 E0.06791
G1 X62.417 Y14.246 E1.33543
G1 X63.349 Y14.324 E0.05115
G1 X64.598 Y14.633 E0.07037
G1 X65.823 Y15.149 E0.0727
G1 X66.921 Y15.835 E0.07081
G1 X67.933 Y16.717 E0.07342
G1 X68.805 Y17.815 E0.07669
G1 X69.413 Y18.798 E0.06322
G1 X69.894 Y19.989 E0.07025
G1 X70.189 Y21.261 E0.07142
G1 X70.27 Y22.5 E0.06791
G1 X70.253 Y77.952 E3.03283
G1 X70.176 Y78.849 E0.04924
G1 X69.867 Y80.098 E0.07037
G1 X69.351 Y81.323 E0.0727
G1 X68.665 Y82.421 E0.07081
G1 X67.783 Y83.433 E0.07342
G1 X66.685 Y84.305 E0.07669
G1 X65.702 Y84.913 E0.06322
G1 X64.511 Y85.394 E0.07025
G1 X63.239 Y85.689 E0.07142
G1 X62 Y85.77 E0.06791
G1 X37.548 Y85.753 E1.33735
G1 X36.651 Y85.676 E0.04924
G1 X35.402 Y85.367 E0.07037
G1 X34.177 Y84.851 E0.0727
G1 X33.079 Y84.165 E0.07081
G1 X32.067 Y83.283 E0.07342
G1 X31.195 Y82.185 E0.07669
G1 X30.587 Y81.202 E0.06322
G1 X30.106 Y80.011 E0.07025
G1 X29.811 Y78.739 E0.07142
G1 X29.73 Y77.5 E0.06791
G1 X29.747 Y22.048 E3.03283
G1 X29.824 Y21.151 E0.04924
G1 X30.133 Y19.902 E0.07037
G1 X30.649 Y18.677 E0.0727
G0 F1320 X31.201 Y18.964
G1 F1260 X31.836 Y17.947 E0.06557
G1 X32.642 Y17.022 E0.0671
G1 X33.701 Y16.181 E0.07396
G1 X34.574 Y15.645 E0.05603
G1 X35.679 Y15.198 E0.06519
G1 X36.85 Y14.927 E0.06574
G1 X38 Y14.85 E0.06304
G1 X62.365 Y14.864 E1.33259
G1 X63.248 Y14.938 E0.04846
G1 X64.404 Y15.224 E0.06513
G1 X65.536 Y15.701 E0.06718
G1 X66.553 Y16.336 E0.06557
G1 X67.478 Y17.142 E0.0671
G1 X68.319 Y18.201 E0.07396
G1 X68.855 Y19.074 E0.05603
G1 X69.302 Y20.179 E0.06519
G1 X69.573 Y21.35 E0.06574
G1 X69.65 Y22.5 E0.06304
G1 X69.635 Y77.899 E3.02993
G1 X69.562 Y78.748 E0.04661
G1 X69.276 Y79.904 E0.06513
G1 X68.799 Y81.036 E0.06718
G1 X68.164 Y82.053 E0.06557
G1 X67.358 Y82.978 E0.0671
G1 X66.299 Y83.819 E0.07396
G1 X65.426 Y84.355 E0.05603
G1 X64.321 Y84.802 E0.06519
G1 X63.15 Y85.073 E0.06574
G1 X62 Y85.15 E0.06304
G1 X37.601 Y85.135 E1.33445
G1 X36.752 Y85.062 E0.04661
G1 X35.596 Y84.776 E0.06513
G1 X34.464 Y84.299 E0.06718
G1 X33.447 Y83.664 E0.06557
G1 X32.522 Y82.858 E0.0671
G1 X31.681 Y81.799 E0.07396
G1 X31.145 Y80.926 E0.05603
G1 X30.698 Y79.821 E0.06519
G1 X30.427 Y78.65 E0.06574
G1 X30.35 Y77.5 E0.06304
G1 X30.365 Y22.101 E3.02993
G1 X30.438 Y21.252 E0.04661
G1 X30.724 Y20.096 E0.06513
G1 X31.201 Y18.964 E0.06718
G0 F1320 X31.753 Y19.251
G1 F1260 X32.335 Y18.319 E0.0601
G1 X33.074 Y17.47 E0.06156
G1 X34.025 Y16.709 E0.06662
G1 X34.849 Y16.203 E0.05289
G1 X35.869 Y15.79 E0.06019
G1 X36.938 Y15.543 E0.06001
G1 X38 Y15.47 E0.05822
G1 X62.313 Y15.482 E1.32975
G1 X63.147 Y15.552 E0.04577
G1 X64.21 Y15.815 E0.05989
G1 X65.249 Y16.253 E0.06167
G1 X66.181 Y16.835 E0.0601
G1 X67.03 Y17.574 E0.06156
G1 X67.791 Y18.525 E0.06662
G1 X68.297 Y19.349 E0.05289
G1 X68.71 Y20.369 E0.06019
G1 X68.957 Y21.438 E0.06001
G1 X69.03 Y22.5 E0.05822
G1 X69.017 Y77.846 E3.02703
G1 X68.948 Y78.647 E0.04397
G1 X68.685 Y79.71 E0.05989
G1 X68.247 Y80.749 E0.06167
G1 X67.665 Y81.681 E0.0601
G1 X66.926 Y82.53 E0.06156
G1 X65.975 Y83.291 E0.06662
G1 X65.151 Y83.797 E0.05289
G1 X64.131 Y84.21 E0.06019
G1 X63.062 Y84.457 E0.06001
G1 X62 Y84.53 E0.05822
G1 X37.654 Y84.517 E1.33155
G1 X36.853 Y84.448 E0.04397
G1 X35.79 Y84.185 E0.05989
G1 X34.751 Y83.747 E0.06167
G1 X33.819 Y83.165 E0.0601
G1 X32.97 Y82.426 E0.06156
G1 X32.209 Y81.475 E0.06662
G1 X31.703 Y80.651 E0.05289
G1 X31.29 Y79.631 E0.06019
G1 X31.043 Y78.562 E0.06001
G1 X30.97 Y77.5 E0.05822
G1 X30.983 Y22.154 E3.02703
G1 X31.052 Y21.353 E0.04397
G1 X31.315 Y20.29 E0.05989
G1 X31.753 Y19.251 E0.06167
G0 F1320 X32.305 Y19.538
G1 F1260 X32.834 Y18.691 E0.05462
G1 X33.508 Y17.916 E0.05617
G1 X34.349 Y17.237 E0.05912
G1 X35.124 Y16.761 E0.04974
G1 X36.06 Y16.382 E0.05523
G1 X37.031 Y16.158 E0.0545
G1 X38 Y16.09 E0.05313
G1 X62.261 Y16.1 E1.3269
G1 X63.046 Y16.166 E0.04309
G1 X64.016 Y16.406 E0.05465
G1 X64.962 Y16.805 E0.05615
G1 X65.809 Y17.334 E0.05462
G1 X66.584 Y18.008 E0.05617
G1 X67.263 Y18.849 E0.05912
G1 X67.739 Y19.624 E0.04974
G1 X68.118 Y20.56 E0.05523
G1 X68.342 Y21.531 E0.0545
G1 X68.41 Y22.5 E0.05313
G1 X68.399 Y77.793 E3.02413
G1 X68.334 Y78.546 E0.04134
G1 X68.094 Y79.516 E0.05465
G1 X67.695 Y80.462 E0.05615
G1 X67.166 Y81.309 E0.05462
G1 X66.492 Y82.084 E0.05617
G1 X65.651 Y82.763 E0.05912
G1 X64.876 Y83.239 E0.04974
G1 X63.94 Y83.618 E0.05523
G1 X62.969 Y83.842 E0.0545
G1 X62 Y83.91 E0.05313
G1 X37.707 Y83.899 E1.32865
G1 X36.954 Y83.834 E0.04134
G1 X35.984 Y83.594 E0.05465
G1 X35.038 Y83.195 E0.05615
G1 X34.191 Y82.666 E0.05462
G1 X33.416 Y81.992 E0.05617
G1 X32.737 Y81.151 E0.05912
G1 X32.261 Y80.376 E0.04974
G1 X31.882 Y79.44 E0.05523
G1 X31.658 Y78.469 E0.0545
G1 X31.59 Y77.5 E0.05313
G1 X31.601 Y22.207 E3.02413
G1 X31.666 Y21.454 E0.04134
G1 X31.906 Y20.484 E0.05465
G1 X32.305 Y19.538 E0.05615
G0 F1320 X32.857 Y19.825
G1 F1260 X33.333 Y19.063 E0.04914
G1 X33.942 Y18.362 E0.05079
G1 X34.674 Y17.765 E0.05166
G1 X35.404 Y17.316 E0.04687
G1 X36.247 Y16.975 E0.04974
G1 X37.126 Y16.772 E0.04934
G1 X38 Y16.71 E0.04792
G1 X62.209 Y16.718 E1.32406
G1 X62.945 Y16.78 E0.0404
G1 X63.822 Y16.997 E0.04941
G1 X64.675 Y17.357 E0.05064
G1 X65.437 Y17.833 E0.04914
G1 X66.138 Y18.442 E0.05079
G1 X66.735 Y19.174 E0.05166
G1 X67.184 Y19.904 E0.04687
G1 X67.525 Y20.747 E0.04974
G1 X67.728 Y21.626 E0.04934
G1 X67.79 Y22.5 E0.04792
G1 X67.781 Y77.74 E3.02123
G1 X67.72 Y78.445 E0.0387
G1 X67.503 Y79.322 E0.04941
G1 X67.143 Y80.175 E0.05064
G1 X66.667 Y80.937 E0.04914
G1 X66.058 Y81.638 E0.05079
G1 X65.326 Y82.235 E0.05166
G1 X64.596 Y82.684 E0.04687
G1 X63.753 Y83.025 E0.04974
G1 X62.874 Y83.228 E0.04934
G1 X62 Y83.29 E0.04792
G1 X37.76 Y83.281 E1.32575
G1 X37.055 Y83.22 E0.0387
G1 X36.178 Y83.003 E0.04941
G1 X35.325 Y82.643 E0.05064
G1 X34.563 Y82.167 E0.04914
G1 X33.862 Y81.558 E0.05079
G1 X33.265 Y80.826 E0.05166
G1 X32.816 Y80.096 E0.04687
G1 X32.475 Y79.253 E0.04974
G1 X32.272 Y78.374 E0.04934
G1 X32.21 Y77.5 E0.04792
G1 X32.219 Y22.26 E3.02123
G1 X32.28 Y21.555 E0.0387
G1 X32.497 Y20.678 E0.04941
G1 X32.857 Y19.825 E0.05064
G0 F1320 X33.407 Y20.115
G1 F1260 X33.834 Y19.432 E0.04405
G1 X34.376 Y18.808 E0.0452
G1 X34.999 Y18.293 E0.04421
G1 X35.684 Y17.871 E0.044
G1 X36.434 Y17.568 E0.04424
G1 X37.221 Y17.386 E0.04418
G1 X38 Y17.33 E0.04272
G1 X62.157 Y17.336 E1.32121
G1 X62.844 Y17.394 E0.03771
G1 X63.628 Y17.588 E0.04417
G1 X64.385 Y17.907 E0.04493
G1 X65.068 Y18.334 E0.04405
G1 X65.692 Y18.876 E0.0452
G1 X66.207 Y19.499 E0.04421
G1 X66.629 Y20.184 E0.044
G1 X66.932 Y20.934 E0.04424
G1 X67.114 Y21.721 E0.04418
G1 X67.17 Y22.5 E0.04272
G1 X67.163 Y77.686 E3.01828
G1 X67.106 Y78.344 E0.03612
G1 X66.912 Y79.128 E0.04417
G1 X66.593 Y79.885 E0.04493
G1 X66.166 Y80.568 E0.04405
G1 X65.624 Y81.192 E0.0452
G1 X65.001 Y81.707 E0.04421
G1 X64.316 Y82.129 E0.044
G1 X63.566 Y82.432 E0.04424
G1 X62.779 Y82.614 E0.04418
G1 X62 Y82.67 E0.04272
G1 X37.814 Y82.663 E1.3228
G1 X37.156 Y82.606 E0.03612
G1 X36.372 Y82.412 E0.04417
G1 X35.615 Y82.093 E0.04493
G1 X34.932 Y81.666 E0.04405
G1 X34.308 Y81.124 E0.0452
G1 X33.793 Y80.501 E0.04421
G1 X33.371 Y79.816 E0.044
G1 X33.068 Y79.066 E0.04424
G1 X32.886 Y78.279 E0.04418
G1 X32.83 Y77.5 E0.04272
G1 X32.837 Y22.314 E3.01828
G1 X32.894 Y21.656 E0.03612
G1 X33.088 Y20.872 E0.04417
G1 X33.407 Y20.115 E0.04493
G0 F1320 X33.959 Y20.402
G1 F1260 X34.335 Y19.8 E0.03882
G1 X34.808 Y19.255 E0.03947
G1 X35.394 Y18.771 E0.04157
G1 X35.962 Y18.428 E0.03629
G1 X36.624 Y18.16 E0.03906
G1 X37.316 Y18 E0.03885
G1 X38 Y17.95 E0.03751
G1 X62.105 Y17.954 E1.31837
G1 X62.743 Y18.008 E0.03502
G1 X63.434 Y18.179 E0.03893
G1 X64.098 Y18.459 E0.03941
G1 X64.7 Y18.835 E0.03882
G1 X65.245 Y19.308 E0.03947
G1 X65.729 Y19.894 E0.04157
G1 X66.072 Y20.462 E0.03629
G1 X66.34 Y21.124 E0.03906
G1 X66.5 Y21.816 E0.03885
G1 X66.55 Y22.5 E0.03751
G1 X66.545 Y77.632 E3.01532
G1 X66.492 Y78.243 E0.03354
G1 X66.321 Y78.934 E0.03893
G1 X66.041 Y79.598 E0.03941
G1 X65.665 Y80.2 E0.03882
G1 X65.192 Y80.745 E0.03947
G1 X64.606 Y81.229 E0.04157
G1 X64.038 Y81.572 E0.03629
G1 X63.376 Y81.84 E0.03906
G1 X62.684 Y82 E0.03885
G1 X62 Y82.05 E0.03751
G1 X37.868 Y82.045 E1.31985
G1 X37.257 Y81.992 E0.03354
G1 X36.566 Y81.821 E0.03893
G1 X35.902 Y81.541 E0.03941
G1 X35.3 Y81.165 E0.03882
G1 X34.755 Y80.692 E0.03947
G1 X34.271 Y80.106 E0.04157
G1 X33.928 Y79.538 E0.03629
G1 X33.66 Y78.876 E0.03906
G1 X33.5 Y78.184 E0.03885
G1 X33.45 Y77.5 E0.03751
G1 X33.455 Y22.368 E3.01532
G1 X33.508 Y21.757 E0.03354
G1 X33.679 Y21.066 E0.03893
G1 X33.959 Y20.402 E0.03941
G1 F1500 E-6.5
G0 F1320 X35.063 Y20.976
G1 F1500 E6.5
G1 F1260 X35.337 Y20.536 E0.02835
G1 X35.678 Y20.143 E0.02846
G1 X36.075 Y19.809 E0.02838
G1 X36.519 Y19.541 E0.02836
G1 X37.001 Y19.346 E0.02844
G1 X37.507 Y19.228 E0.02842
G1 X38 Y19.19 E0.02704
G1 X62 Y19.19 E1.31263
G1 X62.541 Y19.236 E0.0297
G1 X63.046 Y19.361 E0.02845
G1 X63.524 Y19.563 E0.02838
G1 X63.964 Y19.837 E0.02835
G1 X64.357 Y20.178 E0.02846
G1 X64.691 Y20.575 E0.02838
G1 X64.959 Y21.019 E0.02836
G1 X65.154 Y21.501 E0.02844
G1 X65.272 Y22.007 E0.02842
G1 X65.31 Y22.5 E0.02704
G1 X65.309 Y77.524 E3.00942
G1 X65.264 Y78.041 E0.02838
G1 X65.139 Y78.546 E0.02845
G1 X64.937 Y79.024 E0.02838
G1 X64.663 Y79.464 E0.02835
G1 X64.322 Y79.857 E0.02846
G1 X63.925 Y80.191 E0.02838
G1 X63.481 Y80.459 E0.02836
G1 X62.999 Y80.654 E0.02844
G1 X62.493 Y80.772 E0.02842
G1 X62 Y80.81 E0.02704
G1 X37.976 Y80.809 E1.31394
G1 X37.459 Y80.764 E0.02838
G1 X36.954 Y80.639 E0.02845
G1 X36.476 Y80.437 E0.02838
G1 X36.036 Y80.163 E0.02835
G1 X35.643 Y79.822 E0.02846
G1 X35.309 Y79.425 E0.02838
G1 X35.041 Y78.981 E0.02836
G1 X34.846 Y78.499 E0.02844
G1 X34.728 Y77.993 E0.02842
G1 X34.69 Y77.5 E0.02704
G1 X34.691 Y22.476 E3.00942
G1 X34.736 Y21.959 E0.02838
G1 X34.861 Y21.454 E0.02845
G1 X35.063 Y20.976 E0.02838
G0 F1320 X34.511 Y20.689
G1 F1260 X34.836 Y20.168 E0.03358
G1 X35.242 Y19.7 E0.03389
G1 X35.715 Y19.302 E0.03381
G1 X36.243 Y18.983 E0.03374
G1 X36.812 Y18.753 E0.03357
G1 X37.411 Y18.614 E0.03363
G1 X38 Y18.57 E0.0323
G1 X62.053 Y18.572 E1.31553
G1 X62.642 Y18.622 E0.03233
G1 X63.24 Y18.77 E0.03369
G1 X63.811 Y19.011 E0.0339
G1 X64.332 Y19.336 E0.03358
G1 X64.8 Y19.742 E0.03389
G1 X65.198 Y20.215 E0.03381
G1 X65.517 Y20.743 E0.03374
G1 X65.747 Y21.312 E0.03357
G1 X65.886 Y21.911 E0.03363
G1 X65.93 Y22.5 E0.0323
G1 X65.927 Y77.578 E3.01237
G1 X65.878 Y78.142 E0.03096
G1 X65.73 Y78.74 E0.03369
G1 X65.489 Y79.311 E0.0339
G1 X65.164 Y79.832 E0.03358
G1 X64.758 Y80.3 E0.03389
G1 X64.285 Y80.698 E0.03381
G1 X63.757 Y81.017 E0.03374
G1 X63.188 Y81.247 E0.03357
G1 X62.589 Y81.386 E0.03363
G1 X62 Y81.43 E0.0323
G1 X37.922 Y81.427 E1.31689
G1 X37.358 Y81.378 E0.03096
G1 X36.76 Y81.23 E0.03369
G1 X36.189 Y80.989 E0.0339
G1 X35.668 Y80.664 E0.03358
G1 X35.2 Y80.258 E0.03389
G1 X34.802 Y79.785 E0.03381
G1 X34.483 Y79.257 E0.03374
G1 X34.253 Y78.688 E0.03357
G1 X34.114 Y78.089 E0.03363
G1 X34.07 Y77.5 E0.0323
G1 X34.073 Y22.422 E3.01237
G1 X34.122 Y21.858 E0.03096
G1 X34.27 Y21.26 E0.03369
G1 X34.511 Y20.689 E0.0339
G1 F1500 E-6.5
;MESH:flasherBot.STL
G0 F1320 X34.336 Y22.474
G0 X34.336 Y77.526
G0 X34.513 Y78.633
G0 X35.034 Y79.655
G0 X35.845 Y80.466
G0 X36.867 Y80.987
G0 X37.974 Y81.164
G0 X62.026 Y81.164
G0 X63.133 Y80.987
G0 X64.497 Y80.173
G0 X62.21 Y77.504
;TYPE:WALL-INNER
G1 F1500 E6.5
G1 F360 X62.21 Y22.462 E3.0104
G1 X62.118 Y22.335 E0.00858
G1 X61.869 Y22.29 E0.01384
G1 X37.956 Y22.291 E1.30787
G1 X37.856 Y22.356 E0.00652
G1 X37.79 Y22.461 E0.00678
G1 X37.791 Y77.511 E3.01084
G1 X37.902 Y77.675 E0.01083
G1 X38.123 Y77.71 E0.01224
G1 X61.992 Y77.71 E1.30546
G1 X62.118 Y77.662 E0.00737
G1 X62.21 Y77.504 E0.01
G1 F1500 E-6.5
G0 F1320 X63.573 Y80.805
G0 X62.573 Y81.121
G0 X37.974 Y81.164
G0 X36.867 Y80.987
G0 X38.097 Y78.33
G1 F1500 E6.5
G1 F360 X61.903 Y78.33 E1.30202
G1 X62.254 Y78.28 E0.01939
G1 X62.485 Y78.164 E0.01414
G1 X62.661 Y77.985 E0.01373
G1 X62.779 Y77.755 E0.01414
G1 X62.83 Y77.403 E0.01945
G1 X62.83 Y22.59 E2.99788
G1 X62.729 Y22.119 E0.02635
G1 X62.485 Y21.833 E0.02056
G1 X62.254 Y21.716 E0.01416
G1 X61.913 Y21.67 E0.01882
G1 X37.918 Y21.67 E1.31235
G1 X37.626 Y21.763 E0.01676
G1 X37.416 Y21.916 E0.01421
G1 X37.264 Y22.126 E0.01418
G1 X37.17 Y22.418 E0.01678
G1 X37.17 Y77.419 E3.00816
G1 X37.216 Y77.753 E0.01844
G1 X37.335 Y77.986 E0.01431
G1 X37.514 Y78.164 E0.01381
G1 X37.74 Y78.279 E0.01387
G1 X38.097 Y78.33 E0.01972
G1 F1500 E-6.5
G0 F1320 X36.867 Y80.987
G0 X35.845 Y80.466
G0 X35.034 Y79.655
G0 X34.513 Y78.633
G0 X34.336 Y77.526
G0 X34.336 Y22.474
G0 X34.513 Y21.367
G0 X35.034 Y20.345
G0 X35.845 Y19.534
G0 X36.867 Y19.013
G0 X61.936 Y18.835
G0 X61.936 Y21.05
G1 F1500 E6.5
G1 F360 X38.064 Y21.05 E1.30563
G1 X37.549 Y21.124 E0.02846
G1 X37.341 Y21.211 E0.01233
G1 X36.976 Y21.476 E0.02467
G1 X36.711 Y21.841 E0.02467
G1 X36.55 Y22.341 E0.02873
G1 X36.55 Y77.443 E3.01368
G1 X36.624 Y77.944 E0.0277
G1 X36.832 Y78.351 E0.025
G1 X37.148 Y78.667 E0.02444
G1 X37.549 Y78.871 E0.02461
G1 X38.07 Y78.95 E0.02882
G1 X61.93 Y78.95 E1.30497
G1 X62.445 Y78.872 E0.02849
G1 X62.851 Y78.667 E0.02488
G1 X63.164 Y78.351 E0.02433
G1 X63.371 Y77.946 E0.02488
G1 X63.45 Y77.43 E0.02855
G1 X63.45 Y22.563 E3.00083
G1 X63.372 Y22.05 E0.02838
G1 X63.167 Y21.647 E0.02473
G1 X62.851 Y21.331 E0.02444
G1 X62.445 Y21.124 E0.02492
G1 X61.936 Y21.05 E0.02813
G0 F1320 X62.324 Y20.458
G1 F360 X61.96 Y20.43 E0.01997
G1 X38.04 Y20.43 E1.30825
G1 X37.675 Y20.458 E0.02002
G1 X37.358 Y20.532 E0.0178
G1 X37.056 Y20.658 E0.0179
G1 X36.536 Y21.036 E0.03516
G1 X36.158 Y21.556 E0.03516
G1 X35.958 Y22.175 E0.03558
G1 X35.93 Y22.54 E0.02002
G1 X35.93 Y77.467 E3.00411
G1 X36.032 Y78.136 E0.03701
G1 X36.328 Y78.716 E0.03561
G1 X36.536 Y78.96 E0.01754
G1 X37.053 Y79.337 E0.035
G1 X37.679 Y79.539 E0.03598
G1 X38.044 Y79.57 E0.02003
G1 X61.956 Y79.57 E1.30781
G1 X62.637 Y79.464 E0.03769
G1 X63.218 Y79.17 E0.03561
G1 X63.668 Y78.716 E0.03496
G1 X63.963 Y78.137 E0.03554
G1 X64.07 Y77.456 E0.0377
G1 X64.07 Y22.537 E3.00367
G1 X63.964 Y21.859 E0.03753
G1 X63.67 Y21.281 E0.03547
G1 X63.218 Y20.829 E0.03496
G1 X62.637 Y20.532 E0.03569
G1 X62.324 Y20.458 E0.01759
G1 F1500 E-6.5
G0 F1320 X62.026 Y18.836
G0 X37.974 Y18.836
G0 X36.867 Y19.013
G0 X35.845 Y19.534
G0 X35.034 Y20.345
G0 X34.542 Y21.298
G0 X35.441 Y21.668
;TYPE:WALL-OUTER
G1 F1500 E6.5
G1 F360 X35.344 Y22.08 E0.02292
G1 X35.31 Y22.516 E0.02369
G1 X35.31 Y77.491 E2.97755
G1 X35.344 Y77.916 E0.02309
G1 X35.44 Y78.328 E0.02291
G1 X35.606 Y78.722 E0.02316
G1 X35.824 Y79.081 E0.02275
G1 X36.096 Y79.4 E0.02271
G1 X36.416 Y79.672 E0.02275
G1 X36.77 Y79.891 E0.02255
G1 X37.168 Y80.055 E0.02331
G1 X37.581 Y80.153 E0.02299
G1 X38.018 Y80.19 E0.02375
G1 X61.982 Y80.19 E1.29793
G1 X62.418 Y80.153 E0.0237
G1 X62.828 Y80.056 E0.02282
G1 X63.227 Y79.89 E0.02341
G1 X63.584 Y79.672 E0.02266
G1 X63.899 Y79.4 E0.02254
G1 X64.172 Y79.081 E0.02274
G1 X64.391 Y78.722 E0.02278
G1 X64.555 Y78.328 E0.02311
G1 X64.653 Y77.915 E0.02299
G1 X64.69 Y77.482 E0.02354
G1 X64.69 Y22.51 E2.97738
G1 X64.653 Y22.082 E0.02327
G1 X64.556 Y21.668 E0.02303
G1 X64.391 Y21.27 E0.02334
G1 X64.172 Y20.915 E0.02259
G1 X63.9 Y20.596 E0.02271
G1 X63.584 Y20.327 E0.02248
G1 X63.226 Y20.105 E0.02282
G1 X62.828 Y19.94 E0.02334
G1 X62.42 Y19.844 E0.0227
G1 X61.984 Y19.81 E0.02369
G1 X38.016 Y19.81 E1.29815
G1 X37.58 Y19.844 E0.02369
G1 X37.168 Y19.94 E0.02291
G1 X36.771 Y20.105 E0.02329
G1 X36.415 Y20.328 E0.02275
G1 X36.096 Y20.596 E0.02257
G1 X35.828 Y20.915 E0.02257
G1 X35.605 Y21.271 E0.02275
G1 X35.441 Y21.668 E0.02326
G0 F1320 X35.396 Y21.862
G1 F1500 E-6.5
G0 F1320 X34.379 Y21.927
G0 X34.733 Y20.835
G0 X35.408 Y19.908
G0 X36.335 Y19.233
G0 X37.427 Y18.879
G0 X62.026 Y18.836
G0 X63.133 Y19.013
G0 X64.155 Y19.534
G0 X64.966 Y20.345
G0 X65.487 Y21.367
G0 X65.665 Y74.646
G0 X59.146 Y74.646
;TYPE:SKIN
G1 F1500 E6.5
G1 F360 X40.85 Y74.646 E1.01037
G1 X40.85 Y25.35 E2.72231
G1 X59.146 Y25.35 E1.01037
G1 X59.146 Y74.646 E2.72231
G1 F1500 E-6.5
G0 F1320 X53.566 Y69.066
G1 F1500 E6.5
G1 F360 X46.43 Y69.066 E0.39408
G1 X46.43 Y30.93 E2.10601
G1 X53.566 Y30.93 E0.39408
G1 X53.566 Y69.066 E2.10601
G1 F1500 E-6.5
G0 F1320 X65.665 Y69.066
G0 X65.664 Y77.526
G0 X65.487 Y78.633
G0 X64.966 Y79.655
G0 X64.155 Y80.466
G0 X63.133 Y80.987
G0 X62.026 Y81.164
G0 X37.974 Y81.164
G0 X36.867 Y80.987
G0 X35.845 Y80.466
G0 X35.034 Y79.655
G0 X34.513 Y78.633
G0 X34.335 Y77.126
G0 X38.37 Y77.126
G1 F1500 E6.5
G1 F360 X38.37 Y22.87 E2.99622
G1 X61.626 Y22.87 E1.28428
G1 X61.626 Y77.126 E2.99622
G1 X38.37 Y77.126 E1.28428
G0 F1320 X38.99 Y76.506
G1 F360 X38.99 Y23.49 E2.92774
G1 X61.006 Y23.49 E1.21581
G1 X61.006 Y76.506 E2.92774
G1 X38.99 Y76.506 E1.21581
G0 F1320 X39.61 Y75.886
G1 F360 X39.61 Y24.11 E2.85927
G1 X60.386 Y24.11 E1.14733
G1 X60.386 Y75.886 E2.85927
G1 X39.61 Y75.886 E1.14733
G0 F1320 X40.23 Y75.266
G1 F360 X40.23 Y24.73 E2.79079
G1 X59.766 Y24.73 E1.07885
G1 X59.766 Y75.266 E2.79079
G1 X40.23 Y75.266 E1.07885
G1 F1500 E-6.5
G0 F1320 X41.47 Y74.026
G1 F1500 E6.5
G1 F360 X41.47 Y25.97 E2.65383
G1 X58.526 Y25.97 E0.9419
G1 X58.526 Y74.026 E2.65383
G1 X41.47 Y74.026 E0.9419
G0 F1320 X42.09 Y73.406
G1 F360 X42.09 Y26.59 E2.58536
G1 X57.906 Y26.59 E0.87342
G1 X57.906 Y73.406 E2.58536
G1 X42.09 Y73.406 E0.87342
G1 F1500 E-6.5
G0 F1320 X44.57 Y70.926
G1 F1500 E6.5
G1 F360 X44.57 Y29.07 E2.31145
G1 X55.426 Y29.07 E0.59951
G1 X55.426 Y70.926 E2.31145
G1 X44.57 Y70.926 E0.59951
G0 F1320 X45.19 Y70.306
G1 F360 X45.19 Y29.69 E2.24297
G1 X54.806 Y29.69 E0.53103
G1 X54.806 Y70.306 E2.24297
G1 X45.19 Y70.306 E0.53103
G1 F1500 E-6.5
G0 F1320 X48.29 Y67.206
G1 F1500 E6.5
G1 F360 X48.29 Y32.79 E1.90058
G1 X51.706 Y32.79 E0.18864
G1 X51.706 Y67.206 E1.90058
G1 X48.29 Y67.206 E0.18864
G1 F1500 E-6.5
G0 F1320 X49.609 Y65.887
G1 F1500 E6.5
G1 F286.9 X49.609 Y34.109 E2.20212
G1 X50.387 Y34.109 E0.05391
G1 X50.387 Y65.887 E2.20212
G1 X49.609 Y65.887 E0.05391
G1 F1500 E-6.5
G0 F1320 X34.335 Y65.887
G0 X34.336 Y22.474
G0 X34.513 Y21.367
G0 X35.034 Y20.345
G0 X35.845 Y19.534
G0 X36.867 Y19.013
G0 X56.046 Y18.835
G0 X56.046 Y28.45
G1 F1500 E6.5
G1 F360 X56.046 Y71.546 E2.37992
G1 X43.95 Y71.546 E0.66799
G1 X43.95 Y28.45 E2.37992
G1 X56.046 Y28.45 E0.66799
G1 F1500 E-6.5
G0 F1320 X48.91 Y33.41
G1 F1500 E6.5
G1 F360 X51.086 Y33.41 E0.12017
G1 X51.086 Y66.586 E1.8321
G1 X48.91 Y66.586 E0.12017
G1 X48.91 Y33.41 E1.8321
G1 F1500 E-6.5
G0 F1320 X47.67 Y32.17
G1 F1500 E6.5
G1 F360 X52.326 Y32.17 E0.25712
G1 X52.326 Y67.826 E1.96906
G1 X47.67 Y67.826 E0.25712
G1 X47.67 Y32.17 E1.96906
G0 F1320 X47.05 Y31.55
G1 F360 X52.946 Y31.55 E0.3256
G1 X52.946 Y68.446 E2.03754
G1 X47.05 Y68.446 E0.3256
G1 X47.05 Y31.55 E2.03754
G1 F1500 E-6.5
G0 F1320 X45.81 Y30.31
G1 F1500 E6.5
G1 F360 X54.186 Y30.31 E0.46255
G1 X54.186 Y69.686 E2.17449
G1 X45.81 Y69.686 E0.46255
G1 X45.81 Y30.31 E2.17449
G1 F1500 E-6.5
G0 F1320 X43.33 Y27.83
G1 F1500 E6.5
G1 F360 X56.666 Y27.83 E0.73646
G1 X56.666 Y72.166 E2.4484
G1 X43.33 Y72.166 E0.73646
G1 X43.33 Y27.83 E2.4484
G0 F1320 X42.71 Y27.21
M104 S224
G1 F360 X57.286 Y27.21 E0.80494
G1 X57.286 Y72.786 E2.51688
G1 X42.71 Y72.786 E0.80494
G1 X42.71 Y27.21 E2.51688
G1 F1500 E-6.5
;MESH:NONMESH
G0 F600 X42.71 Y27.21 Z0.36
G0 F1320 X34.335 Y27.21
G0 X34.336 Y77.526
G0 X34.455 Y78.391
G0 X34.836 Y79.333
G0 X36.936 Y78.043
;TIME_ELAPSED:783.128024
;LAYER:1
M204 P175
;TYPE:WALL-INNER
;MESH:flasherBot.STL
G1 F1500 E6.5
G1 F420 X37.035 Y78.203 E0.00516
G1 X37.295 Y78.464 E0.0101
G1 X37.628 Y78.634 E0.01025
G1 X38.071 Y78.7 E0.01228
G1 X61.919 Y78.7 E0.65359
G1 X62.368 Y78.633 E0.01244
G1 X62.704 Y78.464 E0.01031
G1 X62.961 Y78.203 E0.01004
G1 X63.133 Y77.863 E0.01044
G1 X63.2 Y77.424 E0.01217
G1 X63.2 Y22.385 E1.50842
G1 X63.06 Y21.95 E0.01252
G1 X62.843 Y21.654 E0.01006
G1 X62.543 Y21.436 E0.01016
G1 X62.119 Y21.3 E0.0122
G1 X37.873 Y21.3 E0.66449
G1 X37.456 Y21.434 E0.012
G1 X37.153 Y21.654 E0.01026
G1 X36.936 Y21.954 E0.01015
G1 X36.8 Y22.373 E0.01207
G1 X36.8 Y77.624 E1.51423
G1 X36.936 Y78.043 E0.01207
M204 T160
G0 F1320 X37.059 Y78.788
G1 F420 X37.505 Y79.015 E0.01372
G1 X38.055 Y79.1 E0.01525
G1 X61.936 Y79.1 E0.65449
G1 X62.491 Y79.015 E0.01539
G1 X62.94 Y78.788 E0.01379
G1 X63.286 Y78.439 E0.01347
G1 X63.515 Y77.987 E0.01389
G1 X63.6 Y77.44 E0.01517
G1 X63.6 Y22.335 E1.51023
G1 X63.417 Y21.767 E0.01635
G1 X63.127 Y21.37 E0.01347
G1 X62.726 Y21.079 E0.01358
G1 X62.167 Y20.9 E0.01609
G1 X37.822 Y20.9 E0.66721
G1 X37.272 Y21.077 E0.01583
G1 X36.87 Y21.37 E0.01363
G1 X36.579 Y21.771 E0.01358
G1 X36.4 Y22.326 E0.01598
G1 X36.4 Y77.449 E1.51072
G1 X36.481 Y77.991 E0.01502
G1 X36.71 Y78.439 E0.01379
G1 X37.059 Y78.788 E0.01353
G0 F1320 X63.613 Y21.323
G1 F420 X63.41 Y21.086 E0.00855
G1 X62.91 Y20.721 E0.01697
G1 X62.618 Y20.6 E0.00866
G1 X61.956 Y20.5 E0.01835
G1 X38.043 Y20.5 E0.65537
G1 X37.38 Y20.599 E0.01837
G1 X37.088 Y20.72 E0.00866
G1 X36.586 Y21.086 E0.01703
G1 X36.221 Y21.587 E0.01699
G1 X36.1 Y21.884 E0.00879
G1 X36 Y22.3 E0.01173
G1 X36 Y77.464 E1.51184
G1 X36.099 Y78.114 E0.01802
G1 X36.385 Y78.675 E0.01726
G1 X36.823 Y79.113 E0.01698
G1 X37.381 Y79.397 E0.01716
G1 X38.04 Y79.5 E0.01828
G1 X61.953 Y79.5 E0.65537
G1 X62.615 Y79.397 E0.01836
G1 X63.176 Y79.113 E0.01723
G1 X63.611 Y78.675 E0.01692
G1 X63.897 Y78.111 E0.01733
G1 X64 Y77.456 E0.01817
G1 X64 Y22.54 E1.50505
G1 X63.896 Y21.88 E0.01831
G1 X63.613 Y21.323 E0.01712
G0 F1320 X64.278 Y21.757
G1 F420 X64.132 Y21.402 E0.01052
G1 X63.937 Y21.087 E0.01015
G1 X63.694 Y20.802 E0.01026
G1 X63.413 Y20.563 E0.01011
G1 X63.093 Y20.364 E0.01033
G1 X62.74 Y20.218 E0.01047
G1 X62.364 Y20.131 E0.01058
G1 X61.972 Y20.1 E0.01078
G1 X38.027 Y20.1 E0.65625
G1 X37.624 Y20.131 E0.01108
G1 X37.257 Y20.217 E0.01033
G1 X36.904 Y20.364 E0.01048
G1 X36.302 Y20.802 E0.0204
G1 X36.062 Y21.087 E0.01021
G1 X35.864 Y21.404 E0.01024
G1 X35.718 Y21.761 E0.01057
G1 X35.627 Y22.139 E0.01066
G1 X35.6 Y22.522 E0.01052
G1 X35.6 Y77.48 E1.5062
G1 X35.631 Y77.871 E0.01075
G1 X35.717 Y78.238 E0.01033
G1 X35.864 Y78.59 E0.01045
G1 X36.06 Y78.91 E0.01028
G1 X36.302 Y79.194 E0.01023
G1 X36.587 Y79.437 E0.01026
G1 X36.902 Y79.631 E0.01014
G1 X37.258 Y79.779 E0.01057
G1 X37.634 Y79.869 E0.0106
G1 X38.024 Y79.9 E0.01072
G1 X61.97 Y79.9 E0.65627
G1 X62.373 Y79.865 E0.01109
G1 X62.738 Y79.779 E0.01028
G1 X63.095 Y79.631 E0.01059
G1 X63.413 Y79.437 E0.01021
G1 X63.693 Y79.195 E0.01014
G1 X63.936 Y78.91 E0.01026
G1 X64.131 Y78.591 E0.01025
G1 X64.279 Y78.234 E0.01059
G1 X64.369 Y77.854 E0.0107
G1 X64.4 Y77.472 E0.0105
G1 X64.4 Y22.522 E1.50598
G1 X64.366 Y22.127 E0.01087
G1 X64.278 Y21.757 E0.01042
G0 F1320 X63.983 Y21.85
G0 X35.909 Y77.471
G0 X35.2 Y77.496
M204 P150
;TYPE:WALL-OUTER
G1 F420 X35.235 Y77.933 E0.0119
G1 X35.335 Y78.362 E0.01196
G1 X35.507 Y78.772 E0.01207
G1 X35.735 Y79.146 E0.01189
G1 X36.018 Y79.478 E0.01184
G1 X36.351 Y79.761 E0.01186
G1 X36.72 Y79.989 E0.01177
G1 X37.134 Y80.161 E0.01217
G1 X37.572 Y80.265 E0.01222
G1 X38.008 Y80.3 E0.01187
G1 X61.987 Y80.3 E0.6508
G1 X62.436 Y80.261 E0.01223
G1 X62.862 Y80.161 E0.01188
G1 X63.277 Y79.989 E0.01219
G1 X63.649 Y79.761 E0.01184
G1 X63.977 Y79.478 E0.01176
G1 X64.261 Y79.146 E0.01186
G1 X64.489 Y78.773 E0.01186
G1 X64.661 Y78.358 E0.01219
G1 X64.765 Y77.916 E0.01232
G1 X64.8 Y77.488 E0.01165
G1 X64.8 Y22.505 E1.49225
G1 X64.762 Y22.064 E0.01201
G1 X64.66 Y21.634 E0.01199
G1 X64.489 Y21.22 E0.01216
G1 X64.261 Y20.851 E0.01177
G1 X63.978 Y20.518 E0.01186
G1 X63.649 Y20.239 E0.01171
G1 X63.276 Y20.007 E0.01192
G1 X62.862 Y19.836 E0.01216
G1 X62.425 Y19.735 E0.01217
G1 X61.988 Y19.7 E0.0119
G1 X38.012 Y19.7 E0.65072
G1 X37.563 Y19.735 E0.01222
G1 X37.134 Y19.835 E0.01196
G1 X36.72 Y20.007 E0.01217
G1 X36.351 Y20.239 E0.01183
G1 X36.018 Y20.518 E0.01179
G1 X35.738 Y20.851 E0.01181
G1 X35.507 Y21.22 E0.01182
G1 X35.336 Y21.638 E0.01226
G1 X35.231 Y22.079 E0.0123
G1 X35.2 Y22.508 E0.01167
G1 X35.2 Y77.496 E1.49239
G0 F1320 X35.215 Y77.695
G0 X35.923 Y77.64
G0 X37.161 Y77.406
M204 P165
;TYPE:SKIN
G1 F420 X37.16 Y22.427 E1.5214
G1 X37.257 Y22.119 E0.00894
G1 X37.408 Y21.908 E0.00718
G1 X37.619 Y21.757 E0.00718
G1 X37.924 Y21.66 E0.00886
G1 X61.898 Y21.66 E0.66342
G1 X62.263 Y21.71 E0.01019
G1 X62.485 Y21.824 E0.00691
G1 X62.734 Y22.116 E0.01062
G1 X62.84 Y22.437 E0.00935
G1 X62.84 Y77.397 E1.52088
G1 X62.787 Y77.757 E0.01007
G1 X62.668 Y77.985 E0.00712
G1 X62.379 Y78.234 E0.01056
G1 X62.056 Y78.34 E0.00941
G1 X38.095 Y78.34 E0.66306
G1 X37.734 Y78.286 E0.0101
G1 X37.507 Y78.172 E0.00703
G1 X37.324 Y77.989 E0.00716
G1 X37.206 Y77.756 E0.00723
G1 X37.161 Y77.406 E0.00977
G0 F1320 X62.592 Y77.698
G1 F420 X62.211 Y78.079 E0.01491
G0 F1320 X61.584 Y78.14
G1 F420 X62.64 Y77.085 E0.04131
G0 F1320 X62.64 Y76.519
G1 F420 X61.018 Y78.14 E0.06346
G0 F1320 X60.453 Y78.14
G1 F420 X62.64 Y75.953 E0.08559
G0 F1320 X62.64 Y75.387
G1 F420 X59.887 Y78.14 E0.10774
G0 F1320 X59.321 Y78.14
G1 F420 X62.64 Y74.822 E0.12987
G0 F1320 X62.64 Y74.256
G1 F420 X58.756 Y78.14 E0.152
G0 F1320 X58.19 Y78.14
G1 F420 X62.64 Y73.69 E0.17415
G0 F1320 X62.64 Y73.125
G1 F420 X57.624 Y78.14 E0.19628
G0 F1320 X57.059 Y78.14
G1 F420 X62.64 Y72.559 E0.21841
G0 F1320 X62.64 Y71.993
G1 F420 X56.493 Y78.14 E0.24056
G0 F1320 X55.927 Y78.14
G1 F420 X62.64 Y71.428 E0.26269
G0 F1320 X62.64 Y70.862
G1 F420 X55.362 Y78.14 E0.28482
G0 F1320 X54.796 Y78.14
G1 F420 X62.64 Y70.296 E0.30697
G0 F1320 X62.64 Y69.731
G1 F420 X54.23 Y78.14 E0.3291
G0 F1320 X53.664 Y78.14
G1 F420 X62.64 Y69.165 E0.35125
G0 F1320 X62.64 Y68.599
G1 F420 X53.099 Y78.14 E0.37338
G0 F1320 X52.533 Y78.14
G1 F420 X62.64 Y68.034 E0.39552
G0 F1320 X62.64 Y67.468
G1 F420 X51.967 Y78.14 E0.41767
G0 F1320 X51.402 Y78.14
G1 F420 X62.64 Y66.902 E0.4398
G0 F1320 X62.64 Y66.337
G1 F420 X50.836 Y78.14 E0.46193
G0 F1320 X50.27 Y78.14
G1 F420 X62.64 Y65.771 E0.48408
G0 F1320 X62.64 Y65.205
G1 F420 X49.705 Y78.14 E0.50621
G0 F1320 X49.139 Y78.14
G1 F420 X62.64 Y64.639 E0.52836
G0 F1320 X62.64 Y64.074
G1 F420 X48.573 Y78.14 E0.55049
G0 F1320 X48.008 Y78.14
G1 F420 X62.64 Y63.508 E0.57262
G0 F1320 X62.64 Y62.942
G1 F420 X47.442 Y78.14 E0.59477
G0 F1320 X46.876 Y78.14
G1 F420 X62.64 Y62.377 E0.6169
G0 F1320 X62.64 Y61.811
G1 F420 X46.311 Y78.14 E0.63903
G0 F1320 X45.745 Y78.14
G1 F420 X62.64 Y61.245 E0.66118
G0 F1320 X62.64 Y60.68
G1 F420 X45.179 Y78.14 E0.68331
G0 F1320 X44.613 Y78.14
G1 F420 X62.64 Y60.114 E0.70546
G0 F1320 X62.64 Y59.548
G1 F420 X44.048 Y78.14 E0.72759
G0 F1320 X43.482 Y78.14
G1 F420 X62.64 Y58.983 E0.74972
G0 F1320 X62.64 Y58.417
G1 F420 X42.916 Y78.14 E0.77187
G0 F1320 X42.351 Y78.14
G1 F420 X62.64 Y57.851 E0.794
G0 F1320 X62.64 Y57.286
G1 F420 X41.785 Y78.14 E0.81614
G0 F1320 X41.219 Y78.14
G1 F420 X62.64 Y56.72 E0.83829
G0 F1320 X62.64 Y56.154
G1 F420 X40.654 Y78.14 E0.86042
G0 F1320 X40.088 Y78.14
G1 F420 X62.64 Y55.588 E0.88257
G0 F1320 X62.64 Y55.023
G1 F420 X39.522 Y78.14 E0.9047
G0 F1320 X38.957 Y78.14
G1 F420 X62.64 Y54.457 E0.92683
G0 F1320 X62.64 Y53.891
G1 F420 X38.391 Y78.14 E0.94898
G0 F1320 X37.862 Y78.103
G1 F420 X62.64 Y53.326 E0.96966
G0 F1320 X62.64 Y52.76
G1 F420 X37.509 Y77.891 E0.98349
G0 F1320 X37.37 Y77.464
G1 F420 X62.64 Y52.194 E0.98893
G0 F1320 X62.64 Y51.629
G1 F420 X37.361 Y76.908 E0.98929
G0 F1320 X37.361 Y76.342
G1 F420 X62.64 Y51.063 E0.98929
G0 F1320 X62.64 Y50.497
G1 F420 X37.361 Y75.776 E0.98929
G0 F1320 X37.361 Y75.211
G1 F420 X62.64 Y49.932 E0.98929
G0 F1320 X62.64 Y49.366
G1 F420 X37.361 Y74.645 E0.98929
G0 F1320 X37.361 Y74.079
G1 F420 X62.64 Y48.8 E0.98929
G0 F1320 X62.64 Y48.235
G1 F420 X37.361 Y73.514 E0.98929
G0 F1320 X37.361 Y72.948
G1 F420 X62.64 Y47.669 E0.98929
G0 F1320 X62.64 Y47.103
G1 F420 X37.361 Y72.382 E0.98929
G0 F1320 X37.361 Y71.817
G1 F420 X62.64 Y46.538 E0.98929
G0 F1320 X62.64 Y45.972
G1 F420 X37.361 Y71.251 E0.98929
G0 F1320 X37.361 Y70.685
G1 F420 X62.64 Y45.406 E0.98929
G0 F1320 X62.64 Y44.84
G1 F420 X37.361 Y70.12 E0.98931
G0 F1320 X37.361 Y69.554
G1 F420 X62.64 Y44.275 E0.98929
G0 F1320 X62.64 Y43.709
G1 F420 X37.361 Y68.988 E0.98929
G0 F1320 X37.361 Y68.422
G1 F420 X62.64 Y43.143 E0.98929
G0 F1320 X62.64 Y42.578
G1 F420 X37.361 Y67.857 E0.98929
G0 F1320 X37.361 Y67.291
G1 F420 X62.64 Y42.012 E0.98929
G0 F1320 X62.64 Y41.446
G1 F420 X37.361 Y66.725 E0.98929
G0 F1320 X37.361 Y66.16
G1 F420 X62.64 Y40.881 E0.98929
G0 F1320 X62.64 Y40.315
G1 F420 X37.361 Y65.594 E0.98929
G0 F1320 X37.361 Y65.028
G1 F420 X62.64 Y39.749 E0.98929
G0 F1320 X62.64 Y39.184
G1 F420 X37.361 Y64.463 E0.98929
G0 F1320 X37.361 Y63.897
G1 F420 X62.64 Y38.618 E0.98929
G0 F1320 X62.64 Y38.052
G1 F420 X37.361 Y63.331 E0.98929
G0 F1320 X37.361 Y62.766
G1 F420 X62.64 Y37.487 E0.98929
G0 F1320 X62.64 Y36.921
G1 F420 X37.361 Y62.2 E0.98929
G0 F1320 X37.361 Y61.634
G1 F420 X62.64 Y36.355 E0.98929
G0 F1320 X62.64 Y35.79
G1 F420 X37.361 Y61.069 E0.98929
G0 F1320 X37.361 Y60.503
G1 F420 X62.64 Y35.224 E0.98929
G0 F1320 X62.64 Y34.658
G1 F420 X37.361 Y59.937 E0.98929
G0 F1320 X37.361 Y59.372
G1 F420 X62.64 Y34.092 E0.98931
G0 F1320 X62.64 Y33.527
G1 F420 X37.361 Y58.806 E0.98929
G0 F1320 X37.361 Y58.24
G1 F420 X62.64 Y32.961 E0.98929
G0 F1320 X62.64 Y32.395
G1 F420 X37.361 Y57.674 E0.98929
G0 F1320 X37.361 Y57.109
G1 F420 X62.64 Y31.83 E0.98929
G0 F1320 X62.64 Y31.264
G1 F420 X37.361 Y56.543 E0.98929
G0 F1320 X37.361 Y55.977
G1 F420 X62.64 Y30.698 E0.98929
G0 F1320 X62.64 Y30.133
G1 F420 X37.361 Y55.412 E0.98929
G0 F1320 X37.361 Y54.846
G1 F420 X62.64 Y29.567 E0.98929
G0 F1320 X62.64 Y29.001
G1 F420 X37.361 Y54.28 E0.98929
G0 F1320 X37.361 Y53.715
G1 F420 X62.64 Y28.436 E0.98929
G0 F1320 X62.64 Y27.87
G1 F420 X37.361 Y53.149 E0.98929
G0 F1320 X37.361 Y52.583
G1 F420 X62.64 Y27.304 E0.98929
G0 F1320 X62.64 Y26.739
G1 F420 X37.361 Y52.018 E0.98929
G0 F1320 X37.361 Y51.452
G1 F420 X62.64 Y26.173 E0.98929
G0 F1320 X62.64 Y25.607
G1 F420 X37.361 Y50.886 E0.98929
G0 F1320 X37.361 Y50.321
G1 F420 X62.64 Y25.041 E0.98931
G0 F1320 X62.64 Y24.476
G1 F420 X37.361 Y49.755 E0.98929
G0 F1320 X37.361 Y49.189
G1 F420 X62.64 Y23.91 E0.98929
G0 F1320 X62.64 Y23.344
G1 F420 X37.361 Y48.623 E0.98929
G0 F1320 X37.361 Y48.058
G1 F420 X62.64 Y22.779 E0.98929
G0 F1320 X62.576 Y22.277
G1 F420 X37.361 Y47.492 E0.98678
G0 F1320 X37.361 Y46.926
G1 F420 X62.322 Y21.965 E0.97684
G0 F1320 X61.861 Y21.86
G1 F420 X37.361 Y46.361 E0.95882
G0 F1320 X37.361 Y45.795
G1 F420 X61.296 Y21.86 E0.93669
G0 F1320 X60.73 Y21.86
G1 F420 X37.361 Y45.229 E0.91454
G0 F1320 X37.361 Y44.664
G1 F420 X60.164 Y21.86 E0.89241
G0 F1320 X59.598 Y21.86
G1 F420 X37.361 Y44.098 E0.87026
G0 F1320 X37.361 Y43.532
G1 F420 X59.033 Y21.86 E0.84813
G0 F1320 X58.467 Y21.86
G1 F420 X37.361 Y42.967 E0.826
G0 F1320 X37.361 Y42.401
G1 F420 X57.901 Y21.86 E0.80385
G0 F1320 X57.336 Y21.86
G1 F420 X37.361 Y41.835 E0.78172
G0 F1320 X37.361 Y41.27
G1 F420 X56.77 Y21.86 E0.75959
G0 F1320 X56.204 Y21.86
G1 F420 X37.361 Y40.704 E0.73744
G0 F1320 X37.361 Y40.138
G1 F420 X55.639 Y21.86 E0.7153
G0 F1320 X55.073 Y21.86
G1 F420 X37.361 Y39.573 E0.69317
G0 F1320 X37.361 Y39.007
G1 F420 X54.507 Y21.86 E0.67102
G0 F1320 X53.942 Y21.86
G1 F420 X37.361 Y38.441 E0.64889
G0 F1320 X37.361 Y37.875
G1 F420 X53.376 Y21.86 E0.62674
G0 F1320 X52.81 Y21.86
G1 F420 X37.361 Y37.31 E0.60461
G0 F1320 X37.361 Y36.744
G1 F420 X52.245 Y21.86 E0.58248
G0 F1320 X51.679 Y21.86
G1 F420 X37.361 Y36.178 E0.56033
G0 F1320 X37.361 Y35.613
G1 F420 X51.113 Y21.86 E0.5382
G0 F1320 X50.548 Y21.86
G1 F420 X37.361 Y35.047 E0.51607
G0 F1320 X37.361 Y34.481
G1 F420 X49.982 Y21.86 E0.49392
G0 F1320 X49.416 Y21.86
G1 F420 X37.361 Y33.916 E0.47179
G0 F1320 X37.361 Y33.35
G1 F420 X48.85 Y21.86 E0.44964
G0 F1320 X48.285 Y21.86
G1 F420 X37.361 Y32.784 E0.42751
G0 F1320 X37.361 Y32.219
G1 F420 X47.719 Y21.86 E0.40538
G0 F1320 X47.153 Y21.86
G1 F420 X37.361 Y31.653 E0.38323
G0 F1320 X37.361 Y31.087
G1 F420 X46.588 Y21.86 E0.3611
G0 F1320 X46.022 Y21.86
G1 F420 X37.361 Y30.522 E0.33897
G0 F1320 X37.361 Y29.956
G1 F420 X45.456 Y21.86 E0.31682
G0 F1320 X44.891 Y21.86
G1 F420 X37.361 Y29.39 E0.29468
G0 F1320 X37.361 Y28.825
G1 F420 X44.325 Y21.86 E0.27255
G0 F1320 X43.759 Y21.86
G1 F420 X37.361 Y28.259 E0.2504
G0 F1320 X37.361 Y27.693
G1 F420 X43.194 Y21.86 E0.22827
G0 F1320 X42.628 Y21.86
G1 F420 X37.361 Y27.127 E0.20612
G0 F1320 X37.361 Y26.562
G1 F420 X42.062 Y21.86 E0.18399
G0 F1320 X41.497 Y21.86
G1 F420 X37.361 Y25.996 E0.16186
G0 F1320 X37.361 Y25.43
G1 F420 X40.931 Y21.86 E0.13971
G0 F1320 X40.365 Y21.86
G1 F420 X37.361 Y24.865 E0.11758
G0 F1320 X37.361 Y24.299
G1 F420 X39.8 Y21.86 E0.09545
G0 F1320 X39.234 Y21.86
G1 F420 X37.361 Y23.733 E0.0733
G0 F1320 X37.361 Y23.168
G1 F420 X38.668 Y21.86 E0.05117
G0 F1320 X38.102 Y21.86
G1 F420 X37.361 Y22.602 E0.02902
G1 X37.291 Y22.672
;MESH:NONMESH
G0 F600 X37.291 Y22.672 Z0.52
G0 F1320 X62.704 Y78.464
;TIME_ELAPSED:1456.106015
;LAYER:2
M204 P200
;TYPE:WALL-INNER
;MESH:flasherBot.STL
G1 F480 X62.961 Y78.203 E0.01004
G1 X63.132 Y77.869 E0.01028
G1 X63.2 Y77.419 E0.01247
G1 X63.2 Y22.574 E1.5031
G1 X63.134 Y22.127 E0.01238
G1 X63.06 Y21.95 E0.00526
G1 X62.843 Y21.653 E0.01008
G1 X62.543 Y21.436 E0.01015
G1 X62.126 Y21.3 E0.01202
G1 X37.873 Y21.3 E0.66469
G1 X37.456 Y21.434 E0.012
G1 X37.154 Y21.654 E0.01024
G1 X36.934 Y21.956 E0.01024
G1 X36.8 Y22.373 E0.012
G1 X36.8 Y77.433 E1.50899
G1 X36.863 Y77.867 E0.01202
G1 X37.035 Y78.203 E0.01034
G1 X37.295 Y78.464 E0.0101
G1 X37.626 Y78.633 E0.01019
G1 X38.081 Y78.7 E0.0126
G1 X61.919 Y78.7 E0.65331
G1 X62.368 Y78.633 E0.01244
G1 X62.704 Y78.464 E0.01031
M204 T200
G0 F1320 X36.87 Y21.37
G1 F480 X36.577 Y21.772 E0.01363
G1 X36.4 Y22.322 E0.01583
G1 X36.4 Y77.449 E1.51083
G1 X36.481 Y77.991 E0.01502
G1 X36.71 Y78.439 E0.01379
G1 X37.059 Y78.788 E0.01353
G1 X37.503 Y79.015 E0.01367
G1 X38.064 Y79.1 E0.01555
G1 X61.936 Y79.1 E0.65424
G1 X62.492 Y79.015 E0.01541
G1 X62.94 Y78.788 E0.01376
G1 X63.286 Y78.439 E0.01347
G1 X63.514 Y77.992 E0.01375
G1 X63.6 Y77.436 E0.01542
G1 X63.6 Y22.557 E1.50403
G1 X63.515 Y22.004 E0.01533
G1 X63.289 Y21.559 E0.01368
G1 X63.127 Y21.369 E0.00684
G1 X62.726 Y21.078 E0.01358
G1 X62.178 Y20.9 E0.01579
G1 X37.822 Y20.9 E0.66751
G1 X37.272 Y21.077 E0.01583
G1 X36.87 Y21.37 E0.01363
G0 F1320 X37.38 Y20.599
G1 F480 X37.088 Y20.72 E0.00866
G1 X36.586 Y21.086 E0.01703
G1 X36.22 Y21.588 E0.01703
G1 X36.028 Y22.186 E0.01721
G1 X36 Y22.543 E0.00981
G1 X36 Y77.464 E1.50518
G1 X36.099 Y78.114 E0.01802
G1 X36.385 Y78.675 E0.01726
G1 X36.823 Y79.113 E0.01698
G1 X37.38 Y79.397 E0.01714
G1 X38.047 Y79.5 E0.0185
G1 X61.953 Y79.5 E0.65518
G1 X62.615 Y79.397 E0.01836
G1 X63.176 Y79.113 E0.01723
G1 X63.611 Y78.675 E0.01692
G1 X63.896 Y78.115 E0.01722
G1 X64 Y77.453 E0.01837
G1 X64 Y22.54 E1.50496
G1 X63.897 Y21.881 E0.01828
G1 X63.613 Y21.323 E0.01716
G1 X63.41 Y21.086 E0.00855
G1 X62.909 Y20.721 E0.01699
G1 X62.313 Y20.528 E0.01717
G1 X61.957 Y20.5 E0.00979
G1 X38.043 Y20.5 E0.6554
G1 X37.38 Y20.599 E0.01837
G0 F1320 X62.322 Y20.437
G0 X62.375 Y20.131
G1 F480 X61.973 Y20.1 E0.01105
G1 X38.027 Y20.1 E0.65627
G1 X37.624 Y20.131 E0.01108
G1 X37.257 Y20.217 E0.01033
G1 X36.904 Y20.364 E0.01048
G1 X36.302 Y20.802 E0.0204
G1 X35.864 Y21.404 E0.0204
G1 X35.718 Y21.757 E0.01047
G1 X35.631 Y22.124 E0.01034
G1 X35.6 Y22.527 E0.01108
G1 X35.6 Y77.48 E1.50606
G1 X35.631 Y77.871 E0.01075
G1 X35.717 Y78.238 E0.01033
G1 X35.865 Y78.59 E0.01047
G1 X36.06 Y78.91 E0.01027
G1 X36.302 Y79.194 E0.01023
G1 X36.587 Y79.437 E0.01026
G1 X36.902 Y79.631 E0.01014
G1 X37.257 Y79.779 E0.01054
G1 X37.627 Y79.865 E0.01041
G1 X38.03 Y79.9 E0.01109
G1 X61.97 Y79.9 E0.65611
G1 X62.373 Y79.865 E0.01109
G1 X62.738 Y79.779 E0.01028
G1 X63.095 Y79.631 E0.01059
G1 X63.413 Y79.437 E0.01021
G1 X63.693 Y79.195 E0.01014
G1 X63.936 Y78.91 E0.01026
G1 X64.131 Y78.59 E0.01027
G1 X64.278 Y78.239 E0.01043
G1 X64.365 Y77.869 E0.01042
G1 X64.4 Y77.47 E0.01098
G1 X64.4 Y22.522 E1.50592
G1 X64.366 Y22.127 E0.01087
G1 X64.279 Y21.757 E0.01042
G1 X64.132 Y21.402 E0.01053
G1 X63.937 Y21.087 E0.01015
G1 X63.694 Y20.802 E0.01026
G1 X63.413 Y20.562 E0.01013
G1 X63.093 Y20.364 E0.01031
G1 X62.738 Y20.217 E0.01053
G1 X62.375 Y20.131 E0.01022
G0 F1320 X62.322 Y20.437
G0 X37.35 Y79.484
G0 X37.134 Y80.161
M204 P150
;TYPE:WALL-OUTER
G1 F480 X37.564 Y80.261 E0.01198
G1 X38.013 Y80.3 E0.01223
G1 X61.987 Y80.3 E0.65066
G1 X62.436 Y80.261 E0.01223
G1 X62.862 Y80.161 E0.01188
G1 X63.277 Y79.989 E0.01219
G1 X63.649 Y79.761 E0.01184
G1 X63.977 Y79.478 E0.01176
G1 X64.261 Y79.146 E0.01186
G1 X64.489 Y78.772 E0.01189
G1 X64.66 Y78.362 E0.01206
G1 X64.761 Y77.932 E0.01199
G1 X64.8 Y77.487 E0.01212
G1 X64.8 Y22.505 E1.49223
G1 X64.762 Y22.064 E0.01201
G1 X64.661 Y21.634 E0.01199
G1 X64.489 Y21.22 E0.01217
G1 X64.261 Y20.851 E0.01177
G1 X63.978 Y20.518 E0.01186
G1 X63.649 Y20.238 E0.01173
G1 X63.276 Y20.007 E0.01191
G1 X62.862 Y19.835 E0.01217
G1 X62.437 Y19.735 E0.01185
G1 X61.988 Y19.7 E0.01222
G1 X38.012 Y19.7 E0.65072
G1 X37.563 Y19.735 E0.01222
G1 X37.134 Y19.835 E0.01196
G1 X36.72 Y20.007 E0.01217
G1 X36.351 Y20.239 E0.01183
G1 X36.018 Y20.518 E0.01179
G1 X35.739 Y20.851 E0.01179
G1 X35.507 Y21.22 E0.01183
G1 X35.336 Y21.634 E0.01216
G1 X35.235 Y22.063 E0.01196
G1 X35.2 Y22.512 E0.01222
G1 X35.2 Y77.496 E1.49228
G1 X35.235 Y77.933 E0.0119
G1 X35.335 Y78.362 E0.01196
G1 X35.507 Y78.772 E0.01207
G1 X35.735 Y79.146 E0.01189
G1 X36.018 Y79.478 E0.01184
G1 X36.351 Y79.761 E0.01186
G1 X36.72 Y79.989 E0.01177
G1 X37.134 Y80.161 E0.01217
G0 F1320 X37.329 Y80.206
G0 X37.494 Y79.518
G0 X62.056 Y78.34
M204 P180
;TYPE:SKIN
G1 F480 X38.107 Y78.34 E0.66273
G1 X37.734 Y78.286 E0.01043
G1 X37.507 Y78.171 E0.00704
G1 X37.324 Y77.989 E0.00714
G1 X37.206 Y77.756 E0.00723
G1 X37.161 Y77.406 E0.00977
G1 X37.16 Y22.423 E1.52151
G1 X37.257 Y22.115 E0.00894
G1 X37.408 Y21.908 E0.00709
G1 X37.615 Y21.757 E0.00709
G1 X37.923 Y21.66 E0.00894
G1 X62.071 Y21.66 E0.66823
G1 X62.376 Y21.761 E0.00889
G1 X62.582 Y21.907 E0.00699
G1 X62.784 Y22.242 E0.01083
G1 X62.84 Y22.6 E0.01003
G1 X62.84 Y77.388 E1.51612
G1 X62.783 Y77.758 E0.01036
G1 X62.667 Y77.986 E0.00708
G1 X62.379 Y78.234 E0.01052
G1 X62.056 Y78.34 E0.00941
G0 F1320 X37.38 Y77.543
G1 F480 X37.952 Y78.116 E0.0224
G0 F1320 X38.542 Y78.14
G1 F480 X37.36 Y76.958 E0.04626
G0 F1320 X37.36 Y76.392
G1 F480 X39.108 Y78.14 E0.06841
G0 F1320 X39.674 Y78.14
G1 F480 X37.36 Y75.827 E0.09054
G0 F1320 X37.36 Y75.261
G1 F480 X40.239 Y78.14 E0.11267
G0 F1320 X40.805 Y78.14
G1 F480 X37.36 Y74.695 E0.13482
G0 F1320 X37.36 Y74.13
G1 F480 X41.371 Y78.14 E0.15695
G0 F1320 X41.936 Y78.14
G1 F480 X37.36 Y73.564 E0.17908
G0 F1320 X37.36 Y72.998
G1 F480 X42.502 Y78.14 E0.20123
G0 F1320 X43.068 Y78.14
G1 F480 X37.36 Y72.432 E0.22338
G0 F1320 X37.36 Y71.867
G1 F480 X43.633 Y78.14 E0.24549
G0 F1320 X44.199 Y78.14
G1 F480 X37.36 Y71.301 E0.26764
G0 F1320 X37.36 Y70.735
G1 F480 X44.765 Y78.14 E0.28979
G0 F1320 X45.33 Y78.14
G1 F480 X37.36 Y70.17 E0.3119
G0 F1320 X37.36 Y69.604
G1 F480 X45.896 Y78.14 E0.33405
G0 F1320 X46.462 Y78.14
G1 F480 X37.36 Y69.038 E0.3562
G0 F1320 X37.36 Y68.473
G1 F480 X47.028 Y78.14 E0.37833
G0 F1320 X47.593 Y78.14
G1 F480 X37.36 Y67.907 E0.40047
G0 F1320 X37.36 Y67.341
G1 F480 X48.159 Y78.14 E0.42262
G0 F1320 X48.725 Y78.14
G1 F480 X37.36 Y66.776 E0.44475
G0 F1320 X37.36 Y66.21
G1 F480 X49.29 Y78.14 E0.46688
G0 F1320 X49.856 Y78.14
G1 F480 X37.36 Y65.644 E0.48903
G0 F1320 X37.36 Y65.079
G1 F480 X50.422 Y78.14 E0.51116
G0 F1320 X50.987 Y78.14
G1 F480 X37.36 Y64.513 E0.53329
G0 F1320 X37.36 Y63.947
G1 F480 X51.553 Y78.14 E0.55544
G0 F1320 X52.119 Y78.14
G1 F480 X37.36 Y63.382 E0.57757
G0 F1320 X37.36 Y62.816
G1 F480 X52.684 Y78.14 E0.5997
G0 F1320 X53.25 Y78.14
G1 F480 X37.36 Y62.25 E0.62185
G0 F1320 X37.36 Y61.684
G1 F480 X53.816 Y78.14 E0.644
G0 F1320 X54.381 Y78.14
G1 F480 X37.36 Y61.119 E0.66611
G0 F1320 X37.36 Y60.553
G1 F480 X54.947 Y78.14 E0.68826
G0 F1320 X55.513 Y78.14
G1 F480 X37.36 Y59.987 E0.71041
G0 F1320 X37.36 Y59.422
G1 F480 X56.079 Y78.14 E0.73254
G0 F1320 X56.644 Y78.14
G1 F480 X37.36 Y58.856 E0.75467
G0 F1320 X37.36 Y58.29
G1 F480 X57.21 Y78.14 E0.77682
G0 F1320 X57.776 Y78.14
G1 F480 X37.36 Y57.725 E0.79896
G0 F1320 X37.36 Y57.159
G1 F480 X58.341 Y78.14 E0.82109
G0 F1320 X58.907 Y78.14
G1 F480 X37.36 Y56.593 E0.84324
G0 F1320 X37.36 Y56.028
G1 F480 X59.473 Y78.14 E0.86537
G0 F1320 X60.038 Y78.14
G1 F480 X37.36 Y55.462 E0.8875
G0 F1320 X37.36 Y54.896
G1 F480 X60.604 Y78.14 E0.90965
G0 F1320 X61.17 Y78.14
G1 F480 X37.36 Y54.331 E0.93178
G0 F1320 X37.36 Y53.765
G1 F480 X61.735 Y78.14 E0.95391
G0 F1320 X62.232 Y78.071
G1 F480 X37.36 Y53.199 E0.97336
G0 F1320 X37.36 Y52.633
G1 F480 X62.534 Y77.807 E0.98518
G0 F1320 X62.64 Y77.348
G1 F480 X37.36 Y52.068 E0.98933
G0 F1320 X37.36 Y51.502
G1 F480 X62.64 Y76.782 E0.98933
G0 F1320 X62.64 Y76.216
G1 F480 X37.36 Y50.936 E0.98933
G0 F1320 X37.36 Y50.371
G1 F480 X62.64 Y75.651 E0.98933
G0 F1320 X62.64 Y75.085
G1 F480 X37.36 Y49.805 E0.98933
G0 F1320 X37.36 Y49.239
G1 F480 X62.64 Y74.519 E0.98933
G0 F1320 X62.64 Y73.953
G1 F480 X37.36 Y48.674 E0.98931
G0 F1320 X37.36 Y48.108
G1 F480 X62.64 Y73.388 E0.98933
G0 F1320 X62.64 Y72.822
G1 F480 X37.36 Y47.542 E0.98933
G0 F1320 X37.36 Y46.977
G1 F480 X62.64 Y72.256 E0.98931
G0 F1320 X62.64 Y71.691
G1 F480 X37.36 Y46.411 E0.98933
G0 F1320 X37.36 Y45.845
G1 F480 X62.64 Y71.125 E0.98933
G0 F1320 X62.64 Y70.559
G1 F480 X37.36 Y45.28 E0.98931
G0 F1320 X37.36 Y44.714
G1 F480 X62.64 Y69.994 E0.98933
G0 F1320 X62.64 Y69.428
G1 F480 X37.36 Y44.148 E0.98933
G0 F1320 X37.36 Y43.583
G1 F480 X62.64 Y68.862 E0.98931
G0 F1320 X62.64 Y68.297
G1 F480 X37.36 Y43.017 E0.98933
G0 F1320 X37.36 Y42.451
G1 F480 X62.64 Y67.731 E0.98933
G0 F1320 X62.64 Y67.165
G1 F480 X37.36 Y41.885 E0.98933
G0 F1320 X37.36 Y41.32
G1 F480 X62.64 Y66.6 E0.98933
G0 F1320 X62.64 Y66.034
G1 F480 X37.36 Y40.754 E0.98933
G0 F1320 X37.36 Y40.188
G1 F480 X62.64 Y65.468 E0.98933
G0 F1320 X62.64 Y64.903
G1 F480 X37.36 Y39.623 E0.98933
G0 F1320 X37.36 Y39.057
G1 F480 X62.64 Y64.337 E0.98933
G0 F1320 X62.64 Y63.771
G1 F480 X37.36 Y38.491 E0.98933
G0 F1320 X37.36 Y37.926
G1 F480 X62.64 Y63.205 E0.98931
G0 F1320 X62.64 Y62.64
G1 F480 X37.36 Y37.36 E0.98933
G0 F1320 X37.36 Y36.794
G1 F480 X62.64 Y62.074 E0.98933
G0 F1320 X62.64 Y61.508
G1 F480 X37.36 Y36.229 E0.98931
G0 F1320 X37.36 Y35.663
G1 F480 X62.64 Y60.943 E0.98933
G0 F1320 X62.64 Y60.377
G1 F480 X37.36 Y35.097 E0.98933
G0 F1320 X37.36 Y34.532
G1 F480 X62.64 Y59.811 E0.98931
G0 F1320 X62.64 Y59.246
G1 F480 X37.36 Y33.966 E0.98933
G0 F1320 X37.36 Y33.4
G1 F480 X62.64 Y58.68 E0.98933
G0 F1320 X62.64 Y58.114
G1 F480 X37.36 Y32.835 E0.98931
G0 F1320 X37.36 Y32.269
G1 F480 X62.64 Y57.549 E0.98933
G0 F1320 X62.64 Y56.983
G1 F480 X37.36 Y31.703 E0.98933
G0 F1320 X37.36 Y31.137
G1 F480 X62.64 Y56.417 E0.98933
G0 F1320 X62.64 Y55.852
G1 F480 X37.36 Y30.572 E0.98933
G0 F1320 X37.36 Y30.006
G1 F480 X62.64 Y55.286 E0.98933
G0 F1320 X62.64 Y54.72
G1 F480 X37.36 Y29.44 E0.98933
G0 F1320 X37.36 Y28.875
G1 F480 X62.64 Y54.154 E0.98931
G0 F1320 X62.64 Y53.589
G1 F480 X37.36 Y28.309 E0.98933
G0 F1320 X37.36 Y27.743
G1 F480 X62.64 Y53.023 E0.98933
G0 F1320 X62.64 Y52.457
G1 F480 X37.36 Y27.178 E0.98931
G0 F1320 X37.36 Y26.612
G1 F480 X62.64 Y51.892 E0.98933
G0 F1320 X62.64 Y51.326
G1 F480 X37.36 Y26.046 E0.98933
G0 F1320 X37.36 Y25.481
G1 F480 X62.64 Y50.76 E0.98931
G0 F1320 X62.64 Y50.195
G1 F480 X37.36 Y24.915 E0.98933
G0 F1320 X37.36 Y24.349
G1 F480 X62.64 Y49.629 E0.98933
G0 F1320 X62.64 Y49.063
G1 F480 X37.36 Y23.784 E0.98931
G0 F1320 X37.36 Y23.218
G1 F480 X62.64 Y48.498 E0.98933
G0 F1320 X62.64 Y47.932
G1 F480 X37.36 Y22.652 E0.98933
G0 F1320 X37.455 Y22.182
G1 F480 X62.64 Y47.366 E0.98559
G0 F1320 X62.64 Y46.801
G1 F480 X37.761 Y21.922 E0.97363
G0 F1320 X38.265 Y21.86
G1 F480 X62.64 Y46.235 E0.95391
G0 F1320 X62.64 Y45.669
G1 F480 X38.831 Y21.86 E0.93176
G0 F1320 X39.396 Y21.86
G1 F480 X62.64 Y45.104 E0.90965
G0 F1320 X62.64 Y44.538
G1 F480 X39.962 Y21.86 E0.8875
G0 F1320 X40.528 Y21.86
G1 F480 X62.64 Y43.972 E0.86535
G0 F1320 X62.64 Y43.406
G1 F480 X41.094 Y21.86 E0.8432
G0 F1320 X41.659 Y21.86
G1 F480 X62.64 Y42.841 E0.82109
G0 F1320 X62.64 Y42.275
G1 F480 X42.225 Y21.86 E0.79894
G0 F1320 X42.791 Y21.86
G1 F480 X62.64 Y41.709 E0.77679
G0 F1320 X62.64 Y41.144
G1 F480 X43.356 Y21.86 E0.75467
G0 F1320 X43.922 Y21.86
G1 F480 X62.64 Y40.578 E0.73252
G0 F1320 X62.64 Y40.012
G1 F480 X44.488 Y21.86 E0.71037
G0 F1320 X45.053 Y21.86
G1 F480 X62.64 Y39.447 E0.68826
G0 F1320 X62.64 Y38.881
G1 F480 X45.619 Y21.86 E0.66611
G0 F1320 X46.185 Y21.86
G1 F480 X62.64 Y38.315 E0.64396
G0 F1320 X62.64 Y37.75
G1 F480 X46.75 Y21.86 E0.62185
G0 F1320 X47.316 Y21.86
G1 F480 X62.64 Y37.184 E0.5997
G0 F1320 X62.64 Y36.618
G1 F480 X47.882 Y21.86 E0.57755
G0 F1320 X48.447 Y21.86
G1 F480 X62.64 Y36.053 E0.55544
G0 F1320 X62.64 Y35.487
G1 F480 X49.013 Y21.86 E0.53329
G0 F1320 X49.579 Y21.86
G1 F480 X62.64 Y34.921 E0.51114
G0 F1320 X62.64 Y34.355
G1 F480 X50.144 Y21.86 E0.48901
G0 F1320 X50.71 Y21.86
G1 F480 X62.64 Y33.79 E0.46688
G0 F1320 X62.64 Y33.224
G1 F480 X51.276 Y21.86 E0.44473
G0 F1320 X51.842 Y21.86
G1 F480 X62.64 Y32.658 E0.42258
G0 F1320 X62.64 Y32.093
G1 F480 X52.407 Y21.86 E0.40047
G0 F1320 X52.973 Y21.86
G1 F480 X62.64 Y31.527 E0.37832
G0 F1320 X62.64 Y30.961
G1 F480 X53.539 Y21.86 E0.35617
G0 F1320 X54.104 Y21.86
G1 F480 X62.64 Y30.396 E0.33405
G0 F1320 X62.64 Y29.83
G1 F480 X54.67 Y21.86 E0.3119
G0 F1320 X55.236 Y21.86
G1 F480 X62.64 Y29.264 E0.28975
G0 F1320 X62.64 Y28.699
G1 F480 X55.801 Y21.86 E0.26764
G0 F1320 X56.367 Y21.86
G1 F480 X62.64 Y28.133 E0.24549
G0 F1320 X62.64 Y27.567
G1 F480 X56.933 Y21.86 E0.22334
G0 F1320 X57.498 Y21.86
G1 F480 X62.64 Y27.002 E0.20123
G0 F1320 X62.64 Y26.436
G1 F480 X58.064 Y21.86 E0.17908
G0 F1320 X58.63 Y21.86
G1 F480 X62.64 Y25.87 E0.15693
G0 F1320 X62.64 Y25.305
G1 F480 X59.195 Y21.86 E0.13482
G0 F1320 X59.761 Y21.86
G1 F480 X62.64 Y24.739 E0.11267
G0 F1320 X62.64 Y24.173
G1 F480 X60.327 Y21.86 E0.09052
G0 F1320 X60.893 Y21.86
G1 F480 X62.64 Y23.607 E0.06837
G0 F1320 X62.64 Y23.042
G1 F480 X61.458 Y21.86 E0.04626
G0 F1320 X62.024 Y21.86
G1 F480 X62.615 Y22.451 E0.02313
G1 X62.685 Y22.521
;MESH:NONMESH
G0 F600 X62.685 Y22.521 Z0.68
G0 F1320 X36.934 Y21.956
;TIME_ELAPSED:2046.598287
;LAYER:3
M204 P200
;TYPE:WALL-INNER
;MESH:flasherBot.STL
G1 F480 X36.8 Y22.373 E0.012
G1 X36.8 Y77.433 E1.50899
G1 X36.863 Y77.867 E0.01202
G1 X37.035 Y78.203 E0.01034
G1 X37.295 Y78.464 E0.0101
G1 X37.626 Y78.633 E0.01019
G1 X38.081 Y78.7 E0.0126
G1 X61.919 Y78.7 E0.65331
G1 X62.368 Y78.633 E0.01244
G1 X62.704 Y78.464 E0.01031
G1 X62.961 Y78.203 E0.01004
G1 X63.132 Y77.869 E0.01028
G1 X63.2 Y77.419 E0.01247
G1 X63.2 Y22.574 E1.5031
G1 X63.134 Y22.127 E0.01238
G1 X63.06 Y21.95 E0.00526
G1 X62.843 Y21.653 E0.01008
G1 X62.543 Y21.436 E0.01015
G1 X62.126 Y21.3 E0.01202
G1 X37.873 Y21.3 E0.66469
G1 X37.456 Y21.434 E0.012
G1 X37.154 Y21.654 E0.01024
G1 X36.934 Y21.956 E0.01024
G0 F1320 X63.286 Y78.439
G1 F480 X63.514 Y77.992 E0.01375
G1 X63.6 Y77.436 E0.01542
G1 X63.6 Y22.557 E1.50403
G1 X63.515 Y22.004 E0.01533
G1 X63.289 Y21.559 E0.01368
G1 X63.127 Y21.369 E0.00684
G1 X62.726 Y21.078 E0.01358
G1 X62.178 Y20.9 E0.01579
G1 X37.822 Y20.9 E0.66751
G1 X37.272 Y21.077 E0.01583
G1 X36.87 Y21.37 E0.01363
G1 X36.577 Y21.772 E0.01363
G1 X36.4 Y22.322 E0.01583
G1 X36.4 Y77.449 E1.51083
G1 X36.481 Y77.991 E0.01502
G1 X36.71 Y78.439 E0.01379
G1 X37.059 Y78.788 E0.01353
G1 X37.503 Y79.015 E0.01367
G1 X38.064 Y79.1 E0.01555
G1 X61.936 Y79.1 E0.65424
G1 X62.492 Y79.015 E0.01541
G1 X62.94 Y78.788 E0.01376
G1 X63.286 Y78.439 E0.01347
G0 F1320 X36 Y77.464
G1 F480 X36.099 Y78.114 E0.01802
G1 X36.385 Y78.675 E0.01726
G1 X36.823 Y79.113 E0.01698
G1 X37.38 Y79.397 E0.01714
G1 X38.047 Y79.5 E0.0185
G1 X61.953 Y79.5 E0.65518
G1 X62.615 Y79.397 E0.01836
G1 X63.176 Y79.113 E0.01723
G1 X63.611 Y78.675 E0.01692
G1 X63.896 Y78.115 E0.01722
G1 X64 Y77.453 E0.01837
G1 X64 Y22.54 E1.50496
G1 X63.897 Y21.881 E0.01828
G1 X63.613 Y21.323 E0.01716
G1 X63.41 Y21.086 E0.00855
G1 X62.909 Y20.721 E0.01699
G1 X62.313 Y20.528 E0.01717
G1 X61.957 Y20.5 E0.00979
G1 X38.043 Y20.5 E0.6554
G1 X37.38 Y20.599 E0.01837
G1 X37.088 Y20.72 E0.00866
G1 X36.586 Y21.086 E0.01703
G1 X36.22 Y21.588 E0.01703
G1 X36.028 Y22.186 E0.01721
G1 X36 Y22.543 E0.00981
G1 X36 Y77.464 E1.50518
G0 F1320 X36.774 Y79.191
G0 X36.587 Y79.437
G1 F480 X36.902 Y79.631 E0.01014
G1 X37.257 Y79.779 E0.01054
G1 X37.627 Y79.865 E0.01041
G1 X38.03 Y79.9 E0.01109
G1 X61.97 Y79.9 E0.65611
G1 X62.373 Y79.865 E0.01109
G1 X62.738 Y79.779 E0.01028
G1 X63.095 Y79.631 E0.01059
G1 X63.413 Y79.437 E0.01021
G1 X63.693 Y79.195 E0.01014
G1 X63.936 Y78.91 E0.01026
G1 X64.131 Y78.59 E0.01027
G1 X64.278 Y78.239 E0.01043
G1 X64.365 Y77.869 E0.01042
G1 X64.4 Y77.47 E0.01098
G1 X64.4 Y22.522 E1.50592
G1 X64.366 Y22.127 E0.01087
G1 X64.279 Y21.757 E0.01042
G1 X64.132 Y21.402 E0.01053
G1 X63.937 Y21.087 E0.01015
G1 X63.694 Y20.802 E0.01026
G1 X63.413 Y20.562 E0.01013
G1 X63.093 Y20.364 E0.01031
G1 X62.738 Y20.217 E0.01053
G1 X62.375 Y20.131 E0.01022
G1 X61.973 Y20.1 E0.01105
G1 X38.027 Y20.1 E0.65627
G1 X37.624 Y20.131 E0.01108
G1 X37.257 Y20.217 E0.01033
G1 X36.904 Y20.364 E0.01048
G1 X36.302 Y20.802 E0.0204
G1 X35.864 Y21.404 E0.0204
G1 X35.718 Y21.757 E0.01047
G1 X35.631 Y22.124 E0.01034
G1 X35.6 Y22.527 E0.01108
G1 X35.6 Y77.48 E1.50606
G1 X35.631 Y77.871 E0.01075
G1 X35.717 Y78.238 E0.01033
G1 X35.865 Y78.59 E0.01047
G1 X36.06 Y78.91 E0.01027
G1 X36.302 Y79.194 E0.01023
G1 X36.587 Y79.437 E0.01026
G0 F1320 X36.775 Y79.19
G0 X38.029 Y20.409
G0 X38.012 Y19.7
M204 P150
;TYPE:WALL-OUTER
G1 F480 X37.563 Y19.735 E0.01222
G1 X37.134 Y19.835 E0.01196
G1 X36.72 Y20.007 E0.01217
G1 X36.351 Y20.239 E0.01183
G1 X36.018 Y20.518 E0.01179
G1 X35.739 Y20.851 E0.01179
G1 X35.507 Y21.22 E0.01183
G1 X35.336 Y21.634 E0.01216
G1 X35.235 Y22.063 E0.01196
G1 X35.2 Y22.512 E0.01222
G1 X35.2 Y77.496 E1.49228
G1 X35.235 Y77.933 E0.0119
G1 X35.335 Y78.362 E0.01196
G1 X35.507 Y78.772 E0.01207
G1 X35.735 Y79.146 E0.01189
G1 X36.018 Y79.478 E0.01184
G1 X36.351 Y79.761 E0.01186
G1 X36.72 Y79.989 E0.01177
G1 X37.134 Y80.161 E0.01217
G1 X37.564 Y80.261 E0.01198
G1 X38.013 Y80.3 E0.01223
G1 X61.987 Y80.3 E0.65066
G1 X62.436 Y80.261 E0.01223
G1 X62.862 Y80.161 E0.01188
G1 X63.277 Y79.989 E0.01219
G1 X63.649 Y79.761 E0.01184
G1 X63.977 Y79.478 E0.01176
G1 X64.261 Y79.146 E0.01186
G1 X64.489 Y78.772 E0.01189
G1 X64.66 Y78.362 E0.01206
G1 X64.761 Y77.932 E0.01199
G1 X64.8 Y77.487 E0.01212
G1 X64.8 Y22.505 E1.49223
G1 X64.762 Y22.064 E0.01201
G1 X64.661 Y21.634 E0.01199
G1 X64.489 Y21.22 E0.01217
G1 X64.261 Y20.851 E0.01177
G1 X63.978 Y20.518 E0.01186
G1 X63.649 Y20.238 E0.01173
G1 X63.276 Y20.007 E0.01191
G1 X62.862 Y19.835 E0.01217
G1 X62.437 Y19.735 E0.01185
G1 X61.988 Y19.7 E0.01222
G1 X38.012 Y19.7 E0.65072
G0 F1320 X37.813 Y19.715
G0 X37.868 Y20.423
G0 X62.667 Y77.986
M204 P180
;TYPE:SKIN
G1 F480 X62.379 Y78.234 E0.01052
G1 X62.056 Y78.34 E0.00941
G1 X38.107 Y78.34 E0.66273
G1 X37.734 Y78.286 E0.01043
G1 X37.507 Y78.171 E0.00704
G1 X37.324 Y77.989 E0.00714
G1 X37.206 Y77.756 E0.00723
G1 X37.161 Y77.406 E0.00977
G1 X37.16 Y22.423 E1.52151
G1 X37.257 Y22.115 E0.00894
G1 X37.408 Y21.908 E0.00709
G1 X37.615 Y21.757 E0.00709
G1 X37.923 Y21.66 E0.00894
G1 X62.071 Y21.66 E0.66823
G1 X62.376 Y21.761 E0.00889
G1 X62.582 Y21.907 E0.00699
G1 X62.784 Y22.242 E0.01083
G1 X62.84 Y22.6 E0.01003
G1 X62.84 Y77.388 E1.51612
G1 X62.783 Y77.758 E0.01036
G1 X62.667 Y77.986 E0.00708
G0 F1320 X62.585 Y77.705
G1 F480 X62.211 Y78.079 E0.01464
G0 F1320 X61.584 Y78.14
G1 F480 X62.64 Y77.085 E0.04131
G0 F1320 X62.64 Y76.519
G1 F480 X61.018 Y78.14 E0.06346
G0 F1320 X60.453 Y78.14
G1 F480 X62.64 Y75.953 E0.08559
G0 F1320 X62.64 Y75.387
G1 F480 X59.887 Y78.14 E0.10774
G0 F1320 X59.321 Y78.14
G1 F480 X62.64 Y74.822 E0.12987
G0 F1320 X62.64 Y74.256
G1 F480 X58.756 Y78.14 E0.152
G0 F1320 X58.19 Y78.14
G1 F480 X62.64 Y73.69 E0.17415
G0 F1320 X62.64 Y73.125
G1 F480 X57.624 Y78.14 E0.19628
G0 F1320 X57.059 Y78.14
G1 F480 X62.64 Y72.559 E0.21841
G0 F1320 X62.64 Y71.993
G1 F480 X56.493 Y78.14 E0.24056
G0 F1320 X55.927 Y78.14
G1 F480 X62.64 Y71.428 E0.26269
G0 F1320 X62.64 Y70.862
G1 F480 X55.362 Y78.14 E0.28482
G0 F1320 X54.796 Y78.14
G1 F480 X62.64 Y70.296 E0.30697
G0 F1320 X62.64 Y69.731
G1 F480 X54.23 Y78.14 E0.3291
G0 F1320 X53.664 Y78.14
G1 F480 X62.64 Y69.165 E0.35125
G0 F1320 X62.64 Y68.599
G1 F480 X53.099 Y78.14 E0.37338
G0 F1320 X52.533 Y78.14
G1 F480 X62.64 Y68.034 E0.39552
G0 F1320 X62.64 Y67.468
G1 F480 X51.967 Y78.14 E0.41767
G0 F1320 X51.402 Y78.14
G1 F480 X62.64 Y66.902 E0.4398
G0 F1320 X62.64 Y66.337
G1 F480 X50.836 Y78.14 E0.46193
G0 F1320 X50.27 Y78.14
G1 F480 X62.64 Y65.771 E0.48408
G0 F1320 X62.64 Y65.205
G1 F480 X49.705 Y78.14 E0.50621
G0 F1320 X49.139 Y78.14
G1 F480 X62.64 Y64.639 E0.52836
G0 F1320 X62.64 Y64.074
G1 F480 X48.573 Y78.14 E0.55049
G0 F1320 X48.008 Y78.14
G1 F480 X62.64 Y63.508 E0.57262
G0 F1320 X62.64 Y62.942
G1 F480 X47.442 Y78.14 E0.59477
G0 F1320 X46.876 Y78.14
G1 F480 X62.64 Y62.377 E0.6169
G0 F1320 X62.64 Y61.811
G1 F480 X46.311 Y78.14 E0.63903
G0 F1320 X45.745 Y78.14
G1 F480 X62.64 Y61.245 E0.66118
G0 F1320 X62.64 Y60.68
G1 F480 X45.179 Y78.14 E0.68331
G0 F1320 X44.613 Y78.14
G1 F480 X62.64 Y60.114 E0.70546
G0 F1320 X62.64 Y59.548
G1 F480 X44.048 Y78.14 E0.72759
G0 F1320 X43.482 Y78.14
G1 F480 X62.64 Y58.983 E0.74972
G0 F1320 X62.64 Y58.417
G1 F480 X42.916 Y78.14 E0.77187
G0 F1320 X42.351 Y78.14
G1 F480 X62.64 Y57.851 E0.794
G0 F1320 X62.64 Y57.286
G1 F480 X41.785 Y78.14 E0.81614
G0 F1320 X41.219 Y78.14
G1 F480 X62.64 Y56.72 E0.83829
G0 F1320 X62.64 Y56.154
G1 F480 X40.654 Y78.14 E0.86042
G0 F1320 X40.088 Y78.14
G1 F480 X62.64 Y55.588 E0.88257
G0 F1320 X62.64 Y55.023
G1 F480 X39.522 Y78.14 E0.9047
G0 F1320 X38.957 Y78.14
G1 F480 X62.64 Y54.457 E0.92683
G0 F1320 X62.64 Y53.891
G1 F480 X38.391 Y78.14 E0.94898
G0 F1320 X37.863 Y78.103
G1 F480 X62.64 Y53.326 E0.96964
G0 F1320 X62.64 Y52.76
G1 F480 X37.509 Y77.891 E0.98349
G0 F1320 X37.37 Y77.464
G1 F480 X62.64 Y52.194 E0.98893
G0 F1320 X62.64 Y51.629
G1 F480 X37.361 Y76.908 E0.98929
G0 F1320 X37.361 Y76.342
G1 F480 X62.64 Y51.063 E0.98929
G0 F1320 X62.64 Y50.497
G1 F480 X37.361 Y75.776 E0.98929
G0 F1320 X37.361 Y75.211
G1 F480 X62.64 Y49.932 E0.98929
G0 F1320 X62.64 Y49.366
G1 F480 X37.361 Y74.645 E0.98929
G0 F1320 X37.361 Y74.079
G1 F480 X62.64 Y48.8 E0.98929
G0 F1320 X62.64 Y48.235
G1 F480 X37.361 Y73.514 E0.98929
G0 F1320 X37.361 Y72.948
G1 F480 X62.64 Y47.669 E0.98929
G0 F1320 X62.64 Y47.103
G1 F480 X37.361 Y72.382 E0.98929
G0 F1320 X37.361 Y71.817
G1 F480 X62.64 Y46.538 E0.98929
G0 F1320 X62.64 Y45.972
G1 F480 X37.361 Y71.251 E0.98929
G0 F1320 X37.361 Y70.685
G1 F480 X62.64 Y45.406 E0.98929
G0 F1320 X62.64 Y44.84
G1 F480 X37.361 Y70.12 E0.98931
G0 F1320 X37.361 Y69.554
G1 F480 X62.64 Y44.275 E0.98929
G0 F1320 X62.64 Y43.709
G1 F480 X37.361 Y68.988 E0.98929
G0 F1320 X37.361 Y68.422
G1 F480 X62.64 Y43.143 E0.98929
G0 F1320 X62.64 Y42.578
G1 F480 X37.361 Y67.857 E0.98929
G0 F1320 X37.361 Y67.291
G1 F480 X62.64 Y42.012 E0.98929
G0 F1320 X62.64 Y41.446
G1 F480 X37.361 Y66.725 E0.98929
G0 F1320 X37.361 Y66.16
G1 F480 X62.64 Y40.881 E0.98929
G0 F1320 X62.64 Y40.315
G1 F480 X37.361 Y65.594 E0.98929
G0 F1320 X37.361 Y65.028
G1 F480 X62.64 Y39.749 E0.98929
G0 F1320 X62.64 Y39.184
G1 F480 X37.361 Y64.463 E0.98929
G0 F1320 X37.361 Y63.897
G1 F480 X62.64 Y38.618 E0.98929
G0 F1320 X62.64 Y38.052
G1 F480 X37.361 Y63.331 E0.98929
G0 F1320 X37.361 Y62.766
G1 F480 X62.64 Y37.487 E0.98929
G0 F1320 X62.64 Y36.921
G1 F480 X37.361 Y62.2 E0.98929
G0 F1320 X37.361 Y61.634
G1 F480 X62.64 Y36.355 E0.98929
G0 F1320 X62.64 Y35.79
G1 F480 X37.361 Y61.069 E0.98929
G0 F1320 X37.361 Y60.503
G1 F480 X62.64 Y35.224 E0.98929
G0 F1320 X62.64 Y34.658
G1 F480 X37.361 Y59.937 E0.98929
G0 F1320 X37.361 Y59.372
G1 F480 X62.64 Y34.092 E0.98931
G0 F1320 X62.64 Y33.527
G1 F480 X37.361 Y58.806 E0.98929
G0 F1320 X37.361 Y58.24
G1 F480 X62.64 Y32.961 E0.98929
G0 F1320 X62.64 Y32.395
G1 F480 X37.361 Y57.674 E0.98929
G0 F1320 X37.361 Y57.109
G1 F480 X62.64 Y31.83 E0.98929
G0 F1320 X62.64 Y31.264
G1 F480 X37.361 Y56.543 E0.98929
G0 F1320 X37.361 Y55.977
G1 F480 X62.64 Y30.698 E0.98929
G0 F1320 X62.64 Y30.133
G1 F480 X37.361 Y55.412 E0.98929
G0 F1320 X37.361 Y54.846
G1 F480 X62.64 Y29.567 E0.98929
G0 F1320 X62.64 Y29.001
G1 F480 X37.361 Y54.28 E0.98929
G0 F1320 X37.361 Y53.715
G1 F480 X62.64 Y28.436 E0.98929
G0 F1320 X62.64 Y27.87
G1 F480 X37.361 Y53.149 E0.98929
G0 F1320 X37.361 Y52.583
G1 F480 X62.64 Y27.304 E0.98929
G0 F1320 X62.64 Y26.739
G1 F480 X37.361 Y52.018 E0.98929
G0 F1320 X37.361 Y51.452
G1 F480 X62.64 Y26.173 E0.98929
G0 F1320 X62.64 Y25.607
G1 F480 X37.361 Y50.886 E0.98929
G0 F1320 X37.361 Y50.321
G1 F480 X62.64 Y25.041 E0.98931
G0 F1320 X62.64 Y24.476
G1 F480 X37.361 Y49.755 E0.98929
G0 F1320 X37.361 Y49.189
G1 F480 X62.64 Y23.91 E0.98929
G0 F1320 X62.64 Y23.344
G1 F480 X37.361 Y48.623 E0.98929
G0 F1320 X37.361 Y48.058
G1 F480 X62.64 Y22.779 E0.98929
G0 F1320 X62.573 Y22.28
G1 F480 X37.361 Y47.492 E0.98666
G0 F1320 X37.361 Y46.926
G1 F480 X62.322 Y21.966 E0.97682
G0 F1320 X61.861 Y21.86
G1 F480 X37.361 Y46.361 E0.95882
G0 F1320 X37.361 Y45.795
G1 F480 X61.296 Y21.86 E0.93669
G0 F1320 X60.73 Y21.86
G1 F480 X37.361 Y45.229 E0.91454
G0 F1320 X37.361 Y44.664
G1 F480 X60.164 Y21.86 E0.89241
G0 F1320 X59.598 Y21.86
G1 F480 X37.361 Y44.098 E0.87026
G0 F1320 X37.361 Y43.532
G1 F480 X59.033 Y21.86 E0.84813
G0 F1320 X58.467 Y21.86
G1 F480 X37.361 Y42.967 E0.826
G0 F1320 X37.361 Y42.401
G1 F480 X57.901 Y21.86 E0.80385
G0 F1320 X57.336 Y21.86
G1 F480 X37.361 Y41.835 E0.78172
G0 F1320 X37.361 Y41.27
G1 F480 X56.77 Y21.86 E0.75959
G0 F1320 X56.204 Y21.86
G1 F480 X37.361 Y40.704 E0.73744
G0 F1320 X37.361 Y40.138
G1 F480 X55.639 Y21.86 E0.7153
G0 F1320 X55.073 Y21.86
G1 F480 X37.361 Y39.573 E0.69317
G0 F1320 X37.361 Y39.007
G1 F480 X54.507 Y21.86 E0.67102
G0 F1320 X53.942 Y21.86
G1 F480 X37.361 Y38.441 E0.64889
G0 F1320 X37.361 Y37.875
G1 F480 X53.376 Y21.86 E0.62674
G0 F1320 X52.81 Y21.86
G1 F480 X37.361 Y37.31 E0.60461
G0 F1320 X37.361 Y36.744
G1 F480 X52.245 Y21.86 E0.58248
G0 F1320 X51.679 Y21.86
G1 F480 X37.361 Y36.178 E0.56033
G0 F1320 X37.361 Y35.613
G1 F480 X51.113 Y21.86 E0.5382
G0 F1320 X50.548 Y21.86
G1 F480 X37.361 Y35.047 E0.51607
G0 F1320 X37.361 Y34.481
G1 F480 X49.982 Y21.86 E0.49392
G0 F1320 X49.416 Y21.86
G1 F480 X37.361 Y33.916 E0.47179
G0 F1320 X37.361 Y33.35
G1 F480 X48.85 Y21.86 E0.44964
G0 F1320 X48.285 Y21.86
G1 F480 X37.361 Y32.784 E0.42751
G0 F1320 X37.361 Y32.219
G1 F480 X47.719 Y21.86 E0.40538
G0 F1320 X47.153 Y21.86
G1 F480 X37.361 Y31.653 E0.38323
G0 F1320 X37.361 Y31.087
G1 F480 X46.588 Y21.86 E0.3611
G0 F1320 X46.022 Y21.86
G1 F480 X37.361 Y30.522 E0.33897
G0 F1320 X37.361 Y29.956
G1 F480 X45.456 Y21.86 E0.31682
G0 F1320 X44.891 Y21.86
G1 F480 X37.361 Y29.39 E0.29468
G0 F1320 X37.361 Y28.825
G1 F480 X44.325 Y21.86 E0.27255
G0 F1320 X43.759 Y21.86
G1 F480 X37.361 Y28.259 E0.2504
G0 F1320 X37.361 Y27.693
G1 F480 X43.194 Y21.86 E0.22827
G0 F1320 X42.628 Y21.86
G1 F480 X37.361 Y27.127 E0.20612
G0 F1320 X37.361 Y26.562
G1 F480 X42.062 Y21.86 E0.18399
G0 F1320 X41.497 Y21.86
G1 F480 X37.361 Y25.996 E0.16186
G0 F1320 X37.361 Y25.43
G1 F480 X40.931 Y21.86 E0.13971
G0 F1320 X40.365 Y21.86
G1 F480 X37.361 Y24.865 E0.11758
G0 F1320 X37.361 Y24.299
G1 F480 X39.8 Y21.86 E0.09545
G0 F1320 X39.234 Y21.86
G1 F480 X37.361 Y23.733 E0.0733
G0 F1320 X37.361 Y23.168
G1 F480 X38.668 Y21.86 E0.05117
G0 F1320 X38.102 Y21.86
G1 F480 X37.361 Y22.602 E0.02902
G1 X37.291 Y22.672
;MESH:NONMESH
G0 F600 X37.291 Y22.672 Z0.84
G0 F1320 X63.2 Y77.419
;TIME_ELAPSED:2639.123107
;LAYER:4
M204 P200
;TYPE:WALL-INNER
;MESH:flasherBot.STL
G1 F480 X63.2 Y22.574 E1.5031
G1 X63.134 Y22.127 E0.01238
G1 X63.06 Y21.95 E0.00526
G1 X62.843 Y21.653 E0.01008
G1 X62.543 Y21.436 E0.01015
G1 X62.126 Y21.3 E0.01202
G1 X37.873 Y21.3 E0.66469
G1 X37.456 Y21.434 E0.012
G1 X37.154 Y21.654 E0.01024
G1 X36.934 Y21.956 E0.01024
G1 X36.8 Y22.373 E0.012
G1 X36.8 Y77.433 E1.50899
G1 X36.863 Y77.867 E0.01202
G1 X37.035 Y78.203 E0.01034
G1 X37.295 Y78.464 E0.0101
G1 X37.626 Y78.633 E0.01019
G1 X38.081 Y78.7 E0.0126
G1 X61.919 Y78.7 E0.65331
G1 X62.368 Y78.633 E0.01244
G1 X62.704 Y78.464 E0.01031
G1 X62.961 Y78.203 E0.01004
G1 X63.132 Y77.869 E0.01028
G1 X63.2 Y77.419 E0.01247
G0 F1320 X63.514 Y77.992
G1 F480 X63.6 Y77.436 E0.01542
G1 X63.6 Y22.557 E1.50403
G1 X63.515 Y22.004 E0.01533
G1 X63.289 Y21.559 E0.01368
G1 X63.127 Y21.369 E0.00684
G1 X62.726 Y21.078 E0.01358
G1 X62.178 Y20.9 E0.01579
G1 X37.822 Y20.9 E0.66751
G1 X37.272 Y21.077 E0.01583
G1 X36.87 Y21.37 E0.01363
G1 X36.577 Y21.772 E0.01363
G1 X36.4 Y22.322 E0.01583
G1 X36.4 Y77.449 E1.51083
G1 X36.481 Y77.991 E0.01502
G1 X36.71 Y78.439 E0.01379
G1 X37.059 Y78.788 E0.01353
G1 X37.503 Y79.015 E0.01367
G1 X38.064 Y79.1 E0.01555
G1 X61.936 Y79.1 E0.65424
G1 X62.492 Y79.015 E0.01541
G1 X62.94 Y78.788 E0.01376
G1 X63.286 Y78.439 E0.01347
G1 X63.514 Y77.992 E0.01375
G0 F1320 X62.909 Y20.721
G1 F480 X62.313 Y20.528 E0.01717
G1 X61.957 Y20.5 E0.00979
G1 X38.043 Y20.5 E0.6554
G1 X37.38 Y20.599 E0.01837
G1 X37.088 Y20.72 E0.00866
G1 X36.586 Y21.086 E0.01703
G1 X36.22 Y21.588 E0.01703
G1 X36.028 Y22.186 E0.01721
G1 X36 Y22.543 E0.00981
G1 X36 Y77.464 E1.50518
G1 X36.099 Y78.114 E0.01802
G1 X36.385 Y78.675 E0.01726
G1 X36.823 Y79.113 E0.01698
G1 X37.38 Y79.397 E0.01714
G1 X38.047 Y79.5 E0.0185
G1 X61.953 Y79.5 E0.65518
G1 X62.615 Y79.397 E0.01836
G1 X63.176 Y79.113 E0.01723
G1 X63.611 Y78.675 E0.01692
G1 X63.896 Y78.115 E0.01722
G1 X64 Y77.453 E0.01837
G1 X64 Y22.54 E1.50496
G1 X63.897 Y21.881 E0.01828
G1 X63.613 Y21.323 E0.01716
G1 X63.41 Y21.086 E0.00855
G1 X62.909 Y20.721 E0.01699
G0 F1320 X35.937 Y22.178
G0 X35.631 Y22.124
G1 F480 X35.6 Y22.527 E0.01108
G1 X35.6 Y77.48 E1.50606
G1 X35.631 Y77.871 E0.01075
G1 X35.717 Y78.238 E0.01033
G1 X35.865 Y78.59 E0.01047
G1 X36.06 Y78.91 E0.01027
G1 X36.302 Y79.194 E0.01023
G1 X36.587 Y79.437 E0.01026
G1 X36.902 Y79.631 E0.01014
G1 X37.257 Y79.779 E0.01054
G1 X37.627 Y79.865 E0.01041
G1 X38.03 Y79.9 E0.01109
G1 X61.97 Y79.9 E0.65611
G1 X62.373 Y79.865 E0.01109
G1 X62.738 Y79.779 E0.01028
G1 X63.095 Y79.631 E0.01059
G1 X63.413 Y79.437 E0.01021
G1 X63.693 Y79.195 E0.01014
G1 X63.936 Y78.91 E0.01026
G1 X64.131 Y78.59 E0.01027
G1 X64.278 Y78.239 E0.01043
G1 X64.365 Y77.869 E0.01042
G1 X64.4 Y77.47 E0.01098
G1 X64.4 Y22.522 E1.50592
G1 X64.366 Y22.127 E0.01087
G1 X64.279 Y21.757 E0.01042
G1 X64.132 Y21.402 E0.01053
G1 X63.937 Y21.087 E0.01015
G1 X63.694 Y20.802 E0.01026
G1 X63.413 Y20.562 E0.01013
G1 X63.093 Y20.364 E0.01031
G1 X62.738 Y20.217 E0.01053
G1 X62.375 Y20.131 E0.01022
G1 X61.973 Y20.1 E0.01105
G1 X38.027 Y20.1 E0.65627
G1 X37.624 Y20.131 E0.01108
G1 X37.257 Y20.217 E0.01033
G1 X36.904 Y20.364 E0.01048
G1 X36.302 Y20.802 E0.0204
G1 X35.864 Y21.404 E0.0204
G1 X35.718 Y21.757 E0.01047
G1 X35.631 Y22.124 E0.01034
G0 F1320 X35.937 Y22.178
G0 X64.063 Y77.822
G0 X64.761 Y77.932
M204 P150
;TYPE:WALL-OUTER
G1 F480 X64.8 Y77.487 E0.01212
G1 X64.8 Y22.505 E1.49223
G1 X64.762 Y22.064 E0.01201
G1 X64.661 Y21.634 E0.01199
G1 X64.489 Y21.22 E0.01217
G1 X64.261 Y20.851 E0.01177
G1 X63.978 Y20.518 E0.01186
G1 X63.649 Y20.238 E0.01173
G1 X63.276 Y20.007 E0.01191
G1 X62.862 Y19.835 E0.01217
G1 X62.437 Y19.735 E0.01185
G1 X61.988 Y19.7 E0.01222
G1 X38.012 Y19.7 E0.65072
G1 X37.563 Y19.735 E0.01222
G1 X37.134 Y19.835 E0.01196
G1 X36.72 Y20.007 E0.01217
G1 X36.351 Y20.239 E0.01183
G1 X36.018 Y20.518 E0.01179
G1 X35.739 Y20.851 E0.01179
G1 X35.507 Y21.22 E0.01183
G1 X35.336 Y21.634 E0.01216
G1 X35.235 Y22.063 E0.01196
G1 X35.2 Y22.512 E0.01222
G1 X35.2 Y77.496 E1.49228
G1 X35.235 Y77.933 E0.0119
G1 X35.335 Y78.362 E0.01196
G1 X35.507 Y78.772 E0.01207
G1 X35.735 Y79.146 E0.01189
G1 X36.018 Y79.478 E0.01184
G1 X36.351 Y79.761 E0.01186
G1 X36.72 Y79.989 E0.01177
G1 X37.134 Y80.161 E0.01217
G1 X37.564 Y80.261 E0.01198
G1 X38.013 Y80.3 E0.01223
G1 X61.987 Y80.3 E0.65066
G1 X62.436 Y80.261 E0.01223
G1 X62.862 Y80.161 E0.01188
G1 X63.277 Y79.989 E0.01219
G1 X63.649 Y79.761 E0.01184
G1 X63.977 Y79.478 E0.01176
G1 X64.261 Y79.146 E0.01186
G1 X64.489 Y78.772 E0.01189
G1 X64.66 Y78.362 E0.01206
G1 X64.761 Y77.932 E0.01199
G0 F1320 X64.778 Y77.733
G0 X64.075 Y77.677
G0 X62.376 Y21.761
M204 P180
;TYPE:SKIN
G1 F480 X62.582 Y21.907 E0.00699
G1 X62.784 Y22.242 E0.01083
G1 X62.84 Y22.6 E0.01003
G1 X62.84 Y77.388 E1.51612
G1 X62.783 Y77.758 E0.01036
G1 X62.667 Y77.986 E0.00708
G1 X62.379 Y78.234 E0.01052
G1 X62.056 Y78.34 E0.00941
G1 X38.107 Y78.34 E0.66273
G1 X37.734 Y78.286 E0.01043
G1 X37.507 Y78.171 E0.00704
G1 X37.324 Y77.989 E0.00714
G1 X37.206 Y77.756 E0.00723
G1 X37.161 Y77.406 E0.00977
G1 X37.16 Y22.423 E1.52151
G1 X37.257 Y22.115 E0.00894
G1 X37.408 Y21.908 E0.00709
G1 X37.615 Y21.757 E0.00709
G1 X37.923 Y21.66 E0.00894
G1 X62.071 Y21.66 E0.66823
G1 X62.376 Y21.761 E0.00889
G0 F1320 X62.615 Y22.451
G1 F480 X62.024 Y21.86 E0.02313
G0 F1320 X61.458 Y21.86
G1 F480 X62.64 Y23.042 E0.04626
G0 F1320 X62.64 Y23.607
G1 F480 X60.893 Y21.86 E0.06837
G0 F1320 X60.327 Y21.86
G1 F480 X62.64 Y24.173 E0.09052
G0 F1320 X62.64 Y24.739
G1 F480 X59.761 Y21.86 E0.11267
G0 F1320 X59.195 Y21.86
G1 F480 X62.64 Y25.305 E0.13482
G0 F1320 X62.64 Y25.87
G1 F480 X58.63 Y21.86 E0.15693
G0 F1320 X58.064 Y21.86
G1 F480 X62.64 Y26.436 E0.17908
G0 F1320 X62.64 Y27.002
G1 F480 X57.498 Y21.86 E0.20123
G0 F1320 X56.933 Y21.86
G1 F480 X62.64 Y27.567 E0.22334
G0 F1320 X62.64 Y28.133
G1 F480 X56.367 Y21.86 E0.24549
G0 F1320 X55.801 Y21.86
G1 F480 X62.64 Y28.699 E0.26764
G0 F1320 X62.64 Y29.264
G1 F480 X55.236 Y21.86 E0.28975
G0 F1320 X54.67 Y21.86
G1 F480 X62.64 Y29.83 E0.3119
G0 F1320 X62.64 Y30.396
G1 F480 X54.104 Y21.86 E0.33405
G0 F1320 X53.539 Y21.86
G1 F480 X62.64 Y30.961 E0.35617
G0 F1320 X62.64 Y31.527
G1 F480 X52.973 Y21.86 E0.37832
G0 F1320 X52.407 Y21.86
G1 F480 X62.64 Y32.093 E0.40047
G0 F1320 X62.64 Y32.658
G1 F480 X51.842 Y21.86 E0.42258
G0 F1320 X51.276 Y21.86
G1 F480 X62.64 Y33.224 E0.44473
G0 F1320 X62.64 Y33.79
G1 F480 X50.71 Y21.86 E0.46688
G0 F1320 X50.144 Y21.86
G1 F480 X62.64 Y34.355 E0.48901
G0 F1320 X62.64 Y34.921
G1 F480 X49.579 Y21.86 E0.51114
G0 F1320 X49.013 Y21.86
G1 F480 X62.64 Y35.487 E0.53329
G0 F1320 X62.64 Y36.053
G1 F480 X48.447 Y21.86 E0.55544
G0 F1320 X47.882 Y21.86
G1 F480 X62.64 Y36.618 E0.57755
G0 F1320 X62.64 Y37.184
G1 F480 X47.316 Y21.86 E0.5997
G0 F1320 X46.75 Y21.86
G1 F480 X62.64 Y37.75 E0.62185
G0 F1320 X62.64 Y38.315
G1 F480 X46.185 Y21.86 E0.64396
G0 F1320 X45.619 Y21.86
G1 F480 X62.64 Y38.881 E0.66611
G0 F1320 X62.64 Y39.447
G1 F480 X45.053 Y21.86 E0.68826
G0 F1320 X44.488 Y21.86
G1 F480 X62.64 Y40.012 E0.71037
G0 F1320 X62.64 Y40.578
G1 F480 X43.922 Y21.86 E0.73252
G0 F1320 X43.356 Y21.86
G1 F480 X62.64 Y41.144 E0.75467
G0 F1320 X62.64 Y41.709
G1 F480 X42.791 Y21.86 E0.77679
G0 F1320 X42.225 Y21.86
G1 F480 X62.64 Y42.275 E0.79894
G0 F1320 X62.64 Y42.841
G1 F480 X41.659 Y21.86 E0.82109
G0 F1320 X41.094 Y21.86
G1 F480 X62.64 Y43.406 E0.8432
G0 F1320 X62.64 Y43.972
G1 F480 X40.528 Y21.86 E0.86535
G0 F1320 X39.962 Y21.86
G1 F480 X62.64 Y44.538 E0.8875
G0 F1320 X62.64 Y45.104
G1 F480 X39.396 Y21.86 E0.90965
G0 F1320 X38.831 Y21.86
G1 F480 X62.64 Y45.669 E0.93176
G0 F1320 X62.64 Y46.235
G1 F480 X38.265 Y21.86 E0.95391
G0 F1320 X37.761 Y21.922
G1 F480 X62.64 Y46.801 E0.97363
G0 F1320 X62.64 Y47.366
G1 F480 X37.455 Y22.182 E0.98559
G0 F1320 X37.36 Y22.652
G1 F480 X62.64 Y47.932 E0.98933
G0 F1320 X62.64 Y48.498
G1 F480 X37.36 Y23.218 E0.98933
G0 F1320 X37.36 Y23.784
G1 F480 X62.64 Y49.063 E0.98931
G0 F1320 X62.64 Y49.629
G1 F480 X37.36 Y24.349 E0.98933
G0 F1320 X37.36 Y24.915
G1 F480 X62.64 Y50.195 E0.98933
G0 F1320 X62.64 Y50.76
G1 F480 X37.36 Y25.481 E0.98931
G0 F1320 X37.36 Y26.046
G1 F480 X62.64 Y51.326 E0.98933
G0 F1320 X62.64 Y51.892
G1 F480 X37.36 Y26.612 E0.98933
G0 F1320 X37.36 Y27.178
G1 F480 X62.64 Y52.457 E0.98931
G0 F1320 X62.64 Y53.023
G1 F480 X37.36 Y27.743 E0.98933
G0 F1320 X37.36 Y28.309
G1 F480 X62.64 Y53.589 E0.98933
G0 F1320 X62.64 Y54.154
G1 F480 X37.36 Y28.875 E0.98931
G0 F1320 X37.36 Y29.44
G1 F480 X62.64 Y54.72 E0.98933
G0 F1320 X62.64 Y55.286
G1 F480 X37.36 Y30.006 E0.98933
G0 F1320 X37.36 Y30.572
G1 F480 X62.64 Y55.852 E0.98933
G0 F1320 X62.64 Y56.417
G1 F480 X37.36 Y31.137 E0.98933
G0 F1320 X37.36 Y31.703
G1 F480 X62.64 Y56.983 E0.98933
G0 F1320 X62.64 Y57.549
G1 F480 X37.36 Y32.269 E0.98933
G0 F1320 X37.36 Y32.835
G1 F480 X62.64 Y58.114 E0.98931
G0 F1320 X62.64 Y58.68
G1 F480 X37.36 Y33.4 E0.98933
G0 F1320 X37.36 Y33.966
G1 F480 X62.64 Y59.246 E0.98933
G0 F1320 X62.64 Y59.811
G1 F480 X37.36 Y34.532 E0.98931
G0 F1320 X37.36 Y35.097
G1 F480 X62.64 Y60.377 E0.98933
G0 F1320 X62.64 Y60.943
G1 F480 X37.36 Y35.663 E0.98933
G0 F1320 X37.36 Y36.229
G1 F480 X62.64 Y61.508 E0.98931
G0 F1320 X62.64 Y62.074
G1 F480 X37.36 Y36.794 E0.98933
G0 F1320 X37.36 Y37.36
G1 F480 X62.64 Y62.64 E0.98933
G0 F1320 X62.64 Y63.205
G1 F480 X37.36 Y37.926 E0.98931
G0 F1320 X37.36 Y38.491
G1 F480 X62.64 Y63.771 E0.98933
G0 F1320 X62.64 Y64.337
G1 F480 X37.36 Y39.057 E0.98933
G0 F1320 X37.36 Y39.623
G1 F480 X62.64 Y64.903 E0.98933
G0 F1320 X62.64 Y65.468
G1 F480 X37.36 Y40.188 E0.98933
G0 F1320 X37.36 Y40.754
G1 F480 X62.64 Y66.034 E0.98933
G0 F1320 X62.64 Y66.6
G1 F480 X37.36 Y41.32 E0.98933
G0 F1320 X37.36 Y41.885
G1 F480 X62.64 Y67.165 E0.98933
G0 F1320 X62.64 Y67.731
G1 F480 X37.36 Y42.451 E0.98933
G0 F1320 X37.36 Y43.017
G1 F480 X62.64 Y68.297 E0.98933
G0 F1320 X62.64 Y68.862
G1 F480 X37.36 Y43.583 E0.98931
G0 F1320 X37.36 Y44.148
G1 F480 X62.64 Y69.428 E0.98933
G0 F1320 X62.64 Y69.994
G1 F480 X37.36 Y44.714 E0.98933
G0 F1320 X37.36 Y45.28
G1 F480 X62.64 Y70.559 E0.98931
G0 F1320 X62.64 Y71.125
G1 F480 X37.36 Y45.845 E0.98933
G0 F1320 X37.36 Y46.411
G1 F480 X62.64 Y71.691 E0.98933
G0 F1320 X62.64 Y72.256
G1 F480 X37.36 Y46.977 E0.98931
G0 F1320 X37.36 Y47.542
G1 F480 X62.64 Y72.822 E0.98933
G0 F1320 X62.64 Y73.388
G1 F480 X37.36 Y48.108 E0.98933
G0 F1320 X37.36 Y48.674
G1 F480 X62.64 Y73.953 E0.98931
G0 F1320 X62.64 Y74.519
G1 F480 X37.36 Y49.239 E0.98933
G0 F1320 X37.36 Y49.805
G1 F480 X62.64 Y75.085 E0.98933
G0 F1320 X62.64 Y75.651
G1 F480 X37.36 Y50.371 E0.98933
G0 F1320 X37.36 Y50.936
G1 F480 X62.64 Y76.216 E0.98933
G0 F1320 X62.64 Y76.782
G1 F480 X37.36 Y51.502 E0.98933
G0 F1320 X37.36 Y52.068
G1 F480 X62.64 Y77.348 E0.98933
G0 F1320 X62.534 Y77.807
G1 F480 X37.36 Y52.633 E0.98518
G0 F1320 X37.36 Y53.199
G1 F480 X62.232 Y78.071 E0.97336
G0 F1320 X61.735 Y78.14
G1 F480 X37.36 Y53.765 E0.95391
G0 F1320 X37.36 Y54.331
G1 F480 X61.17 Y78.14 E0.93178
G0 F1320 X60.604 Y78.14
G1 F480 X37.36 Y54.896 E0.90965
G0 F1320 X37.36 Y55.462
G1 F480 X60.038 Y78.14 E0.8875
G0 F1320 X59.473 Y78.14
G1 F480 X37.36 Y56.028 E0.86537
G0 F1320 X37.36 Y56.593
G1 F480 X58.907 Y78.14 E0.84324
G0 F1320 X58.341 Y78.14
G1 F480 X37.36 Y57.159 E0.82109
G0 F1320 X37.36 Y57.725
G1 F480 X57.776 Y78.14 E0.79896
G0 F1320 X57.21 Y78.14
G1 F480 X37.36 Y58.29 E0.77682
G0 F1320 X37.36 Y58.856
G1 F480 X56.644 Y78.14 E0.75467
G0 F1320 X56.079 Y78.14
G1 F480 X37.36 Y59.422 E0.73254
G0 F1320 X37.36 Y59.987
G1 F480 X55.513 Y78.14 E0.71041
G0 F1320 X54.947 Y78.14
G1 F480 X37.36 Y60.553 E0.68826
G0 F1320 X37.36 Y61.119
G1 F480 X54.381 Y78.14 E0.66611
G0 F1320 X53.816 Y78.14
G1 F480 X37.36 Y61.684 E0.644
G0 F1320 X37.36 Y62.25
G1 F480 X53.25 Y78.14 E0.62185
G0 F1320 X52.684 Y78.14
G1 F480 X37.36 Y62.816 E0.5997
G0 F1320 X37.36 Y63.382
G1 F480 X52.119 Y78.14 E0.57757
G0 F1320 X51.553 Y78.14
G1 F480 X37.36 Y63.947 E0.55544
G0 F1320 X37.36 Y64.513
G1 F480 X50.987 Y78.14 E0.53329
G0 F1320 X50.422 Y78.14
G1 F480 X37.36 Y65.079 E0.51116
G0 F1320 X37.36 Y65.644
G1 F480 X49.856 Y78.14 E0.48903
G0 F1320 X49.29 Y78.14
G1 F480 X37.36 Y66.21 E0.46688
G0 F1320 X37.36 Y66.776
G1 F480 X48.725 Y78.14 E0.44475
G0 F1320 X48.159 Y78.14
G1 F480 X37.36 Y67.341 E0.42262
G0 F1320 X37.36 Y67.907
G1 F480 X47.593 Y78.14 E0.40047
G0 F1320 X47.028 Y78.14
G1 F480 X37.36 Y68.473 E0.37833
G0 F1320 X37.36 Y69.038
G1 F480 X46.462 Y78.14 E0.3562
G0 F1320 X45.896 Y78.14
G1 F480 X37.36 Y69.604 E0.33405
G0 F1320 X37.36 Y70.17
G1 F480 X45.33 Y78.14 E0.3119
G0 F1320 X44.765 Y78.14
G1 F480 X37.36 Y70.735 E0.28979
G0 F1320 X37.36 Y71.301
G1 F480 X44.199 Y78.14 E0.26764
G0 F1320 X43.633 Y78.14
G1 F480 X37.36 Y71.867 E0.24549
G0 F1320 X37.36 Y72.432
G1 F480 X43.068 Y78.14 E0.22338
G0 F1320 X42.502 Y78.14
G1 F480 X37.36 Y72.998 E0.20123
G0 F1320 X37.36 Y73.564
G1 F480 X41.936 Y78.14 E0.17908
G0 F1320 X41.371 Y78.14
G1 F480 X37.36 Y74.13 E0.15695
G0 F1320 X37.36 Y74.695
G1 F480 X40.805 Y78.14 E0.13482
G0 F1320 X40.239 Y78.14
G1 F480 X37.36 Y75.261 E0.11267
G0 F1320 X37.36 Y75.827
G1 F480 X39.674 Y78.14 E0.09054
G0 F1320 X39.108 Y78.14
G1 F480 X37.36 Y76.392 E0.06841
G0 F1320 X37.36 Y76.958
G1 F480 X38.542 Y78.14 E0.04626
G0 F1320 X37.952 Y78.116
G1 F480 X37.38 Y77.543 E0.0224
G1 X37.31 Y77.473
;MESH:NONMESH
G0 F600 X37.31 Y77.473 Z1
G0 F1320 X62.961 Y78.203
;TIME_ELAPSED:3229.675981
;LAYER:5
M204 P200
;TYPE:WALL-INNER
;MESH:flasherBot.STL
G1 F480 X63.132 Y77.869 E0.01028
G1 X63.2 Y77.419 E0.01247
G1 X63.2 Y22.574 E1.5031
G1 X63.134 Y22.127 E0.01238
G1 X63.06 Y21.95 E0.00526
G1 X62.843 Y21.653 E0.01008
G1 X62.543 Y21.436 E0.01015
G1 X62.126 Y21.3 E0.01202
G1 X37.873 Y21.3 E0.66469
G1 X37.456 Y21.434 E0.012
G1 X37.154 Y21.654 E0.01024
G1 X36.934 Y21.956 E0.01024
G1 X36.8 Y22.373 E0.012
G1 X36.8 Y77.433 E1.50899
G1 X36.863 Y77.867 E0.01202
G1 X37.035 Y78.203 E0.01034
G1 X37.295 Y78.464 E0.0101
G1 X37.626 Y78.633 E0.01019
G1 X38.081 Y78.7 E0.0126
G1 X61.919 Y78.7 E0.65331
G1 X62.368 Y78.633 E0.01244
G1 X62.704 Y78.464 E0.01031
G1 X62.961 Y78.203 E0.01004
G0 F1320 X36.4 Y22.322
G1 F480 X36.4 Y77.449 E1.51083
G1 X36.481 Y77.991 E0.01502
G1 X36.71 Y78.439 E0.01379
G1 X37.059 Y78.788 E0.01353
G1 X37.503 Y79.015 E0.01367
G1 X38.064 Y79.1 E0.01555
G1 X61.936 Y79.1 E0.65424
G1 X62.492 Y79.015 E0.01541
G1 X62.94 Y78.788 E0.01376
G1 X63.286 Y78.439 E0.01347
G1 X63.514 Y77.992 E0.01375
G1 X63.6 Y77.436 E0.01542
G1 X63.6 Y22.557 E1.50403
G1 X63.515 Y22.004 E0.01533
G1 X63.289 Y21.559 E0.01368
G1 X63.127 Y21.369 E0.00684
G1 X62.726 Y21.078 E0.01358
G1 X62.178 Y20.9 E0.01579
G1 X37.822 Y20.9 E0.66751
G1 X37.272 Y21.077 E0.01583
G1 X36.87 Y21.37 E0.01363
G1 X36.577 Y21.772 E0.01363
G1 X36.4 Y22.322 E0.01583
G0 F1320 X36.099 Y78.114
G1 F480 X36.385 Y78.675 E0.01726
G1 X36.823 Y79.113 E0.01698
G1 X37.38 Y79.397 E0.01714
G1 X38.047 Y79.5 E0.0185
G1 X61.953 Y79.5 E0.65518
G1 X62.615 Y79.397 E0.01836
G1 X63.176 Y79.113 E0.01723
G1 X63.611 Y78.675 E0.01692
G1 X63.896 Y78.115 E0.01722
G1 X64 Y77.453 E0.01837
G1 X64 Y22.54 E1.50496
G1 X63.897 Y21.881 E0.01828
G1 X63.613 Y21.323 E0.01716
G1 X63.41 Y21.086 E0.00855
G1 X62.909 Y20.721 E0.01699
G1 X62.313 Y20.528 E0.01717
G1 X61.957 Y20.5 E0.00979
G1 X38.043 Y20.5 E0.6554
G1 X37.38 Y20.599 E0.01837
G1 X37.088 Y20.72 E0.00866
G1 X36.586 Y21.086 E0.01703
G1 X36.22 Y21.588 E0.01703
G1 X36.028 Y22.186 E0.01721
G1 X36 Y22.543 E0.00981
G1 X36 Y77.464 E1.50518
G1 X36.099 Y78.114 E0.01802
G0 F1320 X64.063 Y77.822
G0 X64.365 Y77.869
G1 F480 X64.4 Y77.47 E0.01098
G1 X64.4 Y22.522 E1.50592
G1 X64.366 Y22.127 E0.01087
G1 X64.279 Y21.757 E0.01042
G1 X64.132 Y21.402 E0.01053
G1 X63.937 Y21.087 E0.01015
G1 X63.694 Y20.802 E0.01026
G1 X63.413 Y20.562 E0.01013
G1 X63.093 Y20.364 E0.01031
G1 X62.738 Y20.217 E0.01053
G1 X62.375 Y20.131 E0.01022
G1 X61.973 Y20.1 E0.01105
G1 X38.027 Y20.1 E0.65627
G1 X37.624 Y20.131 E0.01108
G1 X37.257 Y20.217 E0.01033
G1 X36.904 Y20.364 E0.01048
G1 X36.302 Y20.802 E0.0204
G1 X35.864 Y21.404 E0.0204
G1 X35.718 Y21.757 E0.01047
G1 X35.631 Y22.124 E0.01034
G1 X35.6 Y22.527 E0.01108
G1 X35.6 Y77.48 E1.50606
G1 X35.631 Y77.871 E0.01075
G1 X35.717 Y78.238 E0.01033
G1 X35.865 Y78.59 E0.01047
G1 X36.06 Y78.91 E0.01027
G1 X36.302 Y79.194 E0.01023
G1 X36.587 Y79.437 E0.01026
G1 X36.902 Y79.631 E0.01014
G1 X37.257 Y79.779 E0.01054
G1 X37.627 Y79.865 E0.01041
G1 X38.03 Y79.9 E0.01109
G1 X61.97 Y79.9 E0.65611
G1 X62.373 Y79.865 E0.01109
G1 X62.738 Y79.779 E0.01028
G1 X63.095 Y79.631 E0.01059
G1 X63.413 Y79.437 E0.01021
G1 X63.693 Y79.195 E0.01014
G1 X63.936 Y78.91 E0.01026
G1 X64.131 Y78.59 E0.01027
G1 X64.278 Y78.239 E0.01043
G1 X64.365 Y77.869 E0.01042
G0 F1320 X64.063 Y77.822
G0 X35.909 Y77.471
G0 X35.2 Y77.496
M204 P150
;TYPE:WALL-OUTER
G1 F480 X35.235 Y77.933 E0.0119
G1 X35.335 Y78.362 E0.01196
G1 X35.507 Y78.772 E0.01207
G1 X35.735 Y79.146 E0.01189
G1 X36.018 Y79.478 E0.01184
G1 X36.351 Y79.761 E0.01186
G1 X36.72 Y79.989 E0.01177
G1 X37.134 Y80.161 E0.01217
G1 X37.564 Y80.261 E0.01198
G1 X38.013 Y80.3 E0.01223
G1 X61.987 Y80.3 E0.65066
G1 X62.436 Y80.261 E0.01223
G1 X62.862 Y80.161 E0.01188
G1 X63.277 Y79.989 E0.01219
G1 X63.649 Y79.761 E0.01184
G1 X63.977 Y79.478 E0.01176
G1 X64.261 Y79.146 E0.01186
G1 X64.489 Y78.772 E0.01189
G1 X64.66 Y78.362 E0.01206
G1 X64.761 Y77.932 E0.01199
G1 X64.8 Y77.487 E0.01212
G1 X64.8 Y22.505 E1.49223
G1 X64.762 Y22.064 E0.01201
G1 X64.661 Y21.634 E0.01199
G1 X64.489 Y21.22 E0.01217
G1 X64.261 Y20.851 E0.01177
G1 X63.978 Y20.518 E0.01186
G1 X63.649 Y20.238 E0.01173
G1 X63.276 Y20.007 E0.01191
G1 X62.862 Y19.835 E0.01217
G1 X62.437 Y19.735 E0.01185
G1 X61.988 Y19.7 E0.01222
G1 X38.012 Y19.7 E0.65072
G1 X37.563 Y19.735 E0.01222
G1 X37.134 Y19.835 E0.01196
G1 X36.72 Y20.007 E0.01217
G1 X36.351 Y20.239 E0.01183
G1 X36.018 Y20.518 E0.01179
G1 X35.739 Y20.851 E0.01179
G1 X35.507 Y21.22 E0.01183
G1 X35.336 Y21.634 E0.01216
G1 X35.235 Y22.063 E0.01196
G1 X35.2 Y22.512 E0.01222
G1 X35.2 Y77.496 E1.49228
G0 F1320 X35.215 Y77.695
G0 X35.923 Y77.64
G0 X62.379 Y78.234
M204 P180
;TYPE:SKIN
G1 F480 X62.056 Y78.34 E0.00941
G1 X38.107 Y78.34 E0.66273
G1 X37.734 Y78.286 E0.01043
G1 X37.507 Y78.171 E0.00704
G1 X37.324 Y77.989 E0.00714
G1 X37.206 Y77.756 E0.00723
G1 X37.161 Y77.406 E0.00977
G1 X37.16 Y22.423 E1.52151
G1 X37.257 Y22.115 E0.00894
G1 X37.408 Y21.908 E0.00709
G1 X37.615 Y21.757 E0.00709
G1 X37.923 Y21.66 E0.00894
G1 X62.071 Y21.66 E0.66823
G1 X62.376 Y21.761 E0.00889
G1 X62.582 Y21.907 E0.00699
G1 X62.784 Y22.242 E0.01083
G1 X62.84 Y22.6 E0.01003
G1 X62.84 Y77.388 E1.51612
G1 X62.783 Y77.758 E0.01036
G1 X62.667 Y77.986 E0.00708
G1 X62.379 Y78.234 E0.01052
G0 F1320 X62.585 Y77.705
G1 F480 X62.211 Y78.079 E0.01464
G0 F1320 X61.584 Y78.14
G1 F480 X62.64 Y77.085 E0.04131
G0 F1320 X62.64 Y76.519
G1 F480 X61.018 Y78.14 E0.06346
G0 F1320 X60.453 Y78.14
G1 F480 X62.64 Y75.953 E0.08559
G0 F1320 X62.64 Y75.387
G1 F480 X59.887 Y78.14 E0.10774
G0 F1320 X59.321 Y78.14
G1 F480 X62.64 Y74.822 E0.12987
G0 F1320 X62.64 Y74.256
G1 F480 X58.756 Y78.14 E0.152
G0 F1320 X58.19 Y78.14
G1 F480 X62.64 Y73.69 E0.17415
G0 F1320 X62.64 Y73.125
G1 F480 X57.624 Y78.14 E0.19628
G0 F1320 X57.059 Y78.14
G1 F480 X62.64 Y72.559 E0.21841
G0 F1320 X62.64 Y71.993
G1 F480 X56.493 Y78.14 E0.24056
G0 F1320 X55.927 Y78.14
G1 F480 X62.64 Y71.428 E0.26269
G0 F1320 X62.64 Y70.862
G1 F480 X55.362 Y78.14 E0.28482
G0 F1320 X54.796 Y78.14
G1 F480 X62.64 Y70.296 E0.30697
G0 F1320 X62.64 Y69.731
G1 F480 X54.23 Y78.14 E0.3291
G0 F1320 X53.664 Y78.14
G1 F480 X62.64 Y69.165 E0.35125
G0 F1320 X62.64 Y68.599
G1 F480 X53.099 Y78.14 E0.37338
G0 F1320 X52.533 Y78.14
G1 F480 X62.64 Y68.034 E0.39552
G0 F1320 X62.64 Y67.468
G1 F480 X51.967 Y78.14 E0.41767
G0 F1320 X51.402 Y78.14
G1 F480 X62.64 Y66.902 E0.4398
G0 F1320 X62.64 Y66.337
G1 F480 X50.836 Y78.14 E0.46193
G0 F1320 X50.27 Y78.14
G1 F480 X62.64 Y65.771 E0.48408
G0 F1320 X62.64 Y65.205
G1 F480 X49.705 Y78.14 E0.50621
G0 F1320 X49.139 Y78.14
G1 F480 X62.64 Y64.639 E0.52836
G0 F1320 X62.64 Y64.074
G1 F480 X48.573 Y78.14 E0.55049
G0 F1320 X48.008 Y78.14
G1 F480 X62.64 Y63.508 E0.57262
G0 F1320 X62.64 Y62.942
G1 F480 X47.442 Y78.14 E0.59477
G0 F1320 X46.876 Y78.14
G1 F480 X62.64 Y62.377 E0.6169
G0 F1320 X62.64 Y61.811
G1 F480 X46.311 Y78.14 E0.63903
G0 F1320 X45.745 Y78.14
G1 F480 X62.64 Y61.245 E0.66118
G0 F1320 X62.64 Y60.68
G1 F480 X45.179 Y78.14 E0.68331
G0 F1320 X44.613 Y78.14
G1 F480 X62.64 Y60.114 E0.70546
G0 F1320 X62.64 Y59.548
G1 F480 X44.048 Y78.14 E0.72759
G0 F1320 X43.482 Y78.14
G1 F480 X62.64 Y58.983 E0.74972
G0 F1320 X62.64 Y58.417
G1 F480 X42.916 Y78.14 E0.77187
G0 F1320 X42.351 Y78.14
G1 F480 X62.64 Y57.851 E0.794
G0 F1320 X62.64 Y57.286
G1 F480 X41.785 Y78.14 E0.81614
G0 F1320 X41.219 Y78.14
G1 F480 X62.64 Y56.72 E0.83829
G0 F1320 X62.64 Y56.154
G1 F480 X40.654 Y78.14 E0.86042
G0 F1320 X40.088 Y78.14
G1 F480 X62.64 Y55.588 E0.88257
G0 F1320 X62.64 Y55.023
G1 F480 X39.522 Y78.14 E0.9047
G0 F1320 X38.957 Y78.14
G1 F480 X62.64 Y54.457 E0.92683
G0 F1320 X62.64 Y53.891
G1 F480 X38.391 Y78.14 E0.94898
G0 F1320 X37.863 Y78.103
G1 F480 X62.64 Y53.326 E0.96964
G0 F1320 X62.64 Y52.76
G1 F480 X37.509 Y77.891 E0.98349
G0 F1320 X37.37 Y77.464
G1 F480 X62.64 Y52.194 E0.98893
G0 F1320 X62.64 Y51.629
G1 F480 X37.361 Y76.908 E0.98929
G0 F1320 X37.361 Y76.342
G1 F480 X62.64 Y51.063 E0.98929
G0 F1320 X62.64 Y50.497
G1 F480 X37.361 Y75.776 E0.98929
G0 F1320 X37.361 Y75.211
G1 F480 X62.64 Y49.932 E0.98929
G0 F1320 X62.64 Y49.366
G1 F480 X37.361 Y74.645 E0.98929
G0 F1320 X37.361 Y74.079
G1 F480 X62.64 Y48.8 E0.98929
G0 F1320 X62.64 Y48.235
G1 F480 X37.361 Y73.514 E0.98929
G0 F1320 X37.361 Y72.948
G1 F480 X62.64 Y47.669 E0.98929
G0 F1320 X62.64 Y47.103
G1 F480 X37.361 Y72.382 E0.98929
G0 F1320 X37.361 Y71.817
G1 F480 X62.64 Y46.538 E0.98929
G0 F1320 X62.64 Y45.972
G1 F480 X37.361 Y71.251 E0.98929
G0 F1320 X37.361 Y70.685
G1 F480 X62.64 Y45.406 E0.98929
G0 F1320 X62.64 Y44.84
G1 F480 X37.361 Y70.12 E0.98931
G0 F1320 X37.361 Y69.554
G1 F480 X62.64 Y44.275 E0.98929
G0 F1320 X62.64 Y43.709
G1 F480 X37.361 Y68.988 E0.98929
G0 F1320 X37.361 Y68.422
G1 F480 X62.64 Y43.143 E0.98929
G0 F1320 X62.64 Y42.578
G1 F480 X37.361 Y67.857 E0.98929
G0 F1320 X37.361 Y67.291
G1 F480 X62.64 Y42.012 E0.98929
G0 F1320 X62.64 Y41.446
G1 F480 X37.361 Y66.725 E0.98929
G0 F1320 X37.361 Y66.16
G1 F480 X62.64 Y40.881 E0.98929
G0 F1320 X62.64 Y40.315
G1 F480 X37.361 Y65.594 E0.98929
G0 F1320 X37.361 Y65.028
G1 F480 X62.64 Y39.749 E0.98929
G0 F1320 X62.64 Y39.184
G1 F480 X37.361 Y64.463 E0.98929
G0 F1320 X37.361 Y63.897
G1 F480 X62.64 Y38.618 E0.98929
G0 F1320 X62.64 Y38.052
G1 F480 X37.361 Y63.331 E0.98929
G0 F1320 X37.361 Y62.766
G1 F480 X62.64 Y37.487 E0.98929
G0 F1320 X62.64 Y36.921
G1 F480 X37.361 Y62.2 E0.98929
G0 F1320 X37.361 Y61.634
G1 F480 X62.64 Y36.355 E0.98929
G0 F1320 X62.64 Y35.79
G1 F480 X37.361 Y61.069 E0.98929
G0 F1320 X37.361 Y60.503
G1 F480 X62.64 Y35.224 E0.98929
G0 F1320 X62.64 Y34.658
G1 F480 X37.361 Y59.937 E0.98929
G0 F1320 X37.361 Y59.372
G1 F480 X62.64 Y34.092 E0.98931
G0 F1320 X62.64 Y33.527
G1 F480 X37.361 Y58.806 E0.98929
G0 F1320 X37.361 Y58.24
G1 F480 X62.64 Y32.961 E0.98929
G0 F1320 X62.64 Y32.395
G1 F480 X37.361 Y57.674 E0.98929
G0 F1320 X37.361 Y57.109
G1 F480 X62.64 Y31.83 E0.98929
G0 F1320 X62.64 Y31.264
G1 F480 X37.361 Y56.543 E0.98929
G0 F1320 X37.361 Y55.977
G1 F480 X62.64 Y30.698 E0.98929
G0 F1320 X62.64 Y30.133
G1 F480 X37.361 Y55.412 E0.98929
G0 F1320 X37.361 Y54.846
G1 F480 X62.64 Y29.567 E0.98929
G0 F1320 X62.64 Y29.001
G1 F480 X37.361 Y54.28 E0.98929
G0 F1320 X37.361 Y53.715
G1 F480 X62.64 Y28.436 E0.98929
G0 F1320 X62.64 Y27.87
G1 F480 X37.361 Y53.149 E0.98929
G0 F1320 X37.361 Y52.583
G1 F480 X62.64 Y27.304 E0.98929
G0 F1320 X62.64 Y26.739
G1 F480 X37.361 Y52.018 E0.98929
G0 F1320 X37.361 Y51.452
G1 F480 X62.64 Y26.173 E0.98929
G0 F1320 X62.64 Y25.607
G1 F480 X37.361 Y50.886 E0.98929
G0 F1320 X37.361 Y50.321
G1 F480 X62.64 Y25.041 E0.98931
G0 F1320 X62.64 Y24.476
G1 F480 X37.361 Y49.755 E0.98929
G0 F1320 X37.361 Y49.189
G1 F480 X62.64 Y23.91 E0.98929
G0 F1320 X62.64 Y23.344
G1 F480 X37.361 Y48.623 E0.98929
G0 F1320 X37.361 Y48.058
G1 F480 X62.64 Y22.779 E0.98929
G0 F1320 X62.573 Y22.28
G1 F480 X37.361 Y47.492 E0.98666
G0 F1320 X37.361 Y46.926
G1 F480 X62.322 Y21.966 E0.97682
G0 F1320 X61.861 Y21.86
G1 F480 X37.361 Y46.361 E0.95882
G0 F1320 X37.361 Y45.795
G1 F480 X61.296 Y21.86 E0.93669
G0 F1320 X60.73 Y21.86
G1 F480 X37.361 Y45.229 E0.91454
G0 F1320 X37.361 Y44.664
G1 F480 X60.164 Y21.86 E0.89241
G0 F1320 X59.598 Y21.86
G1 F480 X37.361 Y44.098 E0.87026
G0 F1320 X37.361 Y43.532
G1 F480 X59.033 Y21.86 E0.84813
G0 F1320 X58.467 Y21.86
G1 F480 X37.361 Y42.967 E0.826
G0 F1320 X37.361 Y42.401
G1 F480 X57.901 Y21.86 E0.80385
G0 F1320 X57.336 Y21.86
G1 F480 X37.361 Y41.835 E0.78172
G0 F1320 X37.361 Y41.27
G1 F480 X56.77 Y21.86 E0.75959
G0 F1320 X56.204 Y21.86
G1 F480 X37.361 Y40.704 E0.73744
G0 F1320 X37.361 Y40.138
G1 F480 X55.639 Y21.86 E0.7153
G0 F1320 X55.073 Y21.86
G1 F480 X37.361 Y39.573 E0.69317
G0 F1320 X37.361 Y39.007
G1 F480 X54.507 Y21.86 E0.67102
G0 F1320 X53.942 Y21.86
G1 F480 X37.361 Y38.441 E0.64889
G0 F1320 X37.361 Y37.875
G1 F480 X53.376 Y21.86 E0.62674
G0 F1320 X52.81 Y21.86
G1 F480 X37.361 Y37.31 E0.60461
G0 F1320 X37.361 Y36.744
G1 F480 X52.245 Y21.86 E0.58248
G0 F1320 X51.679 Y21.86
G1 F480 X37.361 Y36.178 E0.56033
G0 F1320 X37.361 Y35.613
G1 F480 X51.113 Y21.86 E0.5382
G0 F1320 X50.548 Y21.86
G1 F480 X37.361 Y35.047 E0.51607
G0 F1320 X37.361 Y34.481
G1 F480 X49.982 Y21.86 E0.49392
G0 F1320 X49.416 Y21.86
G1 F480 X37.361 Y33.916 E0.47179
G0 F1320 X37.361 Y33.35
G1 F480 X48.85 Y21.86 E0.44964
G0 F1320 X48.285 Y21.86
G1 F480 X37.361 Y32.784 E0.42751
G0 F1320 X37.361 Y32.219
G1 F480 X47.719 Y21.86 E0.40538
G0 F1320 X47.153 Y21.86
G1 F480 X37.361 Y31.653 E0.38323
G0 F1320 X37.361 Y31.087
G1 F480 X46.588 Y21.86 E0.3611
G0 F1320 X46.022 Y21.86
G1 F480 X37.361 Y30.522 E0.33897
G0 F1320 X37.361 Y29.956
G1 F480 X45.456 Y21.86 E0.31682
G0 F1320 X44.891 Y21.86
G1 F480 X37.361 Y29.39 E0.29468
G0 F1320 X37.361 Y28.825
G1 F480 X44.325 Y21.86 E0.27255
G0 F1320 X43.759 Y21.86
G1 F480 X37.361 Y28.259 E0.2504
G0 F1320 X37.361 Y27.693
G1 F480 X43.194 Y21.86 E0.22827
G0 F1320 X42.628 Y21.86
G1 F480 X37.361 Y27.127 E0.20612
G0 F1320 X37.361 Y26.562
G1 F480 X42.062 Y21.86 E0.18399
G0 F1320 X41.497 Y21.86
G1 F480 X37.361 Y25.996 E0.16186
G0 F1320 X37.361 Y25.43
G1 F480 X40.931 Y21.86 E0.13971
G0 F1320 X40.365 Y21.86
G1 F480 X37.361 Y24.865 E0.11758
G0 F1320 X37.361 Y24.299
G1 F480 X39.8 Y21.86 E0.09545
G0 F1320 X39.234 Y21.86
G1 F480 X37.361 Y23.733 E0.0733
G0 F1320 X37.361 Y23.168
G1 F480 X38.668 Y21.86 E0.05117
G0 F1320 X38.102 Y21.86
G1 F480 X37.361 Y22.602 E0.02902
G1 X37.291 Y22.672
;MESH:NONMESH
G0 F600 X37.291 Y22.672 Z1.16
G0 F1320 X63.06 Y21.95
;TIME_ELAPSED:3820.071498
;LAYER:6
M204 P200
;TYPE:WALL-INNER
;MESH:flasherBot.STL
G1 F480 X62.843 Y21.653 E0.01008
G1 X62.543 Y21.436 E0.01015
G1 X62.126 Y21.3 E0.01202
G1 X37.873 Y21.3 E0.66469
G1 X37.456 Y21.434 E0.012
G1 X37.154 Y21.654 E0.01024
G1 X36.934 Y21.956 E0.01024
G1 X36.8 Y22.373 E0.012
G1 X36.8 Y77.433 E1.50899
G1 X36.863 Y77.867 E0.01202
G1 X37.035 Y78.203 E0.01034
G1 X37.295 Y78.464 E0.0101
G1 X37.626 Y78.633 E0.01019
G1 X38.081 Y78.7 E0.0126
G1 X61.919 Y78.7 E0.65331
G1 X62.368 Y78.633 E0.01244
G1 X62.704 Y78.464 E0.01031
G1 X62.961 Y78.203 E0.01004
G1 X63.132 Y77.869 E0.01028
G1 X63.2 Y77.419 E0.01247
G1 X63.2 Y22.574 E1.5031
G1 X63.134 Y22.127 E0.01238
G1 X63.06 Y21.95 E0.00526
G0 F1320 X37.503 Y79.015
G1 F480 X38.064 Y79.1 E0.01555
G1 X61.936 Y79.1 E0.65424
G1 X62.492 Y79.015 E0.01541
G1 X62.94 Y78.788 E0.01376
G1 X63.286 Y78.439 E0.01347
G1 X63.514 Y77.992 E0.01375
G1 X63.6 Y77.436 E0.01542
G1 X63.6 Y22.557 E1.50403
G1 X63.515 Y22.004 E0.01533
G1 X63.289 Y21.559 E0.01368
G1 X63.127 Y21.369 E0.00684
G1 X62.726 Y21.078 E0.01358
G1 X62.178 Y20.9 E0.01579
G1 X37.822 Y20.9 E0.66751
G1 X37.272 Y21.077 E0.01583
G1 X36.87 Y21.37 E0.01363
G1 X36.577 Y21.772 E0.01363
G1 X36.4 Y22.322 E0.01583
G1 X36.4 Y77.449 E1.51083
G1 X36.481 Y77.991 E0.01502
G1 X36.71 Y78.439 E0.01379
G1 X37.059 Y78.788 E0.01353
G1 X37.503 Y79.015 E0.01367
G0 F1320 X63.897 Y21.881
G1 F480 X63.613 Y21.323 E0.01716
G1 X63.41 Y21.086 E0.00855
G1 X62.909 Y20.721 E0.01699
G1 X62.313 Y20.528 E0.01717
G1 X61.957 Y20.5 E0.00979
G1 X38.043 Y20.5 E0.6554
G1 X37.38 Y20.599 E0.01837
G1 X37.088 Y20.72 E0.00866
G1 X36.586 Y21.086 E0.01703
G1 X36.22 Y21.588 E0.01703
G1 X36.028 Y22.186 E0.01721
G1 X36 Y22.543 E0.00981
G1 X36 Y77.464 E1.50518
G1 X36.099 Y78.114 E0.01802
G1 X36.385 Y78.675 E0.01726
G1 X36.823 Y79.113 E0.01698
G1 X37.38 Y79.397 E0.01714
G1 X38.047 Y79.5 E0.0185
G1 X61.953 Y79.5 E0.65518
G1 X62.615 Y79.397 E0.01836
G1 X63.176 Y79.113 E0.01723
G1 X63.611 Y78.675 E0.01692
G1 X63.896 Y78.115 E0.01722
G1 X64 Y77.453 E0.01837
G1 X64 Y22.54 E1.50496
G1 X63.897 Y21.881 E0.01828
G0 F1320 X63.226 Y79.191
G0 X63.413 Y79.437
G1 F480 X63.693 Y79.195 E0.01014
G1 X63.936 Y78.91 E0.01026
G1 X64.131 Y78.59 E0.01027
G1 X64.278 Y78.239 E0.01043
G1 X64.365 Y77.869 E0.01042
G1 X64.4 Y77.47 E0.01098
G1 X64.4 Y22.522 E1.50592
G1 X64.366 Y22.127 E0.01087
G1 X64.279 Y21.757 E0.01042
G1 X64.132 Y21.402 E0.01053
G1 X63.937 Y21.087 E0.01015
G1 X63.694 Y20.802 E0.01026
G1 X63.413 Y20.562 E0.01013
G1 X63.093 Y20.364 E0.01031
G1 X62.738 Y20.217 E0.01053
G1 X62.375 Y20.131 E0.01022
G1 X61.973 Y20.1 E0.01105
G1 X38.027 Y20.1 E0.65627
G1 X37.624 Y20.131 E0.01108
G1 X37.257 Y20.217 E0.01033
G1 X36.904 Y20.364 E0.01048
G1 X36.302 Y20.802 E0.0204
G1 X35.864 Y21.404 E0.0204
G1 X35.718 Y21.757 E0.01047
G1 X35.631 Y22.124 E0.01034
G1 X35.6 Y22.527 E0.01108
G1 X35.6 Y77.48 E1.50606
G1 X35.631 Y77.871 E0.01075
G1 X35.717 Y78.238 E0.01033
G1 X35.865 Y78.59 E0.01047
G1 X36.06 Y78.91 E0.01027
G1 X36.302 Y79.194 E0.01023
G1 X36.587 Y79.437 E0.01026
G1 X36.902 Y79.631 E0.01014
G1 X37.257 Y79.779 E0.01054
G1 X37.627 Y79.865 E0.01041
G1 X38.03 Y79.9 E0.01109
G1 X61.97 Y79.9 E0.65611
G1 X62.373 Y79.865 E0.01109
G1 X62.738 Y79.779 E0.01028
G1 X63.095 Y79.631 E0.01059
G1 X63.413 Y79.437 E0.01021
G0 F1320 X63.226 Y79.189
G0 X36.774 Y79.191
G0 X36.351 Y79.761
M204 P150
;TYPE:WALL-OUTER
G1 F480 X36.72 Y79.989 E0.01177
G1 X37.134 Y80.161 E0.01217
G1 X37.564 Y80.261 E0.01198
G1 X38.013 Y80.3 E0.01223
G1 X61.987 Y80.3 E0.65066
G1 X62.436 Y80.261 E0.01223
G1 X62.862 Y80.161 E0.01188
G1 X63.277 Y79.989 E0.01219
G1 X63.649 Y79.761 E0.01184
G1 X63.977 Y79.478 E0.01176
G1 X64.261 Y79.146 E0.01186
G1 X64.489 Y78.772 E0.01189
G1 X64.66 Y78.362 E0.01206
G1 X64.761 Y77.932 E0.01199
G1 X64.8 Y77.487 E0.01212
G1 X64.8 Y22.505 E1.49223
G1 X64.762 Y22.064 E0.01201
G1 X64.661 Y21.634 E0.01199
G1 X64.489 Y21.22 E0.01217
G1 X64.261 Y20.851 E0.01177
G1 X63.978 Y20.518 E0.01186
G1 X63.649 Y20.238 E0.01173
G1 X63.276 Y20.007 E0.01191
G1 X62.862 Y19.835 E0.01217
G1 X62.437 Y19.735 E0.01185
G1 X61.988 Y19.7 E0.01222
G1 X38.012 Y19.7 E0.65072
G1 X37.563 Y19.735 E0.01222
G1 X37.134 Y19.835 E0.01196
G1 X36.72 Y20.007 E0.01217
G1 X36.351 Y20.239 E0.01183
G1 X36.018 Y20.518 E0.01179
G1 X35.739 Y20.851 E0.01179
G1 X35.507 Y21.22 E0.01183
G1 X35.336 Y21.634 E0.01216
G1 X35.235 Y22.063 E0.01196
G1 X35.2 Y22.512 E0.01222
G1 X35.2 Y77.496 E1.49228
G1 X35.235 Y77.933 E0.0119
G1 X35.335 Y78.362 E0.01196
G1 X35.507 Y78.772 E0.01207
G1 X35.735 Y79.146 E0.01189
G1 X36.018 Y79.478 E0.01184
G1 X36.351 Y79.761 E0.01186
G0 F1320 X36.521 Y79.866
G0 X36.892 Y79.262
G0 X62.84 Y22.6
M204 P180
;TYPE:SKIN
G1 F480 X62.84 Y77.388 E1.51612
G1 X62.783 Y77.758 E0.01036
G1 X62.667 Y77.986 E0.00708
G1 X62.379 Y78.234 E0.01052
G1 X62.056 Y78.34 E0.00941
G1 X38.107 Y78.34 E0.66273
G1 X37.734 Y78.286 E0.01043
G1 X37.507 Y78.171 E0.00704
G1 X37.324 Y77.989 E0.00714
G1 X37.206 Y77.756 E0.00723
G1 X37.161 Y77.406 E0.00977
G1 X37.16 Y22.423 E1.52151
G1 X37.257 Y22.115 E0.00894
G1 X37.408 Y21.908 E0.00709
G1 X37.615 Y21.757 E0.00709
G1 X37.923 Y21.66 E0.00894
G1 X62.071 Y21.66 E0.66823
G1 X62.376 Y21.761 E0.00889
G1 X62.582 Y21.907 E0.00699
G1 X62.784 Y22.242 E0.01083
G1 X62.84 Y22.6 E0.01003
G0 F1320 X62.615 Y22.451
G1 F480 X62.024 Y21.86 E0.02313
G0 F1320 X61.458 Y21.86
G1 F480 X62.64 Y23.042 E0.04626
G0 F1320 X62.64 Y23.607
G1 F480 X60.893 Y21.86 E0.06837
G0 F1320 X60.327 Y21.86
G1 F480 X62.64 Y24.173 E0.09052
G0 F1320 X62.64 Y24.739
G1 F480 X59.761 Y21.86 E0.11267
G0 F1320 X59.195 Y21.86
G1 F480 X62.64 Y25.305 E0.13482
G0 F1320 X62.64 Y25.87
G1 F480 X58.63 Y21.86 E0.15693
G0 F1320 X58.064 Y21.86
G1 F480 X62.64 Y26.436 E0.17908
G0 F1320 X62.64 Y27.002
G1 F480 X57.498 Y21.86 E0.20123
G0 F1320 X56.933 Y21.86
G1 F480 X62.64 Y27.567 E0.22334
G0 F1320 X62.64 Y28.133
G1 F480 X56.367 Y21.86 E0.24549
G0 F1320 X55.801 Y21.86
G1 F480 X62.64 Y28.699 E0.26764
G0 F1320 X62.64 Y29.264
G1 F480 X55.236 Y21.86 E0.28975
G0 F1320 X54.67 Y21.86
G1 F480 X62.64 Y29.83 E0.3119
G0 F1320 X62.64 Y30.396
G1 F480 X54.104 Y21.86 E0.33405
G0 F1320 X53.539 Y21.86
G1 F480 X62.64 Y30.961 E0.35617
G0 F1320 X62.64 Y31.527
G1 F480 X52.973 Y21.86 E0.37832
G0 F1320 X52.407 Y21.86
G1 F480 X62.64 Y32.093 E0.40047
G0 F1320 X62.64 Y32.658
G1 F480 X51.842 Y21.86 E0.42258
G0 F1320 X51.276 Y21.86
G1 F480 X62.64 Y33.224 E0.44473
G0 F1320 X62.64 Y33.79
G1 F480 X50.71 Y21.86 E0.46688
G0 F1320 X50.144 Y21.86
G1 F480 X62.64 Y34.355 E0.48901
G0 F1320 X62.64 Y34.921
G1 F480 X49.579 Y21.86 E0.51114
G0 F1320 X49.013 Y21.86
G1 F480 X62.64 Y35.487 E0.53329
G0 F1320 X62.64 Y36.053
G1 F480 X48.447 Y21.86 E0.55544
G0 F1320 X47.882 Y21.86
G1 F480 X62.64 Y36.618 E0.57755
G0 F1320 X62.64 Y37.184
G1 F480 X47.316 Y21.86 E0.5997
G0 F1320 X46.75 Y21.86
G1 F480 X62.64 Y37.75 E0.62185
G0 F1320 X62.64 Y38.315
G1 F480 X46.185 Y21.86 E0.64396
G0 F1320 X45.619 Y21.86
G1 F480 X62.64 Y38.881 E0.66611
G0 F1320 X62.64 Y39.447
G1 F480 X45.053 Y21.86 E0.68826
G0 F1320 X44.488 Y21.86
G1 F480 X62.64 Y40.012 E0.71037
G0 F1320 X62.64 Y40.578
G1 F480 X43.922 Y21.86 E0.73252
G0 F1320 X43.356 Y21.86
G1 F480 X62.64 Y41.144 E0.75467
G0 F1320 X62.64 Y41.709
G1 F480 X42.791 Y21.86 E0.77679
G0 F1320 X42.225 Y21.86
G1 F480 X62.64 Y42.275 E0.79894
G0 F1320 X62.64 Y42.841
G1 F480 X41.659 Y21.86 E0.82109
G0 F1320 X41.094 Y21.86
G1 F480 X62.64 Y43.406 E0.8432
G0 F1320 X62.64 Y43.972
G1 F480 X40.528 Y21.86 E0.86535
G0 F1320 X39.962 Y21.86
G1 F480 X62.64 Y44.538 E0.8875
G0 F1320 X62.64 Y45.104
G1 F480 X39.396 Y21.86 E0.90965
G0 F1320 X38.831 Y21.86
G1 F480 X62.64 Y45.669 E0.93176
G0 F1320 X62.64 Y46.235
G1 F480 X38.265 Y21.86 E0.95391
G0 F1320 X37.761 Y21.922
G1 F480 X62.64 Y46.801 E0.97363
G0 F1320 X62.64 Y47.366
G1 F480 X37.455 Y22.182 E0.98559
G0 F1320 X37.36 Y22.652
G1 F480 X62.64 Y47.932 E0.98933
G0 F1320 X62.64 Y48.498
G1 F480 X37.36 Y23.218 E0.98933
G0 F1320 X37.36 Y23.784
G1 F480 X62.64 Y49.063 E0.98931
G0 F1320 X62.64 Y49.629
G1 F480 X37.36 Y24.349 E0.98933
G0 F1320 X37.36 Y24.915
G1 F480 X62.64 Y50.195 E0.98933
G0 F1320 X62.64 Y50.76
G1 F480 X37.36 Y25.481 E0.98931
G0 F1320 X37.36 Y26.046
G1 F480 X62.64 Y51.326 E0.98933
G0 F1320 X62.64 Y51.892
G1 F480 X37.36 Y26.612 E0.98933
G0 F1320 X37.36 Y27.178
G1 F480 X62.64 Y52.457 E0.98931
G0 F1320 X62.64 Y53.023
G1 F480 X37.36 Y27.743 E0.98933
G0 F1320 X37.36 Y28.309
G1 F480 X62.64 Y53.589 E0.98933
G0 F1320 X62.64 Y54.154
G1 F480 X37.36 Y28.875 E0.98931
G0 F1320 X37.36 Y29.44
G1 F480 X62.64 Y54.72 E0.98933
G0 F1320 X62.64 Y55.286
G1 F480 X37.36 Y30.006 E0.98933
G0 F1320 X37.36 Y30.572
G1 F480 X62.64 Y55.852 E0.98933
G0 F1320 X62.64 Y56.417
G1 F480 X37.36 Y31.137 E0.98933
G0 F1320 X37.36 Y31.703
G1 F480 X62.64 Y56.983 E0.98933
G0 F1320 X62.64 Y57.549
G1 F480 X37.36 Y32.269 E0.98933
G0 F1320 X37.36 Y32.835
G1 F480 X62.64 Y58.114 E0.98931
G0 F1320 X62.64 Y58.68
G1 F480 X37.36 Y33.4 E0.98933
G0 F1320 X37.36 Y33.966
G1 F480 X62.64 Y59.246 E0.98933
G0 F1320 X62.64 Y59.811
G1 F480 X37.36 Y34.532 E0.98931
G0 F1320 X37.36 Y35.097
G1 F480 X62.64 Y60.377 E0.98933
G0 F1320 X62.64 Y60.943
G1 F480 X37.36 Y35.663 E0.98933
G0 F1320 X37.36 Y36.229
G1 F480 X62.64 Y61.508 E0.98931
G0 F1320 X62.64 Y62.074
G1 F480 X37.36 Y36.794 E0.98933
G0 F1320 X37.36 Y37.36
G1 F480 X62.64 Y62.64 E0.98933
G0 F1320 X62.64 Y63.205
G1 F480 X37.36 Y37.926 E0.98931
G0 F1320 X37.36 Y38.491
G1 F480 X62.64 Y63.771 E0.98933
G0 F1320 X62.64 Y64.337
G1 F480 X37.36 Y39.057 E0.98933
G0 F1320 X37.36 Y39.623
G1 F480 X62.64 Y64.903 E0.98933
G0 F1320 X62.64 Y65.468
G1 F480 X37.36 Y40.188 E0.98933
G0 F1320 X37.36 Y40.754
G1 F480 X62.64 Y66.034 E0.98933
G0 F1320 X62.64 Y66.6
G1 F480 X37.36 Y41.32 E0.98933
G0 F1320 X37.36 Y41.885
G1 F480 X62.64 Y67.165 E0.98933
G0 F1320 X62.64 Y67.731
G1 F480 X37.36 Y42.451 E0.98933
G0 F1320 X37.36 Y43.017
G1 F480 X62.64 Y68.297 E0.98933
G0 F1320 X62.64 Y68.862
G1 F480 X37.36 Y43.583 E0.98931
G0 F1320 X37.36 Y44.148
G1 F480 X62.64 Y69.428 E0.98933
G0 F1320 X62.64 Y69.994
G1 F480 X37.36 Y44.714 E0.98933
G0 F1320 X37.36 Y45.28
G1 F480 X62.64 Y70.559 E0.98931
G0 F1320 X62.64 Y71.125
G1 F480 X37.36 Y45.845 E0.98933
G0 F1320 X37.36 Y46.411
G1 F480 X62.64 Y71.691 E0.98933
G0 F1320 X62.64 Y72.256
G1 F480 X37.36 Y46.977 E0.98931
G0 F1320 X37.36 Y47.542
G1 F480 X62.64 Y72.822 E0.98933
G0 F1320 X62.64 Y73.388
G1 F480 X37.36 Y48.108 E0.98933
G0 F1320 X37.36 Y48.674
G1 F480 X62.64 Y73.953 E0.98931
G0 F1320 X62.64 Y74.519
G1 F480 X37.36 Y49.239 E0.98933
G0 F1320 X37.36 Y49.805
G1 F480 X62.64 Y75.085 E0.98933
G0 F1320 X62.64 Y75.651
G1 F480 X37.36 Y50.371 E0.98933
G0 F1320 X37.36 Y50.936
G1 F480 X62.64 Y76.216 E0.98933
G0 F1320 X62.64 Y76.782
G1 F480 X37.36 Y51.502 E0.98933
G0 F1320 X37.36 Y52.068
G1 F480 X62.64 Y77.348 E0.98933
G0 F1320 X62.534 Y77.807
G1 F480 X37.36 Y52.633 E0.98518
G0 F1320 X37.36 Y53.199
G1 F480 X62.232 Y78.071 E0.97336
G0 F1320 X61.735 Y78.14
G1 F480 X37.36 Y53.765 E0.95391
G0 F1320 X37.36 Y54.331
G1 F480 X61.17 Y78.14 E0.93178
G0 F1320 X60.604 Y78.14
G1 F480 X37.36 Y54.896 E0.90965
G0 F1320 X37.36 Y55.462
G1 F480 X60.038 Y78.14 E0.8875
G0 F1320 X59.473 Y78.14
G1 F480 X37.36 Y56.028 E0.86537
G0 F1320 X37.36 Y56.593
G1 F480 X58.907 Y78.14 E0.84324
G0 F1320 X58.341 Y78.14
G1 F480 X37.36 Y57.159 E0.82109
G0 F1320 X37.36 Y57.725
G1 F480 X57.776 Y78.14 E0.79896
G0 F1320 X57.21 Y78.14
G1 F480 X37.36 Y58.29 E0.77682
G0 F1320 X37.36 Y58.856
G1 F480 X56.644 Y78.14 E0.75467
G0 F1320 X56.079 Y78.14
G1 F480 X37.36 Y59.422 E0.73254
G0 F1320 X37.36 Y59.987
G1 F480 X55.513 Y78.14 E0.71041
G0 F1320 X54.947 Y78.14
G1 F480 X37.36 Y60.553 E0.68826
G0 F1320 X37.36 Y61.119
G1 F480 X54.381 Y78.14 E0.66611
G0 F1320 X53.816 Y78.14
G1 F480 X37.36 Y61.684 E0.644
G0 F1320 X37.36 Y62.25
G1 F480 X53.25 Y78.14 E0.62185
G0 F1320 X52.684 Y78.14
G1 F480 X37.36 Y62.816 E0.5997
G0 F1320 X37.36 Y63.382
G1 F480 X52.119 Y78.14 E0.57757
G0 F1320 X51.553 Y78.14
G1 F480 X37.36 Y63.947 E0.55544
G0 F1320 X37.36 Y64.513
G1 F480 X50.987 Y78.14 E0.53329
G0 F1320 X50.422 Y78.14
G1 F480 X37.36 Y65.079 E0.51116
G0 F1320 X37.36 Y65.644
G1 F480 X49.856 Y78.14 E0.48903
G0 F1320 X49.29 Y78.14
G1 F480 X37.36 Y66.21 E0.46688
G0 F1320 X37.36 Y66.776
G1 F480 X48.725 Y78.14 E0.44475
G0 F1320 X48.159 Y78.14
G1 F480 X37.36 Y67.341 E0.42262
G0 F1320 X37.36 Y67.907
G1 F480 X47.593 Y78.14 E0.40047
G0 F1320 X47.028 Y78.14
G1 F480 X37.36 Y68.473 E0.37833
G0 F1320 X37.36 Y69.038
G1 F480 X46.462 Y78.14 E0.3562
G0 F1320 X45.896 Y78.14
G1 F480 X37.36 Y69.604 E0.33405
G0 F1320 X37.36 Y70.17
G1 F480 X45.33 Y78.14 E0.3119
G0 F1320 X44.765 Y78.14
G1 F480 X37.36 Y70.735 E0.28979
G0 F1320 X37.36 Y71.301
G1 F480 X44.199 Y78.14 E0.26764
G0 F1320 X43.633 Y78.14
G1 F480 X37.36 Y71.867 E0.24549
G0 F1320 X37.36 Y72.432
G1 F480 X43.068 Y78.14 E0.22338
G0 F1320 X42.502 Y78.14
G1 F480 X37.36 Y72.998 E0.20123
G0 F1320 X37.36 Y73.564
G1 F480 X41.936 Y78.14 E0.17908
G0 F1320 X41.371 Y78.14
G1 F480 X37.36 Y74.13 E0.15695
G0 F1320 X37.36 Y74.695
G1 F480 X40.805 Y78.14 E0.13482
G0 F1320 X40.239 Y78.14
G1 F480 X37.36 Y75.261 E0.11267
G0 F1320 X37.36 Y75.827
G1 F480 X39.674 Y78.14 E0.09054
G0 F1320 X39.108 Y78.14
G1 F480 X37.36 Y76.392 E0.06841
G0 F1320 X37.36 Y76.958
G1 F480 X38.542 Y78.14 E0.04626
G0 F1320 X37.952 Y78.116
G1 F480 X37.38 Y77.543 E0.0224
G1 X37.31 Y77.473
;MESH:NONMESH
G0 F600 X37.31 Y77.473 Z1.32
G0 F1320 X37.626 Y78.633
;TIME_ELAPSED:4412.569841
;LAYER:7
M204 P200
;TYPE:WALL-INNER
;MESH:flasherBot.STL
G1 F480 X38.081 Y78.7 E0.0126
G1 X61.919 Y78.7 E0.65331
G1 X62.368 Y78.633 E0.01244
G1 X62.704 Y78.464 E0.01031
G1 X62.961 Y78.203 E0.01004
G1 X63.132 Y77.869 E0.01028
G1 X63.2 Y77.419 E0.01247
G1 X63.2 Y22.574 E1.5031
G1 X63.134 Y22.127 E0.01238
G1 X63.06 Y21.95 E0.00526
G1 X62.843 Y21.653 E0.01008
G1 X62.543 Y21.436 E0.01015
G1 X62.126 Y21.3 E0.01202
G1 X37.873 Y21.3 E0.66469
G1 X37.456 Y21.434 E0.012
G1 X37.154 Y21.654 E0.01024
G1 X36.934 Y21.956 E0.01024
G1 X36.8 Y22.373 E0.012
G1 X36.8 Y77.433 E1.50899
G1 X36.863 Y77.867 E0.01202
G1 X37.035 Y78.203 E0.01034
G1 X37.295 Y78.464 E0.0101
G1 X37.626 Y78.633 E0.01019
G0 F1320 X37.272 Y21.077
G1 F480 X36.87 Y21.37 E0.01363
G1 X36.577 Y21.772 E0.01363
G1 X36.4 Y22.322 E0.01583
G1 X36.4 Y77.449 E1.51083
G1 X36.481 Y77.991 E0.01502
G1 X36.71 Y78.439 E0.01379
G1 X37.059 Y78.788 E0.01353
G1 X37.503 Y79.015 E0.01367
G1 X38.064 Y79.1 E0.01555
G1 X61.936 Y79.1 E0.65424
G1 X62.492 Y79.015 E0.01541
G1 X62.94 Y78.788 E0.01376
G1 X63.286 Y78.439 E0.01347
G1 X63.514 Y77.992 E0.01375
G1 X63.6 Y77.436 E0.01542
G1 X63.6 Y22.557 E1.50403
G1 X63.515 Y22.004 E0.01533
G1 X63.289 Y21.559 E0.01368
G1 X63.127 Y21.369 E0.00684
G1 X62.726 Y21.078 E0.01358
G1 X62.178 Y20.9 E0.01579
G1 X37.822 Y20.9 E0.66751
G1 X37.272 Y21.077 E0.01583
G0 F1320 X63.611 Y78.675
G1 F480 X63.896 Y78.115 E0.01722
G1 X64 Y77.453 E0.01837
G1 X64 Y22.54 E1.50496
G1 X63.897 Y21.881 E0.01828
G1 X63.613 Y21.323 E0.01716
G1 X63.41 Y21.086 E0.00855
G1 X62.909 Y20.721 E0.01699
G1 X62.313 Y20.528 E0.01717
G1 X61.957 Y20.5 E0.00979
G1 X38.043 Y20.5 E0.6554
G1 X37.38 Y20.599 E0.01837
G1 X37.088 Y20.72 E0.00866
G1 X36.586 Y21.086 E0.01703
G1 X36.22 Y21.588 E0.01703
G1 X36.028 Y22.186 E0.01721
G1 X36 Y22.543 E0.00981
G1 X36 Y77.464 E1.50518
G1 X36.099 Y78.114 E0.01802
G1 X36.385 Y78.675 E0.01726
G1 X36.823 Y79.113 E0.01698
G1 X37.38 Y79.397 E0.01714
G1 X38.047 Y79.5 E0.0185
G1 X61.953 Y79.5 E0.65518
G1 X62.615 Y79.397 E0.01836
G1 X63.176 Y79.113 E0.01723
G1 X63.611 Y78.675 E0.01692
G0 F1320 X64.131 Y78.59
G1 F480 X64.278 Y78.239 E0.01043
G1 X64.365 Y77.869 E0.01042
G1 X64.4 Y77.47 E0.01098
G1 X64.4 Y22.522 E1.50592
G1 X64.366 Y22.127 E0.01087
G1 X64.279 Y21.757 E0.01042
G1 X64.132 Y21.402 E0.01053
G1 X63.937 Y21.087 E0.01015
G1 X63.694 Y20.802 E0.01026
G1 X63.413 Y20.562 E0.01013
G1 X63.093 Y20.364 E0.01031
G1 X62.738 Y20.217 E0.01053
G1 X62.375 Y20.131 E0.01022
G1 X61.973 Y20.1 E0.01105
G1 X38.027 Y20.1 E0.65627
G1 X37.624 Y20.131 E0.01108
G1 X37.257 Y20.217 E0.01033
G1 X36.904 Y20.364 E0.01048
G1 X36.302 Y20.802 E0.0204
G1 X35.864 Y21.404 E0.0204
G1 X35.718 Y21.757 E0.01047
G1 X35.631 Y22.124 E0.01034
G1 X35.6 Y22.527 E0.01108
G1 X35.6 Y77.48 E1.50606
G1 X35.631 Y77.871 E0.01075
G1 X35.717 Y78.238 E0.01033
G1 X35.865 Y78.59 E0.01047
G1 X36.06 Y78.91 E0.01027
G1 X36.302 Y79.194 E0.01023
G1 X36.587 Y79.437 E0.01026
G1 X36.902 Y79.631 E0.01014
G1 X37.257 Y79.779 E0.01054
G1 X37.627 Y79.865 E0.01041
G1 X38.03 Y79.9 E0.01109
G1 X61.97 Y79.9 E0.65611
G1 X62.373 Y79.865 E0.01109
G1 X62.738 Y79.779 E0.01028
G1 X63.095 Y79.631 E0.01059
G1 X63.413 Y79.437 E0.01021
G1 X63.693 Y79.195 E0.01014
G1 X63.936 Y78.91 E0.01026
G1 X64.131 Y78.59 E0.01027
G0 F1320 X63.977 Y79.478
M204 P150
;TYPE:WALL-OUTER
G1 F480 X64.261 Y79.146 E0.01186
G1 X64.489 Y78.772 E0.01189
G1 X64.66 Y78.362 E0.01206
G1 X64.761 Y77.932 E0.01199
G1 X64.8 Y77.487 E0.01212
G1 X64.8 Y22.505 E1.49223
G1 X64.762 Y22.064 E0.01201
G1 X64.661 Y21.634 E0.01199
G1 X64.489 Y21.22 E0.01217
G1 X64.261 Y20.851 E0.01177
G1 X63.978 Y20.518 E0.01186
G1 X63.649 Y20.238 E0.01173
G1 X63.276 Y20.007 E0.01191
G1 X62.862 Y19.835 E0.01217
G1 X62.437 Y19.735 E0.01185
G1 X61.988 Y19.7 E0.01222
G1 X38.012 Y19.7 E0.65072
G1 X37.563 Y19.735 E0.01222
G1 X37.134 Y19.835 E0.01196
G1 X36.72 Y20.007 E0.01217
G1 X36.351 Y20.239 E0.01183
G1 X36.018 Y20.518 E0.01179
G1 X35.739 Y20.851 E0.01179
G1 X35.507 Y21.22 E0.01183
G1 X35.336 Y21.634 E0.01216
G1 X35.235 Y22.063 E0.01196
G1 X35.2 Y22.512 E0.01222
G1 X35.2 Y77.496 E1.49228
G1 X35.235 Y77.933 E0.0119
G1 X35.335 Y78.362 E0.01196
G1 X35.507 Y78.772 E0.01207
G1 X35.735 Y79.146 E0.01189
G1 X36.018 Y79.478 E0.01184
G1 X36.351 Y79.761 E0.01186
G1 X36.72 Y79.989 E0.01177
G1 X37.134 Y80.161 E0.01217
G1 X37.564 Y80.261 E0.01198
G1 X38.013 Y80.3 E0.01223
G1 X61.987 Y80.3 E0.65066
G1 X62.436 Y80.261 E0.01223
G1 X62.862 Y80.161 E0.01188
G1 X63.277 Y79.989 E0.01219
G1 X63.649 Y79.761 E0.01184
G1 X63.977 Y79.478 E0.01176
G0 F1320 X64.106 Y79.327
G0 X63.57 Y78.865
G0 X62.783 Y77.758
M204 P180
;TYPE:SKIN
G1 F480 X62.667 Y77.986 E0.00708
G1 X62.379 Y78.234 E0.01052
G1 X62.056 Y78.34 E0.00941
G1 X38.107 Y78.34 E0.66273
G1 X37.734 Y78.286 E0.01043
G1 X37.507 Y78.171 E0.00704
G1 X37.324 Y77.989 E0.00714
G1 X37.206 Y77.756 E0.00723
G1 X37.161 Y77.406 E0.00977
G1 X37.16 Y22.423 E1.52151
G1 X37.257 Y22.115 E0.00894
G1 X37.408 Y21.908 E0.00709
G1 X37.615 Y21.757 E0.00709
G1 X37.923 Y21.66 E0.00894
G1 X62.071 Y21.66 E0.66823
G1 X62.376 Y21.761 E0.00889
G1 X62.582 Y21.907 E0.00699
G1 X62.784 Y22.242 E0.01083
G1 X62.84 Y22.6 E0.01003
G1 X62.84 Y77.388 E1.51612
G1 X62.783 Y77.758 E0.01036
G0 F1320 X62.585 Y77.705
G1 F480 X62.211 Y78.079 E0.01464
G0 F1320 X61.584 Y78.14
G1 F480 X62.64 Y77.085 E0.04131
G0 F1320 X62.64 Y76.519
G1 F480 X61.018 Y78.14 E0.06346
G0 F1320 X60.453 Y78.14
G1 F480 X62.64 Y75.953 E0.08559
G0 F1320 X62.64 Y75.387
G1 F480 X59.887 Y78.14 E0.10774
G0 F1320 X59.321 Y78.14
G1 F480 X62.64 Y74.822 E0.12987
G0 F1320 X62.64 Y74.256
G1 F480 X58.756 Y78.14 E0.152
G0 F1320 X58.19 Y78.14
G1 F480 X62.64 Y73.69 E0.17415
G0 F1320 X62.64 Y73.125
G1 F480 X57.624 Y78.14 E0.19628
G0 F1320 X57.059 Y78.14
G1 F480 X62.64 Y72.559 E0.21841
G0 F1320 X62.64 Y71.993
G1 F480 X56.493 Y78.14 E0.24056
G0 F1320 X55.927 Y78.14
G1 F480 X62.64 Y71.428 E0.26269
G0 F1320 X62.64 Y70.862
G1 F480 X55.362 Y78.14 E0.28482
G0 F1320 X54.796 Y78.14
G1 F480 X62.64 Y70.296 E0.30697
G0 F1320 X62.64 Y69.731
G1 F480 X54.23 Y78.14 E0.3291
G0 F1320 X53.664 Y78.14
G1 F480 X62.64 Y69.165 E0.35125
G0 F1320 X62.64 Y68.599
G1 F480 X53.099 Y78.14 E0.37338
G0 F1320 X52.533 Y78.14
G1 F480 X62.64 Y68.034 E0.39552
G0 F1320 X62.64 Y67.468
G1 F480 X51.967 Y78.14 E0.41767
G0 F1320 X51.402 Y78.14
G1 F480 X62.64 Y66.902 E0.4398
G0 F1320 X62.64 Y66.337
G1 F480 X50.836 Y78.14 E0.46193
G0 F1320 X50.27 Y78.14
G1 F480 X62.64 Y65.771 E0.48408
G0 F1320 X62.64 Y65.205
G1 F480 X49.705 Y78.14 E0.50621
G0 F1320 X49.139 Y78.14
G1 F480 X62.64 Y64.639 E0.52836
G0 F1320 X62.64 Y64.074
G1 F480 X48.573 Y78.14 E0.55049
G0 F1320 X48.008 Y78.14
G1 F480 X62.64 Y63.508 E0.57262
G0 F1320 X62.64 Y62.942
G1 F480 X47.442 Y78.14 E0.59477
G0 F1320 X46.876 Y78.14
G1 F480 X62.64 Y62.377 E0.6169
G0 F1320 X62.64 Y61.811
G1 F480 X46.311 Y78.14 E0.63903
G0 F1320 X45.745 Y78.14
G1 F480 X62.64 Y61.245 E0.66118
G0 F1320 X62.64 Y60.68
G1 F480 X45.179 Y78.14 E0.68331
G0 F1320 X44.613 Y78.14
G1 F480 X62.64 Y60.114 E0.70546
G0 F1320 X62.64 Y59.548
G1 F480 X44.048 Y78.14 E0.72759
G0 F1320 X43.482 Y78.14
G1 F480 X62.64 Y58.983 E0.74972
G0 F1320 X62.64 Y58.417
G1 F480 X42.916 Y78.14 E0.77187
G0 F1320 X42.351 Y78.14
G1 F480 X62.64 Y57.851 E0.794
G0 F1320 X62.64 Y57.286
G1 F480 X41.785 Y78.14 E0.81614
G0 F1320 X41.219 Y78.14
G1 F480 X62.64 Y56.72 E0.83829
G0 F1320 X62.64 Y56.154
G1 F480 X40.654 Y78.14 E0.86042
G0 F1320 X40.088 Y78.14
G1 F480 X62.64 Y55.588 E0.88257
G0 F1320 X62.64 Y55.023
G1 F480 X39.522 Y78.14 E0.9047
G0 F1320 X38.957 Y78.14
G1 F480 X62.64 Y54.457 E0.92683
G0 F1320 X62.64 Y53.891
G1 F480 X38.391 Y78.14 E0.94898
G0 F1320 X37.863 Y78.103
G1 F480 X62.64 Y53.326 E0.96964
G0 F1320 X62.64 Y52.76
G1 F480 X37.509 Y77.891 E0.98349
G0 F1320 X37.37 Y77.464
G1 F480 X62.64 Y52.194 E0.98893
G0 F1320 X62.64 Y51.629
G1 F480 X37.361 Y76.908 E0.98929
G0 F1320 X37.361 Y76.342
G1 F480 X62.64 Y51.063 E0.98929
G0 F1320 X62.64 Y50.497
G1 F480 X37.361 Y75.776 E0.98929
G0 F1320 X37.361 Y75.211
G1 F480 X62.64 Y49.932 E0.98929
G0 F1320 X62.64 Y49.366
G1 F480 X37.361 Y74.645 E0.98929
G0 F1320 X37.361 Y74.079
G1 F480 X62.64 Y48.8 E0.98929
G0 F1320 X62.64 Y48.235
G1 F480 X37.361 Y73.514 E0.98929
G0 F1320 X37.361 Y72.948
G1 F480 X62.64 Y47.669 E0.98929
G0 F1320 X62.64 Y47.103
G1 F480 X37.361 Y72.382 E0.98929
G0 F1320 X37.361 Y71.817
G1 F480 X62.64 Y46.538 E0.98929
G0 F1320 X62.64 Y45.972
G1 F480 X37.361 Y71.251 E0.98929
G0 F1320 X37.361 Y70.685
G1 F480 X62.64 Y45.406 E0.98929
G0 F1320 X62.64 Y44.84
G1 F480 X37.361 Y70.12 E0.98931
G0 F1320 X37.361 Y69.554
G1 F480 X62.64 Y44.275 E0.98929
G0 F1320 X62.64 Y43.709
G1 F480 X37.361 Y68.988 E0.98929
G0 F1320 X37.361 Y68.422
G1 F480 X62.64 Y43.143 E0.98929
G0 F1320 X62.64 Y42.578
G1 F480 X37.361 Y67.857 E0.98929
G0 F1320 X37.361 Y67.291
G1 F480 X62.64 Y42.012 E0.98929
G0 F1320 X62.64 Y41.446
G1 F480 X37.361 Y66.725 E0.98929
G0 F1320 X37.361 Y66.16
G1 F480 X62.64 Y40.881 E0.98929
G0 F1320 X62.64 Y40.315
G1 F480 X37.361 Y65.594 E0.98929
G0 F1320 X37.361 Y65.028
G1 F480 X62.64 Y39.749 E0.98929
G0 F1320 X62.64 Y39.184
G1 F480 X37.361 Y64.463 E0.98929
G0 F1320 X37.361 Y63.897
G1 F480 X62.64 Y38.618 E0.98929
G0 F1320 X62.64 Y38.052
G1 F480 X37.361 Y63.331 E0.98929
G0 F1320 X37.361 Y62.766
G1 F480 X62.64 Y37.487 E0.98929
G0 F1320 X62.64 Y36.921
G1 F480 X37.361 Y62.2 E0.98929
G0 F1320 X37.361 Y61.634
G1 F480 X62.64 Y36.355 E0.98929
G0 F1320 X62.64 Y35.79
G1 F480 X37.361 Y61.069 E0.98929
G0 F1320 X37.361 Y60.503
G1 F480 X62.64 Y35.224 E0.98929
G0 F1320 X62.64 Y34.658
G1 F480 X37.361 Y59.937 E0.98929
G0 F1320 X37.361 Y59.372
G1 F480 X62.64 Y34.092 E0.98931
G0 F1320 X62.64 Y33.527
G1 F480 X37.361 Y58.806 E0.98929
G0 F1320 X37.361 Y58.24
G1 F480 X62.64 Y32.961 E0.98929
G0 F1320 X62.64 Y32.395
G1 F480 X37.361 Y57.674 E0.98929
G0 F1320 X37.361 Y57.109
G1 F480 X62.64 Y31.83 E0.98929
G0 F1320 X62.64 Y31.264
G1 F480 X37.361 Y56.543 E0.98929
G0 F1320 X37.361 Y55.977
G1 F480 X62.64 Y30.698 E0.98929
G0 F1320 X62.64 Y30.133
G1 F480 X37.361 Y55.412 E0.98929
G0 F1320 X37.361 Y54.846
G1 F480 X62.64 Y29.567 E0.98929
G0 F1320 X62.64 Y29.001
G1 F480 X37.361 Y54.28 E0.98929
G0 F1320 X37.361 Y53.715
G1 F480 X62.64 Y28.436 E0.98929
G0 F1320 X62.64 Y27.87
G1 F480 X37.361 Y53.149 E0.98929
G0 F1320 X37.361 Y52.583
G1 F480 X62.64 Y27.304 E0.98929
G0 F1320 X62.64 Y26.739
G1 F480 X37.361 Y52.018 E0.98929
G0 F1320 X37.361 Y51.452
G1 F480 X62.64 Y26.173 E0.98929
G0 F1320 X62.64 Y25.607
G1 F480 X37.361 Y50.886 E0.98929
G0 F1320 X37.361 Y50.321
G1 F480 X62.64 Y25.041 E0.98931
G0 F1320 X62.64 Y24.476
G1 F480 X37.361 Y49.755 E0.98929
G0 F1320 X37.361 Y49.189
G1 F480 X62.64 Y23.91 E0.98929
G0 F1320 X62.64 Y23.344
G1 F480 X37.361 Y48.623 E0.98929
G0 F1320 X37.361 Y48.058
G1 F480 X62.64 Y22.779 E0.98929
G0 F1320 X62.573 Y22.28
G1 F480 X37.361 Y47.492 E0.98666
G0 F1320 X37.361 Y46.926
G1 F480 X62.322 Y21.966 E0.97682
G0 F1320 X61.861 Y21.86
G1 F480 X37.361 Y46.361 E0.95882
G0 F1320 X37.361 Y45.795
G1 F480 X61.296 Y21.86 E0.93669
G0 F1320 X60.73 Y21.86
G1 F480 X37.361 Y45.229 E0.91454
G0 F1320 X37.361 Y44.664
G1 F480 X60.164 Y21.86 E0.89241
G0 F1320 X59.598 Y21.86
G1 F480 X37.361 Y44.098 E0.87026
G0 F1320 X37.361 Y43.532
G1 F480 X59.033 Y21.86 E0.84813
G0 F1320 X58.467 Y21.86
G1 F480 X37.361 Y42.967 E0.826
G0 F1320 X37.361 Y42.401
G1 F480 X57.901 Y21.86 E0.80385
G0 F1320 X57.336 Y21.86
G1 F480 X37.361 Y41.835 E0.78172
G0 F1320 X37.361 Y41.27
G1 F480 X56.77 Y21.86 E0.75959
G0 F1320 X56.204 Y21.86
G1 F480 X37.361 Y40.704 E0.73744
G0 F1320 X37.361 Y40.138
G1 F480 X55.639 Y21.86 E0.7153
G0 F1320 X55.073 Y21.86
G1 F480 X37.361 Y39.573 E0.69317
G0 F1320 X37.361 Y39.007
G1 F480 X54.507 Y21.86 E0.67102
G0 F1320 X53.942 Y21.86
G1 F480 X37.361 Y38.441 E0.64889
G0 F1320 X37.361 Y37.875
G1 F480 X53.376 Y21.86 E0.62674
G0 F1320 X52.81 Y21.86
G1 F480 X37.361 Y37.31 E0.60461
G0 F1320 X37.361 Y36.744
G1 F480 X52.245 Y21.86 E0.58248
G0 F1320 X51.679 Y21.86
G1 F480 X37.361 Y36.178 E0.56033
G0 F1320 X37.361 Y35.613
G1 F480 X51.113 Y21.86 E0.5382
G0 F1320 X50.548 Y21.86
G1 F480 X37.361 Y35.047 E0.51607
G0 F1320 X37.361 Y34.481
G1 F480 X49.982 Y21.86 E0.49392
G0 F1320 X49.416 Y21.86
G1 F480 X37.361 Y33.916 E0.47179
G0 F1320 X37.361 Y33.35
G1 F480 X48.85 Y21.86 E0.44964
G0 F1320 X48.285 Y21.86
G1 F480 X37.361 Y32.784 E0.42751
G0 F1320 X37.361 Y32.219
G1 F480 X47.719 Y21.86 E0.40538
G0 F1320 X47.153 Y21.86
G1 F480 X37.361 Y31.653 E0.38323
G0 F1320 X37.361 Y31.087
G1 F480 X46.588 Y21.86 E0.3611
G0 F1320 X46.022 Y21.86
G1 F480 X37.361 Y30.522 E0.33897
G0 F1320 X37.361 Y29.956
G1 F480 X45.456 Y21.86 E0.31682
G0 F1320 X44.891 Y21.86
G1 F480 X37.361 Y29.39 E0.29468
G0 F1320 X37.361 Y28.825
G1 F480 X44.325 Y21.86 E0.27255
G0 F1320 X43.759 Y21.86
G1 F480 X37.361 Y28.259 E0.2504
G0 F1320 X37.361 Y27.693
G1 F480 X43.194 Y21.86 E0.22827
G0 F1320 X42.628 Y21.86
G1 F480 X37.361 Y27.127 E0.20612
G0 F1320 X37.361 Y26.562
G1 F480 X42.062 Y21.86 E0.18399
G0 F1320 X41.497 Y21.86
G1 F480 X37.361 Y25.996 E0.16186
G0 F1320 X37.361 Y25.43
G1 F480 X40.931 Y21.86 E0.13971
G0 F1320 X40.365 Y21.86
G1 F480 X37.361 Y24.865 E0.11758
G0 F1320 X37.361 Y24.299
G1 F480 X39.8 Y21.86 E0.09545
G0 F1320 X39.234 Y21.86
G1 F480 X37.361 Y23.733 E0.0733
G0 F1320 X37.361 Y23.168
G1 F480 X38.668 Y21.86 E0.05117
G0 F1320 X38.102 Y21.86
G1 F480 X37.361 Y22.602 E0.02902
G1 X37.291 Y22.672
;MESH:NONMESH
G0 F600 X37.291 Y22.672 Z1.48
G0 F1320 X37.035 Y78.203
;TIME_ELAPSED:5000.714023
;LAYER:8
M204 P200
;TYPE:WALL-INNER
;MESH:flasherBot.STL
G1 F480 X37.295 Y78.464 E0.0101
G1 X37.626 Y78.633 E0.01019
G1 X38.081 Y78.7 E0.0126
G1 X61.919 Y78.7 E0.65331
G1 X62.368 Y78.633 E0.01244
G1 X62.704 Y78.464 E0.01031
G1 X62.961 Y78.203 E0.01004
G1 X63.132 Y77.869 E0.01028
G1 X63.2 Y77.419 E0.01247
G1 X63.2 Y22.574 E1.5031
G1 X63.134 Y22.127 E0.01238
G1 X63.06 Y21.95 E0.00526
G1 X62.843 Y21.653 E0.01008
G1 X62.543 Y21.436 E0.01015
G1 X62.126 Y21.3 E0.01202
G1 X37.873 Y21.3 E0.66469
G1 X37.456 Y21.434 E0.012
G1 X37.154 Y21.654 E0.01024
G1 X36.934 Y21.956 E0.01024
G1 X36.8 Y22.373 E0.012
G1 X36.8 Y77.433 E1.50899
G1 X36.863 Y77.867 E0.01202
G1 X37.035 Y78.203 E0.01034
G0 F1320 X37.822 Y20.9
G1 F480 X37.272 Y21.077 E0.01583
G1 X36.87 Y21.37 E0.01363
G1 X36.577 Y21.772 E0.01363
G1 X36.4 Y22.322 E0.01583
G1 X36.4 Y77.449 E1.51083
G1 X36.481 Y77.991 E0.01502
G1 X36.71 Y78.439 E0.01379
G1 X37.059 Y78.788 E0.01353
G1 X37.503 Y79.015 E0.01367
G1 X38.064 Y79.1 E0.01555
G1 X61.936 Y79.1 E0.65424
G1 X62.492 Y79.015 E0.01541
G1 X62.94 Y78.788 E0.01376
G1 X63.286 Y78.439 E0.01347
G1 X63.514 Y77.992 E0.01375
G1 X63.6 Y77.436 E0.01542
G1 X63.6 Y22.557 E1.50403
G1 X63.515 Y22.004 E0.01533
G1 X63.289 Y21.559 E0.01368
G1 X63.127 Y21.369 E0.00684
G1 X62.726 Y21.078 E0.01358
G1 X62.178 Y20.9 E0.01579
G1 X37.822 Y20.9 E0.66751
G0 F1320 X62.313 Y20.528
G1 F480 X61.957 Y20.5 E0.00979
G1 X38.043 Y20.5 E0.6554
G1 X37.38 Y20.599 E0.01837
G1 X37.088 Y20.72 E0.00866
G1 X36.586 Y21.086 E0.01703
G1 X36.22 Y21.588 E0.01703
G1 X36.028 Y22.186 E0.01721
G1 X36 Y22.543 E0.00981
G1 X36 Y77.464 E1.50518
G1 X36.099 Y78.114 E0.01802
G1 X36.385 Y78.675 E0.01726
G1 X36.823 Y79.113 E0.01698
G1 X37.38 Y79.397 E0.01714
G1 X38.047 Y79.5 E0.0185
G1 X61.953 Y79.5 E0.65518
G1 X62.615 Y79.397 E0.01836
G1 X63.176 Y79.113 E0.01723
G1 X63.611 Y78.675 E0.01692
G1 X63.896 Y78.115 E0.01722
G1 X64 Y77.453 E0.01837
G1 X64 Y22.54 E1.50496
G1 X63.897 Y21.881 E0.01828
G1 X63.613 Y21.323 E0.01716
G1 X63.41 Y21.086 E0.00855
G1 X62.909 Y20.721 E0.01699
G1 X62.313 Y20.528 E0.01717
G0 F1320 X35.937 Y77.822
G0 X35.631 Y77.871
G1 F480 X35.717 Y78.238 E0.01033
G1 X35.865 Y78.59 E0.01047
G1 X36.06 Y78.91 E0.01027
G1 X36.302 Y79.194 E0.01023
G1 X36.587 Y79.437 E0.01026
G1 X36.902 Y79.631 E0.01014
G1 X37.257 Y79.779 E0.01054
G1 X37.627 Y79.865 E0.01041
G1 X38.03 Y79.9 E0.01109
G1 X61.97 Y79.9 E0.65611
G1 X62.373 Y79.865 E0.01109
G1 X62.738 Y79.779 E0.01028
G1 X63.095 Y79.631 E0.01059
G1 X63.413 Y79.437 E0.01021
G1 X63.693 Y79.195 E0.01014
G1 X63.936 Y78.91 E0.01026
G1 X64.131 Y78.59 E0.01027
G1 X64.278 Y78.239 E0.01043
G1 X64.365 Y77.869 E0.01042
G1 X64.4 Y77.47 E0.01098
G1 X64.4 Y22.522 E1.50592
G1 X64.366 Y22.127 E0.01087
G1 X64.279 Y21.757 E0.01042
G1 X64.132 Y21.402 E0.01053
G1 X63.937 Y21.087 E0.01015
G1 X63.694 Y20.802 E0.01026
G1 X63.413 Y20.562 E0.01013
G1 X63.093 Y20.364 E0.01031
G1 X62.738 Y20.217 E0.01053
G1 X62.375 Y20.131 E0.01022
G1 X61.973 Y20.1 E0.01105
G1 X38.027 Y20.1 E0.65627
G1 X37.624 Y20.131 E0.01108
G1 X37.257 Y20.217 E0.01033
G1 X36.904 Y20.364 E0.01048
G1 X36.302 Y20.802 E0.0204
G1 X35.864 Y21.404 E0.0204
G1 X35.718 Y21.757 E0.01047
G1 X35.631 Y22.124 E0.01034
G1 X35.6 Y22.527 E0.01108
G1 X35.6 Y77.48 E1.50606
G1 X35.631 Y77.871 E0.01075
G0 F1320 X35.938 Y77.823
G0 X36.016 Y21.85
G0 X35.336 Y21.634
M204 P150
;TYPE:WALL-OUTER
G1 F480 X35.235 Y22.063 E0.01196
G1 X35.2 Y22.512 E0.01222
G1 X35.2 Y77.496 E1.49228
G1 X35.235 Y77.933 E0.0119
G1 X35.335 Y78.362 E0.01196
G1 X35.507 Y78.772 E0.01207
G1 X35.735 Y79.146 E0.01189
G1 X36.018 Y79.478 E0.01184
G1 X36.351 Y79.761 E0.01186
G1 X36.72 Y79.989 E0.01177
G1 X37.134 Y80.161 E0.01217
G1 X37.564 Y80.261 E0.01198
G1 X38.013 Y80.3 E0.01223
G1 X61.987 Y80.3 E0.65066
G1 X62.436 Y80.261 E0.01223
G1 X62.862 Y80.161 E0.01188
G1 X63.277 Y79.989 E0.01219
G1 X63.649 Y79.761 E0.01184
G1 X63.977 Y79.478 E0.01176
G1 X64.261 Y79.146 E0.01186
G1 X64.489 Y78.772 E0.01189
G1 X64.66 Y78.362 E0.01206
G1 X64.761 Y77.932 E0.01199
G1 X64.8 Y77.487 E0.01212
G1 X64.8 Y22.505 E1.49223
G1 X64.762 Y22.064 E0.01201
G1 X64.661 Y21.634 E0.01199
G1 X64.489 Y21.22 E0.01217
G1 X64.261 Y20.851 E0.01177
G1 X63.978 Y20.518 E0.01186
G1 X63.649 Y20.238 E0.01173
G1 X63.276 Y20.007 E0.01191
G1 X62.862 Y19.835 E0.01217
G1 X62.437 Y19.735 E0.01185
G1 X61.988 Y19.7 E0.01222
G1 X38.012 Y19.7 E0.65072
G1 X37.563 Y19.735 E0.01222
G1 X37.134 Y19.835 E0.01196
G1 X36.72 Y20.007 E0.01217
G1 X36.351 Y20.239 E0.01183
G1 X36.018 Y20.518 E0.01179
G1 X35.739 Y20.851 E0.01179
G1 X35.507 Y21.22 E0.01183
G1 X35.336 Y21.634 E0.01216
G0 F1320 X35.291 Y21.828
G0 X35.982 Y21.994
G0 X37.507 Y78.171
M204 P180
;TYPE:SKIN
G1 F480 X37.324 Y77.989 E0.00714
G1 X37.206 Y77.756 E0.00723
G1 X37.161 Y77.406 E0.00977
G1 X37.16 Y22.423 E1.52151
G1 X37.257 Y22.115 E0.00894
G1 X37.408 Y21.908 E0.00709
G1 X37.615 Y21.757 E0.00709
G1 X37.923 Y21.66 E0.00894
G1 X62.071 Y21.66 E0.66823
G1 X62.376 Y21.761 E0.00889
G1 X62.582 Y21.907 E0.00699
G1 X62.784 Y22.242 E0.01083
G1 X62.84 Y22.6 E0.01003
G1 X62.84 Y77.388 E1.51612
G1 X62.783 Y77.758 E0.01036
G1 X62.667 Y77.986 E0.00708
G1 X62.379 Y78.234 E0.01052
G1 X62.056 Y78.34 E0.00941
G1 X38.107 Y78.34 E0.66273
G1 X37.734 Y78.286 E0.01043
G1 X37.507 Y78.171 E0.00704
G0 F1320 X37.38 Y77.543
G1 F480 X37.952 Y78.116 E0.0224
G0 F1320 X38.542 Y78.14
G1 F480 X37.36 Y76.958 E0.04626
G0 F1320 X37.36 Y76.392
G1 F480 X39.108 Y78.14 E0.06841
G0 F1320 X39.674 Y78.14
G1 F480 X37.36 Y75.827 E0.09054
G0 F1320 X37.36 Y75.261
G1 F480 X40.239 Y78.14 E0.11267
G0 F1320 X40.805 Y78.14
G1 F480 X37.36 Y74.695 E0.13482
G0 F1320 X37.36 Y74.13
G1 F480 X41.371 Y78.14 E0.15695
G0 F1320 X41.936 Y78.14
G1 F480 X37.36 Y73.564 E0.17908
G0 F1320 X37.36 Y72.998
G1 F480 X42.502 Y78.14 E0.20123
G0 F1320 X43.068 Y78.14
G1 F480 X37.36 Y72.432 E0.22338
G0 F1320 X37.36 Y71.867
G1 F480 X43.633 Y78.14 E0.24549
G0 F1320 X44.199 Y78.14
G1 F480 X37.36 Y71.301 E0.26764
G0 F1320 X37.36 Y70.735
G1 F480 X44.765 Y78.14 E0.28979
G0 F1320 X45.33 Y78.14
G1 F480 X37.36 Y70.17 E0.3119
G0 F1320 X37.36 Y69.604
G1 F480 X45.896 Y78.14 E0.33405
G0 F1320 X46.462 Y78.14
G1 F480 X37.36 Y69.038 E0.3562
G0 F1320 X37.36 Y68.473
G1 F480 X47.028 Y78.14 E0.37833
G0 F1320 X47.593 Y78.14
G1 F480 X37.36 Y67.907 E0.40047
G0 F1320 X37.36 Y67.341
G1 F480 X48.159 Y78.14 E0.42262
G0 F1320 X48.725 Y78.14
G1 F480 X37.36 Y66.776 E0.44475
G0 F1320 X37.36 Y66.21
G1 F480 X49.29 Y78.14 E0.46688
G0 F1320 X49.856 Y78.14
G1 F480 X37.36 Y65.644 E0.48903
G0 F1320 X37.36 Y65.079
G1 F480 X50.422 Y78.14 E0.51116
G0 F1320 X50.987 Y78.14
G1 F480 X37.36 Y64.513 E0.53329
G0 F1320 X37.36 Y63.947
G1 F480 X51.553 Y78.14 E0.55544
G0 F1320 X52.119 Y78.14
G1 F480 X37.36 Y63.382 E0.57757
G0 F1320 X37.36 Y62.816
G1 F480 X52.684 Y78.14 E0.5997
G0 F1320 X53.25 Y78.14
G1 F480 X37.36 Y62.25 E0.62185
G0 F1320 X37.36 Y61.684
G1 F480 X53.816 Y78.14 E0.644
G0 F1320 X54.381 Y78.14
G1 F480 X37.36 Y61.119 E0.66611
G0 F1320 X37.36 Y60.553
G1 F480 X54.947 Y78.14 E0.68826
G0 F1320 X55.513 Y78.14
G1 F480 X37.36 Y59.987 E0.71041
G0 F1320 X37.36 Y59.422
G1 F480 X56.079 Y78.14 E0.73254
G0 F1320 X56.644 Y78.14
G1 F480 X37.36 Y58.856 E0.75467
G0 F1320 X37.36 Y58.29
G1 F480 X57.21 Y78.14 E0.77682
G0 F1320 X57.776 Y78.14
G1 F480 X37.36 Y57.725 E0.79896
G0 F1320 X37.36 Y57.159
G1 F480 X58.341 Y78.14 E0.82109
G0 F1320 X58.907 Y78.14
G1 F480 X37.36 Y56.593 E0.84324
G0 F1320 X37.36 Y56.028
G1 F480 X59.473 Y78.14 E0.86537
G0 F1320 X60.038 Y78.14
G1 F480 X37.36 Y55.462 E0.8875
G0 F1320 X37.36 Y54.896
G1 F480 X60.604 Y78.14 E0.90965
G0 F1320 X61.17 Y78.14
G1 F480 X37.36 Y54.331 E0.93178
G0 F1320 X37.36 Y53.765
G1 F480 X61.735 Y78.14 E0.95391
G0 F1320 X62.232 Y78.071
G1 F480 X37.36 Y53.199 E0.97336
G0 F1320 X37.36 Y52.633
G1 F480 X62.534 Y77.807 E0.98518
G0 F1320 X62.64 Y77.348
G1 F480 X37.36 Y52.068 E0.98933
G0 F1320 X37.36 Y51.502
G1 F480 X62.64 Y76.782 E0.98933
G0 F1320 X62.64 Y76.216
G1 F480 X37.36 Y50.936 E0.98933
G0 F1320 X37.36 Y50.371
G1 F480 X62.64 Y75.651 E0.98933
G0 F1320 X62.64 Y75.085
G1 F480 X37.36 Y49.805 E0.98933
G0 F1320 X37.36 Y49.239
G1 F480 X62.64 Y74.519 E0.98933
G0 F1320 X62.64 Y73.953
G1 F480 X37.36 Y48.674 E0.98931
G0 F1320 X37.36 Y48.108
G1 F480 X62.64 Y73.388 E0.98933
G0 F1320 X62.64 Y72.822
G1 F480 X37.36 Y47.542 E0.98933
G0 F1320 X37.36 Y46.977
G1 F480 X62.64 Y72.256 E0.98931
G0 F1320 X62.64 Y71.691
G1 F480 X37.36 Y46.411 E0.98933
G0 F1320 X37.36 Y45.845
G1 F480 X62.64 Y71.125 E0.98933
G0 F1320 X62.64 Y70.559
G1 F480 X37.36 Y45.28 E0.98931
G0 F1320 X37.36 Y44.714
G1 F480 X62.64 Y69.994 E0.98933
G0 F1320 X62.64 Y69.428
G1 F480 X37.36 Y44.148 E0.98933
G0 F1320 X37.36 Y43.583
G1 F480 X62.64 Y68.862 E0.98931
G0 F1320 X62.64 Y68.297
G1 F480 X37.36 Y43.017 E0.98933
G0 F1320 X37.36 Y42.451
G1 F480 X62.64 Y67.731 E0.98933
G0 F1320 X62.64 Y67.165
G1 F480 X37.36 Y41.885 E0.98933
G0 F1320 X37.36 Y41.32
G1 F480 X62.64 Y66.6 E0.98933
G0 F1320 X62.64 Y66.034
G1 F480 X37.36 Y40.754 E0.98933
G0 F1320 X37.36 Y40.188
G1 F480 X62.64 Y65.468 E0.98933
G0 F1320 X62.64 Y64.903
G1 F480 X37.36 Y39.623 E0.98933
G0 F1320 X37.36 Y39.057
G1 F480 X62.64 Y64.337 E0.98933
G0 F1320 X62.64 Y63.771
G1 F480 X37.36 Y38.491 E0.98933
G0 F1320 X37.36 Y37.926
G1 F480 X62.64 Y63.205 E0.98931
G0 F1320 X62.64 Y62.64
G1 F480 X37.36 Y37.36 E0.98933
G0 F1320 X37.36 Y36.794
G1 F480 X62.64 Y62.074 E0.98933
G0 F1320 X62.64 Y61.508
G1 F480 X37.36 Y36.229 E0.98931
G0 F1320 X37.36 Y35.663
G1 F480 X62.64 Y60.943 E0.98933
G0 F1320 X62.64 Y60.377
G1 F480 X37.36 Y35.097 E0.98933
G0 F1320 X37.36 Y34.532
G1 F480 X62.64 Y59.811 E0.98931
G0 F1320 X62.64 Y59.246
G1 F480 X37.36 Y33.966 E0.98933
G0 F1320 X37.36 Y33.4
G1 F480 X62.64 Y58.68 E0.98933
G0 F1320 X62.64 Y58.114
G1 F480 X37.36 Y32.835 E0.98931
G0 F1320 X37.36 Y32.269
G1 F480 X62.64 Y57.549 E0.98933
G0 F1320 X62.64 Y56.983
G1 F480 X37.36 Y31.703 E0.98933
G0 F1320 X37.36 Y31.137
G1 F480 X62.64 Y56.417 E0.98933
G0 F1320 X62.64 Y55.852
G1 F480 X37.36 Y30.572 E0.98933
G0 F1320 X37.36 Y30.006
G1 F480 X62.64 Y55.286 E0.98933
G0 F1320 X62.64 Y54.72
G1 F480 X37.36 Y29.44 E0.98933
G0 F1320 X37.36 Y28.875
G1 F480 X62.64 Y54.154 E0.98931
G0 F1320 X62.64 Y53.589
G1 F480 X37.36 Y28.309 E0.98933
G0 F1320 X37.36 Y27.743
G1 F480 X62.64 Y53.023 E0.98933
G0 F1320 X62.64 Y52.457
G1 F480 X37.36 Y27.178 E0.98931
G0 F1320 X37.36 Y26.612
G1 F480 X62.64 Y51.892 E0.98933
G0 F1320 X62.64 Y51.326
G1 F480 X37.36 Y26.046 E0.98933
G0 F1320 X37.36 Y25.481
G1 F480 X62.64 Y50.76 E0.98931
G0 F1320 X62.64 Y50.195
G1 F480 X37.36 Y24.915 E0.98933
G0 F1320 X37.36 Y24.349
G1 F480 X62.64 Y49.629 E0.98933
G0 F1320 X62.64 Y49.063
G1 F480 X37.36 Y23.784 E0.98931
G0 F1320 X37.36 Y23.218
G1 F480 X62.64 Y48.498 E0.98933
G0 F1320 X62.64 Y47.932
G1 F480 X37.36 Y22.652 E0.98933
G0 F1320 X37.455 Y22.182
G1 F480 X62.64 Y47.366 E0.98559
G0 F1320 X62.64 Y46.801
G1 F480 X37.761 Y21.922 E0.97363
G0 F1320 X38.265 Y21.86
G1 F480 X62.64 Y46.235 E0.95391
G0 F1320 X62.64 Y45.669
G1 F480 X38.831 Y21.86 E0.93176
G0 F1320 X39.396 Y21.86
G1 F480 X62.64 Y45.104 E0.90965
G0 F1320 X62.64 Y44.538
G1 F480 X39.962 Y21.86 E0.8875
G0 F1320 X40.528 Y21.86
G1 F480 X62.64 Y43.972 E0.86535
G0 F1320 X62.64 Y43.406
G1 F480 X41.094 Y21.86 E0.8432
G0 F1320 X41.659 Y21.86
G1 F480 X62.64 Y42.841 E0.82109
G0 F1320 X62.64 Y42.275
G1 F480 X42.225 Y21.86 E0.79894
G0 F1320 X42.791 Y21.86
G1 F480 X62.64 Y41.709 E0.77679
G0 F1320 X62.64 Y41.144
G1 F480 X43.356 Y21.86 E0.75467
G0 F1320 X43.922 Y21.86
G1 F480 X62.64 Y40.578 E0.73252
G0 F1320 X62.64 Y40.012
G1 F480 X44.488 Y21.86 E0.71037
G0 F1320 X45.053 Y21.86
G1 F480 X62.64 Y39.447 E0.68826
G0 F1320 X62.64 Y38.881
G1 F480 X45.619 Y21.86 E0.66611
G0 F1320 X46.185 Y21.86
G1 F480 X62.64 Y38.315 E0.64396
G0 F1320 X62.64 Y37.75
G1 F480 X46.75 Y21.86 E0.62185
G0 F1320 X47.316 Y21.86
G1 F480 X62.64 Y37.184 E0.5997
G0 F1320 X62.64 Y36.618
G1 F480 X47.882 Y21.86 E0.57755
G0 F1320 X48.447 Y21.86
G1 F480 X62.64 Y36.053 E0.55544
G0 F1320 X62.64 Y35.487
G1 F480 X49.013 Y21.86 E0.53329
G0 F1320 X49.579 Y21.86
G1 F480 X62.64 Y34.921 E0.51114
G0 F1320 X62.64 Y34.355
G1 F480 X50.144 Y21.86 E0.48901
G0 F1320 X50.71 Y21.86
G1 F480 X62.64 Y33.79 E0.46688
G0 F1320 X62.64 Y33.224
G1 F480 X51.276 Y21.86 E0.44473
G0 F1320 X51.842 Y21.86
G1 F480 X62.64 Y32.658 E0.42258
G0 F1320 X62.64 Y32.093
G1 F480 X52.407 Y21.86 E0.40047
G0 F1320 X52.973 Y21.86
G1 F480 X62.64 Y31.527 E0.37832
G0 F1320 X62.64 Y30.961
G1 F480 X53.539 Y21.86 E0.35617
G0 F1320 X54.104 Y21.86
G1 F480 X62.64 Y30.396 E0.33405
G0 F1320 X62.64 Y29.83
G1 F480 X54.67 Y21.86 E0.3119
G0 F1320 X55.236 Y21.86
G1 F480 X62.64 Y29.264 E0.28975
G0 F1320 X62.64 Y28.699
G1 F480 X55.801 Y21.86 E0.26764
G0 F1320 X56.367 Y21.86
G1 F480 X62.64 Y28.133 E0.24549
G0 F1320 X62.64 Y27.567
G1 F480 X56.933 Y21.86 E0.22334
G0 F1320 X57.498 Y21.86
G1 F480 X62.64 Y27.002 E0.20123
G0 F1320 X62.64 Y26.436
G1 F480 X58.064 Y21.86 E0.17908
G0 F1320 X58.63 Y21.86
G1 F480 X62.64 Y25.87 E0.15693
G0 F1320 X62.64 Y25.305
G1 F480 X59.195 Y21.86 E0.13482
G0 F1320 X59.761 Y21.86
G1 F480 X62.64 Y24.739 E0.11267
G0 F1320 X62.64 Y24.173
G1 F480 X60.327 Y21.86 E0.09052
G0 F1320 X60.893 Y21.86
G1 F480 X62.64 Y23.607 E0.06837
G0 F1320 X62.64 Y23.042
G1 F480 X61.458 Y21.86 E0.04626
G0 F1320 X62.024 Y21.86
G1 F480 X62.615 Y22.451 E0.02313
G1 X62.685 Y22.521
;MESH:NONMESH
G0 F600 X62.685 Y22.521 Z1.64
G0 F1320 X62.961 Y78.203
;TIME_ELAPSED:5595.094656
;LAYER:9
M204 P200
;TYPE:WALL-INNER
;MESH:flasherBot.STL
G1 F480 X63.132 Y77.869 E0.01028
G1 X63.2 Y77.419 E0.01247
G1 X63.2 Y22.574 E1.5031
G1 X63.134 Y22.127 E0.01238
G1 X63.06 Y21.95 E0.00526
G1 X62.843 Y21.653 E0.01008
G1 X62.543 Y21.436 E0.01015
G1 X62.126 Y21.3 E0.01202
G1 X37.873 Y21.3 E0.66469
G1 X37.456 Y21.434 E0.012
G1 X37.154 Y21.654 E0.01024
G1 X36.934 Y21.956 E0.01024
G1 X36.8 Y22.373 E0.012
G1 X36.8 Y77.433 E1.50899
G1 X36.863 Y77.867 E0.01202
G1 X37.035 Y78.203 E0.01034
G1 X37.295 Y78.464 E0.0101
G1 X37.626 Y78.633 E0.01019
G1 X38.081 Y78.7 E0.0126
G1 X61.919 Y78.7 E0.65331
G1 X62.368 Y78.633 E0.01244
G1 X62.704 Y78.464 E0.01031
G1 X62.961 Y78.203 E0.01004
G0 F1320 X36.4 Y77.449
G1 F480 X36.481 Y77.991 E0.01502
G1 X36.71 Y78.439 E0.01379
G1 X37.059 Y78.788 E0.01353
G1 X37.503 Y79.015 E0.01367
G1 X38.064 Y79.1 E0.01555
G1 X61.936 Y79.1 E0.65424
G1 X62.492 Y79.015 E0.01541
G1 X62.94 Y78.788 E0.01376
G1 X63.286 Y78.439 E0.01347
G1 X63.514 Y77.992 E0.01375
G1 X63.6 Y77.436 E0.01542
G1 X63.6 Y22.557 E1.50403
G1 X63.515 Y22.004 E0.01533
G1 X63.289 Y21.559 E0.01368
G1 X63.127 Y21.369 E0.00684
G1 X62.726 Y21.078 E0.01358
G1 X62.178 Y20.9 E0.01579
G1 X37.822 Y20.9 E0.66751
G1 X37.272 Y21.077 E0.01583
G1 X36.87 Y21.37 E0.01363
G1 X36.577 Y21.772 E0.01363
G1 X36.4 Y22.322 E0.01583
G1 X36.4 Y77.449 E1.51083
G0 F1320 X62.313 Y20.528
G1 F480 X61.957 Y20.5 E0.00979
G1 X38.043 Y20.5 E0.6554
G1 X37.38 Y20.599 E0.01837
G1 X37.088 Y20.72 E0.00866
G1 X36.586 Y21.086 E0.01703
G1 X36.22 Y21.588 E0.01703
G1 X36.028 Y22.186 E0.01721
G1 X36 Y22.543 E0.00981
G1 X36 Y77.464 E1.50518
G1 X36.099 Y78.114 E0.01802
G1 X36.385 Y78.675 E0.01726
G1 X36.823 Y79.113 E0.01698
G1 X37.38 Y79.397 E0.01714
G1 X38.047 Y79.5 E0.0185
G1 X61.953 Y79.5 E0.65518
G1 X62.615 Y79.397 E0.01836
G1 X63.176 Y79.113 E0.01723
G1 X63.611 Y78.675 E0.01692
G1 X63.896 Y78.115 E0.01722
G1 X64 Y77.453 E0.01837
G1 X64 Y22.54 E1.50496
G1 X63.897 Y21.881 E0.01828
G1 X63.613 Y21.323 E0.01716
G1 X63.41 Y21.086 E0.00855
G1 X62.909 Y20.721 E0.01699
G1 X62.313 Y20.528 E0.01717
G0 F1320 X64.063 Y77.822
G0 X64.365 Y77.869
G1 F480 X64.4 Y77.47 E0.01098
G1 X64.4 Y22.522 E1.50592
G1 X64.366 Y22.127 E0.01087
G1 X64.279 Y21.757 E0.01042
G1 X64.132 Y21.402 E0.01053
G1 X63.937 Y21.087 E0.01015
G1 X63.694 Y20.802 E0.01026
G1 X63.413 Y20.562 E0.01013
G1 X63.093 Y20.364 E0.01031
G1 X62.738 Y20.217 E0.01053
G1 X62.375 Y20.131 E0.01022
G1 X61.973 Y20.1 E0.01105
G1 X38.027 Y20.1 E0.65627
G1 X37.624 Y20.131 E0.01108
G1 X37.257 Y20.217 E0.01033
G1 X36.904 Y20.364 E0.01048
G1 X36.302 Y20.802 E0.0204
G1 X35.864 Y21.404 E0.0204
G1 X35.718 Y21.757 E0.01047
G1 X35.631 Y22.124 E0.01034
G1 X35.6 Y22.527 E0.01108
G1 X35.6 Y77.48 E1.50606
G1 X35.631 Y77.871 E0.01075
G1 X35.717 Y78.238 E0.01033
G1 X35.865 Y78.59 E0.01047
G1 X36.06 Y78.91 E0.01027
G1 X36.302 Y79.194 E0.01023
G1 X36.587 Y79.437 E0.01026
G1 X36.902 Y79.631 E0.01014
G1 X37.257 Y79.779 E0.01054
G1 X37.627 Y79.865 E0.01041
G1 X38.03 Y79.9 E0.01109
G1 X61.97 Y79.9 E0.65611
G1 X62.373 Y79.865 E0.01109
G1 X62.738 Y79.779 E0.01028
G1 X63.095 Y79.631 E0.01059
G1 X63.413 Y79.437 E0.01021
G1 X63.693 Y79.195 E0.01014
G1 X63.936 Y78.91 E0.01026
G1 X64.131 Y78.59 E0.01027
G1 X64.278 Y78.239 E0.01043
G1 X64.365 Y77.869 E0.01042
G0 F1320 X64.761 Y77.932
M204 P150
;TYPE:WALL-OUTER
G1 F480 X64.8 Y77.487 E0.01212
G1 X64.8 Y22.505 E1.49223
G1 X64.762 Y22.064 E0.01201
G1 X64.661 Y21.634 E0.01199
G1 X64.489 Y21.22 E0.01217
G1 X64.261 Y20.851 E0.01177
G1 X63.978 Y20.518 E0.01186
G1 X63.649 Y20.238 E0.01173
G1 X63.276 Y20.007 E0.01191
G1 X62.862 Y19.835 E0.01217
G1 X62.437 Y19.735 E0.01185
G1 X61.988 Y19.7 E0.01222
G1 X38.012 Y19.7 E0.65072
G1 X37.563 Y19.735 E0.01222
G1 X37.134 Y19.835 E0.01196
G1 X36.72 Y20.007 E0.01217
G1 X36.351 Y20.239 E0.01183
G1 X36.018 Y20.518 E0.01179
G1 X35.739 Y20.851 E0.01179
G1 X35.507 Y21.22 E0.01183
G1 X35.336 Y21.634 E0.01216
G1 X35.235 Y22.063 E0.01196
G1 X35.2 Y22.512 E0.01222
G1 X35.2 Y77.496 E1.49228
G1 X35.235 Y77.933 E0.0119
G1 X35.335 Y78.362 E0.01196
G1 X35.507 Y78.772 E0.01207
G1 X35.735 Y79.146 E0.01189
G1 X36.018 Y79.478 E0.01184
G1 X36.351 Y79.761 E0.01186
G1 X36.72 Y79.989 E0.01177
G1 X37.134 Y80.161 E0.01217
G1 X37.564 Y80.261 E0.01198
G1 X38.013 Y80.3 E0.01223
G1 X61.987 Y80.3 E0.65066
G1 X62.436 Y80.261 E0.01223
G1 X62.862 Y80.161 E0.01188
G1 X63.277 Y79.989 E0.01219
G1 X63.649 Y79.761 E0.01184
G1 X63.977 Y79.478 E0.01176
G1 X64.261 Y79.146 E0.01186
G1 X64.489 Y78.772 E0.01189
G1 X64.66 Y78.362 E0.01206
G1 X64.761 Y77.932 E0.01199
G0 F1320 X64.778 Y77.733
G0 X64.075 Y77.677
G0 X62.84 Y22.6
M204 P180
;TYPE:SKIN
G1 F480 X62.84 Y77.388 E1.51612
G1 X62.783 Y77.758 E0.01036
G1 X62.667 Y77.986 E0.00708
G1 X62.379 Y78.234 E0.01052
G1 X62.056 Y78.34 E0.00941
G1 X38.107 Y78.34 E0.66273
G1 X37.734 Y78.286 E0.01043
G1 X37.507 Y78.171 E0.00704
G1 X37.324 Y77.989 E0.00714
G1 X37.206 Y77.756 E0.00723
G1 X37.161 Y77.406 E0.00977
G1 X37.16 Y22.423 E1.52151
G1 X37.257 Y22.115 E0.00894
G1 X37.408 Y21.908 E0.00709
G1 X37.615 Y21.757 E0.00709
G1 X37.923 Y21.66 E0.00894
G1 X62.071 Y21.66 E0.66823
G1 X62.376 Y21.761 E0.00889
G1 X62.582 Y21.907 E0.00699
G1 X62.784 Y22.242 E0.01083
G1 X62.84 Y22.6 E0.01003
G0 F1320 X38.102 Y21.86
G1 F480 X37.361 Y22.602 E0.02902
G0 F1320 X37.361 Y23.168
G1 F480 X38.668 Y21.86 E0.05117
G0 F1320 X39.234 Y21.86
G1 F480 X37.361 Y23.733 E0.0733
G0 F1320 X37.361 Y24.299
G1 F480 X39.8 Y21.86 E0.09545
G0 F1320 X40.365 Y21.86
G1 F480 X37.361 Y24.865 E0.11758
G0 F1320 X37.361 Y25.43
G1 F480 X40.931 Y21.86 E0.13971
G0 F1320 X41.497 Y21.86
G1 F480 X37.361 Y25.996 E0.16186
G0 F1320 X37.361 Y26.562
G1 F480 X42.062 Y21.86 E0.18399
G0 F1320 X42.628 Y21.86
G1 F480 X37.361 Y27.127 E0.20612
G0 F1320 X37.361 Y27.693
G1 F480 X43.194 Y21.86 E0.22827
G0 F1320 X43.759 Y21.86
G1 F480 X37.361 Y28.259 E0.2504
G0 F1320 X37.361 Y28.825
G1 F480 X44.325 Y21.86 E0.27255
G0 F1320 X44.891 Y21.86
G1 F480 X37.361 Y29.39 E0.29468
G0 F1320 X37.361 Y29.956
G1 F480 X45.456 Y21.86 E0.31682
G0 F1320 X46.022 Y21.86
G1 F480 X37.361 Y30.522 E0.33897
G0 F1320 X37.361 Y31.087
G1 F480 X46.588 Y21.86 E0.3611
G0 F1320 X47.153 Y21.86
G1 F480 X37.361 Y31.653 E0.38323
G0 F1320 X37.361 Y32.219
G1 F480 X47.719 Y21.86 E0.40538
G0 F1320 X48.285 Y21.86
G1 F480 X37.361 Y32.784 E0.42751
G0 F1320 X37.361 Y33.35
G1 F480 X48.85 Y21.86 E0.44964
G0 F1320 X49.416 Y21.86
G1 F480 X37.361 Y33.916 E0.47179
G0 F1320 X37.361 Y34.481
G1 F480 X49.982 Y21.86 E0.49392
G0 F1320 X50.548 Y21.86
G1 F480 X37.361 Y35.047 E0.51607
G0 F1320 X37.361 Y35.613
G1 F480 X51.113 Y21.86 E0.5382
G0 F1320 X51.679 Y21.86
G1 F480 X37.361 Y36.178 E0.56033
G0 F1320 X37.361 Y36.744
G1 F480 X52.245 Y21.86 E0.58248
G0 F1320 X52.81 Y21.86
G1 F480 X37.361 Y37.31 E0.60461
G0 F1320 X37.361 Y37.875
G1 F480 X53.376 Y21.86 E0.62674
G0 F1320 X53.942 Y21.86
G1 F480 X37.361 Y38.441 E0.64889
G0 F1320 X37.361 Y39.007
G1 F480 X54.507 Y21.86 E0.67102
G0 F1320 X55.073 Y21.86
G1 F480 X37.361 Y39.573 E0.69317
G0 F1320 X37.361 Y40.138
G1 F480 X55.639 Y21.86 E0.7153
G0 F1320 X56.204 Y21.86
G1 F480 X37.361 Y40.704 E0.73744
G0 F1320 X37.361 Y41.27
G1 F480 X56.77 Y21.86 E0.75959
G0 F1320 X57.336 Y21.86
G1 F480 X37.361 Y41.835 E0.78172
G0 F1320 X37.361 Y42.401
G1 F480 X57.901 Y21.86 E0.80385
G0 F1320 X58.467 Y21.86
G1 F480 X37.361 Y42.967 E0.826
G0 F1320 X37.361 Y43.532
G1 F480 X59.033 Y21.86 E0.84813
G0 F1320 X59.598 Y21.86
G1 F480 X37.361 Y44.098 E0.87026
G0 F1320 X37.361 Y44.664
G1 F480 X60.164 Y21.86 E0.89241
G0 F1320 X60.73 Y21.86
G1 F480 X37.361 Y45.229 E0.91454
G0 F1320 X37.361 Y45.795
G1 F480 X61.296 Y21.86 E0.93669
G0 F1320 X61.861 Y21.86
G1 F480 X37.361 Y46.361 E0.95882
G0 F1320 X37.361 Y46.926
G1 F480 X62.322 Y21.966 E0.97682
G0 F1320 X62.573 Y22.28
G1 F480 X37.361 Y47.492 E0.98666
G0 F1320 X37.361 Y48.058
G1 F480 X62.64 Y22.779 E0.98929
G0 F1320 X62.64 Y23.344
G1 F480 X37.361 Y48.623 E0.98929
G0 F1320 X37.361 Y49.189
G1 F480 X62.64 Y23.91 E0.98929
G0 F1320 X62.64 Y24.476
G1 F480 X37.361 Y49.755 E0.98929
G0 F1320 X37.361 Y50.321
G1 F480 X62.64 Y25.041 E0.98931
G0 F1320 X62.64 Y25.607
G1 F480 X37.361 Y50.886 E0.98929
G0 F1320 X37.361 Y51.452
G1 F480 X62.64 Y26.173 E0.98929
G0 F1320 X62.64 Y26.739
G1 F480 X37.361 Y52.018 E0.98929
G0 F1320 X37.361 Y52.583
G1 F480 X62.64 Y27.304 E0.98929
G0 F1320 X62.64 Y27.87
G1 F480 X37.361 Y53.149 E0.98929
G0 F1320 X37.361 Y53.715
G1 F480 X62.64 Y28.436 E0.98929
G0 F1320 X62.64 Y29.001
G1 F480 X37.361 Y54.28 E0.98929
G0 F1320 X37.361 Y54.846
G1 F480 X62.64 Y29.567 E0.98929
G0 F1320 X62.64 Y30.133
G1 F480 X37.361 Y55.412 E0.98929
G0 F1320 X37.361 Y55.977
G1 F480 X62.64 Y30.698 E0.98929
G0 F1320 X62.64 Y31.264
G1 F480 X37.361 Y56.543 E0.98929
G0 F1320 X37.361 Y57.109
G1 F480 X62.64 Y31.83 E0.98929
G0 F1320 X62.64 Y32.395
G1 F480 X37.361 Y57.674 E0.98929
G0 F1320 X37.361 Y58.24
G1 F480 X62.64 Y32.961 E0.98929
G0 F1320 X62.64 Y33.527
G1 F480 X37.361 Y58.806 E0.98929
G0 F1320 X37.361 Y59.372
G1 F480 X62.64 Y34.092 E0.98931
G0 F1320 X62.64 Y34.658
G1 F480 X37.361 Y59.937 E0.98929
G0 F1320 X37.361 Y60.503
G1 F480 X62.64 Y35.224 E0.98929
G0 F1320 X62.64 Y35.79
G1 F480 X37.361 Y61.069 E0.98929
G0 F1320 X37.361 Y61.634
G1 F480 X62.64 Y36.355 E0.98929
G0 F1320 X62.64 Y36.921
G1 F480 X37.361 Y62.2 E0.98929
G0 F1320 X37.361 Y62.766
G1 F480 X62.64 Y37.487 E0.98929
G0 F1320 X62.64 Y38.052
G1 F480 X37.361 Y63.331 E0.98929
G0 F1320 X37.361 Y63.897
G1 F480 X62.64 Y38.618 E0.98929
G0 F1320 X62.64 Y39.184
G1 F480 X37.361 Y64.463 E0.98929
G0 F1320 X37.361 Y65.028
G1 F480 X62.64 Y39.749 E0.98929
G0 F1320 X62.64 Y40.315
G1 F480 X37.361 Y65.594 E0.98929
G0 F1320 X37.361 Y66.16
G1 F480 X62.64 Y40.881 E0.98929
G0 F1320 X62.64 Y41.446
G1 F480 X37.361 Y66.725 E0.98929
G0 F1320 X37.361 Y67.291
G1 F480 X62.64 Y42.012 E0.98929
G0 F1320 X62.64 Y42.578
G1 F480 X37.361 Y67.857 E0.98929
G0 F1320 X37.361 Y68.422
G1 F480 X62.64 Y43.143 E0.98929
G0 F1320 X62.64 Y43.709
G1 F480 X37.361 Y68.988 E0.98929
G0 F1320 X37.361 Y69.554
G1 F480 X62.64 Y44.275 E0.98929
G0 F1320 X62.64 Y44.84
G1 F480 X37.361 Y70.12 E0.98931
G0 F1320 X37.361 Y70.685
G1 F480 X62.64 Y45.406 E0.98929
G0 F1320 X62.64 Y45.972
G1 F480 X37.361 Y71.251 E0.98929
G0 F1320 X37.361 Y71.817
G1 F480 X62.64 Y46.538 E0.98929
G0 F1320 X62.64 Y47.103
G1 F480 X37.361 Y72.382 E0.98929
G0 F1320 X37.361 Y72.948
G1 F480 X62.64 Y47.669 E0.98929
G0 F1320 X62.64 Y48.235
G1 F480 X37.361 Y73.514 E0.98929
G0 F1320 X37.361 Y74.079
G1 F480 X62.64 Y48.8 E0.98929
G0 F1320 X62.64 Y49.366
G1 F480 X37.361 Y74.645 E0.98929
G0 F1320 X37.361 Y75.211
G1 F480 X62.64 Y49.932 E0.98929
G0 F1320 X62.64 Y50.497
G1 F480 X37.361 Y75.776 E0.98929
G0 F1320 X37.361 Y76.342
G1 F480 X62.64 Y51.063 E0.98929
G0 F1320 X62.64 Y51.629
G1 F480 X37.361 Y76.908 E0.98929
G0 F1320 X37.37 Y77.464
G1 F480 X62.64 Y52.194 E0.98893
G0 F1320 X62.64 Y52.76
G1 F480 X37.509 Y77.891 E0.98349
G0 F1320 X37.863 Y78.103
G1 F480 X62.64 Y53.326 E0.96964
G0 F1320 X62.64 Y53.891
G1 F480 X38.391 Y78.14 E0.94898
G0 F1320 X38.957 Y78.14
G1 F480 X62.64 Y54.457 E0.92683
G0 F1320 X62.64 Y55.023
G1 F480 X39.522 Y78.14 E0.9047
G0 F1320 X40.088 Y78.14
G1 F480 X62.64 Y55.588 E0.88257
G0 F1320 X62.64 Y56.154
G1 F480 X40.654 Y78.14 E0.86042
G0 F1320 X41.219 Y78.14
G1 F480 X62.64 Y56.72 E0.83829
G0 F1320 X62.64 Y57.286
G1 F480 X41.785 Y78.14 E0.81614
G0 F1320 X42.351 Y78.14
G1 F480 X62.64 Y57.851 E0.794
G0 F1320 X62.64 Y58.417
G1 F480 X42.916 Y78.14 E0.77187
G0 F1320 X43.482 Y78.14
G1 F480 X62.64 Y58.983 E0.74972
G0 F1320 X62.64 Y59.548
G1 F480 X44.048 Y78.14 E0.72759
G0 F1320 X44.613 Y78.14
G1 F480 X62.64 Y60.114 E0.70546
G0 F1320 X62.64 Y60.68
G1 F480 X45.179 Y78.14 E0.68331
G0 F1320 X45.745 Y78.14
G1 F480 X62.64 Y61.245 E0.66118
G0 F1320 X62.64 Y61.811
G1 F480 X46.311 Y78.14 E0.63903
G0 F1320 X46.876 Y78.14
G1 F480 X62.64 Y62.377 E0.6169
G0 F1320 X62.64 Y62.942
G1 F480 X47.442 Y78.14 E0.59477
G0 F1320 X48.008 Y78.14
G1 F480 X62.64 Y63.508 E0.57262
G0 F1320 X62.64 Y64.074
G1 F480 X48.573 Y78.14 E0.55049
G0 F1320 X49.139 Y78.14
G1 F480 X62.64 Y64.639 E0.52836
G0 F1320 X62.64 Y65.205
G1 F480 X49.705 Y78.14 E0.50621
G0 F1320 X50.27 Y78.14
G1 F480 X62.64 Y65.771 E0.48408
G0 F1320 X62.64 Y66.337
G1 F480 X50.836 Y78.14 E0.46193
G0 F1320 X51.402 Y78.14
G1 F480 X62.64 Y66.902 E0.4398
G0 F1320 X62.64 Y67.468
G1 F480 X51.967 Y78.14 E0.41767
G0 F1320 X52.533 Y78.14
G1 F480 X62.64 Y68.034 E0.39552
G0 F1320 X62.64 Y68.599
G1 F480 X53.099 Y78.14 E0.37338
G0 F1320 X53.664 Y78.14
G1 F480 X62.64 Y69.165 E0.35125
G0 F1320 X62.64 Y69.731
G1 F480 X54.23 Y78.14 E0.3291
G0 F1320 X54.796 Y78.14
G1 F480 X62.64 Y70.296 E0.30697
G0 F1320 X62.64 Y70.862
G1 F480 X55.362 Y78.14 E0.28482
G0 F1320 X55.927 Y78.14
G1 F480 X62.64 Y71.428 E0.26269
G0 F1320 X62.64 Y71.993
G1 F480 X56.493 Y78.14 E0.24056
G0 F1320 X57.059 Y78.14
G1 F480 X62.64 Y72.559 E0.21841
G0 F1320 X62.64 Y73.125
G1 F480 X57.624 Y78.14 E0.19628
G0 F1320 X58.19 Y78.14
G1 F480 X62.64 Y73.69 E0.17415
G0 F1320 X62.64 Y74.256
G1 F480 X58.756 Y78.14 E0.152
G0 F1320 X59.321 Y78.14
G1 F480 X62.64 Y74.822 E0.12987
G0 F1320 X62.64 Y75.387
G1 F480 X59.887 Y78.14 E0.10774
G0 F1320 X60.453 Y78.14
G1 F480 X62.64 Y75.953 E0.08559
G0 F1320 X62.64 Y76.519
G1 F480 X61.018 Y78.14 E0.06346
G0 F1320 X61.584 Y78.14
G1 F480 X62.64 Y77.085 E0.04131
G0 F1320 X62.585 Y77.705
G1 F480 X62.211 Y78.079 E0.01464
;MESH:NONMESH
G0 F600 X62.211 Y78.079 Z1.8
G0 F1320 X37.035 Y78.203
;TIME_ELAPSED:6186.567615
;LAYER:10
M204 P200
;TYPE:WALL-INNER
;MESH:flasherBot.STL
G1 F480 X37.295 Y78.464 E0.0101
G1 X37.626 Y78.633 E0.01019
G1 X38.081 Y78.7 E0.0126
G1 X61.919 Y78.7 E0.65331
G1 X62.368 Y78.633 E0.01244
G1 X62.704 Y78.464 E0.01031
G1 X62.961 Y78.203 E0.01004
G1 X63.132 Y77.869 E0.01028
G1 X63.2 Y77.419 E0.01247
G1 X63.2 Y22.574 E1.5031
G1 X63.134 Y22.127 E0.01238
G1 X63.06 Y21.95 E0.00526
G1 X62.843 Y21.653 E0.01008
G1 X62.543 Y21.436 E0.01015
G1 X62.126 Y21.3 E0.01202
G1 X37.873 Y21.3 E0.66469
G1 X37.456 Y21.434 E0.012
G1 X37.154 Y21.654 E0.01024
G1 X36.934 Y21.956 E0.01024
G1 X36.8 Y22.373 E0.012
G1 X36.8 Y77.433 E1.50899
G1 X36.863 Y77.867 E0.01202
G1 X37.035 Y78.203 E0.01034
G0 F1320 X36.4 Y22.322
G1 F480 X36.4 Y77.449 E1.51083
G1 X36.481 Y77.991 E0.01502
G1 X36.71 Y78.439 E0.01379
G1 X37.059 Y78.788 E0.01353
G1 X37.503 Y79.015 E0.01367
G1 X38.064 Y79.1 E0.01555
G1 X61.936 Y79.1 E0.65424
G1 X62.492 Y79.015 E0.01541
G1 X62.94 Y78.788 E0.01376
G1 X63.286 Y78.439 E0.01347
G1 X63.514 Y77.992 E0.01375
G1 X63.6 Y77.436 E0.01542
G1 X63.6 Y22.557 E1.50403
G1 X63.515 Y22.004 E0.01533
G1 X63.289 Y21.559 E0.01368
G1 X63.127 Y21.369 E0.00684
G1 X62.726 Y21.078 E0.01358
G1 X62.178 Y20.9 E0.01579
G1 X37.822 Y20.9 E0.66751
G1 X37.272 Y21.077 E0.01583
G1 X36.87 Y21.37 E0.01363
G1 X36.577 Y21.772 E0.01363
G1 X36.4 Y22.322 E0.01583
G0 F1320 X63.897 Y21.881
G1 F480 X63.613 Y21.323 E0.01716
G1 X63.41 Y21.086 E0.00855
G1 X62.909 Y20.721 E0.01699
G1 X62.313 Y20.528 E0.01717
G1 X61.957 Y20.5 E0.00979
G1 X38.043 Y20.5 E0.6554
G1 X37.38 Y20.599 E0.01837
G1 X37.088 Y20.72 E0.00866
G1 X36.586 Y21.086 E0.01703
G1 X36.22 Y21.588 E0.01703
G1 X36.028 Y22.186 E0.01721
G1 X36 Y22.543 E0.00981
G1 X36 Y77.464 E1.50518
G1 X36.099 Y78.114 E0.01802
G1 X36.385 Y78.675 E0.01726
G1 X36.823 Y79.113 E0.01698
G1 X37.38 Y79.397 E0.01714
G1 X38.047 Y79.5 E0.0185
G1 X61.953 Y79.5 E0.65518
G1 X62.615 Y79.397 E0.01836
G1 X63.176 Y79.113 E0.01723
G1 X63.611 Y78.675 E0.01692
G1 X63.896 Y78.115 E0.01722
G1 X64 Y77.453 E0.01837
G1 X64 Y22.54 E1.50496
G1 X63.897 Y21.881 E0.01828
G0 F1320 X35.937 Y22.178
G0 X35.631 Y22.124
G1 F480 X35.6 Y22.527 E0.01108
G1 X35.6 Y77.48 E1.50606
G1 X35.631 Y77.871 E0.01075
G1 X35.717 Y78.238 E0.01033
G1 X35.865 Y78.59 E0.01047
G1 X36.06 Y78.91 E0.01027
G1 X36.302 Y79.194 E0.01023
G1 X36.587 Y79.437 E0.01026
G1 X36.902 Y79.631 E0.01014
G1 X37.257 Y79.779 E0.01054
G1 X37.627 Y79.865 E0.01041
G1 X38.03 Y79.9 E0.01109
G1 X61.97 Y79.9 E0.65611
G1 X62.373 Y79.865 E0.01109
G1 X62.738 Y79.779 E0.01028
G1 X63.095 Y79.631 E0.01059
G1 X63.413 Y79.437 E0.01021
G1 X63.693 Y79.195 E0.01014
G1 X63.936 Y78.91 E0.01026
G1 X64.131 Y78.59 E0.01027
G1 X64.278 Y78.239 E0.01043
G1 X64.365 Y77.869 E0.01042
G1 X64.4 Y77.47 E0.01098
G1 X64.4 Y22.522 E1.50592
G1 X64.366 Y22.127 E0.01087
G1 X64.279 Y21.757 E0.01042
G1 X64.132 Y21.402 E0.01053
G1 X63.937 Y21.087 E0.01015
G1 X63.694 Y20.802 E0.01026
G1 X63.413 Y20.562 E0.01013
G1 X63.093 Y20.364 E0.01031
G1 X62.738 Y20.217 E0.01053
G1 X62.375 Y20.131 E0.01022
G1 X61.973 Y20.1 E0.01105
G1 X38.027 Y20.1 E0.65627
G1 X37.624 Y20.131 E0.01108
G1 X37.257 Y20.217 E0.01033
G1 X36.904 Y20.364 E0.01048
G1 X36.302 Y20.802 E0.0204
G1 X35.864 Y21.404 E0.0204
G1 X35.718 Y21.757 E0.01047
G1 X35.631 Y22.124 E0.01034
G0 F1320 X35.937 Y22.178
G0 X36.139 Y78.447
G0 X35.507 Y78.772
M204 P150
;TYPE:WALL-OUTER
G1 F480 X35.735 Y79.146 E0.01189
G1 X36.018 Y79.478 E0.01184
G1 X36.351 Y79.761 E0.01186
G1 X36.72 Y79.989 E0.01177
G1 X37.134 Y80.161 E0.01217
G1 X37.564 Y80.261 E0.01198
G1 X38.013 Y80.3 E0.01223
G1 X61.987 Y80.3 E0.65066
G1 X62.436 Y80.261 E0.01223
G1 X62.862 Y80.161 E0.01188
G1 X63.277 Y79.989 E0.01219
G1 X63.649 Y79.761 E0.01184
G1 X63.977 Y79.478 E0.01176
G1 X64.261 Y79.146 E0.01186
G1 X64.489 Y78.772 E0.01189
G1 X64.66 Y78.362 E0.01206
G1 X64.761 Y77.932 E0.01199
G1 X64.8 Y77.487 E0.01212
G1 X64.8 Y22.505 E1.49223
G1 X64.762 Y22.064 E0.01201
G1 X64.661 Y21.634 E0.01199
G1 X64.489 Y21.22 E0.01217
G1 X64.261 Y20.851 E0.01177
G1 X63.978 Y20.518 E0.01186
G1 X63.649 Y20.238 E0.01173
G1 X63.276 Y20.007 E0.01191
G1 X62.862 Y19.835 E0.01217
G1 X62.437 Y19.735 E0.01185
G1 X61.988 Y19.7 E0.01222
G1 X38.012 Y19.7 E0.65072
G1 X37.563 Y19.735 E0.01222
G1 X37.134 Y19.835 E0.01196
G1 X36.72 Y20.007 E0.01217
G1 X36.351 Y20.239 E0.01183
G1 X36.018 Y20.518 E0.01179
G1 X35.739 Y20.851 E0.01179
G1 X35.507 Y21.22 E0.01183
G1 X35.336 Y21.634 E0.01216
G1 X35.235 Y22.063 E0.01196
G1 X35.2 Y22.512 E0.01222
G1 X35.2 Y77.496 E1.49228
G1 X35.235 Y77.933 E0.0119
G1 X35.335 Y78.362 E0.01196
G1 X35.507 Y78.772 E0.01207
G0 F1320 X35.611 Y78.942
G0 X36.216 Y78.572
G0 X37.16 Y22.423
M204 P180
;TYPE:SKIN
G1 F480 X37.257 Y22.115 E0.00894
G1 X37.408 Y21.908 E0.00709
G1 X37.615 Y21.757 E0.00709
G1 X37.923 Y21.66 E0.00894
G1 X62.071 Y21.66 E0.66823
G1 X62.376 Y21.761 E0.00889
G1 X62.582 Y21.907 E0.00699
G1 X62.784 Y22.242 E0.01083
G1 X62.84 Y22.6 E0.01003
G1 X62.84 Y77.388 E1.51612
G1 X62.783 Y77.758 E0.01036
G1 X62.667 Y77.986 E0.00708
G1 X62.379 Y78.234 E0.01052
G1 X62.056 Y78.34 E0.00941
G1 X38.107 Y78.34 E0.66273
G1 X37.734 Y78.286 E0.01043
G1 X37.507 Y78.171 E0.00704
G1 X37.324 Y77.989 E0.00714
G1 X37.206 Y77.756 E0.00723
G1 X37.161 Y77.406 E0.00977
G1 X37.16 Y22.423 E1.52151
G0 F1320 X62.615 Y22.451
G1 F480 X62.024 Y21.86 E0.02313
G0 F1320 X61.458 Y21.86
G1 F480 X62.64 Y23.042 E0.04626
G0 F1320 X62.64 Y23.607
G1 F480 X60.893 Y21.86 E0.06837
G0 F1320 X60.327 Y21.86
G1 F480 X62.64 Y24.173 E0.09052
G0 F1320 X62.64 Y24.739
G1 F480 X59.761 Y21.86 E0.11267
G0 F1320 X59.195 Y21.86
G1 F480 X62.64 Y25.305 E0.13482
G0 F1320 X62.64 Y25.87
G1 F480 X58.63 Y21.86 E0.15693
G0 F1320 X58.064 Y21.86
G1 F480 X62.64 Y26.436 E0.17908
G0 F1320 X62.64 Y27.002
G1 F480 X57.498 Y21.86 E0.20123
G0 F1320 X56.933 Y21.86
G1 F480 X62.64 Y27.567 E0.22334
G0 F1320 X62.64 Y28.133
G1 F480 X56.367 Y21.86 E0.24549
G0 F1320 X55.801 Y21.86
G1 F480 X62.64 Y28.699 E0.26764
G0 F1320 X62.64 Y29.264
G1 F480 X55.236 Y21.86 E0.28975
G0 F1320 X54.67 Y21.86
G1 F480 X62.64 Y29.83 E0.3119
G0 F1320 X62.64 Y30.396
G1 F480 X54.104 Y21.86 E0.33405
G0 F1320 X53.539 Y21.86
G1 F480 X62.64 Y30.961 E0.35617
G0 F1320 X62.64 Y31.527
G1 F480 X52.973 Y21.86 E0.37832
G0 F1320 X52.407 Y21.86
G1 F480 X62.64 Y32.093 E0.40047
G0 F1320 X62.64 Y32.658
G1 F480 X51.842 Y21.86 E0.42258
G0 F1320 X51.276 Y21.86
G1 F480 X62.64 Y33.224 E0.44473
G0 F1320 X62.64 Y33.79
G1 F480 X50.71 Y21.86 E0.46688
G0 F1320 X50.144 Y21.86
G1 F480 X62.64 Y34.355 E0.48901
G0 F1320 X62.64 Y34.921
G1 F480 X49.579 Y21.86 E0.51114
G0 F1320 X49.013 Y21.86
G1 F480 X62.64 Y35.487 E0.53329
G0 F1320 X62.64 Y36.053
G1 F480 X48.447 Y21.86 E0.55544
G0 F1320 X47.882 Y21.86
G1 F480 X62.64 Y36.618 E0.57755
G0 F1320 X62.64 Y37.184
G1 F480 X47.316 Y21.86 E0.5997
G0 F1320 X46.75 Y21.86
G1 F480 X62.64 Y37.75 E0.62185
G0 F1320 X62.64 Y38.315
G1 F480 X46.185 Y21.86 E0.64396
G0 F1320 X45.619 Y21.86
G1 F480 X62.64 Y38.881 E0.66611
G0 F1320 X62.64 Y39.447
G1 F480 X45.053 Y21.86 E0.68826
G0 F1320 X44.488 Y21.86
G1 F480 X62.64 Y40.012 E0.71037
G0 F1320 X62.64 Y40.578
G1 F480 X43.922 Y21.86 E0.73252
G0 F1320 X43.356 Y21.86
G1 F480 X62.64 Y41.144 E0.75467
G0 F1320 X62.64 Y41.709
G1 F480 X42.791 Y21.86 E0.77679
G0 F1320 X42.225 Y21.86
G1 F480 X62.64 Y42.275 E0.79894
G0 F1320 X62.64 Y42.841
G1 F480 X41.659 Y21.86 E0.82109
G0 F1320 X41.094 Y21.86
G1 F480 X62.64 Y43.406 E0.8432
G0 F1320 X62.64 Y43.972
G1 F480 X40.528 Y21.86 E0.86535
G0 F1320 X39.962 Y21.86
G1 F480 X62.64 Y44.538 E0.8875
G0 F1320 X62.64 Y45.104
G1 F480 X39.396 Y21.86 E0.90965
G0 F1320 X38.831 Y21.86
G1 F480 X62.64 Y45.669 E0.93176
G0 F1320 X62.64 Y46.235
G1 F480 X38.265 Y21.86 E0.95391
G0 F1320 X37.761 Y21.922
G1 F480 X62.64 Y46.801 E0.97363
G0 F1320 X62.64 Y47.366
G1 F480 X37.455 Y22.182 E0.98559
G0 F1320 X37.36 Y22.652
G1 F480 X62.64 Y47.932 E0.98933
G0 F1320 X62.64 Y48.498
G1 F480 X37.36 Y23.218 E0.98933
G0 F1320 X37.36 Y23.784
G1 F480 X62.64 Y49.063 E0.98931
G0 F1320 X62.64 Y49.629
G1 F480 X37.36 Y24.349 E0.98933
G0 F1320 X37.36 Y24.915
G1 F480 X62.64 Y50.195 E0.98933
G0 F1320 X62.64 Y50.76
G1 F480 X37.36 Y25.481 E0.98931
G0 F1320 X37.36 Y26.046
G1 F480 X62.64 Y51.326 E0.98933
G0 F1320 X62.64 Y51.892
G1 F480 X37.36 Y26.612 E0.98933
G0 F1320 X37.36 Y27.178
G1 F480 X62.64 Y52.457 E0.98931
G0 F1320 X62.64 Y53.023
G1 F480 X37.36 Y27.743 E0.98933
G0 F1320 X37.36 Y28.309
G1 F480 X62.64 Y53.589 E0.98933
G0 F1320 X62.64 Y54.154
G1 F480 X37.36 Y28.875 E0.98931
G0 F1320 X37.36 Y29.44
G1 F480 X62.64 Y54.72 E0.98933
G0 F1320 X62.64 Y55.286
G1 F480 X37.36 Y30.006 E0.98933
G0 F1320 X37.36 Y30.572
G1 F480 X62.64 Y55.852 E0.98933
G0 F1320 X62.64 Y56.417
G1 F480 X37.36 Y31.137 E0.98933
G0 F1320 X37.36 Y31.703
G1 F480 X62.64 Y56.983 E0.98933
G0 F1320 X62.64 Y57.549
G1 F480 X37.36 Y32.269 E0.98933
G0 F1320 X37.36 Y32.835
G1 F480 X62.64 Y58.114 E0.98931
G0 F1320 X62.64 Y58.68
G1 F480 X37.36 Y33.4 E0.98933
G0 F1320 X37.36 Y33.966
G1 F480 X62.64 Y59.246 E0.98933
G0 F1320 X62.64 Y59.811
G1 F480 X37.36 Y34.532 E0.98931
G0 F1320 X37.36 Y35.097
G1 F480 X62.64 Y60.377 E0.98933
G0 F1320 X62.64 Y60.943
G1 F480 X37.36 Y35.663 E0.98933
G0 F1320 X37.36 Y36.229
G1 F480 X62.64 Y61.508 E0.98931
G0 F1320 X62.64 Y62.074
G1 F480 X37.36 Y36.794 E0.98933
G0 F1320 X37.36 Y37.36
G1 F480 X62.64 Y62.64 E0.98933
G0 F1320 X62.64 Y63.205
G1 F480 X37.36 Y37.926 E0.98931
G0 F1320 X37.36 Y38.491
G1 F480 X62.64 Y63.771 E0.98933
G0 F1320 X62.64 Y64.337
G1 F480 X37.36 Y39.057 E0.98933
G0 F1320 X37.36 Y39.623
G1 F480 X62.64 Y64.903 E0.98933
G0 F1320 X62.64 Y65.468
G1 F480 X37.36 Y40.188 E0.98933
G0 F1320 X37.36 Y40.754
G1 F480 X62.64 Y66.034 E0.98933
G0 F1320 X62.64 Y66.6
G1 F480 X37.36 Y41.32 E0.98933
G0 F1320 X37.36 Y41.885
G1 F480 X62.64 Y67.165 E0.98933
G0 F1320 X62.64 Y67.731
G1 F480 X37.36 Y42.451 E0.98933
G0 F1320 X37.36 Y43.017
G1 F480 X62.64 Y68.297 E0.98933
G0 F1320 X62.64 Y68.862
G1 F480 X37.36 Y43.583 E0.98931
G0 F1320 X37.36 Y44.148
G1 F480 X62.64 Y69.428 E0.98933
G0 F1320 X62.64 Y69.994
G1 F480 X37.36 Y44.714 E0.98933
G0 F1320 X37.36 Y45.28
G1 F480 X62.64 Y70.559 E0.98931
G0 F1320 X62.64 Y71.125
G1 F480 X37.36 Y45.845 E0.98933
G0 F1320 X37.36 Y46.411
G1 F480 X62.64 Y71.691 E0.98933
G0 F1320 X62.64 Y72.256
G1 F480 X37.36 Y46.977 E0.98931
G0 F1320 X37.36 Y47.542
G1 F480 X62.64 Y72.822 E0.98933
G0 F1320 X62.64 Y73.388
G1 F480 X37.36 Y48.108 E0.98933
G0 F1320 X37.36 Y48.674
G1 F480 X62.64 Y73.953 E0.98931
G0 F1320 X62.64 Y74.519
G1 F480 X37.36 Y49.239 E0.98933
G0 F1320 X37.36 Y49.805
G1 F480 X62.64 Y75.085 E0.98933
G0 F1320 X62.64 Y75.651
G1 F480 X37.36 Y50.371 E0.98933
G0 F1320 X37.36 Y50.936
G1 F480 X62.64 Y76.216 E0.98933
G0 F1320 X62.64 Y76.782
G1 F480 X37.36 Y51.502 E0.98933
G0 F1320 X37.36 Y52.068
G1 F480 X62.64 Y77.348 E0.98933
G0 F1320 X62.534 Y77.807
G1 F480 X37.36 Y52.633 E0.98518
G0 F1320 X37.36 Y53.199
G1 F480 X62.232 Y78.071 E0.97336
G0 F1320 X61.735 Y78.14
G1 F480 X37.36 Y53.765 E0.95391
G0 F1320 X37.36 Y54.331
G1 F480 X61.17 Y78.14 E0.93178
G0 F1320 X60.604 Y78.14
G1 F480 X37.36 Y54.896 E0.90965
G0 F1320 X37.36 Y55.462
G1 F480 X60.038 Y78.14 E0.8875
G0 F1320 X59.473 Y78.14
G1 F480 X37.36 Y56.028 E0.86537
G0 F1320 X37.36 Y56.593
G1 F480 X58.907 Y78.14 E0.84324
G0 F1320 X58.341 Y78.14
G1 F480 X37.36 Y57.159 E0.82109
G0 F1320 X37.36 Y57.725
G1 F480 X57.776 Y78.14 E0.79896
G0 F1320 X57.21 Y78.14
G1 F480 X37.36 Y58.29 E0.77682
G0 F1320 X37.36 Y58.856
G1 F480 X56.644 Y78.14 E0.75467
G0 F1320 X56.079 Y78.14
G1 F480 X37.36 Y59.422 E0.73254
G0 F1320 X37.36 Y59.987
G1 F480 X55.513 Y78.14 E0.71041
G0 F1320 X54.947 Y78.14
G1 F480 X37.36 Y60.553 E0.68826
G0 F1320 X37.36 Y61.119
G1 F480 X54.381 Y78.14 E0.66611
G0 F1320 X53.816 Y78.14
G1 F480 X37.36 Y61.684 E0.644
G0 F1320 X37.36 Y62.25
G1 F480 X53.25 Y78.14 E0.62185
G0 F1320 X52.684 Y78.14
G1 F480 X37.36 Y62.816 E0.5997
G0 F1320 X37.36 Y63.382
G1 F480 X52.119 Y78.14 E0.57757
G0 F1320 X51.553 Y78.14
G1 F480 X37.36 Y63.947 E0.55544
G0 F1320 X37.36 Y64.513
G1 F480 X50.987 Y78.14 E0.53329
G0 F1320 X50.422 Y78.14
G1 F480 X37.36 Y65.079 E0.51116
G0 F1320 X37.36 Y65.644
G1 F480 X49.856 Y78.14 E0.48903
G0 F1320 X49.29 Y78.14
G1 F480 X37.36 Y66.21 E0.46688
G0 F1320 X37.36 Y66.776
G1 F480 X48.725 Y78.14 E0.44475
G0 F1320 X48.159 Y78.14
G1 F480 X37.36 Y67.341 E0.42262
G0 F1320 X37.36 Y67.907
G1 F480 X47.593 Y78.14 E0.40047
G0 F1320 X47.028 Y78.14
G1 F480 X37.36 Y68.473 E0.37833
G0 F1320 X37.36 Y69.038
G1 F480 X46.462 Y78.14 E0.3562
G0 F1320 X45.896 Y78.14
G1 F480 X37.36 Y69.604 E0.33405
G0 F1320 X37.36 Y70.17
G1 F480 X45.33 Y78.14 E0.3119
G0 F1320 X44.765 Y78.14
G1 F480 X37.36 Y70.735 E0.28979
G0 F1320 X37.36 Y71.301
G1 F480 X44.199 Y78.14 E0.26764
G0 F1320 X43.633 Y78.14
G1 F480 X37.36 Y71.867 E0.24549
G0 F1320 X37.36 Y72.432
G1 F480 X43.068 Y78.14 E0.22338
G0 F1320 X42.502 Y78.14
G1 F480 X37.36 Y72.998 E0.20123
G0 F1320 X37.36 Y73.564
G1 F480 X41.936 Y78.14 E0.17908
G0 F1320 X41.371 Y78.14
G1 F480 X37.36 Y74.13 E0.15695
G0 F1320 X37.36 Y74.695
G1 F480 X40.805 Y78.14 E0.13482
G0 F1320 X40.239 Y78.14
G1 F480 X37.36 Y75.261 E0.11267
G0 F1320 X37.36 Y75.827
G1 F480 X39.674 Y78.14 E0.09054
G0 F1320 X39.108 Y78.14
G1 F480 X37.36 Y76.392 E0.06841
G0 F1320 X37.36 Y76.958
G1 F480 X38.542 Y78.14 E0.04626
G0 F1320 X37.952 Y78.116
G1 F480 X37.38 Y77.543 E0.0224
G1 X37.31 Y77.473
;MESH:NONMESH
G0 F600 X37.31 Y77.473 Z1.96
G0 F1320 X61.919 Y78.7
;TIME_ELAPSED:6779.154015
;LAYER:11
M204 P200
;TYPE:WALL-INNER
;MESH:flasherBot.STL
G1 F480 X62.368 Y78.633 E0.01244
G1 X62.704 Y78.464 E0.01031
G1 X62.961 Y78.203 E0.01004
G1 X63.132 Y77.869 E0.01028
G1 X63.2 Y77.419 E0.01247
G1 X63.2 Y22.574 E1.5031
G1 X63.134 Y22.127 E0.01238
G1 X63.06 Y21.95 E0.00526
G1 X62.843 Y21.653 E0.01008
G1 X62.543 Y21.436 E0.01015
G1 X62.126 Y21.3 E0.01202
G1 X37.873 Y21.3 E0.66469
G1 X37.456 Y21.434 E0.012
G1 X37.154 Y21.654 E0.01024
G1 X36.934 Y21.956 E0.01024
G1 X36.8 Y22.373 E0.012
G1 X36.8 Y77.433 E1.50899
G1 X36.863 Y77.867 E0.01202
G1 X37.035 Y78.203 E0.01034
G1 X37.295 Y78.464 E0.0101
G1 X37.626 Y78.633 E0.01019
G1 X38.081 Y78.7 E0.0126
G1 X61.919 Y78.7 E0.65331
G0 F1320 X37.972 Y77.528
G0 X36.577 Y21.772
G1 F480 X36.4 Y22.322 E0.01583
G1 X36.4 Y77.449 E1.51083
G1 X36.481 Y77.991 E0.01502
G1 X36.71 Y78.439 E0.01379
G1 X37.059 Y78.788 E0.01353
G1 X37.503 Y79.015 E0.01367
G1 X38.064 Y79.1 E0.01555
G1 X61.936 Y79.1 E0.65424
G1 X62.492 Y79.015 E0.01541
G1 X62.94 Y78.788 E0.01376
G1 X63.286 Y78.439 E0.01347
G1 X63.514 Y77.992 E0.01375
G1 X63.6 Y77.436 E0.01542
G1 X63.6 Y22.557 E1.50403
G1 X63.515 Y22.004 E0.01533
G1 X63.289 Y21.559 E0.01368
G1 X63.127 Y21.369 E0.00684
G1 X62.726 Y21.078 E0.01358
G1 X62.178 Y20.9 E0.01579
G1 X37.822 Y20.9 E0.66751
G1 X37.272 Y21.077 E0.01583
G1 X36.87 Y21.37 E0.01363
G1 X36.577 Y21.772 E0.01363
G0 F1320 X36 Y22.543
G1 F480 X36 Y77.464 E1.50518
G1 X36.099 Y78.114 E0.01802
G1 X36.385 Y78.675 E0.01726
G1 X36.823 Y79.113 E0.01698
G1 X37.38 Y79.397 E0.01714
G1 X38.047 Y79.5 E0.0185
G1 X61.953 Y79.5 E0.65518
G1 X62.615 Y79.397 E0.01836
G1 X63.176 Y79.113 E0.01723
G1 X63.611 Y78.675 E0.01692
G1 X63.896 Y78.115 E0.01722
G1 X64 Y77.453 E0.01837
G1 X64 Y22.54 E1.50496
G1 X63.897 Y21.881 E0.01828
G1 X63.613 Y21.323 E0.01716
G1 X63.41 Y21.086 E0.00855
G1 X62.909 Y20.721 E0.01699
G1 X62.313 Y20.528 E0.01717
G1 X61.957 Y20.5 E0.00979
G1 X38.043 Y20.5 E0.6554
G1 X37.38 Y20.599 E0.01837
G1 X37.088 Y20.72 E0.00866
G1 X36.586 Y21.086 E0.01703
G1 X36.22 Y21.588 E0.01703
G1 X36.028 Y22.186 E0.01721
G1 X36 Y22.543 E0.00981
G0 F1320 X62.322 Y20.437
G0 X62.375 Y20.131
G1 F480 X61.973 Y20.1 E0.01105
G1 X38.027 Y20.1 E0.65627
G1 X37.624 Y20.131 E0.01108
G1 X37.257 Y20.217 E0.01033
G1 X36.904 Y20.364 E0.01048
G1 X36.302 Y20.802 E0.0204
G1 X35.864 Y21.404 E0.0204
G1 X35.718 Y21.757 E0.01047
G1 X35.631 Y22.124 E0.01034
G1 X35.6 Y22.527 E0.01108
G1 X35.6 Y77.48 E1.50606
G1 X35.631 Y77.871 E0.01075
G1 X35.717 Y78.238 E0.01033
G1 X35.865 Y78.59 E0.01047
G1 X36.06 Y78.91 E0.01027
G1 X36.302 Y79.194 E0.01023
G1 X36.587 Y79.437 E0.01026
G1 X36.902 Y79.631 E0.01014
G1 X37.257 Y79.779 E0.01054
G1 X37.627 Y79.865 E0.01041
G1 X38.03 Y79.9 E0.01109
G1 X61.97 Y79.9 E0.65611
G1 X62.373 Y79.865 E0.01109
G1 X62.738 Y79.779 E0.01028
G1 X63.095 Y79.631 E0.01059
G1 X63.413 Y79.437 E0.01021
G1 X63.693 Y79.195 E0.01014
G1 X63.936 Y78.91 E0.01026
G1 X64.131 Y78.59 E0.01027
G1 X64.278 Y78.239 E0.01043
G1 X64.365 Y77.869 E0.01042
G1 X64.4 Y77.47 E0.01098
G1 X64.4 Y22.522 E1.50592
G1 X64.366 Y22.127 E0.01087
G1 X64.279 Y21.757 E0.01042
G1 X64.132 Y21.402 E0.01053
G1 X63.937 Y21.087 E0.01015
G1 X63.694 Y20.802 E0.01026
G1 X63.413 Y20.562 E0.01013
G1 X63.093 Y20.364 E0.01031
G1 X62.738 Y20.217 E0.01053
G1 X62.375 Y20.131 E0.01022
G0 F1320 X62.322 Y20.437
G0 X64.091 Y22.529
G0 X64.8 Y22.505
M204 P150
;TYPE:WALL-OUTER
G1 F480 X64.762 Y22.064 E0.01201
G1 X64.661 Y21.634 E0.01199
G1 X64.489 Y21.22 E0.01217
G1 X64.261 Y20.851 E0.01177
G1 X63.978 Y20.518 E0.01186
G1 X63.649 Y20.238 E0.01173
G1 X63.276 Y20.007 E0.01191
G1 X62.862 Y19.835 E0.01217
G1 X62.437 Y19.735 E0.01185
G1 X61.988 Y19.7 E0.01222
G1 X38.012 Y19.7 E0.65072
G1 X37.563 Y19.735 E0.01222
G1 X37.134 Y19.835 E0.01196
G1 X36.72 Y20.007 E0.01217
G1 X36.351 Y20.239 E0.01183
G1 X36.018 Y20.518 E0.01179
G1 X35.739 Y20.851 E0.01179
G1 X35.507 Y21.22 E0.01183
G1 X35.336 Y21.634 E0.01216
G1 X35.235 Y22.063 E0.01196
G1 X35.2 Y22.512 E0.01222
G1 X35.2 Y77.496 E1.49228
G1 X35.235 Y77.933 E0.0119
G1 X35.335 Y78.362 E0.01196
G1 X35.507 Y78.772 E0.01207
G1 X35.735 Y79.146 E0.01189
G1 X36.018 Y79.478 E0.01184
G1 X36.351 Y79.761 E0.01186
G1 X36.72 Y79.989 E0.01177
G1 X37.134 Y80.161 E0.01217
G1 X37.564 Y80.261 E0.01198
G1 X38.013 Y80.3 E0.01223
G1 X61.987 Y80.3 E0.65066
G1 X62.436 Y80.261 E0.01223
G1 X62.862 Y80.161 E0.01188
G1 X63.277 Y79.989 E0.01219
G1 X63.649 Y79.761 E0.01184
G1 X63.977 Y79.478 E0.01176
G1 X64.261 Y79.146 E0.01186
G1 X64.489 Y78.772 E0.01189
G1 X64.66 Y78.362 E0.01206
G1 X64.761 Y77.932 E0.01199
G1 X64.8 Y77.487 E0.01212
G1 X64.8 Y22.505 E1.49223
G0 F1320 X64.783 Y22.306
G0 X64.077 Y22.361
G0 X62.282 Y77.782
G0 X37.324 Y77.989
M204 P180
;TYPE:SKIN
G1 F480 X37.206 Y77.756 E0.00723
G1 X37.161 Y77.406 E0.00977
G1 X37.16 Y22.423 E1.52151
G1 X37.257 Y22.115 E0.00894
G1 X37.408 Y21.908 E0.00709
G1 X37.615 Y21.757 E0.00709
G1 X37.923 Y21.66 E0.00894
G1 X62.071 Y21.66 E0.66823
G1 X62.376 Y21.761 E0.00889
G1 X62.582 Y21.907 E0.00699
G1 X62.784 Y22.242 E0.01083
G1 X62.84 Y22.6 E0.01003
G1 X62.84 Y77.388 E1.51612
G1 X62.783 Y77.758 E0.01036
G1 X62.667 Y77.986 E0.00708
G1 X62.379 Y78.234 E0.01052
G1 X62.056 Y78.34 E0.00941
G1 X38.107 Y78.34 E0.66273
G1 X37.734 Y78.286 E0.01043
G1 X37.507 Y78.171 E0.00704
G1 X37.324 Y77.989 E0.00714
G0 F1320 X62.585 Y77.705
G1 F480 X62.211 Y78.079 E0.01464
G0 F1320 X61.584 Y78.14
G1 F480 X62.64 Y77.085 E0.04131
G0 F1320 X62.64 Y76.519
G1 F480 X61.018 Y78.14 E0.06346
G0 F1320 X60.453 Y78.14
G1 F480 X62.64 Y75.953 E0.08559
G0 F1320 X62.64 Y75.387
G1 F480 X59.887 Y78.14 E0.10774
G0 F1320 X59.321 Y78.14
G1 F480 X62.64 Y74.822 E0.12987
G0 F1320 X62.64 Y74.256
G1 F480 X58.756 Y78.14 E0.152
G0 F1320 X58.19 Y78.14
G1 F480 X62.64 Y73.69 E0.17415
G0 F1320 X62.64 Y73.125
G1 F480 X57.624 Y78.14 E0.19628
G0 F1320 X57.059 Y78.14
G1 F480 X62.64 Y72.559 E0.21841
G0 F1320 X62.64 Y71.993
G1 F480 X56.493 Y78.14 E0.24056
G0 F1320 X55.927 Y78.14
G1 F480 X62.64 Y71.428 E0.26269
G0 F1320 X62.64 Y70.862
G1 F480 X55.362 Y78.14 E0.28482
G0 F1320 X54.796 Y78.14
G1 F480 X62.64 Y70.296 E0.30697
G0 F1320 X62.64 Y69.731
G1 F480 X54.23 Y78.14 E0.3291
G0 F1320 X53.664 Y78.14
G1 F480 X62.64 Y69.165 E0.35125
G0 F1320 X62.64 Y68.599
G1 F480 X53.099 Y78.14 E0.37338
G0 F1320 X52.533 Y78.14
G1 F480 X62.64 Y68.034 E0.39552
G0 F1320 X62.64 Y67.468
G1 F480 X51.967 Y78.14 E0.41767
G0 F1320 X51.402 Y78.14
G1 F480 X62.64 Y66.902 E0.4398
G0 F1320 X62.64 Y66.337
G1 F480 X50.836 Y78.14 E0.46193
G0 F1320 X50.27 Y78.14
G1 F480 X62.64 Y65.771 E0.48408
G0 F1320 X62.64 Y65.205
G1 F480 X49.705 Y78.14 E0.50621
G0 F1320 X49.139 Y78.14
G1 F480 X62.64 Y64.639 E0.52836
G0 F1320 X62.64 Y64.074
G1 F480 X48.573 Y78.14 E0.55049
G0 F1320 X48.008 Y78.14
G1 F480 X62.64 Y63.508 E0.57262
G0 F1320 X62.64 Y62.942
G1 F480 X47.442 Y78.14 E0.59477
G0 F1320 X46.876 Y78.14
G1 F480 X62.64 Y62.377 E0.6169
G0 F1320 X62.64 Y61.811
G1 F480 X46.311 Y78.14 E0.63903
G0 F1320 X45.745 Y78.14
G1 F480 X62.64 Y61.245 E0.66118
G0 F1320 X62.64 Y60.68
G1 F480 X45.179 Y78.14 E0.68331
G0 F1320 X44.613 Y78.14
G1 F480 X62.64 Y60.114 E0.70546
G0 F1320 X62.64 Y59.548
G1 F480 X44.048 Y78.14 E0.72759
G0 F1320 X43.482 Y78.14
G1 F480 X62.64 Y58.983 E0.74972
G0 F1320 X62.64 Y58.417
G1 F480 X42.916 Y78.14 E0.77187
G0 F1320 X42.351 Y78.14
G1 F480 X62.64 Y57.851 E0.794
G0 F1320 X62.64 Y57.286
G1 F480 X41.785 Y78.14 E0.81614
G0 F1320 X41.219 Y78.14
G1 F480 X62.64 Y56.72 E0.83829
G0 F1320 X62.64 Y56.154
G1 F480 X40.654 Y78.14 E0.86042
G0 F1320 X40.088 Y78.14
G1 F480 X62.64 Y55.588 E0.88257
G0 F1320 X62.64 Y55.023
G1 F480 X39.522 Y78.14 E0.9047
G0 F1320 X38.957 Y78.14
G1 F480 X62.64 Y54.457 E0.92683
G0 F1320 X62.64 Y53.891
G1 F480 X38.391 Y78.14 E0.94898
G0 F1320 X37.863 Y78.103
G1 F480 X62.64 Y53.326 E0.96964
G0 F1320 X62.64 Y52.76
G1 F480 X37.509 Y77.891 E0.98349
G0 F1320 X37.37 Y77.464
G1 F480 X62.64 Y52.194 E0.98893
G0 F1320 X62.64 Y51.629
G1 F480 X37.361 Y76.908 E0.98929
G0 F1320 X37.361 Y76.342
G1 F480 X62.64 Y51.063 E0.98929
G0 F1320 X62.64 Y50.497
G1 F480 X37.361 Y75.776 E0.98929
G0 F1320 X37.361 Y75.211
G1 F480 X62.64 Y49.932 E0.98929
G0 F1320 X62.64 Y49.366
G1 F480 X37.361 Y74.645 E0.98929
G0 F1320 X37.361 Y74.079
G1 F480 X62.64 Y48.8 E0.98929
G0 F1320 X62.64 Y48.235
G1 F480 X37.361 Y73.514 E0.98929
G0 F1320 X37.361 Y72.948
G1 F480 X62.64 Y47.669 E0.98929
G0 F1320 X62.64 Y47.103
G1 F480 X37.361 Y72.382 E0.98929
G0 F1320 X37.361 Y71.817
G1 F480 X62.64 Y46.538 E0.98929
G0 F1320 X62.64 Y45.972
G1 F480 X37.361 Y71.251 E0.98929
G0 F1320 X37.361 Y70.685
G1 F480 X62.64 Y45.406 E0.98929
G0 F1320 X62.64 Y44.84
G1 F480 X37.361 Y70.12 E0.98931
G0 F1320 X37.361 Y69.554
G1 F480 X62.64 Y44.275 E0.98929
G0 F1320 X62.64 Y43.709
G1 F480 X37.361 Y68.988 E0.98929
G0 F1320 X37.361 Y68.422
G1 F480 X62.64 Y43.143 E0.98929
G0 F1320 X62.64 Y42.578
G1 F480 X37.361 Y67.857 E0.98929
G0 F1320 X37.361 Y67.291
G1 F480 X62.64 Y42.012 E0.98929
G0 F1320 X62.64 Y41.446
G1 F480 X37.361 Y66.725 E0.98929
G0 F1320 X37.361 Y66.16
G1 F480 X62.64 Y40.881 E0.98929
G0 F1320 X62.64 Y40.315
G1 F480 X37.361 Y65.594 E0.98929
G0 F1320 X37.361 Y65.028
G1 F480 X62.64 Y39.749 E0.98929
G0 F1320 X62.64 Y39.184
G1 F480 X37.361 Y64.463 E0.98929
G0 F1320 X37.361 Y63.897
G1 F480 X62.64 Y38.618 E0.98929
G0 F1320 X62.64 Y38.052
G1 F480 X37.361 Y63.331 E0.98929
G0 F1320 X37.361 Y62.766
G1 F480 X62.64 Y37.487 E0.98929
G0 F1320 X62.64 Y36.921
G1 F480 X37.361 Y62.2 E0.98929
G0 F1320 X37.361 Y61.634
G1 F480 X62.64 Y36.355 E0.98929
G0 F1320 X62.64 Y35.79
G1 F480 X37.361 Y61.069 E0.98929
G0 F1320 X37.361 Y60.503
G1 F480 X62.64 Y35.224 E0.98929
G0 F1320 X62.64 Y34.658
G1 F480 X37.361 Y59.937 E0.98929
G0 F1320 X37.361 Y59.372
G1 F480 X62.64 Y34.092 E0.98931
G0 F1320 X62.64 Y33.527
G1 F480 X37.361 Y58.806 E0.98929
G0 F1320 X37.361 Y58.24
G1 F480 X62.64 Y32.961 E0.98929
G0 F1320 X62.64 Y32.395
G1 F480 X37.361 Y57.674 E0.98929
G0 F1320 X37.361 Y57.109
G1 F480 X62.64 Y31.83 E0.98929
G0 F1320 X62.64 Y31.264
G1 F480 X37.361 Y56.543 E0.98929
G0 F1320 X37.361 Y55.977
G1 F480 X62.64 Y30.698 E0.98929
G0 F1320 X62.64 Y30.133
G1 F480 X37.361 Y55.412 E0.98929
G0 F1320 X37.361 Y54.846
G1 F480 X62.64 Y29.567 E0.98929
G0 F1320 X62.64 Y29.001
G1 F480 X37.361 Y54.28 E0.98929
G0 F1320 X37.361 Y53.715
G1 F480 X62.64 Y28.436 E0.98929
G0 F1320 X62.64 Y27.87
G1 F480 X37.361 Y53.149 E0.98929
G0 F1320 X37.361 Y52.583
G1 F480 X62.64 Y27.304 E0.98929
G0 F1320 X62.64 Y26.739
G1 F480 X37.361 Y52.018 E0.98929
G0 F1320 X37.361 Y51.452
G1 F480 X62.64 Y26.173 E0.98929
G0 F1320 X62.64 Y25.607
G1 F480 X37.361 Y50.886 E0.98929
G0 F1320 X37.361 Y50.321
G1 F480 X62.64 Y25.041 E0.98931
G0 F1320 X62.64 Y24.476
G1 F480 X37.361 Y49.755 E0.98929
G0 F1320 X37.361 Y49.189
G1 F480 X62.64 Y23.91 E0.98929
G0 F1320 X62.64 Y23.344
G1 F480 X37.361 Y48.623 E0.98929
G0 F1320 X37.361 Y48.058
G1 F480 X62.64 Y22.779 E0.98929
G0 F1320 X62.573 Y22.28
G1 F480 X37.361 Y47.492 E0.98666
G0 F1320 X37.361 Y46.926
G1 F480 X62.322 Y21.966 E0.97682
G0 F1320 X61.861 Y21.86
G1 F480 X37.361 Y46.361 E0.95882
G0 F1320 X37.361 Y45.795
G1 F480 X61.296 Y21.86 E0.93669
G0 F1320 X60.73 Y21.86
G1 F480 X37.361 Y45.229 E0.91454
G0 F1320 X37.361 Y44.664
G1 F480 X60.164 Y21.86 E0.89241
G0 F1320 X59.598 Y21.86
G1 F480 X37.361 Y44.098 E0.87026
G0 F1320 X37.361 Y43.532
G1 F480 X59.033 Y21.86 E0.84813
G0 F1320 X58.467 Y21.86
G1 F480 X37.361 Y42.967 E0.826
G0 F1320 X37.361 Y42.401
G1 F480 X57.901 Y21.86 E0.80385
G0 F1320 X57.336 Y21.86
G1 F480 X37.361 Y41.835 E0.78172
G0 F1320 X37.361 Y41.27
G1 F480 X56.77 Y21.86 E0.75959
G0 F1320 X56.204 Y21.86
G1 F480 X37.361 Y40.704 E0.73744
G0 F1320 X37.361 Y40.138
G1 F480 X55.639 Y21.86 E0.7153
G0 F1320 X55.073 Y21.86
G1 F480 X37.361 Y39.573 E0.69317
G0 F1320 X37.361 Y39.007
G1 F480 X54.507 Y21.86 E0.67102
G0 F1320 X53.942 Y21.86
G1 F480 X37.361 Y38.441 E0.64889
G0 F1320 X37.361 Y37.875
G1 F480 X53.376 Y21.86 E0.62674
G0 F1320 X52.81 Y21.86
G1 F480 X37.361 Y37.31 E0.60461
G0 F1320 X37.361 Y36.744
G1 F480 X52.245 Y21.86 E0.58248
G0 F1320 X51.679 Y21.86
G1 F480 X37.361 Y36.178 E0.56033
G0 F1320 X37.361 Y35.613
G1 F480 X51.113 Y21.86 E0.5382
G0 F1320 X50.548 Y21.86
G1 F480 X37.361 Y35.047 E0.51607
G0 F1320 X37.361 Y34.481
G1 F480 X49.982 Y21.86 E0.49392
G0 F1320 X49.416 Y21.86
G1 F480 X37.361 Y33.916 E0.47179
G0 F1320 X37.361 Y33.35
G1 F480 X48.85 Y21.86 E0.44964
G0 F1320 X48.285 Y21.86
G1 F480 X37.361 Y32.784 E0.42751
G0 F1320 X37.361 Y32.219
G1 F480 X47.719 Y21.86 E0.40538
G0 F1320 X47.153 Y21.86
G1 F480 X37.361 Y31.653 E0.38323
G0 F1320 X37.361 Y31.087
G1 F480 X46.588 Y21.86 E0.3611
G0 F1320 X46.022 Y21.86
G1 F480 X37.361 Y30.522 E0.33897
G0 F1320 X37.361 Y29.956
G1 F480 X45.456 Y21.86 E0.31682
G0 F1320 X44.891 Y21.86
G1 F480 X37.361 Y29.39 E0.29468
G0 F1320 X37.361 Y28.825
G1 F480 X44.325 Y21.86 E0.27255
G0 F1320 X43.759 Y21.86
G1 F480 X37.361 Y28.259 E0.2504
G0 F1320 X37.361 Y27.693
G1 F480 X43.194 Y21.86 E0.22827
G0 F1320 X42.628 Y21.86
G1 F480 X37.361 Y27.127 E0.20612
G0 F1320 X37.361 Y26.562
G1 F480 X42.062 Y21.86 E0.18399
G0 F1320 X41.497 Y21.86
G1 F480 X37.361 Y25.996 E0.16186
G0 F1320 X37.361 Y25.43
G1 F480 X40.931 Y21.86 E0.13971
G0 F1320 X40.365 Y21.86
G1 F480 X37.361 Y24.865 E0.11758
G0 F1320 X37.361 Y24.299
G1 F480 X39.8 Y21.86 E0.09545
G0 F1320 X39.234 Y21.86
G1 F480 X37.361 Y23.733 E0.0733
G0 F1320 X37.361 Y23.168
G1 F480 X38.668 Y21.86 E0.05117
G0 F1320 X38.102 Y21.86
G1 F480 X37.361 Y22.602 E0.02902
G1 X37.291 Y22.672
;MESH:NONMESH
G0 F600 X37.291 Y22.672 Z2.12
G0 F1320 X37.972 Y77.528
G0 X62.762 Y78.15
;TIME_ELAPSED:7372.713058
;LAYER:12
M204 P200
;TYPE:WALL-INNER
;MESH:flasherBot.STL
G1 F480 X62.46 Y78.39 E0.01057
G1 X62.086 Y78.497 E0.01066
G1 X37.916 Y78.497 E0.66241
G1 X37.54 Y78.389 E0.01072
G1 X37.35 Y78.261 E0.00628
G1 X37.146 Y78.022 E0.00861
G1 X37.003 Y77.674 E0.01031
G1 X37.002 Y22.424 E1.5142
G1 X37.05 Y22.188 E0.0066
G1 X37.152 Y21.969 E0.00662
G1 X37.292 Y21.792 E0.00618
G1 X37.616 Y21.576 E0.01067
G1 X37.923 Y21.502 E0.00865
G1 X62.076 Y21.502 E0.66195
G1 X62.383 Y21.575 E0.00865
G1 X62.761 Y21.849 E0.01279
G1 X62.924 Y22.116 E0.00857
G1 X62.998 Y22.413 E0.00839
G1 X62.998 Y77.586 E1.51209
G1 X62.952 Y77.809 E0.00624
G1 X62.762 Y78.15 E0.0107
G0 F1320 X62.91 Y78.15
G0 X62.91 Y22.448
G0 X62.599 Y22.448
G1 F480 X62.599 Y77.552 E1.5102
G1 X62.513 Y77.813 E0.00753
G1 X62.424 Y77.926 E0.00394
G1 X62.231 Y78.055 E0.00636
G1 X62.052 Y78.098 E0.00505
G1 X37.904 Y78.1 E0.66181
G1 X37.724 Y78.034 E0.00525
G1 X37.514 Y77.854 E0.00758
G1 X37.4 Y77.569 E0.00841
G1 X37.401 Y22.454 E1.5105
G1 X37.445 Y22.27 E0.00518
G1 X37.575 Y22.075 E0.00642
G1 X37.769 Y21.945 E0.0064
G1 X37.954 Y21.901 E0.00521
G1 X62.046 Y21.901 E0.66027
G1 X62.317 Y21.99 E0.00782
G1 X62.457 Y22.109 E0.00504
G1 X62.555 Y22.27 E0.00517
G1 X62.599 Y22.448 E0.00503
G0 F1320 X62.91 Y22.448
G0 X62.838 Y78.338
G0 X62.688 Y78.83
G1 F323.8 X62.883 Y78.71 E0.0093
G1 F323.2 X63.208 Y78.383 E0.01876
G1 F323.8 X63.424 Y77.961 E0.01926
G1 F322.1 X63.5 Y77.432 E0.02182
G1 F320 X63.5 Y22.561 E2.25572
G1 F321.6 X63.478 Y22.269 E0.01198
G1 F322.7 X63.33 Y21.812 E0.01958
G1 F322.1 X63.058 Y21.439 E0.01885
G1 F321.6 X62.682 Y21.166 E0.01901
G1 X62.172 Y21 E0.02194
G1 F322.1 X38 Y21.002 E0.98707
G1 F321.1 X37.533 Y21.075 E0.01937
G1 F320.5 X37.318 Y21.165 E0.00957
G1 F321.1 X36.94 Y21.44 E0.01915
G1 X36.665 Y21.818 E0.01915
G1 X36.5 Y22.327 E0.02192
G1 F320.5 X36.5 Y77.445 E2.2621
G1 X36.574 Y77.961 E0.02139
G1 F321.6 X36.789 Y78.382 E0.01934
G1 F322.1 X37.117 Y78.71 E0.01894
G1 F322.7 X37.533 Y78.922 E0.01903
G1 F321.6 X38.067 Y79 E0.02207
G1 F321.1 X62.163 Y79 E0.98727
G1 F323.2 X62.688 Y78.83 E0.02246
G0 F1320 X63.897 Y78.114
G1 F480 X64 Y77.453 E0.01833
G1 X64 Y22.54 E1.50496
G1 X63.897 Y21.88 E0.01831
G1 X63.774 Y21.585 E0.00876
G1 X63.411 Y21.086 E0.01691
G1 X62.91 Y20.721 E0.01699
G1 X62.313 Y20.528 E0.0172
G1 X61.939 Y20.501 E0.01028
G1 X38.042 Y20.5 E0.65493
G1 X37.38 Y20.598 E0.01834
G1 X37.089 Y20.72 E0.00865
G1 X36.586 Y21.086 E0.01705
G1 X36.22 Y21.589 E0.01705
G1 X36.098 Y21.88 E0.00865
G1 X36 Y22.542 E0.01834
G1 X36 Y77.464 E1.50521
G1 X36.098 Y78.115 E0.01804
G1 X36.385 Y78.675 E0.01725
G1 X36.823 Y79.113 E0.01698
G1 X37.38 Y79.396 E0.01712
G1 X38.046 Y79.5 E0.01847
G1 X61.954 Y79.5 E0.65523
G1 X62.615 Y79.398 E0.01833
G1 X63.176 Y79.113 E0.01725
G1 X63.611 Y78.675 E0.01692
G1 X63.897 Y78.114 E0.01726
G0 F1320 X62.838 Y21.662
G0 X62.322 Y20.437
G0 X62.375 Y20.131
G1 F480 X61.973 Y20.101 E0.01105
G1 X38.027 Y20.1 E0.65627
G1 X37.625 Y20.131 E0.01105
G1 X37.257 Y20.217 E0.01036
G1 X36.905 Y20.364 E0.01045
G1 X36.302 Y20.802 E0.02043
G1 X35.864 Y21.405 E0.02043
G1 X35.717 Y21.757 E0.01045
G1 X35.631 Y22.125 E0.01036
G1 X35.6 Y22.527 E0.01105
G1 X35.6 Y77.48 E1.50606
G1 X35.631 Y77.871 E0.01075
G1 X35.717 Y78.238 E0.01033
G1 X35.864 Y78.59 E0.01045
G1 X36.06 Y78.91 E0.01028
G1 X36.302 Y79.194 E0.01023
G1 X36.587 Y79.437 E0.01026
G1 X36.903 Y79.631 E0.01016
G1 X37.257 Y79.778 E0.01051
G1 X37.627 Y79.865 E0.01042
G1 X38.03 Y79.9 E0.01109
G1 X61.97 Y79.9 E0.65611
G1 X62.373 Y79.866 E0.01108
G1 X62.738 Y79.779 E0.01028
G1 X63.095 Y79.631 E0.01059
G1 X63.413 Y79.437 E0.01021
G1 X63.693 Y79.195 E0.01014
G1 X63.936 Y78.91 E0.01026
G1 X64.131 Y78.59 E0.01027
G1 X64.279 Y78.238 E0.01047
G1 X64.366 Y77.869 E0.01039
G1 X64.4 Y77.47 E0.01097
G1 X64.4 Y22.522 E1.50592
G1 X64.366 Y22.127 E0.01087
G1 X64.279 Y21.757 E0.01042
G1 X64.132 Y21.402 E0.01053
G1 X63.937 Y21.087 E0.01015
G1 X63.694 Y20.802 E0.01026
G1 X63.413 Y20.562 E0.01013
G1 X63.093 Y20.364 E0.01031
G1 X62.738 Y20.217 E0.01053
G1 X62.375 Y20.131 E0.01022
G0 F1320 X62.862 Y19.835
M204 P150
;TYPE:WALL-OUTER
G1 F480 X62.437 Y19.735 E0.01185
G1 X61.988 Y19.701 E0.01222
G1 X38.012 Y19.7 E0.65072
G1 X37.563 Y19.735 E0.01222
G1 X37.134 Y19.835 E0.01196
G1 X36.721 Y20.007 E0.01214
G1 X36.351 Y20.239 E0.01185
G1 X36.018 Y20.518 E0.01179
G1 X35.739 Y20.851 E0.01179
G1 X35.507 Y21.221 E0.01185
G1 X35.335 Y21.634 E0.01214
G1 X35.235 Y22.063 E0.01196
G1 X35.2 Y22.512 E0.01222
G1 X35.2 Y77.496 E1.49228
G1 X35.235 Y77.933 E0.0119
G1 X35.335 Y78.362 E0.01196
G1 X35.507 Y78.772 E0.01207
G1 X35.735 Y79.146 E0.01189
G1 X36.018 Y79.478 E0.01184
G1 X36.351 Y79.761 E0.01186
G1 X36.72 Y79.989 E0.01177
G1 X37.134 Y80.16 E0.01216
G1 X37.564 Y80.261 E0.01199
G1 X38.013 Y80.3 E0.01223
G1 X61.987 Y80.3 E0.65066
G1 X62.436 Y80.262 E0.01223
G1 X62.862 Y80.161 E0.01188
G1 X63.277 Y79.989 E0.01219
G1 X63.649 Y79.761 E0.01184
G1 X63.977 Y79.478 E0.01176
G1 X64.261 Y79.146 E0.01186
G1 X64.489 Y78.772 E0.01189
G1 X64.661 Y78.362 E0.01207
G1 X64.762 Y77.932 E0.01199
G1 X64.8 Y77.487 E0.01212
G1 X64.8 Y22.505 E1.49223
G1 X64.762 Y22.064 E0.01201
G1 X64.661 Y21.634 E0.01199
G1 X64.489 Y21.22 E0.01217
G1 X64.261 Y20.851 E0.01177
G1 X63.978 Y20.518 E0.01186
G1 X63.649 Y20.238 E0.01173
G1 X63.276 Y20.007 E0.01191
G1 X62.862 Y19.835 E0.01217
G0 F1320 X62.668 Y19.79
G0 X62.502 Y20.481
G0 X37.984 Y21.59
G0 X37.984 Y22.3
G1 F480 X62.016 Y22.3 E0.65223
G1 X62.153 Y22.369 E0.00416
G1 X62.2 Y22.482 E0.00332
G1 X62.2 Y77.57 E1.4951
G1 X62.105 Y77.671 E0.00376
G1 X62.018 Y77.7 E0.00249
G1 X37.983 Y77.7 E0.65232
G1 X37.87 Y77.653 E0.00332
G1 X37.8 Y77.516 E0.00418
G1 X37.8 Y22.432 E1.49499
G1 X37.893 Y22.33 E0.00375
G1 X37.984 Y22.3 E0.0026
G0 F1320 X38.184 Y22.3
G0 X38.184 Y21.29
;MESH:NONMESH
G0 F600 X38.184 Y21.29 Z2.28
G0 F1320 X62.838 Y21.662
G0 X62.998 Y77.586
;TIME_ELAPSED:7542.900419
;LAYER:13
M204 P200
;TYPE:WALL-INNER
;MESH:flasherBot.STL
G1 F480 X62.952 Y77.809 E0.00624
G1 X62.762 Y78.15 E0.0107
G1 X62.46 Y78.39 E0.01057
G1 X62.086 Y78.497 E0.01066
G1 X37.916 Y78.497 E0.66241
G1 X37.54 Y78.389 E0.01072
G1 X37.35 Y78.261 E0.00628
G1 X37.146 Y78.022 E0.00861
G1 X37.003 Y77.674 E0.01031
G1 X37.002 Y22.424 E1.5142
G1 X37.05 Y22.188 E0.0066
G1 X37.152 Y21.969 E0.00662
G1 X37.292 Y21.792 E0.00618
G1 X37.616 Y21.576 E0.01067
G1 X37.923 Y21.502 E0.00865
G1 X62.076 Y21.502 E0.66195
G1 X62.383 Y21.575 E0.00865
G1 X62.761 Y21.849 E0.01279
G1 X62.924 Y22.116 E0.00857
G1 X62.998 Y22.413 E0.00839
G1 X62.998 Y77.586 E1.51209
G0 F1320 X37.724 Y78.41
G0 X37.724 Y78.034
G1 F480 X37.514 Y77.854 E0.00758
G1 X37.4 Y77.569 E0.00841
G1 X37.401 Y22.454 E1.5105
G1 X37.445 Y22.27 E0.00518
G1 X37.575 Y22.075 E0.00642
G1 X37.769 Y21.945 E0.0064
G1 X37.954 Y21.901 E0.00521
G1 X62.046 Y21.901 E0.66027
G1 X62.317 Y21.99 E0.00782
G1 X62.457 Y22.109 E0.00504
G1 X62.555 Y22.27 E0.00517
G1 X62.599 Y22.448 E0.00503
G1 X62.599 Y77.552 E1.5102
G1 X62.513 Y77.813 E0.00753
G1 X62.424 Y77.926 E0.00394
G1 X62.231 Y78.055 E0.00636
G1 X62.052 Y78.098 E0.00505
G1 X37.904 Y78.1 E0.66181
G1 X37.724 Y78.034 E0.00525
G0 F1320 X37.724 Y78.41
G0 X62.163 Y79
G1 F323.2 X62.688 Y78.83 E0.02246
G1 F323.8 X62.883 Y78.71 E0.0093
G1 F323.2 X63.208 Y78.383 E0.01876
G1 F323.8 X63.424 Y77.961 E0.01926
G1 F322.1 X63.5 Y77.432 E0.02182
G1 F320 X63.5 Y22.561 E2.25572
G1 F321.6 X63.478 Y22.269 E0.01198
G1 F322.7 X63.33 Y21.812 E0.01958
G1 F322.1 X63.058 Y21.439 E0.01885
G1 F321.6 X62.682 Y21.166 E0.01901
G1 X62.172 Y21 E0.02194
G1 F322.1 X38 Y21.002 E0.98707
G1 F321.1 X37.533 Y21.075 E0.01937
G1 F320.5 X37.318 Y21.165 E0.00957
G1 F321.1 X36.94 Y21.44 E0.01915
G1 X36.665 Y21.818 E0.01915
G1 X36.5 Y22.327 E0.02192
G1 F320.5 X36.5 Y77.445 E2.2621
G1 X36.574 Y77.961 E0.02139
G1 F321.6 X36.789 Y78.382 E0.01934
G1 F322.1 X37.117 Y78.71 E0.01894
G1 F322.7 X37.533 Y78.922 E0.01903
G1 F321.6 X38.067 Y79 E0.02207
G1 F321.1 X62.163 Y79 E0.98727
G0 F1320 X64 Y77.453
G1 F480 X64 Y22.54 E1.50496
G1 X63.897 Y21.88 E0.01831
G1 X63.774 Y21.585 E0.00876
G1 X63.411 Y21.086 E0.01691
G1 X62.91 Y20.721 E0.01699
G1 X62.313 Y20.528 E0.0172
G1 X61.939 Y20.501 E0.01028
G1 X38.042 Y20.5 E0.65493
G1 X37.38 Y20.598 E0.01834
G1 X37.089 Y20.72 E0.00865
G1 X36.586 Y21.086 E0.01705
G1 X36.22 Y21.589 E0.01705
G1 X36.098 Y21.88 E0.00865
G1 X36 Y22.542 E0.01834
G1 X36 Y77.464 E1.50521
G1 X36.098 Y78.115 E0.01804
G1 X36.385 Y78.675 E0.01725
G1 X36.823 Y79.113 E0.01698
G1 X37.38 Y79.396 E0.01712
G1 X38.046 Y79.5 E0.01847
G1 X61.954 Y79.5 E0.65523
G1 X62.615 Y79.398 E0.01833
G1 X63.176 Y79.113 E0.01725
G1 X63.611 Y78.675 E0.01692
G1 X63.897 Y78.114 E0.01726
G1 X64 Y77.453 E0.01833
G0 F1320 X62.838 Y21.662
G0 X61.973 Y20.41
G0 X61.973 Y20.101
G1 F480 X38.027 Y20.1 E0.65627
G1 X37.625 Y20.131 E0.01105
G1 X37.257 Y20.217 E0.01036
G1 X36.905 Y20.364 E0.01045
G1 X36.302 Y20.802 E0.02043
G1 X35.864 Y21.405 E0.02043
G1 X35.717 Y21.757 E0.01045
G1 X35.631 Y22.125 E0.01036
G1 X35.6 Y22.527 E0.01105
G1 X35.6 Y77.48 E1.50606
G1 X35.631 Y77.871 E0.01075
G1 X35.717 Y78.238 E0.01033
G1 X35.864 Y78.59 E0.01045
G1 X36.06 Y78.91 E0.01028
G1 X36.302 Y79.194 E0.01023
G1 X36.587 Y79.437 E0.01026
G1 X36.903 Y79.631 E0.01016
G1 X37.257 Y79.778 E0.01051
G1 X37.627 Y79.865 E0.01042
G1 X38.03 Y79.9 E0.01109
G1 X61.97 Y79.9 E0.65611
G1 X62.373 Y79.866 E0.01108
G1 X62.738 Y79.779 E0.01028
G1 X63.095 Y79.631 E0.01059
G1 X63.413 Y79.437 E0.01021
G1 X63.693 Y79.195 E0.01014
G1 X63.936 Y78.91 E0.01026
G1 X64.131 Y78.59 E0.01027
G1 X64.279 Y78.238 E0.01047
G1 X64.366 Y77.869 E0.01039
G1 X64.4 Y77.47 E0.01097
G1 X64.4 Y22.522 E1.50592
G1 X64.366 Y22.127 E0.01087
G1 X64.279 Y21.757 E0.01042
G1 X64.132 Y21.402 E0.01053
G1 X63.937 Y21.087 E0.01015
G1 X63.694 Y20.802 E0.01026
G1 X63.413 Y20.562 E0.01013
G1 X63.093 Y20.364 E0.01031
G1 X62.738 Y20.217 E0.01053
G1 X62.375 Y20.131 E0.01022
G1 X61.973 Y20.101 E0.01105
G0 F1320 X61.973 Y20.41
G0 X62.016 Y21.59
G0 X62.016 Y22.3
M204 P150
;TYPE:WALL-OUTER
G1 F480 X62.153 Y22.369 E0.00416
G1 X62.2 Y22.482 E0.00332
G1 X62.2 Y77.57 E1.4951
G1 X62.105 Y77.671 E0.00376
G1 X62.018 Y77.7 E0.00249
G1 X37.983 Y77.7 E0.65232
G1 X37.87 Y77.653 E0.00332
G1 X37.8 Y77.516 E0.00418
G1 X37.8 Y22.432 E1.49499
G1 X37.893 Y22.33 E0.00375
G1 X37.984 Y22.3 E0.0026
G1 X62.016 Y22.3 E0.65223
G0 F1320 X62.153 Y22.369
G0 X62.171 Y22.412
G0 X62.91 Y22.412
G0 X38.029 Y20.409
G0 X38.012 Y19.7
G1 F480 X37.563 Y19.735 E0.01222
G1 X37.134 Y19.835 E0.01196
G1 X36.721 Y20.007 E0.01214
G1 X36.351 Y20.239 E0.01185
G1 X36.018 Y20.518 E0.01179
G1 X35.739 Y20.851 E0.01179
G1 X35.507 Y21.221 E0.01185
G1 X35.335 Y21.634 E0.01214
G1 X35.235 Y22.063 E0.01196
G1 X35.2 Y22.512 E0.01222
G1 X35.2 Y77.496 E1.49228
G1 X35.235 Y77.933 E0.0119
G1 X35.335 Y78.362 E0.01196
G1 X35.507 Y78.772 E0.01207
G1 X35.735 Y79.146 E0.01189
G1 X36.018 Y79.478 E0.01184
G1 X36.351 Y79.761 E0.01186
G1 X36.72 Y79.989 E0.01177
G1 X37.134 Y80.16 E0.01216
G1 X37.564 Y80.261 E0.01199
G1 X38.013 Y80.3 E0.01223
G1 X61.987 Y80.3 E0.65066
G1 X62.436 Y80.262 E0.01223
G1 X62.862 Y80.161 E0.01188
G1 X63.277 Y79.989 E0.01219
G1 X63.649 Y79.761 E0.01184
G1 X63.977 Y79.478 E0.01176
G1 X64.261 Y79.146 E0.01186
G1 X64.489 Y78.772 E0.01189
G1 X64.661 Y78.362 E0.01207
G1 X64.762 Y77.932 E0.01199
G1 X64.8 Y77.487 E0.01212
G1 X64.8 Y22.505 E1.49223
G1 X64.762 Y22.064 E0.01201
G1 X64.661 Y21.634 E0.01199
G1 X64.489 Y21.22 E0.01217
G1 X64.261 Y20.851 E0.01177
G1 X63.978 Y20.518 E0.01186
G1 X63.649 Y20.238 E0.01173
G1 X63.276 Y20.007 E0.01191
G1 X62.862 Y19.835 E0.01217
G1 X62.437 Y19.735 E0.01185
G1 X61.988 Y19.701 E0.01222
G1 X38.012 Y19.7 E0.65072
G0 F1320 X37.813 Y19.715
G0 X37.891 Y20.722
;MESH:NONMESH
G0 F600 X37.891 Y20.722 Z2.44
G0 F1320 X36.94 Y21.44
;TIME_ELAPSED:7706.762887
;LAYER:14
M204 P200
;TYPE:WALL-INNER
;MESH:flasherBot.STL
G1 F321.1 X36.665 Y21.818 E0.01915
G1 X36.5 Y22.327 E0.02192
G1 F320.5 X36.5 Y77.445 E2.2621
G1 X36.574 Y77.961 E0.02139
G1 F321.6 X36.789 Y78.382 E0.01934
G1 F322.1 X37.117 Y78.71 E0.01894
G1 F322.7 X37.533 Y78.922 E0.01903
G1 F321.6 X38.067 Y79 E0.02207
G1 F321.1 X62.163 Y79 E0.98727
G1 F323.2 X62.688 Y78.83 E0.02246
G1 F323.8 X62.883 Y78.71 E0.0093
G1 F323.2 X63.208 Y78.383 E0.01876
G1 F323.8 X63.424 Y77.961 E0.01926
G1 F322.1 X63.5 Y77.432 E0.02182
G1 F320 X63.5 Y22.561 E2.25572
G1 F321.6 X63.478 Y22.269 E0.01198
G1 F322.7 X63.33 Y21.812 E0.01958
G1 F322.1 X63.058 Y21.439 E0.01885
G1 F321.6 X62.682 Y21.166 E0.01901
G1 X62.172 Y21 E0.02194
G1 F322.1 X38 Y21.002 E0.98707
G1 F321.1 X37.533 Y21.075 E0.01937
G1 F320.5 X37.318 Y21.165 E0.00957
G1 F321.1 X36.94 Y21.44 E0.01915
G0 F1320 X36 Y77.464
G1 F480 X36.098 Y78.115 E0.01804
G1 X36.385 Y78.675 E0.01725
G1 X36.823 Y79.113 E0.01698
G1 X37.38 Y79.396 E0.01712
G1 X38.046 Y79.5 E0.01847
G1 X61.954 Y79.5 E0.65523
G1 X62.615 Y79.398 E0.01833
G1 X63.176 Y79.113 E0.01725
G1 X63.611 Y78.675 E0.01692
G1 X63.897 Y78.114 E0.01726
G1 X64 Y77.453 E0.01833
G1 X64 Y22.54 E1.50496
G1 X63.897 Y21.88 E0.01831
G1 X63.774 Y21.585 E0.00876
G1 X63.411 Y21.086 E0.01691
G1 X62.91 Y20.721 E0.01699
G1 X62.313 Y20.528 E0.0172
G1 X61.939 Y20.501 E0.01028
G1 X38.042 Y20.5 E0.65493
G1 X37.38 Y20.598 E0.01834
G1 X37.089 Y20.72 E0.00865
G1 X36.586 Y21.086 E0.01705
G1 X36.22 Y21.589 E0.01705
G1 X36.098 Y21.88 E0.00865
G1 X36 Y22.542 E0.01834
G1 X36 Y77.464 E1.50521
G0 F1320 X37.162 Y78.338
G0 X62.322 Y79.563
G0 X62.373 Y79.866
G1 F480 X62.738 Y79.779 E0.01028
G1 X63.095 Y79.631 E0.01059
G1 X63.413 Y79.437 E0.01021
G1 X63.693 Y79.195 E0.01014
G1 X63.936 Y78.91 E0.01026
G1 X64.131 Y78.59 E0.01027
G1 X64.279 Y78.238 E0.01047
G1 X64.366 Y77.869 E0.01039
G1 X64.4 Y77.47 E0.01097
G1 X64.4 Y22.522 E1.50592
G1 X64.366 Y22.127 E0.01087
G1 X64.279 Y21.757 E0.01042
G1 X64.132 Y21.402 E0.01053
G1 X63.937 Y21.087 E0.01015
G1 X63.694 Y20.802 E0.01026
G1 X63.413 Y20.562 E0.01013
G1 X63.093 Y20.364 E0.01031
G1 X62.738 Y20.217 E0.01053
G1 X62.375 Y20.131 E0.01022
G1 X61.973 Y20.101 E0.01105
G1 X38.027 Y20.1 E0.65627
G1 X37.625 Y20.131 E0.01105
G1 X37.257 Y20.217 E0.01036
G1 X36.905 Y20.364 E0.01045
G1 X36.302 Y20.802 E0.02043
G1 X35.864 Y21.405 E0.02043
G1 X35.717 Y21.757 E0.01045
G1 X35.631 Y22.125 E0.01036
G1 X35.6 Y22.527 E0.01105
G1 X35.6 Y77.48 E1.50606
G1 X35.631 Y77.871 E0.01075
G1 X35.717 Y78.238 E0.01033
G1 X35.864 Y78.59 E0.01045
G1 X36.06 Y78.91 E0.01028
G1 X36.302 Y79.194 E0.01023
G1 X36.587 Y79.437 E0.01026
G1 X36.903 Y79.631 E0.01016
G1 X37.257 Y79.778 E0.01051
G1 X37.627 Y79.865 E0.01042
G1 X38.03 Y79.9 E0.01109
G1 X61.97 Y79.9 E0.65611
G1 X62.373 Y79.866 E0.01108
G0 F1320 X62.322 Y79.563
G0 X37.35 Y78.41
G0 X37.35 Y78.261
G1 F480 X37.146 Y78.022 E0.00861
G1 X37.003 Y77.674 E0.01031
G1 X37.002 Y22.424 E1.5142
G1 X37.05 Y22.188 E0.0066
G1 X37.152 Y21.969 E0.00662
G1 X37.292 Y21.792 E0.00618
G1 X37.616 Y21.576 E0.01067
G1 X37.923 Y21.502 E0.00865
G1 X62.076 Y21.502 E0.66195
G1 X62.383 Y21.575 E0.00865
G1 X62.761 Y21.849 E0.01279
G1 X62.924 Y22.116 E0.00857
G1 X62.998 Y22.413 E0.00839
G1 X62.998 Y77.586 E1.51209
G1 X62.952 Y77.809 E0.00624
G1 X62.762 Y78.15 E0.0107
G1 X62.46 Y78.39 E0.01057
G1 X62.086 Y78.497 E0.01066
G1 X37.916 Y78.497 E0.66241
G1 X37.54 Y78.389 E0.01072
G1 X37.35 Y78.261 E0.00628
G0 F1320 X37.35 Y78.41
G0 X37.162 Y21.662
G0 X37.575 Y22.075
G1 F480 X37.769 Y21.945 E0.0064
G1 X37.954 Y21.901 E0.00521
G1 X62.046 Y21.901 E0.66027
G1 X62.317 Y21.99 E0.00782
G1 X62.457 Y22.109 E0.00504
G1 X62.555 Y22.27 E0.00517
G1 X62.599 Y22.448 E0.00503
G1 X62.599 Y77.552 E1.5102
G1 X62.513 Y77.813 E0.00753
G1 X62.424 Y77.926 E0.00394
G1 X62.231 Y78.055 E0.00636
G1 X62.052 Y78.098 E0.00505
G1 X37.904 Y78.1 E0.66181
G1 X37.724 Y78.034 E0.00525
G1 X37.514 Y77.854 E0.00758
G1 X37.4 Y77.569 E0.00841
G1 X37.401 Y22.454 E1.5105
G1 X37.445 Y22.27 E0.00518
G1 X37.575 Y22.075 E0.00642
G0 F1320 X37.575 Y21.59
G0 X37.678 Y20.437
G0 X37.563 Y19.735
M204 P150
;TYPE:WALL-OUTER
G1 F480 X37.134 Y19.835 E0.01196
G1 X36.721 Y20.007 E0.01214
G1 X36.351 Y20.239 E0.01185
G1 X36.018 Y20.518 E0.01179
G1 X35.739 Y20.851 E0.01179
G1 X35.507 Y21.221 E0.01185
G1 X35.335 Y21.634 E0.01214
G1 X35.235 Y22.063 E0.01196
G1 X35.2 Y22.512 E0.01222
G1 X35.2 Y77.496 E1.49228
G1 X35.235 Y77.933 E0.0119
G1 X35.335 Y78.362 E0.01196
G1 X35.507 Y78.772 E0.01207
G1 X35.735 Y79.146 E0.01189
G1 X36.018 Y79.478 E0.01184
G1 X36.351 Y79.761 E0.01186
G1 X36.72 Y79.989 E0.01177
G1 X37.134 Y80.16 E0.01216
G1 X37.564 Y80.261 E0.01199
G1 X38.013 Y80.3 E0.01223
G1 X61.987 Y80.3 E0.65066
G1 X62.436 Y80.262 E0.01223
G1 X62.862 Y80.161 E0.01188
G1 X63.277 Y79.989 E0.01219
G1 X63.649 Y79.761 E0.01184
G1 X63.977 Y79.478 E0.01176
G1 X64.261 Y79.146 E0.01186
G1 X64.489 Y78.772 E0.01189
G1 X64.661 Y78.362 E0.01207
G1 X64.762 Y77.932 E0.01199
G1 X64.8 Y77.487 E0.01212
G1 X64.8 Y22.505 E1.49223
G1 X64.762 Y22.064 E0.01201
G1 X64.661 Y21.634 E0.01199
G1 X64.489 Y21.22 E0.01217
G1 X64.261 Y20.851 E0.01177
G1 X63.978 Y20.518 E0.01186
G1 X63.649 Y20.238 E0.01173
G1 X63.276 Y20.007 E0.01191
G1 X62.862 Y19.835 E0.01217
G1 X62.437 Y19.735 E0.01185
G1 X61.988 Y19.701 E0.01222
G1 X38.012 Y19.7 E0.65072
G1 X37.563 Y19.735 E0.01222
G0 F1320 X37.369 Y19.78
G0 X37.534 Y20.473
G0 X62.016 Y21.59
G0 X62.016 Y22.3
G1 F480 X62.153 Y22.369 E0.00416
G1 X62.2 Y22.482 E0.00332
G1 X62.2 Y77.57 E1.4951
G1 X62.105 Y77.671 E0.00376
G1 X62.018 Y77.7 E0.00249
G1 X37.983 Y77.7 E0.65232
G1 X37.87 Y77.653 E0.00332
G1 X37.8 Y77.516 E0.00418
G1 X37.8 Y22.432 E1.49499
G1 X37.893 Y22.33 E0.00375
G1 X37.984 Y22.3 E0.0026
G1 X62.016 Y22.3 E0.65223
G0 F1320 X62.153 Y22.369
G0 X62.171 Y22.412
G0 X63.21 Y22.412
;MESH:NONMESH
G0 F600 X63.21 Y22.412 Z2.6
G0 F1320 X62.172 Y21
;TIME_ELAPSED:7873.153392
;LAYER:15
M204 P200
;TYPE:WALL-INNER
;MESH:flasherBot.STL
G1 F322.1 X38 Y21.002 E0.98707
G1 F321.1 X37.533 Y21.075 E0.01937
G1 F320.5 X37.318 Y21.165 E0.00957
G1 F321.1 X36.94 Y21.44 E0.01915
G1 X36.665 Y21.818 E0.01915
G1 X36.5 Y22.327 E0.02192
G1 F320.5 X36.5 Y77.445 E2.2621
G1 X36.574 Y77.961 E0.02139
G1 F321.6 X36.789 Y78.382 E0.01934
G1 F322.1 X37.117 Y78.71 E0.01894
G1 F322.7 X37.533 Y78.922 E0.01903
G1 F321.6 X38.067 Y79 E0.02207
G1 F321.1 X62.163 Y79 E0.98727
G1 F323.2 X62.688 Y78.83 E0.02246
G1 F323.8 X62.883 Y78.71 E0.0093
G1 F323.2 X63.208 Y78.383 E0.01876
G1 F323.8 X63.424 Y77.961 E0.01926
G1 F322.1 X63.5 Y77.432 E0.02182
G1 F320 X63.5 Y22.561 E2.25572
G1 F321.6 X63.478 Y22.269 E0.01198
G1 F322.7 X63.33 Y21.812 E0.01958
G1 F322.1 X63.058 Y21.439 E0.01885
G1 F321.6 X62.682 Y21.166 E0.01901
G1 X62.172 Y21 E0.02194
G0 F1320 X62.838 Y21.662
G0 X62.838 Y78.338
G0 X38.046 Y79.5
G1 F480 X61.954 Y79.5 E0.65523
G1 X62.615 Y79.398 E0.01833
G1 X63.176 Y79.113 E0.01725
G1 X63.611 Y78.675 E0.01692
G1 X63.897 Y78.114 E0.01726
G1 X64 Y77.453 E0.01833
G1 X64 Y22.54 E1.50496
G1 X63.897 Y21.88 E0.01831
G1 X63.774 Y21.585 E0.00876
G1 X63.411 Y21.086 E0.01691
G1 X62.91 Y20.721 E0.01699
G1 X62.313 Y20.528 E0.0172
G1 X61.939 Y20.501 E0.01028
G1 X38.042 Y20.5 E0.65493
G1 X37.38 Y20.598 E0.01834
G1 X37.089 Y20.72 E0.00865
G1 X36.586 Y21.086 E0.01705
G1 X36.22 Y21.589 E0.01705
G1 X36.098 Y21.88 E0.00865
G1 X36 Y22.542 E0.01834
G1 X36 Y77.464 E1.50521
G1 X36.098 Y78.115 E0.01804
G1 X36.385 Y78.675 E0.01725
G1 X36.823 Y79.113 E0.01698
G1 X37.38 Y79.396 E0.01712
G1 X38.046 Y79.5 E0.01847
G0 F1320 X37.162 Y78.338
G0 X35.937 Y22.178
G0 X35.631 Y22.125
G1 F480 X35.6 Y22.527 E0.01105
G1 X35.6 Y77.48 E1.50606
G1 X35.631 Y77.871 E0.01075
G1 X35.717 Y78.238 E0.01033
G1 X35.864 Y78.59 E0.01045
G1 X36.06 Y78.91 E0.01028
G1 X36.302 Y79.194 E0.01023
G1 X36.587 Y79.437 E0.01026
G1 X36.903 Y79.631 E0.01016
G1 X37.257 Y79.778 E0.01051
G1 X37.627 Y79.865 E0.01042
G1 X38.03 Y79.9 E0.01109
G1 X61.97 Y79.9 E0.65611
G1 X62.373 Y79.866 E0.01108
G1 X62.738 Y79.779 E0.01028
G1 X63.095 Y79.631 E0.01059
G1 X63.413 Y79.437 E0.01021
G1 X63.693 Y79.195 E0.01014
G1 X63.936 Y78.91 E0.01026
G1 X64.131 Y78.59 E0.01027
G1 X64.279 Y78.238 E0.01047
G1 X64.366 Y77.869 E0.01039
G1 X64.4 Y77.47 E0.01097
G1 X64.4 Y22.522 E1.50592
G1 X64.366 Y22.127 E0.01087
G1 X64.279 Y21.757 E0.01042
G1 X64.132 Y21.402 E0.01053
G1 X63.937 Y21.087 E0.01015
G1 X63.694 Y20.802 E0.01026
G1 X63.413 Y20.562 E0.01013
G1 X63.093 Y20.364 E0.01031
G1 X62.738 Y20.217 E0.01053
G1 X62.375 Y20.131 E0.01022
G1 X61.973 Y20.101 E0.01105
G1 X38.027 Y20.1 E0.65627
G1 X37.625 Y20.131 E0.01105
G1 X37.257 Y20.217 E0.01036
G1 X36.905 Y20.364 E0.01045
G1 X36.302 Y20.802 E0.02043
G1 X35.864 Y21.405 E0.02043
G1 X35.717 Y21.757 E0.01045
G1 X35.631 Y22.125 E0.01036
G0 F1320 X35.937 Y22.178
G0 X37.162 Y21.662
G0 X62.383 Y21.575
G1 F480 X62.761 Y21.849 E0.01279
G1 X62.924 Y22.116 E0.00857
G1 X62.998 Y22.413 E0.00839
G1 X62.998 Y77.586 E1.51209
G1 X62.952 Y77.809 E0.00624
G1 X62.762 Y78.15 E0.0107
G1 X62.46 Y78.39 E0.01057
G1 X62.086 Y78.497 E0.01066
G1 X37.916 Y78.497 E0.66241
G1 X37.54 Y78.389 E0.01072
G1 X37.35 Y78.261 E0.00628
G1 X37.146 Y78.022 E0.00861
G1 X37.003 Y77.674 E0.01031
G1 X37.002 Y22.424 E1.5142
G1 X37.05 Y22.188 E0.0066
G1 X37.152 Y21.969 E0.00662
G1 X37.292 Y21.792 E0.00618
G1 X37.616 Y21.576 E0.01067
G1 X37.923 Y21.502 E0.00865
G1 X62.076 Y21.502 E0.66195
G1 X62.383 Y21.575 E0.00865
G0 F1320 X37.162 Y21.662
G0 X37.09 Y77.854
G0 X37.514 Y77.854
G1 F480 X37.4 Y77.569 E0.00841
G1 X37.401 Y22.454 E1.5105
G1 X37.445 Y22.27 E0.00518
G1 X37.575 Y22.075 E0.00642
G1 X37.769 Y21.945 E0.0064
G1 X37.954 Y21.901 E0.00521
G1 X62.046 Y21.901 E0.66027
G1 X62.317 Y21.99 E0.00782
G1 X62.457 Y22.109 E0.00504
G1 X62.555 Y22.27 E0.00517
G1 X62.599 Y22.448 E0.00503
G1 X62.599 Y77.552 E1.5102
G1 X62.513 Y77.813 E0.00753
G1 X62.424 Y77.926 E0.00394
G1 X62.231 Y78.055 E0.00636
G1 X62.052 Y78.098 E0.00505
G1 X37.904 Y78.1 E0.66181
G1 X37.724 Y78.034 E0.00525
G1 X37.514 Y77.854 E0.00758
G0 F1320 X37.09 Y77.854
G0 X37.162 Y21.662
G0 X37.8 Y22.432
M204 P150
;TYPE:WALL-OUTER
G1 F480 X37.893 Y22.33 E0.00375
G1 X37.984 Y22.3 E0.0026
G1 X62.016 Y22.3 E0.65223
G1 X62.153 Y22.369 E0.00416
G1 X62.2 Y22.482 E0.00332
G1 X62.2 Y77.57 E1.4951
G1 X62.105 Y77.671 E0.00376
G1 X62.018 Y77.7 E0.00249
G1 X37.983 Y77.7 E0.65232
G1 X37.87 Y77.653 E0.00332
G1 X37.8 Y77.516 E0.00418
G1 X37.8 Y22.432 E1.49499
G0 F1320 X37.893 Y22.33
G0 X37.951 Y22.311
G0 X37.951 Y21.59
G0 X37.35 Y20.516
G0 X37.134 Y19.835
G1 F480 X36.721 Y20.007 E0.01214
G1 X36.351 Y20.239 E0.01185
G1 X36.018 Y20.518 E0.01179
G1 X35.739 Y20.851 E0.01179
G1 X35.507 Y21.221 E0.01185
G1 X35.335 Y21.634 E0.01214
G1 X35.235 Y22.063 E0.01196
G1 X35.2 Y22.512 E0.01222
G1 X35.2 Y77.496 E1.49228
G1 X35.235 Y77.933 E0.0119
G1 X35.335 Y78.362 E0.01196
G1 X35.507 Y78.772 E0.01207
G1 X35.735 Y79.146 E0.01189
G1 X36.018 Y79.478 E0.01184
G1 X36.351 Y79.761 E0.01186
G1 X36.72 Y79.989 E0.01177
G1 X37.134 Y80.16 E0.01216
G1 X37.564 Y80.261 E0.01199
G1 X38.013 Y80.3 E0.01223
G1 X61.987 Y80.3 E0.65066
G1 X62.436 Y80.262 E0.01223
G1 X62.862 Y80.161 E0.01188
G1 X63.277 Y79.989 E0.01219
G1 X63.649 Y79.761 E0.01184
G1 X63.977 Y79.478 E0.01176
G1 X64.261 Y79.146 E0.01186
G1 X64.489 Y78.772 E0.01189
G1 X64.661 Y78.362 E0.01207
G1 X64.762 Y77.932 E0.01199
G1 X64.8 Y77.487 E0.01212
G1 X64.8 Y22.505 E1.49223
G1 X64.762 Y22.064 E0.01201
G1 X64.661 Y21.634 E0.01199
G1 X64.489 Y21.22 E0.01217
G1 X64.261 Y20.851 E0.01177
G1 X63.978 Y20.518 E0.01186
G1 X63.649 Y20.238 E0.01173
G1 X63.276 Y20.007 E0.01191
G1 X62.862 Y19.835 E0.01217
G1 X62.437 Y19.735 E0.01185
G1 X61.988 Y19.701 E0.01222
G1 X38.012 Y19.7 E0.65072
G1 X37.563 Y19.735 E0.01222
G1 X37.134 Y19.835 E0.01196
G0 F1320 X36.95 Y19.911
G0 X37.335 Y20.847
;MESH:NONMESH
G0 F600 X37.335 Y20.847 Z2.76
G0 F1320 X37.002 Y22.424
;TIME_ELAPSED:8044.815279
;LAYER:16
M204 P200
;TYPE:WALL-INNER
;MESH:flasherBot.STL
G1 F480 X37.05 Y22.188 E0.0066
G1 X37.152 Y21.969 E0.00662
G1 X37.292 Y21.792 E0.00618
G1 X37.616 Y21.576 E0.01067
G1 X37.923 Y21.502 E0.00865
G1 X62.076 Y21.502 E0.66195
G1 X62.383 Y21.575 E0.00865
G1 X62.761 Y21.849 E0.01279
G1 X62.924 Y22.116 E0.00857
G1 X62.998 Y22.413 E0.00839
G1 X62.998 Y77.586 E1.51209
G1 X62.952 Y77.809 E0.00624
G1 X62.762 Y78.15 E0.0107
G1 X62.46 Y78.39 E0.01057
G1 X62.086 Y78.497 E0.01066
G1 X37.916 Y78.497 E0.66241
G1 X37.54 Y78.389 E0.01072
G1 X37.35 Y78.261 E0.00628
G1 X37.146 Y78.022 E0.00861
G1 X37.003 Y77.674 E0.01031
G1 X37.002 Y22.424 E1.5142
G0 F1320 X37.162 Y78.338
G0 X37.724 Y78.034
G1 F480 X37.514 Y77.854 E0.00758
G1 X37.4 Y77.569 E0.00841
G1 X37.401 Y22.454 E1.5105
G1 X37.445 Y22.27 E0.00518
G1 X37.575 Y22.075 E0.00642
G1 X37.769 Y21.945 E0.0064
G1 X37.954 Y21.901 E0.00521
G1 X62.046 Y21.901 E0.66027
G1 X62.317 Y21.99 E0.00782
G1 X62.457 Y22.109 E0.00504
G1 X62.555 Y22.27 E0.00517
G1 X62.599 Y22.448 E0.00503
G1 X62.599 Y77.552 E1.5102
G1 X62.513 Y77.813 E0.00753
G1 X62.424 Y77.926 E0.00394
G1 X62.231 Y78.055 E0.00636
G1 X62.052 Y78.098 E0.00505
G1 X37.904 Y78.1 E0.66181
G1 X37.724 Y78.034 E0.00525
G0 F1320 X37.724 Y78.41
G0 X62.838 Y78.338
G0 X63.424 Y77.961
G1 F322.1 X63.5 Y77.432 E0.02182
G1 F320 X63.5 Y22.561 E2.25572
G1 F321.6 X63.478 Y22.269 E0.01198
G1 F322.7 X63.33 Y21.812 E0.01958
G1 F322.1 X63.058 Y21.439 E0.01885
G1 F321.6 X62.682 Y21.166 E0.01901
G1 X62.172 Y21 E0.02194
G1 F322.1 X38 Y21.002 E0.98707
G1 F321.1 X37.533 Y21.075 E0.01937
G1 F320.5 X37.318 Y21.165 E0.00957
G1 F321.1 X36.94 Y21.44 E0.01915
G1 X36.665 Y21.818 E0.01915
G1 X36.5 Y22.327 E0.02192
G1 F320.5 X36.5 Y77.445 E2.2621
G1 X36.574 Y77.961 E0.02139
G1 F321.6 X36.789 Y78.382 E0.01934
G1 F322.1 X37.117 Y78.71 E0.01894
G1 F322.7 X37.533 Y78.922 E0.01903
G1 F321.6 X38.067 Y79 E0.02207
G1 F321.1 X62.163 Y79 E0.98727
G1 F323.2 X62.688 Y78.83 E0.02246
G1 F323.8 X62.883 Y78.71 E0.0093
G1 F323.2 X63.208 Y78.383 E0.01876
G1 F323.8 X63.424 Y77.961 E0.01926
G0 F1320 X36.823 Y79.113
G1 F480 X37.38 Y79.396 E0.01712
G1 X38.046 Y79.5 E0.01847
G1 X61.954 Y79.5 E0.65523
G1 X62.615 Y79.398 E0.01833
G1 X63.176 Y79.113 E0.01725
G1 X63.611 Y78.675 E0.01692
G1 X63.897 Y78.114 E0.01726
G1 X64 Y77.453 E0.01833
G1 X64 Y22.54 E1.50496
G1 X63.897 Y21.88 E0.01831
G1 X63.774 Y21.585 E0.00876
G1 X63.411 Y21.086 E0.01691
G1 X62.91 Y20.721 E0.01699
G1 X62.313 Y20.528 E0.0172
G1 X61.939 Y20.501 E0.01028
G1 X38.042 Y20.5 E0.65493
G1 X37.38 Y20.598 E0.01834
G1 X37.089 Y20.72 E0.00865
G1 X36.586 Y21.086 E0.01705
G1 X36.22 Y21.589 E0.01705
G1 X36.098 Y21.88 E0.00865
G1 X36 Y22.542 E0.01834
G1 X36 Y77.464 E1.50521
G1 X36.098 Y78.115 E0.01804
G1 X36.385 Y78.675 E0.01725
G1 X36.823 Y79.113 E0.01698
G0 F1320 X37.162 Y21.662
G0 X37.678 Y20.437
G0 X37.625 Y20.131
G1 F480 X37.257 Y20.217 E0.01036
G1 X36.905 Y20.364 E0.01045
G1 X36.302 Y20.802 E0.02043
G1 X35.864 Y21.405 E0.02043
G1 X35.717 Y21.757 E0.01045
G1 X35.631 Y22.125 E0.01036
G1 X35.6 Y22.527 E0.01105
G1 X35.6 Y77.48 E1.50606
G1 X35.631 Y77.871 E0.01075
G1 X35.717 Y78.238 E0.01033
G1 X35.864 Y78.59 E0.01045
G1 X36.06 Y78.91 E0.01028
G1 X36.302 Y79.194 E0.01023
G1 X36.587 Y79.437 E0.01026
G1 X36.903 Y79.631 E0.01016
G1 X37.257 Y79.778 E0.01051
G1 X37.627 Y79.865 E0.01042
G1 X38.03 Y79.9 E0.01109
G1 X61.97 Y79.9 E0.65611
G1 X62.373 Y79.866 E0.01108
G1 X62.738 Y79.779 E0.01028
G1 X63.095 Y79.631 E0.01059
G1 X63.413 Y79.437 E0.01021
G1 X63.693 Y79.195 E0.01014
G1 X63.936 Y78.91 E0.01026
G1 X64.131 Y78.59 E0.01027
G1 X64.279 Y78.238 E0.01047
G1 X64.366 Y77.869 E0.01039
G1 X64.4 Y77.47 E0.01097
G1 X64.4 Y22.522 E1.50592
G1 X64.366 Y22.127 E0.01087
G1 X64.279 Y21.757 E0.01042
G1 X64.132 Y21.402 E0.01053
G1 X63.937 Y21.087 E0.01015
G1 X63.694 Y20.802 E0.01026
G1 X63.413 Y20.562 E0.01013
G1 X63.093 Y20.364 E0.01031
G1 X62.738 Y20.217 E0.01053
G1 X62.375 Y20.131 E0.01022
G1 X61.973 Y20.101 E0.01105
G1 X38.027 Y20.1 E0.65627
G1 X37.625 Y20.131 E0.01105
G0 F1320 X37.677 Y20.438
G0 X36.139 Y21.553
G0 X35.507 Y21.221
M204 P150
;TYPE:WALL-OUTER
G1 F480 X35.335 Y21.634 E0.01214
G1 X35.235 Y22.063 E0.01196
G1 X35.2 Y22.512 E0.01222
G1 X35.2 Y77.496 E1.49228
G1 X35.235 Y77.933 E0.0119
G1 X35.335 Y78.362 E0.01196
G1 X35.507 Y78.772 E0.01207
G1 X35.735 Y79.146 E0.01189
G1 X36.018 Y79.478 E0.01184
G1 X36.351 Y79.761 E0.01186
G1 X36.72 Y79.989 E0.01177
G1 X37.134 Y80.16 E0.01216
G1 X37.564 Y80.261 E0.01199
G1 X38.013 Y80.3 E0.01223
G1 X61.987 Y80.3 E0.65066
G1 X62.436 Y80.262 E0.01223
G1 X62.862 Y80.161 E0.01188
G1 X63.277 Y79.989 E0.01219
G1 X63.649 Y79.761 E0.01184
G1 X63.977 Y79.478 E0.01176
G1 X64.261 Y79.146 E0.01186
G1 X64.489 Y78.772 E0.01189
G1 X64.661 Y78.362 E0.01207
G1 X64.762 Y77.932 E0.01199
G1 X64.8 Y77.487 E0.01212
G1 X64.8 Y22.505 E1.49223
G1 X64.762 Y22.064 E0.01201
G1 X64.661 Y21.634 E0.01199
G1 X64.489 Y21.22 E0.01217
G1 X64.261 Y20.851 E0.01177
G1 X63.978 Y20.518 E0.01186
G1 X63.649 Y20.238 E0.01173
G1 X63.276 Y20.007 E0.01191
G1 X62.862 Y19.835 E0.01217
G1 X62.437 Y19.735 E0.01185
G1 X61.988 Y19.701 E0.01222
G1 X38.012 Y19.7 E0.65072
G1 X37.563 Y19.735 E0.01222
G1 X37.134 Y19.835 E0.01196
G1 X36.721 Y20.007 E0.01214
G1 X36.351 Y20.239 E0.01185
G1 X36.018 Y20.518 E0.01179
G1 X35.739 Y20.851 E0.01179
G1 X35.507 Y21.221 E0.01185
G0 F1320 X35.431 Y21.405
G0 X36.087 Y21.677
G0 X62.838 Y21.662
G0 X62.91 Y22.482
G0 X62.2 Y22.482
G1 F480 X62.2 Y77.57 E1.4951
G1 X62.105 Y77.671 E0.00376
G1 X62.018 Y77.7 E0.00249
G1 X37.983 Y77.7 E0.65232
G1 X37.87 Y77.653 E0.00332
G1 X37.8 Y77.516 E0.00418
G1 X37.8 Y22.432 E1.49499
G1 X37.893 Y22.33 E0.00375
G1 X37.984 Y22.3 E0.0026
G1 X62.016 Y22.3 E0.65223
G1 X62.153 Y22.369 E0.00416
G1 X62.2 Y22.482 E0.00332
G0 F1320 X62.2 Y22.682
G0 X63.21 Y22.682
;MESH:NONMESH
G0 F600 X63.21 Y22.682 Z2.92
G0 F1320 X62.838 Y78.338
G0 X37.162 Y78.338
G0 X37.146 Y78.022
;TIME_ELAPSED:8215.164461
;LAYER:17
M204 P200
;TYPE:WALL-INNER
;MESH:flasherBot.STL
G1 F480 X37.003 Y77.674 E0.01031
G1 X37.002 Y22.424 E1.5142
G1 X37.05 Y22.188 E0.0066
G1 X37.152 Y21.969 E0.00662
G1 X37.292 Y21.792 E0.00618
G1 X37.616 Y21.576 E0.01067
G1 X37.923 Y21.502 E0.00865
G1 X62.076 Y21.502 E0.66195
G1 X62.383 Y21.575 E0.00865
G1 X62.761 Y21.849 E0.01279
G1 X62.924 Y22.116 E0.00857
G1 X62.998 Y22.413 E0.00839
G1 X62.998 Y77.586 E1.51209
G1 X62.952 Y77.809 E0.00624
G1 X62.762 Y78.15 E0.0107
G1 X62.46 Y78.39 E0.01057
G1 X62.086 Y78.497 E0.01066
G1 X37.916 Y78.497 E0.66241
G1 X37.54 Y78.389 E0.01072
G1 X37.35 Y78.261 E0.00628
G1 X37.146 Y78.022 E0.00861
G0 F1320 X37.09 Y78.022
G0 X37.162 Y21.662
G0 X37.954 Y21.901
G1 F480 X62.046 Y21.901 E0.66027
G1 X62.317 Y21.99 E0.00782
G1 X62.457 Y22.109 E0.00504
G1 X62.555 Y22.27 E0.00517
G1 X62.599 Y22.448 E0.00503
G1 X62.599 Y77.552 E1.5102
G1 X62.513 Y77.813 E0.00753
G1 X62.424 Y77.926 E0.00394
G1 X62.231 Y78.055 E0.00636
G1 X62.052 Y78.098 E0.00505
G1 X37.904 Y78.1 E0.66181
G1 X37.724 Y78.034 E0.00525
G1 X37.514 Y77.854 E0.00758
G1 X37.4 Y77.569 E0.00841
G1 X37.401 Y22.454 E1.5105
G1 X37.445 Y22.27 E0.00518
G1 X37.575 Y22.075 E0.00642
G1 X37.769 Y21.945 E0.0064
G1 X37.954 Y21.901 E0.00521
G0 F1320 X37.954 Y21.59
G0 X62.838 Y21.662
G0 X62.838 Y78.338
G0 X62.688 Y78.83
G1 F323.8 X62.883 Y78.71 E0.0093
G1 F323.2 X63.208 Y78.383 E0.01876
G1 F323.8 X63.424 Y77.961 E0.01926
G1 F322.1 X63.5 Y77.432 E0.02182
G1 F320 X63.5 Y22.561 E2.25572
G1 F321.6 X63.478 Y22.269 E0.01198
G1 F322.7 X63.33 Y21.812 E0.01958
G1 F322.1 X63.058 Y21.439 E0.01885
G1 F321.6 X62.682 Y21.166 E0.01901
G1 X62.172 Y21 E0.02194
G1 F322.1 X38 Y21.002 E0.98707
G1 F321.1 X37.533 Y21.075 E0.01937
G1 F320.5 X37.318 Y21.165 E0.00957
G1 F321.1 X36.94 Y21.44 E0.01915
G1 X36.665 Y21.818 E0.01915
G1 X36.5 Y22.327 E0.02192
G1 F320.5 X36.5 Y77.445 E2.2621
G1 X36.574 Y77.961 E0.02139
G1 F321.6 X36.789 Y78.382 E0.01934
G1 F322.1 X37.117 Y78.71 E0.01894
G1 F322.7 X37.533 Y78.922 E0.01903
G1 F321.6 X38.067 Y79 E0.02207
G1 F321.1 X62.163 Y79 E0.98727
G1 F323.2 X62.688 Y78.83 E0.02246
G0 F1320 X63.897 Y21.88
G1 F480 X63.774 Y21.585 E0.00876
G1 X63.411 Y21.086 E0.01691
G1 X62.91 Y20.721 E0.01699
G1 X62.313 Y20.528 E0.0172
G1 X61.939 Y20.501 E0.01028
G1 X38.042 Y20.5 E0.65493
G1 X37.38 Y20.598 E0.01834
G1 X37.089 Y20.72 E0.00865
G1 X36.586 Y21.086 E0.01705
G1 X36.22 Y21.589 E0.01705
G1 X36.098 Y21.88 E0.00865
G1 X36 Y22.542 E0.01834
G1 X36 Y77.464 E1.50521
G1 X36.098 Y78.115 E0.01804
G1 X36.385 Y78.675 E0.01725
G1 X36.823 Y79.113 E0.01698
G1 X37.38 Y79.396 E0.01712
G1 X38.046 Y79.5 E0.01847
G1 X61.954 Y79.5 E0.65523
G1 X62.615 Y79.398 E0.01833
G1 X63.176 Y79.113 E0.01725
G1 X63.611 Y78.675 E0.01692
G1 X63.897 Y78.114 E0.01726
G1 X64 Y77.453 E0.01833
G1 X64 Y22.54 E1.50496
G1 X63.897 Y21.88 E0.01831
G0 F1320 X62.322 Y20.437
G0 X62.375 Y20.131
G1 F480 X61.973 Y20.101 E0.01105
G1 X38.027 Y20.1 E0.65627
G1 X37.625 Y20.131 E0.01105
G1 X37.257 Y20.217 E0.01036
G1 X36.905 Y20.364 E0.01045
G1 X36.302 Y20.802 E0.02043
G1 X35.864 Y21.405 E0.02043
G1 X35.717 Y21.757 E0.01045
G1 X35.631 Y22.125 E0.01036
G1 X35.6 Y22.527 E0.01105
G1 X35.6 Y77.48 E1.50606
G1 X35.631 Y77.871 E0.01075
G1 X35.717 Y78.238 E0.01033
G1 X35.864 Y78.59 E0.01045
G1 X36.06 Y78.91 E0.01028
G1 X36.302 Y79.194 E0.01023
G1 X36.587 Y79.437 E0.01026
G1 X36.903 Y79.631 E0.01016
G1 X37.257 Y79.778 E0.01051
G1 X37.627 Y79.865 E0.01042
G1 X38.03 Y79.9 E0.01109
G1 X61.97 Y79.9 E0.65611
G1 X62.373 Y79.866 E0.01108
G1 X62.738 Y79.779 E0.01028
G1 X63.095 Y79.631 E0.01059
G1 X63.413 Y79.437 E0.01021
G1 X63.693 Y79.195 E0.01014
G1 X63.936 Y78.91 E0.01026
G1 X64.131 Y78.59 E0.01027
G1 X64.279 Y78.238 E0.01047
G1 X64.366 Y77.869 E0.01039
G1 X64.4 Y77.47 E0.01097
G1 X64.4 Y22.522 E1.50592
G1 X64.366 Y22.127 E0.01087
G1 X64.279 Y21.757 E0.01042
G1 X64.132 Y21.402 E0.01053
G1 X63.937 Y21.087 E0.01015
G1 X63.694 Y20.802 E0.01026
G1 X63.413 Y20.562 E0.01013
G1 X63.093 Y20.364 E0.01031
G1 X62.738 Y20.217 E0.01053
G1 X62.375 Y20.131 E0.01022
G0 F1320 X62.322 Y20.437
G0 X37.802 Y21.59
G0 X37.802 Y22.468
M204 P150
;TYPE:WALL-OUTER
G1 F480 X37.893 Y22.33 E0.00449
G1 X37.984 Y22.3 E0.0026
G1 X62.016 Y22.3 E0.65223
G1 X62.153 Y22.369 E0.00416
G1 X62.2 Y22.482 E0.00332
G1 X62.2 Y77.57 E1.4951
G1 X62.105 Y77.671 E0.00376
G1 X62.018 Y77.7 E0.00249
G1 X37.983 Y77.7 E0.65232
G1 X37.87 Y77.653 E0.00332
G1 X37.8 Y77.516 E0.00418
G1 X37.802 Y22.468 E1.49402
G0 F1320 X37.893 Y22.33
G0 X37.926 Y22.32
G0 X37.926 Y21.59
G0 X35.937 Y22.178
G0 X35.235 Y22.063
G1 F480 X35.2 Y22.512 E0.01222
G1 X35.2 Y77.496 E1.49228
G1 X35.235 Y77.933 E0.0119
G1 X35.335 Y78.362 E0.01196
G1 X35.507 Y78.772 E0.01207
G1 X35.735 Y79.146 E0.01189
G1 X36.018 Y79.478 E0.01184
G1 X36.351 Y79.761 E0.01186
G1 X36.72 Y79.989 E0.01177
G1 X37.134 Y80.16 E0.01216
G1 X37.564 Y80.261 E0.01199
G1 X38.013 Y80.3 E0.01223
G1 X61.987 Y80.3 E0.65066
G1 X62.436 Y80.262 E0.01223
G1 X62.862 Y80.161 E0.01188
G1 X63.277 Y79.989 E0.01219
G1 X63.649 Y79.761 E0.01184
G1 X63.977 Y79.478 E0.01176
G1 X64.261 Y79.146 E0.01186
G1 X64.489 Y78.772 E0.01189
G1 X64.661 Y78.362 E0.01207
G1 X64.762 Y77.932 E0.01199
G1 X64.8 Y77.487 E0.01212
G1 X64.8 Y22.505 E1.49223
G1 X64.762 Y22.064 E0.01201
G1 X64.661 Y21.634 E0.01199
G1 X64.489 Y21.22 E0.01217
G1 X64.261 Y20.851 E0.01177
G1 X63.978 Y20.518 E0.01186
G1 X63.649 Y20.238 E0.01173
G1 X63.276 Y20.007 E0.01191
G1 X62.862 Y19.835 E0.01217
G1 X62.437 Y19.735 E0.01185
G1 X61.988 Y19.701 E0.01222
G1 X38.012 Y19.7 E0.65072
G1 X37.563 Y19.735 E0.01222
G1 X37.134 Y19.835 E0.01196
G1 X36.721 Y20.007 E0.01214
G1 X36.351 Y20.239 E0.01185
G1 X36.018 Y20.518 E0.01179
G1 X35.739 Y20.851 E0.01179
G1 X35.507 Y21.221 E0.01185
G1 X35.335 Y21.634 E0.01214
G1 X35.235 Y22.063 E0.01196
G0 F1320 X35.22 Y22.262
G0 X36.225 Y22.342
;MESH:NONMESH
G0 F600 X36.225 Y22.342 Z3.08
G0 F1320 X37.162 Y21.662
G0 X62.838 Y21.662
G0 X63.5 Y22.561
;TIME_ELAPSED:8384.341108
;LAYER:18
M204 P200
;TYPE:WALL-INNER
;MESH:flasherBot.STL
G1 F321.6 X63.478 Y22.269 E0.01198
G1 F322.7 X63.33 Y21.812 E0.01958
G1 F322.1 X63.058 Y21.439 E0.01885
G1 F321.6 X62.682 Y21.166 E0.01901
G1 X62.172 Y21 E0.02194
G1 F322.1 X38 Y21.002 E0.98707
G1 F321.1 X37.533 Y21.075 E0.01937
G1 F320.5 X37.318 Y21.165 E0.00957
G1 F321.1 X36.94 Y21.44 E0.01915
G1 X36.665 Y21.818 E0.01915
G1 X36.5 Y22.327 E0.02192
G1 F320.5 X36.5 Y77.445 E2.2621
G1 X36.574 Y77.961 E0.02139
G1 F321.6 X36.789 Y78.382 E0.01934
G1 F322.1 X37.117 Y78.71 E0.01894
G1 F322.7 X37.533 Y78.922 E0.01903
G1 F321.6 X38.067 Y79 E0.02207
G1 F321.1 X62.163 Y79 E0.98727
G1 F323.2 X62.688 Y78.83 E0.02246
G1 F323.8 X62.883 Y78.71 E0.0093
G1 F323.2 X63.208 Y78.383 E0.01876
G1 F323.8 X63.424 Y77.961 E0.01926
G1 F322.1 X63.5 Y77.432 E0.02182
G1 F320 X63.5 Y22.561 E2.25572
G0 F1320 X64 Y22.54
G1 F480 X63.897 Y21.88 E0.01831
G1 X63.774 Y21.585 E0.00876
G1 X63.411 Y21.086 E0.01691
G1 X62.91 Y20.721 E0.01699
G1 X62.313 Y20.528 E0.0172
G1 X61.939 Y20.501 E0.01028
G1 X38.042 Y20.5 E0.65493
G1 X37.38 Y20.598 E0.01834
G1 X37.089 Y20.72 E0.00865
G1 X36.586 Y21.086 E0.01705
G1 X36.22 Y21.589 E0.01705
G1 X36.098 Y21.88 E0.00865
G1 X36 Y22.542 E0.01834
G1 X36 Y77.464 E1.50521
G1 X36.098 Y78.115 E0.01804
G1 X36.385 Y78.675 E0.01725
G1 X36.823 Y79.113 E0.01698
G1 X37.38 Y79.396 E0.01712
G1 X38.046 Y79.5 E0.01847
G1 X61.954 Y79.5 E0.65523
G1 X62.615 Y79.398 E0.01833
G1 X63.176 Y79.113 E0.01725
G1 X63.611 Y78.675 E0.01692
G1 X63.897 Y78.114 E0.01726
G1 X64 Y77.453 E0.01833
G1 X64 Y22.54 E1.50496
G0 F1320 X62.838 Y21.662
G0 X37.162 Y21.662
G0 X35.91 Y22.527
G0 X35.6 Y22.527
G1 F480 X35.6 Y77.48 E1.50606
G1 X35.631 Y77.871 E0.01075
G1 X35.717 Y78.238 E0.01033
G1 X35.864 Y78.59 E0.01045
G1 X36.06 Y78.91 E0.01028
G1 X36.302 Y79.194 E0.01023
G1 X36.587 Y79.437 E0.01026
G1 X36.903 Y79.631 E0.01016
G1 X37.257 Y79.778 E0.01051
G1 X37.627 Y79.865 E0.01042
G1 X38.03 Y79.9 E0.01109
G1 X61.97 Y79.9 E0.65611
G1 X62.373 Y79.866 E0.01108
G1 X62.738 Y79.779 E0.01028
G1 X63.095 Y79.631 E0.01059
G1 X63.413 Y79.437 E0.01021
G1 X63.693 Y79.195 E0.01014
G1 X63.936 Y78.91 E0.01026
G1 X64.131 Y78.59 E0.01027
G1 X64.279 Y78.238 E0.01047
G1 X64.366 Y77.869 E0.01039
G1 X64.4 Y77.47 E0.01097
G1 X64.4 Y22.522 E1.50592
G1 X64.366 Y22.127 E0.01087
G1 X64.279 Y21.757 E0.01042
G1 X64.132 Y21.402 E0.01053
G1 X63.937 Y21.087 E0.01015
G1 X63.694 Y20.802 E0.01026
G1 X63.413 Y20.562 E0.01013
G1 X63.093 Y20.364 E0.01031
G1 X62.738 Y20.217 E0.01053
G1 X62.375 Y20.131 E0.01022
G1 X61.973 Y20.101 E0.01105
G1 X38.027 Y20.1 E0.65627
G1 X37.625 Y20.131 E0.01105
G1 X37.257 Y20.217 E0.01036
G1 X36.905 Y20.364 E0.01045
G1 X36.302 Y20.802 E0.02043
G1 X35.864 Y21.405 E0.02043
G1 X35.717 Y21.757 E0.01045
G1 X35.631 Y22.125 E0.01036
G1 X35.6 Y22.527 E0.01105
G0 F1320 X35.91 Y22.527
G0 X37.162 Y78.338
G0 X62.086 Y78.497
G1 F480 X37.916 Y78.497 E0.66241
G1 X37.54 Y78.389 E0.01072
G1 X37.35 Y78.261 E0.00628
G1 X37.146 Y78.022 E0.00861
G1 X37.003 Y77.674 E0.01031
G1 X37.002 Y22.424 E1.5142
G1 X37.05 Y22.188 E0.0066
G1 X37.152 Y21.969 E0.00662
G1 X37.292 Y21.792 E0.00618
G1 X37.616 Y21.576 E0.01067
G1 X37.923 Y21.502 E0.00865
G1 X62.076 Y21.502 E0.66195
G1 X62.383 Y21.575 E0.00865
G1 X62.761 Y21.849 E0.01279
G1 X62.924 Y22.116 E0.00857
G1 X62.998 Y22.413 E0.00839
G1 X62.998 Y77.586 E1.51209
G1 X62.952 Y77.809 E0.00624
G1 X62.762 Y78.15 E0.0107
G1 X62.46 Y78.39 E0.01057
G1 X62.086 Y78.497 E0.01066
G0 F1320 X62.838 Y21.662
G0 X62.046 Y21.901
G1 F480 X62.317 Y21.99 E0.00782
G1 X62.457 Y22.109 E0.00504
G1 X62.555 Y22.27 E0.00517
G1 X62.599 Y22.448 E0.00503
G1 X62.599 Y77.552 E1.5102
G1 X62.513 Y77.813 E0.00753
G1 X62.424 Y77.926 E0.00394
G1 X62.231 Y78.055 E0.00636
G1 X62.052 Y78.098 E0.00505
G1 X37.904 Y78.1 E0.66181
G1 X37.724 Y78.034 E0.00525
G1 X37.514 Y77.854 E0.00758
G1 X37.4 Y77.569 E0.00841
G1 X37.401 Y22.454 E1.5105
G1 X37.445 Y22.27 E0.00518
G1 X37.575 Y22.075 E0.00642
G1 X37.769 Y21.945 E0.0064
G1 X37.954 Y21.901 E0.00521
G1 X62.046 Y21.901 E0.66027
G0 F1320 X62.046 Y21.59
G0 X62.91 Y77.57
G0 X62.2 Y77.57
M204 P150
;TYPE:WALL-OUTER
G1 F480 X62.105 Y77.671 E0.00376
G1 X62.018 Y77.7 E0.00249
G1 X37.983 Y77.7 E0.65232
G1 X37.87 Y77.653 E0.00332
G1 X37.8 Y77.516 E0.00418
G1 X37.8 Y22.432 E1.49499
G1 X37.893 Y22.33 E0.00375
G1 X37.984 Y22.3 E0.0026
G1 X62.016 Y22.3 E0.65223
G1 X62.153 Y22.369 E0.00416
G1 X62.2 Y22.482 E0.00332
G1 X62.2 Y77.57 E1.4951
G0 F1320 X62.105 Y77.671
G0 X62.048 Y77.69
G0 X62.048 Y78.41
G0 X63.226 Y79.191
G0 X63.649 Y79.761
G1 F480 X63.977 Y79.478 E0.01176
G1 X64.261 Y79.146 E0.01186
G1 X64.489 Y78.772 E0.01189
G1 X64.661 Y78.362 E0.01207
G1 X64.762 Y77.932 E0.01199
G1 X64.8 Y77.487 E0.01212
G1 X64.8 Y22.505 E1.49223
G1 X64.762 Y22.064 E0.01201
G1 X64.661 Y21.634 E0.01199
G1 X64.489 Y21.22 E0.01217
G1 X64.261 Y20.851 E0.01177
G1 X63.978 Y20.518 E0.01186
G1 X63.649 Y20.238 E0.01173
G1 X63.276 Y20.007 E0.01191
G1 X62.862 Y19.835 E0.01217
G1 X62.437 Y19.735 E0.01185
G1 X61.988 Y19.701 E0.01222
G1 X38.012 Y19.7 E0.65072
G1 X37.563 Y19.735 E0.01222
G1 X37.134 Y19.835 E0.01196
G1 X36.721 Y20.007 E0.01214
G1 X36.351 Y20.239 E0.01185
G1 X36.018 Y20.518 E0.01179
G1 X35.739 Y20.851 E0.01179
G1 X35.507 Y21.221 E0.01185
G1 X35.335 Y21.634 E0.01214
G1 X35.235 Y22.063 E0.01196
G1 X35.2 Y22.512 E0.01222
G1 X35.2 Y77.496 E1.49228
G1 X35.235 Y77.933 E0.0119
G1 X35.335 Y78.362 E0.01196
G1 X35.507 Y78.772 E0.01207
G1 X35.735 Y79.146 E0.01189
G1 X36.018 Y79.478 E0.01184
G1 X36.351 Y79.761 E0.01186
G1 X36.72 Y79.989 E0.01177
G1 X37.134 Y80.16 E0.01216
G1 X37.564 Y80.261 E0.01199
G1 X38.013 Y80.3 E0.01223
G1 X61.987 Y80.3 E0.65066
G1 X62.436 Y80.262 E0.01223
G1 X62.862 Y80.161 E0.01188
G1 X63.277 Y79.989 E0.01219
G1 X63.649 Y79.761 E0.01184
G0 F1320 X63.8 Y79.631
G0 X63.145 Y78.864
;MESH:NONMESH
G0 F600 X63.145 Y78.864 Z3.24
G0 F1320 X37.162 Y78.338
G0 X37.002 Y22.424
;TIME_ELAPSED:8555.942445
;LAYER:19
M204 P200
;TYPE:WALL-INNER
;MESH:flasherBot.STL
G1 F480 X37.05 Y22.188 E0.0066
G1 X37.152 Y21.969 E0.00662
G1 X37.292 Y21.792 E0.00618
G1 X37.616 Y21.576 E0.01067
G1 X37.923 Y21.502 E0.00865
G1 X62.076 Y21.502 E0.66195
G1 X62.383 Y21.575 E0.00865
G1 X62.761 Y21.849 E0.01279
G1 X62.924 Y22.116 E0.00857
G1 X62.998 Y22.413 E0.00839
G1 X62.998 Y77.586 E1.51209
G1 X62.952 Y77.809 E0.00624
G1 X62.762 Y78.15 E0.0107
G1 X62.46 Y78.39 E0.01057
G1 X62.086 Y78.497 E0.01066
G1 X37.916 Y78.497 E0.66241
G1 X37.54 Y78.389 E0.01072
G1 X37.35 Y78.261 E0.00628
G1 X37.146 Y78.022 E0.00861
G1 X37.003 Y77.674 E0.01031
G1 X37.002 Y22.424 E1.5142
G0 F1320 X37.769 Y21.945
G1 F480 X37.954 Y21.901 E0.00521
G1 X62.046 Y21.901 E0.66027
G1 X62.317 Y21.99 E0.00782
G1 X62.457 Y22.109 E0.00504
G1 X62.555 Y22.27 E0.00517
G1 X62.599 Y22.448 E0.00503
G1 X62.599 Y77.552 E1.5102
G1 X62.513 Y77.813 E0.00753
G1 X62.424 Y77.926 E0.00394
G1 X62.231 Y78.055 E0.00636
G1 X62.052 Y78.098 E0.00505
G1 X37.904 Y78.1 E0.66181
G1 X37.724 Y78.034 E0.00525
G1 X37.514 Y77.854 E0.00758
G1 X37.4 Y77.569 E0.00841
G1 X37.401 Y22.454 E1.5105
G1 X37.445 Y22.27 E0.00518
G1 X37.575 Y22.075 E0.00642
G1 X37.769 Y21.945 E0.0064
G0 F1320 X37.769 Y21.59
G0 X62.838 Y21.662
G0 X62.883 Y78.71
G1 F323.2 X63.208 Y78.383 E0.01876
G1 F323.8 X63.424 Y77.961 E0.01926
G1 F322.1 X63.5 Y77.432 E0.02182
G1 F320 X63.5 Y22.561 E2.25572
G1 F321.6 X63.478 Y22.269 E0.01198
G1 F322.7 X63.33 Y21.812 E0.01958
G1 F322.1 X63.058 Y21.439 E0.01885
G1 F321.6 X62.682 Y21.166 E0.01901
G1 X62.172 Y21 E0.02194
G1 F322.1 X38 Y21.002 E0.98707
G1 F321.1 X37.533 Y21.075 E0.01937
G1 F320.5 X37.318 Y21.165 E0.00957
G1 F321.1 X36.94 Y21.44 E0.01915
G1 X36.665 Y21.818 E0.01915
G1 X36.5 Y22.327 E0.02192
G1 F320.5 X36.5 Y77.445 E2.2621
G1 X36.574 Y77.961 E0.02139
G1 F321.6 X36.789 Y78.382 E0.01934
G1 F322.1 X37.117 Y78.71 E0.01894
G1 F322.7 X37.533 Y78.922 E0.01903
G1 F321.6 X38.067 Y79 E0.02207
G1 F321.1 X62.163 Y79 E0.98727
G1 F323.2 X62.688 Y78.83 E0.02246
G1 F323.8 X62.883 Y78.71 E0.0093
G0 F1320 X62.838 Y21.662
G0 X37.38 Y20.598
G1 F480 X37.089 Y20.72 E0.00865
G1 X36.586 Y21.086 E0.01705
G1 X36.22 Y21.589 E0.01705
G1 X36.098 Y21.88 E0.00865
G1 X36 Y22.542 E0.01834
G1 X36 Y77.464 E1.50521
G1 X36.098 Y78.115 E0.01804
G1 X36.385 Y78.675 E0.01725
G1 X36.823 Y79.113 E0.01698
G1 X37.38 Y79.396 E0.01712
G1 X38.046 Y79.5 E0.01847
G1 X61.954 Y79.5 E0.65523
G1 X62.615 Y79.398 E0.01833
G1 X63.176 Y79.113 E0.01725
G1 X63.611 Y78.675 E0.01692
G1 X63.897 Y78.114 E0.01726
G1 X64 Y77.453 E0.01833
G1 X64 Y22.54 E1.50496
G1 X63.897 Y21.88 E0.01831
G1 X63.774 Y21.585 E0.00876
G1 X63.411 Y21.086 E0.01691
G1 X62.91 Y20.721 E0.01699
G1 X62.313 Y20.528 E0.0172
G1 X61.939 Y20.501 E0.01028
G1 X38.042 Y20.5 E0.65493
G1 X37.38 Y20.598 E0.01834
G0 F1320 X62.838 Y21.662
G0 X63.691 Y78.726
G0 X63.936 Y78.91
G1 F480 X64.131 Y78.59 E0.01027
G1 X64.279 Y78.238 E0.01047
G1 X64.366 Y77.869 E0.01039
G1 X64.4 Y77.47 E0.01097
G1 X64.4 Y22.522 E1.50592
G1 X64.366 Y22.127 E0.01087
G1 X64.279 Y21.757 E0.01042
G1 X64.132 Y21.402 E0.01053
G1 X63.937 Y21.087 E0.01015
G1 X63.694 Y20.802 E0.01026
G1 X63.413 Y20.562 E0.01013
G1 X63.093 Y20.364 E0.01031
G1 X62.738 Y20.217 E0.01053
G1 X62.375 Y20.131 E0.01022
G1 X61.973 Y20.101 E0.01105
G1 X38.027 Y20.1 E0.65627
G1 X37.625 Y20.131 E0.01105
G1 X37.257 Y20.217 E0.01036
G1 X36.905 Y20.364 E0.01045
G1 X36.302 Y20.802 E0.02043
G1 X35.864 Y21.405 E0.02043
G1 X35.717 Y21.757 E0.01045
G1 X35.631 Y22.125 E0.01036
G1 X35.6 Y22.527 E0.01105
G1 X35.6 Y77.48 E1.50606
G1 X35.631 Y77.871 E0.01075
G1 X35.717 Y78.238 E0.01033
G1 X35.864 Y78.59 E0.01045
G1 X36.06 Y78.91 E0.01028
G1 X36.302 Y79.194 E0.01023
G1 X36.587 Y79.437 E0.01026
G1 X36.903 Y79.631 E0.01016
G1 X37.257 Y79.778 E0.01051
G1 X37.627 Y79.865 E0.01042
G1 X38.03 Y79.9 E0.01109
G1 X61.97 Y79.9 E0.65611
G1 X62.373 Y79.866 E0.01108
G1 X62.738 Y79.779 E0.01028
G1 X63.095 Y79.631 E0.01059
G1 X63.413 Y79.437 E0.01021
G1 X63.693 Y79.195 E0.01014
G1 X63.936 Y78.91 E0.01026
G0 F1320 X63.69 Y78.725
G0 X62.91 Y77.57
G0 X62.2 Y77.57
M204 P150
;TYPE:WALL-OUTER
G1 F480 X62.105 Y77.671 E0.00376
G1 X62.018 Y77.7 E0.00249
G1 X37.983 Y77.7 E0.65232
G1 X37.87 Y77.653 E0.00332
G1 X37.8 Y77.516 E0.00418
G1 X37.8 Y22.432 E1.49499
G1 X37.893 Y22.33 E0.00375
G1 X37.984 Y22.3 E0.0026
G1 X62.016 Y22.3 E0.65223
G1 X62.153 Y22.369 E0.00416
G1 X62.2 Y22.482 E0.00332
G1 X62.2 Y77.57 E1.4951
G0 F1320 X62.105 Y77.671
G0 X62.048 Y77.69
G0 X62.048 Y78.41
G0 X37.162 Y78.338
G0 X35.937 Y77.822
G0 X35.235 Y77.933
G1 F480 X35.335 Y78.362 E0.01196
G1 X35.507 Y78.772 E0.01207
G1 X35.735 Y79.146 E0.01189
G1 X36.018 Y79.478 E0.01184
G1 X36.351 Y79.761 E0.01186
G1 X36.72 Y79.989 E0.01177
G1 X37.134 Y80.16 E0.01216
G1 X37.564 Y80.261 E0.01199
G1 X38.013 Y80.3 E0.01223
G1 X61.987 Y80.3 E0.65066
G1 X62.436 Y80.262 E0.01223
G1 X62.862 Y80.161 E0.01188
G1 X63.277 Y79.989 E0.01219
G1 X63.649 Y79.761 E0.01184
G1 X63.977 Y79.478 E0.01176
G1 X64.261 Y79.146 E0.01186
G1 X64.489 Y78.772 E0.01189
G1 X64.661 Y78.362 E0.01207
G1 X64.762 Y77.932 E0.01199
G1 X64.8 Y77.487 E0.01212
G1 X64.8 Y22.505 E1.49223
G1 X64.762 Y22.064 E0.01201
G1 X64.661 Y21.634 E0.01199
G1 X64.489 Y21.22 E0.01217
G1 X64.261 Y20.851 E0.01177
G1 X63.978 Y20.518 E0.01186
G1 X63.649 Y20.238 E0.01173
G1 X63.276 Y20.007 E0.01191
G1 X62.862 Y19.835 E0.01217
G1 X62.437 Y19.735 E0.01185
G1 X61.988 Y19.701 E0.01222
G1 X38.012 Y19.7 E0.65072
G1 X37.563 Y19.735 E0.01222
G1 X37.134 Y19.835 E0.01196
G1 X36.721 Y20.007 E0.01214
G1 X36.351 Y20.239 E0.01185
G1 X36.018 Y20.518 E0.01179
G1 X35.739 Y20.851 E0.01179
G1 X35.507 Y21.221 E0.01185
G1 X35.335 Y21.634 E0.01214
G1 X35.235 Y22.063 E0.01196
G1 X35.2 Y22.512 E0.01222
G1 X35.2 Y77.496 E1.49228
G1 X35.235 Y77.933 E0.0119
G0 F1320 X35.28 Y78.127
G0 X36.263 Y77.894
;MESH:NONMESH
G0 F600 X36.263 Y77.894 Z3.4
G0 F1320 X37.05 Y22.188
;TIME_ELAPSED:8728.657277
;LAYER:20
M204 P200
;TYPE:WALL-INNER
;MESH:flasherBot.STL
G1 F480 X37.152 Y21.969 E0.00662
G1 X37.292 Y21.792 E0.00618
G1 X37.616 Y21.576 E0.01067
G1 X37.923 Y21.502 E0.00865
G1 X62.076 Y21.502 E0.66195
G1 X62.383 Y21.575 E0.00865
G1 X62.761 Y21.849 E0.01279
G1 X62.924 Y22.116 E0.00857
G1 X62.998 Y22.413 E0.00839
G1 X62.998 Y77.586 E1.51209
G1 X62.952 Y77.809 E0.00624
G1 X62.762 Y78.15 E0.0107
G1 X62.46 Y78.39 E0.01057
G1 X62.086 Y78.497 E0.01066
G1 X37.916 Y78.497 E0.66241
G1 X37.54 Y78.389 E0.01072
G1 X37.35 Y78.261 E0.00628
G1 X37.146 Y78.022 E0.00861
G1 X37.003 Y77.674 E0.01031
G1 X37.002 Y22.424 E1.5142
G1 X37.05 Y22.188 E0.0066
G0 F1320 X62.838 Y21.662
G0 X62.599 Y22.448
G1 F480 X62.599 Y77.552 E1.5102
G1 X62.513 Y77.813 E0.00753
G1 X62.424 Y77.926 E0.00394
G1 X62.231 Y78.055 E0.00636
G1 X62.052 Y78.098 E0.00505
G1 X37.904 Y78.1 E0.66181
G1 X37.724 Y78.034 E0.00525
G1 X37.514 Y77.854 E0.00758
G1 X37.4 Y77.569 E0.00841
G1 X37.401 Y22.454 E1.5105
G1 X37.445 Y22.27 E0.00518
G1 X37.575 Y22.075 E0.00642
G1 X37.769 Y21.945 E0.0064
G1 X37.954 Y21.901 E0.00521
G1 X62.046 Y21.901 E0.66027
G1 X62.317 Y21.99 E0.00782
G1 X62.457 Y22.109 E0.00504
G1 X62.555 Y22.27 E0.00517
G1 X62.599 Y22.448 E0.00503
G0 F1320 X62.91 Y22.448
G0 X63.058 Y21.439
G1 F321.6 X62.682 Y21.166 E0.01901
G1 X62.172 Y21 E0.02194
G1 F322.1 X38 Y21.002 E0.98707
G1 F321.1 X37.533 Y21.075 E0.01937
G1 F320.5 X37.318 Y21.165 E0.00957
G1 F321.1 X36.94 Y21.44 E0.01915
G1 X36.665 Y21.818 E0.01915
G1 X36.5 Y22.327 E0.02192
G1 F320.5 X36.5 Y77.445 E2.2621
G1 X36.574 Y77.961 E0.02139
G1 F321.6 X36.789 Y78.382 E0.01934
G1 F322.1 X37.117 Y78.71 E0.01894
G1 F322.7 X37.533 Y78.922 E0.01903
G1 F321.6 X38.067 Y79 E0.02207
G1 F321.1 X62.163 Y79 E0.98727
G1 F323.2 X62.688 Y78.83 E0.02246
G1 F323.8 X62.883 Y78.71 E0.0093
G1 F323.2 X63.208 Y78.383 E0.01876
G1 F323.8 X63.424 Y77.961 E0.01926
G1 F322.1 X63.5 Y77.432 E0.02182
G1 F320 X63.5 Y22.561 E2.25572
G1 F321.6 X63.478 Y22.269 E0.01198
G1 F322.7 X63.33 Y21.812 E0.01958
G1 F322.1 X63.058 Y21.439 E0.01885
G0 F1320 X62.313 Y20.528
G1 F480 X61.939 Y20.501 E0.01028
G1 X38.042 Y20.5 E0.65493
G1 X37.38 Y20.598 E0.01834
G1 X37.089 Y20.72 E0.00865
G1 X36.586 Y21.086 E0.01705
G1 X36.22 Y21.589 E0.01705
G1 X36.098 Y21.88 E0.00865
G1 X36 Y22.542 E0.01834
G1 X36 Y77.464 E1.50521
G1 X36.098 Y78.115 E0.01804
G1 X36.385 Y78.675 E0.01725
G1 X36.823 Y79.113 E0.01698
G1 X37.38 Y79.396 E0.01712
G1 X38.046 Y79.5 E0.01847
G1 X61.954 Y79.5 E0.65523
G1 X62.615 Y79.398 E0.01833
G1 X63.176 Y79.113 E0.01725
G1 X63.611 Y78.675 E0.01692
G1 X63.897 Y78.114 E0.01726
G1 X64 Y77.453 E0.01833
G1 X64 Y22.54 E1.50496
G1 X63.897 Y21.88 E0.01831
G1 X63.774 Y21.585 E0.00876
G1 X63.411 Y21.086 E0.01691
G1 X62.91 Y20.721 E0.01699
G1 X62.313 Y20.528 E0.0172
G0 F1320 X37.162 Y21.662
G0 X37.162 Y78.338
G0 X37.35 Y79.484
G0 X37.257 Y79.778
G1 F480 X37.627 Y79.865 E0.01042
G1 X38.03 Y79.9 E0.01109
G1 X61.97 Y79.9 E0.65611
G1 X62.373 Y79.866 E0.01108
G1 X62.738 Y79.779 E0.01028
G1 X63.095 Y79.631 E0.01059
G1 X63.413 Y79.437 E0.01021
G1 X63.693 Y79.195 E0.01014
G1 X63.936 Y78.91 E0.01026
G1 X64.131 Y78.59 E0.01027
G1 X64.279 Y78.238 E0.01047
G1 X64.366 Y77.869 E0.01039
G1 X64.4 Y77.47 E0.01097
G1 X64.4 Y22.522 E1.50592
G1 X64.366 Y22.127 E0.01087
G1 X64.279 Y21.757 E0.01042
G1 X64.132 Y21.402 E0.01053
G1 X63.937 Y21.087 E0.01015
G1 X63.694 Y20.802 E0.01026
G1 X63.413 Y20.562 E0.01013
G1 X63.093 Y20.364 E0.01031
G1 X62.738 Y20.217 E0.01053
G1 X62.375 Y20.131 E0.01022
G1 X61.973 Y20.101 E0.01105
G1 X38.027 Y20.1 E0.65627
G1 X37.625 Y20.131 E0.01105
G1 X37.257 Y20.217 E0.01036
G1 X36.905 Y20.364 E0.01045
G1 X36.302 Y20.802 E0.02043
G1 X35.864 Y21.405 E0.02043
G1 X35.717 Y21.757 E0.01045
G1 X35.631 Y22.125 E0.01036
G1 X35.6 Y22.527 E0.01105
G1 X35.6 Y77.48 E1.50606
G1 X35.631 Y77.871 E0.01075
G1 X35.717 Y78.238 E0.01033
G1 X35.864 Y78.59 E0.01045
G1 X36.06 Y78.91 E0.01028
G1 X36.302 Y79.194 E0.01023
G1 X36.587 Y79.437 E0.01026
G1 X36.903 Y79.631 E0.01016
G1 X37.257 Y79.778 E0.01051
G0 F1320 X37.351 Y79.484
G0 X37.162 Y78.338
G0 X37.162 Y21.662
G0 X37.893 Y22.33
M204 P150
;TYPE:WALL-OUTER
G1 F480 X37.984 Y22.3 E0.0026
G1 X62.016 Y22.3 E0.65223
G1 X62.153 Y22.369 E0.00416
G1 X62.2 Y22.482 E0.00332
G1 X62.2 Y77.57 E1.4951
G1 X62.105 Y77.671 E0.00376
G1 X62.018 Y77.7 E0.00249
G1 X37.983 Y77.7 E0.65232
G1 X37.87 Y77.653 E0.00332
G1 X37.8 Y77.516 E0.00418
G1 X37.8 Y22.432 E1.49499
G1 X37.893 Y22.33 E0.00375
G0 F1320 X37.984 Y22.3
G0 X38.088 Y22.3
G0 X38.088 Y21.59
G0 X36.016 Y21.85
G0 X35.335 Y21.634
G1 F480 X35.235 Y22.063 E0.01196
G1 X35.2 Y22.512 E0.01222
G1 X35.2 Y77.496 E1.49228
G1 X35.235 Y77.933 E0.0119
G1 X35.335 Y78.362 E0.01196
G1 X35.507 Y78.772 E0.01207
G1 X35.735 Y79.146 E0.01189
G1 X36.018 Y79.478 E0.01184
G1 X36.351 Y79.761 E0.01186
G1 X36.72 Y79.989 E0.01177
G1 X37.134 Y80.16 E0.01216
G1 X37.564 Y80.261 E0.01199
G1 X38.013 Y80.3 E0.01223
G1 X61.987 Y80.3 E0.65066
G1 X62.436 Y80.262 E0.01223
G1 X62.862 Y80.161 E0.01188
G1 X63.277 Y79.989 E0.01219
G1 X63.649 Y79.761 E0.01184
G1 X63.977 Y79.478 E0.01176
G1 X64.261 Y79.146 E0.01186
G1 X64.489 Y78.772 E0.01189
G1 X64.661 Y78.362 E0.01207
G1 X64.762 Y77.932 E0.01199
G1 X64.8 Y77.487 E0.01212
G1 X64.8 Y22.505 E1.49223
G1 X64.762 Y22.064 E0.01201
G1 X64.661 Y21.634 E0.01199
G1 X64.489 Y21.22 E0.01217
G1 X64.261 Y20.851 E0.01177
G1 X63.978 Y20.518 E0.01186
G1 X63.649 Y20.238 E0.01173
G1 X63.276 Y20.007 E0.01191
G1 X62.862 Y19.835 E0.01217
G1 X62.437 Y19.735 E0.01185
G1 X61.988 Y19.701 E0.01222
G1 X38.012 Y19.7 E0.65072
G1 X37.563 Y19.735 E0.01222
G1 X37.134 Y19.835 E0.01196
G1 X36.721 Y20.007 E0.01214
G1 X36.351 Y20.239 E0.01185
G1 X36.018 Y20.518 E0.01179
G1 X35.739 Y20.851 E0.01179
G1 X35.507 Y21.221 E0.01185
G1 X35.335 Y21.634 E0.01214
G0 F1320 X35.29 Y21.828
G0 X36.273 Y22.063
;MESH:NONMESH
G0 F600 X36.273 Y22.063 Z3.56
G0 F1320 X37.162 Y21.662
G0 X62.076 Y21.502
;TIME_ELAPSED:8895.306858
;LAYER:21
M204 P200
;TYPE:WALL-INNER
;MESH:flasherBot.STL
G1 F480 X62.383 Y21.575 E0.00865
G1 X62.761 Y21.849 E0.01279
G1 X62.924 Y22.116 E0.00857
G1 X62.998 Y22.413 E0.00839
G1 X62.998 Y77.586 E1.51209
G1 X62.952 Y77.809 E0.00624
G1 X62.762 Y78.15 E0.0107
G1 X62.46 Y78.39 E0.01057
G1 X62.086 Y78.497 E0.01066
G1 X37.916 Y78.497 E0.66241
G1 X37.54 Y78.389 E0.01072
G1 X37.35 Y78.261 E0.00628
G1 X37.146 Y78.022 E0.00861
G1 X37.003 Y77.674 E0.01031
G1 X37.002 Y22.424 E1.5142
G1 X37.05 Y22.188 E0.0066
G1 X37.152 Y21.969 E0.00662
G1 X37.292 Y21.792 E0.00618
G1 X37.616 Y21.576 E0.01067
G1 X37.923 Y21.502 E0.00865
G1 X62.076 Y21.502 E0.66195
G0 F1320 X37.575 Y21.59
G0 X37.575 Y22.075
G1 F480 X37.769 Y21.945 E0.0064
G1 X37.954 Y21.901 E0.00521
G1 X62.046 Y21.901 E0.66027
G1 X62.317 Y21.99 E0.00782
G1 X62.457 Y22.109 E0.00504
G1 X62.555 Y22.27 E0.00517
G1 X62.599 Y22.448 E0.00503
G1 X62.599 Y77.552 E1.5102
G1 X62.513 Y77.813 E0.00753
G1 X62.424 Y77.926 E0.00394
G1 X62.231 Y78.055 E0.00636
G1 X62.052 Y78.098 E0.00505
G1 X37.904 Y78.1 E0.66181
G1 X37.724 Y78.034 E0.00525
G1 X37.514 Y77.854 E0.00758
G1 X37.4 Y77.569 E0.00841
G1 X37.401 Y22.454 E1.5105
G1 X37.445 Y22.27 E0.00518
G1 X37.575 Y22.075 E0.00642
G0 F1320 X37.575 Y21.59
G0 X62.838 Y21.662
G0 X63.5 Y77.432
G1 F320 X63.5 Y22.561 E2.25572
G1 F321.6 X63.478 Y22.269 E0.01198
G1 F322.7 X63.33 Y21.812 E0.01958
G1 F322.1 X63.058 Y21.439 E0.01885
G1 F321.6 X62.682 Y21.166 E0.01901
G1 X62.172 Y21 E0.02194
G1 F322.1 X38 Y21.002 E0.98707
G1 F321.1 X37.533 Y21.075 E0.01937
G1 F320.5 X37.318 Y21.165 E0.00957
G1 F321.1 X36.94 Y21.44 E0.01915
G1 X36.665 Y21.818 E0.01915
G1 X36.5 Y22.327 E0.02192
G1 F320.5 X36.5 Y77.445 E2.2621
G1 X36.574 Y77.961 E0.02139
G1 F321.6 X36.789 Y78.382 E0.01934
G1 F322.1 X37.117 Y78.71 E0.01894
G1 F322.7 X37.533 Y78.922 E0.01903
G1 F321.6 X38.067 Y79 E0.02207
G1 F321.1 X62.163 Y79 E0.98727
G1 F323.2 X62.688 Y78.83 E0.02246
G1 F323.8 X62.883 Y78.71 E0.0093
G1 F323.2 X63.208 Y78.383 E0.01876
G1 F323.8 X63.424 Y77.961 E0.01926
G1 F322.1 X63.5 Y77.432 E0.02182
G0 F1320 X63.411 Y21.086
G1 F480 X62.91 Y20.721 E0.01699
G1 X62.313 Y20.528 E0.0172
G1 X61.939 Y20.501 E0.01028
G1 X38.042 Y20.5 E0.65493
G1 X37.38 Y20.598 E0.01834
G1 X37.089 Y20.72 E0.00865
G1 X36.586 Y21.086 E0.01705
G1 X36.22 Y21.589 E0.01705
G1 X36.098 Y21.88 E0.00865
G1 X36 Y22.542 E0.01834
G1 X36 Y77.464 E1.50521
G1 X36.098 Y78.115 E0.01804
G1 X36.385 Y78.675 E0.01725
G1 X36.823 Y79.113 E0.01698
G1 X37.38 Y79.396 E0.01712
G1 X38.046 Y79.5 E0.01847
G1 X61.954 Y79.5 E0.65523
G1 X62.615 Y79.398 E0.01833
G1 X63.176 Y79.113 E0.01725
G1 X63.611 Y78.675 E0.01692
G1 X63.897 Y78.114 E0.01726
G1 X64 Y77.453 E0.01833
G1 X64 Y22.54 E1.50496
G1 X63.897 Y21.88 E0.01831
G1 X63.774 Y21.585 E0.00876
G1 X63.411 Y21.086 E0.01691
G0 F1320 X37.678 Y20.437
G0 X37.625 Y20.131
G1 F480 X37.257 Y20.217 E0.01036
G1 X36.905 Y20.364 E0.01045
G1 X36.302 Y20.802 E0.02043
G1 X35.864 Y21.405 E0.02043
G1 X35.717 Y21.757 E0.01045
G1 X35.631 Y22.125 E0.01036
G1 X35.6 Y22.527 E0.01105
G1 X35.6 Y77.48 E1.50606
G1 X35.631 Y77.871 E0.01075
G1 X35.717 Y78.238 E0.01033
G1 X35.864 Y78.59 E0.01045
G1 X36.06 Y78.91 E0.01028
G1 X36.302 Y79.194 E0.01023
G1 X36.587 Y79.437 E0.01026
G1 X36.903 Y79.631 E0.01016
G1 X37.257 Y79.778 E0.01051
G1 X37.627 Y79.865 E0.01042
G1 X38.03 Y79.9 E0.01109
G1 X61.97 Y79.9 E0.65611
G1 X62.373 Y79.866 E0.01108
G1 X62.738 Y79.779 E0.01028
G1 X63.095 Y79.631 E0.01059
G1 X63.413 Y79.437 E0.01021
G1 X63.693 Y79.195 E0.01014
G1 X63.936 Y78.91 E0.01026
G1 X64.131 Y78.59 E0.01027
G1 X64.279 Y78.238 E0.01047
G1 X64.366 Y77.869 E0.01039
G1 X64.4 Y77.47 E0.01097
G1 X64.4 Y22.522 E1.50592
G1 X64.366 Y22.127 E0.01087
G1 X64.279 Y21.757 E0.01042
G1 X64.132 Y21.402 E0.01053
G1 X63.937 Y21.087 E0.01015
G1 X63.694 Y20.802 E0.01026
G1 X63.413 Y20.562 E0.01013
G1 X63.093 Y20.364 E0.01031
G1 X62.738 Y20.217 E0.01053
G1 X62.375 Y20.131 E0.01022
G1 X61.973 Y20.101 E0.01105
G1 X38.027 Y20.1 E0.65627
G1 X37.625 Y20.131 E0.01105
G0 F1320 X37.677 Y20.438
G0 X35.909 Y22.529
G0 X35.2 Y22.512
M204 P150
;TYPE:WALL-OUTER
G1 F480 X35.2 Y77.496 E1.49228
G1 X35.235 Y77.933 E0.0119
G1 X35.335 Y78.362 E0.01196
G1 X35.507 Y78.772 E0.01207
G1 X35.735 Y79.146 E0.01189
G1 X36.018 Y79.478 E0.01184
G1 X36.351 Y79.761 E0.01186
G1 X36.72 Y79.989 E0.01177
G1 X37.134 Y80.16 E0.01216
G1 X37.564 Y80.261 E0.01199
G1 X38.013 Y80.3 E0.01223
G1 X61.987 Y80.3 E0.65066
G1 X62.436 Y80.262 E0.01223
G1 X62.862 Y80.161 E0.01188
G1 X63.277 Y79.989 E0.01219
G1 X63.649 Y79.761 E0.01184
G1 X63.977 Y79.478 E0.01176
G1 X64.261 Y79.146 E0.01186
G1 X64.489 Y78.772 E0.01189
G1 X64.661 Y78.362 E0.01207
G1 X64.762 Y77.932 E0.01199
G1 X64.8 Y77.487 E0.01212
G1 X64.8 Y22.505 E1.49223
G1 X64.762 Y22.064 E0.01201
G1 X64.661 Y21.634 E0.01199
G1 X64.489 Y21.22 E0.01217
G1 X64.261 Y20.851 E0.01177
G1 X63.978 Y20.518 E0.01186
G1 X63.649 Y20.238 E0.01173
G1 X63.276 Y20.007 E0.01191
G1 X62.862 Y19.835 E0.01217
G1 X62.437 Y19.735 E0.01185
G1 X61.988 Y19.701 E0.01222
G1 X38.012 Y19.7 E0.65072
G1 X37.563 Y19.735 E0.01222
G1 X37.134 Y19.835 E0.01196
G1 X36.721 Y20.007 E0.01214
G1 X36.351 Y20.239 E0.01185
G1 X36.018 Y20.518 E0.01179
G1 X35.739 Y20.851 E0.01179
G1 X35.507 Y21.221 E0.01185
G1 X35.335 Y21.634 E0.01214
G1 X35.235 Y22.063 E0.01196
G1 X35.2 Y22.512 E0.01222
G0 F1320 X35.2 Y22.712
G0 X35.91 Y22.712
G0 X37.162 Y21.662
G0 X62.016 Y21.59
G0 X62.016 Y22.3
G1 F480 X62.153 Y22.369 E0.00416
G1 X62.2 Y22.482 E0.00332
G1 X62.2 Y77.57 E1.4951
G1 X62.105 Y77.671 E0.00376
G1 X62.018 Y77.7 E0.00249
G1 X37.983 Y77.7 E0.65232
G1 X37.87 Y77.653 E0.00332
G1 X37.8 Y77.516 E0.00418
G1 X37.8 Y22.432 E1.49499
G1 X37.893 Y22.33 E0.00375
G1 X37.984 Y22.3 E0.0026
G1 X62.016 Y22.3 E0.65223
G0 F1320 X62.153 Y22.369
G0 X62.171 Y22.412
G0 X63.21 Y22.412
;MESH:NONMESH
G0 F600 X63.21 Y22.412 Z3.72
G0 F1320 X62.838 Y21.662
G0 X37.162 Y21.662
G0 X36.5 Y77.445
;TIME_ELAPSED:9066.592747
;LAYER:22
M204 P200
;TYPE:WALL-INNER
;MESH:flasherBot.STL
G1 F320.5 X36.574 Y77.961 E0.02139
G1 F321.6 X36.789 Y78.382 E0.01934
G1 F322.1 X37.117 Y78.71 E0.01894
G1 F322.7 X37.533 Y78.922 E0.01903
G1 F321.6 X38.067 Y79 E0.02207
G1 F321.1 X62.163 Y79 E0.98727
G1 F323.2 X62.688 Y78.83 E0.02246
G1 F323.8 X62.883 Y78.71 E0.0093
G1 F323.2 X63.208 Y78.383 E0.01876
G1 F323.8 X63.424 Y77.961 E0.01926
G1 F322.1 X63.5 Y77.432 E0.02182
G1 F320 X63.5 Y22.561 E2.25572
G1 F321.6 X63.478 Y22.269 E0.01198
G1 F322.7 X63.33 Y21.812 E0.01958
G1 F322.1 X63.058 Y21.439 E0.01885
G1 F321.6 X62.682 Y21.166 E0.01901
G1 X62.172 Y21 E0.02194
G1 F322.1 X38 Y21.002 E0.98707
G1 F321.1 X37.533 Y21.075 E0.01937
G1 F320.5 X37.318 Y21.165 E0.00957
G1 F321.1 X36.94 Y21.44 E0.01915
G1 X36.665 Y21.818 E0.01915
G1 X36.5 Y22.327 E0.02192
G1 F320.5 X36.5 Y77.445 E2.2621
G0 F1320 X36.586 Y21.086
G1 F480 X36.22 Y21.589 E0.01705
G1 X36.098 Y21.88 E0.00865
G1 X36 Y22.542 E0.01834
G1 X36 Y77.464 E1.50521
G1 X36.098 Y78.115 E0.01804
G1 X36.385 Y78.675 E0.01725
G1 X36.823 Y79.113 E0.01698
G1 X37.38 Y79.396 E0.01712
G1 X38.046 Y79.5 E0.01847
G1 X61.954 Y79.5 E0.65523
G1 X62.615 Y79.398 E0.01833
G1 X63.176 Y79.113 E0.01725
G1 X63.611 Y78.675 E0.01692
G1 X63.897 Y78.114 E0.01726
G1 X64 Y77.453 E0.01833
G1 X64 Y22.54 E1.50496
G1 X63.897 Y21.88 E0.01831
G1 X63.774 Y21.585 E0.00876
G1 X63.411 Y21.086 E0.01691
G1 X62.91 Y20.721 E0.01699
G1 X62.313 Y20.528 E0.0172
G1 X61.939 Y20.501 E0.01028
G1 X38.042 Y20.5 E0.65493
G1 X37.38 Y20.598 E0.01834
G1 X37.089 Y20.72 E0.00865
G1 X36.586 Y21.086 E0.01705
G0 F1320 X35.909 Y77.471
G0 X35.6 Y77.48
G1 F480 X35.631 Y77.871 E0.01075
G1 X35.717 Y78.238 E0.01033
G1 X35.864 Y78.59 E0.01045
G1 X36.06 Y78.91 E0.01028
G1 X36.302 Y79.194 E0.01023
G1 X36.587 Y79.437 E0.01026
G1 X36.903 Y79.631 E0.01016
G1 X37.257 Y79.778 E0.01051
G1 X37.627 Y79.865 E0.01042
G1 X38.03 Y79.9 E0.01109
G1 X61.97 Y79.9 E0.65611
G1 X62.373 Y79.866 E0.01108
G1 X62.738 Y79.779 E0.01028
G1 X63.095 Y79.631 E0.01059
G1 X63.413 Y79.437 E0.01021
G1 X63.693 Y79.195 E0.01014
G1 X63.936 Y78.91 E0.01026
G1 X64.131 Y78.59 E0.01027
G1 X64.279 Y78.238 E0.01047
G1 X64.366 Y77.869 E0.01039
G1 X64.4 Y77.47 E0.01097
G1 X64.4 Y22.522 E1.50592
G1 X64.366 Y22.127 E0.01087
G1 X64.279 Y21.757 E0.01042
G1 X64.132 Y21.402 E0.01053
G1 X63.937 Y21.087 E0.01015
G1 X63.694 Y20.802 E0.01026
G1 X63.413 Y20.562 E0.01013
G1 X63.093 Y20.364 E0.01031
G1 X62.738 Y20.217 E0.01053
G1 X62.375 Y20.131 E0.01022
G1 X61.973 Y20.101 E0.01105
G1 X38.027 Y20.1 E0.65627
G1 X37.625 Y20.131 E0.01105
G1 X37.257 Y20.217 E0.01036
G1 X36.905 Y20.364 E0.01045
G1 X36.302 Y20.802 E0.02043
G1 X35.864 Y21.405 E0.02043
G1 X35.717 Y21.757 E0.01045
G1 X35.631 Y22.125 E0.01036
G1 X35.6 Y22.527 E0.01105
G1 X35.6 Y77.48 E1.50606
G0 F1320 X35.909 Y77.471
G0 X37.162 Y78.338
G0 X37.916 Y78.497
G1 F480 X37.54 Y78.389 E0.01072
G1 X37.35 Y78.261 E0.00628
G1 X37.146 Y78.022 E0.00861
G1 X37.003 Y77.674 E0.01031
G1 X37.002 Y22.424 E1.5142
G1 X37.05 Y22.188 E0.0066
G1 X37.152 Y21.969 E0.00662
G1 X37.292 Y21.792 E0.00618
G1 X37.616 Y21.576 E0.01067
G1 X37.923 Y21.502 E0.00865
G1 X62.076 Y21.502 E0.66195
G1 X62.383 Y21.575 E0.00865
G1 X62.761 Y21.849 E0.01279
G1 X62.924 Y22.116 E0.00857
G1 X62.998 Y22.413 E0.00839
G1 X62.998 Y77.586 E1.51209
G1 X62.952 Y77.809 E0.00624
G1 X62.762 Y78.15 E0.0107
G1 X62.46 Y78.39 E0.01057
G1 X62.086 Y78.497 E0.01066
G1 X37.916 Y78.497 E0.66241
G0 F1320 X62.838 Y78.338
G0 X62.91 Y22.109
G0 X62.457 Y22.109
G1 F480 X62.555 Y22.27 E0.00517
G1 X62.599 Y22.448 E0.00503
G1 X62.599 Y77.552 E1.5102
G1 X62.513 Y77.813 E0.00753
G1 X62.424 Y77.926 E0.00394
G1 X62.231 Y78.055 E0.00636
G1 X62.052 Y78.098 E0.00505
G1 X37.904 Y78.1 E0.66181
G1 X37.724 Y78.034 E0.00525
G1 X37.514 Y77.854 E0.00758
G1 X37.4 Y77.569 E0.00841
G1 X37.401 Y22.454 E1.5105
G1 X37.445 Y22.27 E0.00518
G1 X37.575 Y22.075 E0.00642
G1 X37.769 Y21.945 E0.0064
G1 X37.954 Y21.901 E0.00521
G1 X62.046 Y21.901 E0.66027
G1 X62.317 Y21.99 E0.00782
G1 X62.457 Y22.109 E0.00504
G0 F1320 X62.91 Y22.109
G0 X62.322 Y20.437
G0 X62.437 Y19.735
M204 P150
;TYPE:WALL-OUTER
G1 F480 X61.988 Y19.701 E0.01222
G1 X38.012 Y19.7 E0.65072
G1 X37.563 Y19.735 E0.01222
G1 X37.134 Y19.835 E0.01196
G1 X36.721 Y20.007 E0.01214
G1 X36.351 Y20.239 E0.01185
G1 X36.018 Y20.518 E0.01179
G1 X35.739 Y20.851 E0.01179
G1 X35.507 Y21.221 E0.01185
G1 X35.335 Y21.634 E0.01214
G1 X35.235 Y22.063 E0.01196
G1 X35.2 Y22.512 E0.01222
G1 X35.2 Y77.496 E1.49228
G1 X35.235 Y77.933 E0.0119
G1 X35.335 Y78.362 E0.01196
G1 X35.507 Y78.772 E0.01207
G1 X35.735 Y79.146 E0.01189
G1 X36.018 Y79.478 E0.01184
G1 X36.351 Y79.761 E0.01186
G1 X36.72 Y79.989 E0.01177
G1 X37.134 Y80.16 E0.01216
G1 X37.564 Y80.261 E0.01199
G1 X38.013 Y80.3 E0.01223
G1 X61.987 Y80.3 E0.65066
G1 X62.436 Y80.262 E0.01223
G1 X62.862 Y80.161 E0.01188
G1 X63.277 Y79.989 E0.01219
G1 X63.649 Y79.761 E0.01184
G1 X63.977 Y79.478 E0.01176
G1 X64.261 Y79.146 E0.01186
G1 X64.489 Y78.772 E0.01189
G1 X64.661 Y78.362 E0.01207
G1 X64.762 Y77.932 E0.01199
G1 X64.8 Y77.487 E0.01212
G1 X64.8 Y22.505 E1.49223
G1 X64.762 Y22.064 E0.01201
G1 X64.661 Y21.634 E0.01199
G1 X64.489 Y21.22 E0.01217
G1 X64.261 Y20.851 E0.01177
G1 X63.978 Y20.518 E0.01186
G1 X63.649 Y20.238 E0.01173
G1 X63.276 Y20.007 E0.01191
G1 X62.862 Y19.835 E0.01217
G1 X62.437 Y19.735 E0.01185
G0 F1320 X62.238 Y19.72
G0 X62.182 Y20.426
G0 X37.893 Y21.59
G0 X37.893 Y22.33
G1 F480 X37.984 Y22.3 E0.0026
G1 X62.016 Y22.3 E0.65223
G1 X62.153 Y22.369 E0.00416
G1 X62.2 Y22.482 E0.00332
G1 X62.2 Y77.57 E1.4951
G1 X62.105 Y77.671 E0.00376
G1 X62.018 Y77.7 E0.00249
G1 X37.983 Y77.7 E0.65232
G1 X37.87 Y77.653 E0.00332
G1 X37.8 Y77.516 E0.00418
G1 X37.8 Y22.432 E1.49499
G1 X37.893 Y22.33 E0.00375
G0 F1320 X37.984 Y22.3
G0 X38.088 Y22.3
G0 X38.088 Y21.29
;MESH:NONMESH
G0 F600 X38.088 Y21.29 Z3.88
G0 F1320 X37.162 Y21.662
G0 X36.574 Y77.961
;TIME_ELAPSED:9236.996508
;LAYER:23
M204 P200
;TYPE:WALL-INNER
;MESH:flasherBot.STL
G1 F321.6 X36.789 Y78.382 E0.01934
G1 F322.1 X37.117 Y78.71 E0.01894
G1 F322.7 X37.533 Y78.922 E0.01903
G1 F321.6 X38.067 Y79 E0.02207
G1 F321.1 X62.163 Y79 E0.98727
G1 F323.2 X62.688 Y78.83 E0.02246
G1 F323.8 X62.883 Y78.71 E0.0093
G1 F323.2 X63.208 Y78.383 E0.01876
G1 F323.8 X63.424 Y77.961 E0.01926
G1 F322.1 X63.5 Y77.432 E0.02182
G1 F320 X63.5 Y22.561 E2.25572
G1 F321.6 X63.478 Y22.269 E0.01198
G1 F322.7 X63.33 Y21.812 E0.01958
G1 F322.1 X63.058 Y21.439 E0.01885
G1 F321.6 X62.682 Y21.166 E0.01901
G1 X62.172 Y21 E0.02194
G1 F322.1 X38 Y21.002 E0.98707
G1 F321.1 X37.533 Y21.075 E0.01937
G1 F320.5 X37.318 Y21.165 E0.00957
G1 F321.1 X36.94 Y21.44 E0.01915
G1 X36.665 Y21.818 E0.01915
G1 X36.5 Y22.327 E0.02192
G1 F320.5 X36.5 Y77.445 E2.2621
G1 X36.574 Y77.961 E0.02139
G0 F1320 X36.385 Y78.675
G1 F480 X36.823 Y79.113 E0.01698
G1 X37.38 Y79.396 E0.01712
G1 X38.046 Y79.5 E0.01847
G1 X61.954 Y79.5 E0.65523
G1 X62.615 Y79.398 E0.01833
G1 X63.176 Y79.113 E0.01725
G1 X63.611 Y78.675 E0.01692
G1 X63.897 Y78.114 E0.01726
G1 X64 Y77.453 E0.01833
G1 X64 Y22.54 E1.50496
G1 X63.897 Y21.88 E0.01831
G1 X63.774 Y21.585 E0.00876
G1 X63.411 Y21.086 E0.01691
G1 X62.91 Y20.721 E0.01699
G1 X62.313 Y20.528 E0.0172
G1 X61.939 Y20.501 E0.01028
G1 X38.042 Y20.5 E0.65493
G1 X37.38 Y20.598 E0.01834
G1 X37.089 Y20.72 E0.00865
G1 X36.586 Y21.086 E0.01705
G1 X36.22 Y21.589 E0.01705
G1 X36.098 Y21.88 E0.00865
G1 X36 Y22.542 E0.01834
G1 X36 Y77.464 E1.50521
G1 X36.098 Y78.115 E0.01804
G1 X36.385 Y78.675 E0.01725
G0 F1320 X37.162 Y21.662
G0 X37.678 Y20.437
G0 X37.625 Y20.131
G1 F480 X37.257 Y20.217 E0.01036
G1 X36.905 Y20.364 E0.01045
G1 X36.302 Y20.802 E0.02043
G1 X35.864 Y21.405 E0.02043
G1 X35.717 Y21.757 E0.01045
G1 X35.631 Y22.125 E0.01036
G1 X35.6 Y22.527 E0.01105
G1 X35.6 Y77.48 E1.50606
G1 X35.631 Y77.871 E0.01075
G1 X35.717 Y78.238 E0.01033
G1 X35.864 Y78.59 E0.01045
G1 X36.06 Y78.91 E0.01028
G1 X36.302 Y79.194 E0.01023
G1 X36.587 Y79.437 E0.01026
G1 X36.903 Y79.631 E0.01016
G1 X37.257 Y79.778 E0.01051
G1 X37.627 Y79.865 E0.01042
G1 X38.03 Y79.9 E0.01109
G1 X61.97 Y79.9 E0.65611
G1 X62.373 Y79.866 E0.01108
G1 X62.738 Y79.779 E0.01028
G1 X63.095 Y79.631 E0.01059
G1 X63.413 Y79.437 E0.01021
G1 X63.693 Y79.195 E0.01014
G1 X63.936 Y78.91 E0.01026
G1 X64.131 Y78.59 E0.01027
G1 X64.279 Y78.238 E0.01047
G1 X64.366 Y77.869 E0.01039
G1 X64.4 Y77.47 E0.01097
G1 X64.4 Y22.522 E1.50592
G1 X64.366 Y22.127 E0.01087
G1 X64.279 Y21.757 E0.01042
G1 X64.132 Y21.402 E0.01053
G1 X63.937 Y21.087 E0.01015
G1 X63.694 Y20.802 E0.01026
G1 X63.413 Y20.562 E0.01013
G1 X63.093 Y20.364 E0.01031
G1 X62.738 Y20.217 E0.01053
G1 X62.375 Y20.131 E0.01022
G1 X61.973 Y20.101 E0.01105
G1 X38.027 Y20.1 E0.65627
G1 X37.625 Y20.131 E0.01105
G0 F1320 X37.678 Y20.437
G0 X62.838 Y21.662
G0 X62.91 Y78.15
G0 X62.762 Y78.15
G1 F480 X62.46 Y78.39 E0.01057
G1 X62.086 Y78.497 E0.01066
G1 X37.916 Y78.497 E0.66241
G1 X37.54 Y78.389 E0.01072
G1 X37.35 Y78.261 E0.00628
G1 X37.146 Y78.022 E0.00861
G1 X37.003 Y77.674 E0.01031
G1 X37.002 Y22.424 E1.5142
G1 X37.05 Y22.188 E0.0066
G1 X37.152 Y21.969 E0.00662
G1 X37.292 Y21.792 E0.00618
G1 X37.616 Y21.576 E0.01067
G1 X37.923 Y21.502 E0.00865
G1 X62.076 Y21.502 E0.66195
G1 X62.383 Y21.575 E0.00865
G1 X62.761 Y21.849 E0.01279
G1 X62.924 Y22.116 E0.00857
G1 X62.998 Y22.413 E0.00839
G1 X62.998 Y77.586 E1.51209
G1 X62.952 Y77.809 E0.00624
G1 X62.762 Y78.15 E0.0107
G0 F1320 X62.91 Y78.15
G0 X62.838 Y21.662
G0 X37.162 Y21.662
G0 X37.575 Y22.075
G1 F480 X37.769 Y21.945 E0.0064
G1 X37.954 Y21.901 E0.00521
G1 X62.046 Y21.901 E0.66027
G1 X62.317 Y21.99 E0.00782
G1 X62.457 Y22.109 E0.00504
G1 X62.555 Y22.27 E0.00517
G1 X62.599 Y22.448 E0.00503
G1 X62.599 Y77.552 E1.5102
G1 X62.513 Y77.813 E0.00753
G1 X62.424 Y77.926 E0.00394
G1 X62.231 Y78.055 E0.00636
G1 X62.052 Y78.098 E0.00505
G1 X37.904 Y78.1 E0.66181
G1 X37.724 Y78.034 E0.00525
G1 X37.514 Y77.854 E0.00758
G1 X37.4 Y77.569 E0.00841
G1 X37.401 Y22.454 E1.5105
G1 X37.445 Y22.27 E0.00518
G1 X37.575 Y22.075 E0.00642
G0 F1320 X37.09 Y22.075
G0 X35.937 Y77.822
G0 X35.235 Y77.933
M204 P150
;TYPE:WALL-OUTER
G1 F480 X35.335 Y78.362 E0.01196
G1 X35.507 Y78.772 E0.01207
G1 X35.735 Y79.146 E0.01189
G1 X36.018 Y79.478 E0.01184
G1 X36.351 Y79.761 E0.01186
G1 X36.72 Y79.989 E0.01177
G1 X37.134 Y80.16 E0.01216
G1 X37.564 Y80.261 E0.01199
G1 X38.013 Y80.3 E0.01223
G1 X61.987 Y80.3 E0.65066
G1 X62.436 Y80.262 E0.01223
G1 X62.862 Y80.161 E0.01188
G1 X63.277 Y79.989 E0.01219
G1 X63.649 Y79.761 E0.01184
G1 X63.977 Y79.478 E0.01176
G1 X64.261 Y79.146 E0.01186
G1 X64.489 Y78.772 E0.01189
G1 X64.661 Y78.362 E0.01207
G1 X64.762 Y77.932 E0.01199
G1 X64.8 Y77.487 E0.01212
G1 X64.8 Y22.505 E1.49223
G1 X64.762 Y22.064 E0.01201
G1 X64.661 Y21.634 E0.01199
G1 X64.489 Y21.22 E0.01217
G1 X64.261 Y20.851 E0.01177
G1 X63.978 Y20.518 E0.01186
G1 X63.649 Y20.238 E0.01173
G1 X63.276 Y20.007 E0.01191
G1 X62.862 Y19.835 E0.01217
G1 X62.437 Y19.735 E0.01185
G1 X61.988 Y19.701 E0.01222
G1 X38.012 Y19.7 E0.65072
G1 X37.563 Y19.735 E0.01222
G1 X37.134 Y19.835 E0.01196
G1 X36.721 Y20.007 E0.01214
G1 X36.351 Y20.239 E0.01185
G1 X36.018 Y20.518 E0.01179
G1 X35.739 Y20.851 E0.01179
G1 X35.507 Y21.221 E0.01185
G1 X35.335 Y21.634 E0.01214
G1 X35.235 Y22.063 E0.01196
G1 X35.2 Y22.512 E0.01222
G1 X35.2 Y77.496 E1.49228
G1 X35.235 Y77.933 E0.0119
G0 F1320 X35.28 Y78.127
G0 X35.972 Y77.962
G0 X37.162 Y21.662
G0 X62.838 Y21.662
G0 X62.838 Y78.338
G0 X62.018 Y78.41
G0 X62.018 Y77.7
G1 F480 X37.983 Y77.7 E0.65232
G1 X37.87 Y77.653 E0.00332
G1 X37.8 Y77.516 E0.00418
G1 X37.8 Y22.432 E1.49499
G1 X37.893 Y22.33 E0.00375
G1 X37.984 Y22.3 E0.0026
G1 X62.016 Y22.3 E0.65223
G1 X62.153 Y22.369 E0.00416
G1 X62.2 Y22.482 E0.00332
G1 X62.2 Y77.57 E1.4951
G1 X62.105 Y77.671 E0.00376
G1 X62.018 Y77.7 E0.00249
G0 F1320 X61.818 Y77.7
G0 X61.818 Y78.71
;MESH:NONMESH
G0 F600 X61.818 Y78.71 Z4.04
G0 F1320 X62.838 Y78.338
G0 X62.838 Y21.662
G0 X37.162 Y21.662
G0 X37.162 Y78.338
G0 X44.164 Y79
;TIME_ELAPSED:9420.466203
;LAYER:24
M204 P200
;TYPE:WALL-INNER
;MESH:flasherBot.STL
G1 F321.1 X37.859 Y79 E0.25833
G1 F322.7 X37.533 Y78.922 E0.01367
G1 X37.117 Y78.71 E0.01903
G1 F322.1 X36.789 Y78.382 E0.01894
G1 F321.6 X36.574 Y77.961 E0.01934
G1 F320.5 X36.5 Y77.445 E0.02139
G1 X36.5 Y22.327 E2.2621
G1 F321.1 X36.665 Y21.818 E0.02192
G1 X36.94 Y21.44 E0.01915
G1 X37.318 Y21.165 E0.01915
G1 F321.6 X37.827 Y21 E0.02189
G1 F322.1 X62 Y21.002 E0.98712
G1 X62.462 Y21.074 E0.01909
G1 F321.6 X62.682 Y21.166 E0.00975
G1 X63.058 Y21.439 E0.01901
G1 F322.1 X63.33 Y21.812 E0.01885
G1 F322.7 X63.478 Y22.269 E0.01958
G1 F321.6 X63.5 Y22.561 E0.01198
G1 F320 X63.5 Y77.432 E2.25572
G1 F322.1 X63.424 Y77.961 E0.02182
G1 F323.8 X63.208 Y78.383 E0.01926
G1 F323.2 X62.883 Y78.71 E0.01876
G1 F323.8 X62.688 Y78.83 E0.0093
G1 F323.2 X62.163 Y79 E0.02246
G1 F321.1 X55.834 Y79 E0.25931
G0 F1320 X62.838 Y78.338
G0 X62.838 Y21.662
G0 X37.616 Y21.576
G1 F480 X37.923 Y21.502 E0.00865
G1 X62.076 Y21.502 E0.66195
G1 X62.383 Y21.575 E0.00865
G1 X62.761 Y21.849 E0.01279
G1 X62.924 Y22.116 E0.00857
G1 X62.998 Y22.413 E0.00839
G1 X62.998 Y77.586 E1.51209
G1 X62.952 Y77.809 E0.00624
G1 X62.762 Y78.15 E0.0107
G1 X62.46 Y78.39 E0.01057
G1 X62.086 Y78.497 E0.01066
G1 X55.334 Y78.5 E0.18505
G1 X55.335 Y79.5 E0.02741
G1 X61.954 Y79.5 E0.1814
G1 X62.615 Y79.398 E0.01833
G1 X63.176 Y79.113 E0.01725
G1 X63.611 Y78.675 E0.01692
G1 X63.897 Y78.114 E0.01726
G1 X64 Y77.453 E0.01833
G1 X64 Y22.54 E1.50496
G1 X63.897 Y21.88 E0.01831
G1 X63.774 Y21.585 E0.00876
G1 X63.411 Y21.086 E0.01691
G1 X62.91 Y20.721 E0.01699
G1 X62.313 Y20.528 E0.0172
G1 X61.939 Y20.501 E0.01028
G1 X38.042 Y20.5 E0.65493
G1 X37.38 Y20.598 E0.01834
G1 X37.089 Y20.72 E0.00865
G1 X36.586 Y21.086 E0.01705
G1 X36.22 Y21.589 E0.01705
G1 X36.098 Y21.88 E0.00865
G1 X36 Y22.542 E0.01834
G1 X36 Y77.464 E1.50521
G1 X36.098 Y78.115 E0.01804
G1 X36.385 Y78.675 E0.01725
G1 X36.823 Y79.113 E0.01698
G1 X37.38 Y79.396 E0.01712
G1 X38.046 Y79.5 E0.01847
G1 X44.664 Y79.5 E0.18138
G1 X44.664 Y78.5 E0.02741
G1 X37.916 Y78.497 E0.18494
G1 X37.54 Y78.389 E0.01072
G1 X37.35 Y78.261 E0.00628
G1 X37.146 Y78.022 E0.00861
G1 X37.003 Y77.674 E0.01031
G1 X37.002 Y22.424 E1.5142
G1 X37.05 Y22.188 E0.0066
G1 X37.152 Y21.969 E0.00662
G1 X37.292 Y21.792 E0.00618
G1 X37.616 Y21.576 E0.01067
G0 F1320 X62.838 Y21.662
G0 X62.457 Y22.109
G1 F480 X62.555 Y22.27 E0.00517
G1 X62.599 Y22.448 E0.00503
G1 X62.599 Y77.552 E1.5102
G1 X62.513 Y77.813 E0.00753
G1 X62.424 Y77.926 E0.00394
G1 X62.231 Y78.055 E0.00636
G1 X62.052 Y78.098 E0.00505
G1 X54.933 Y78.1 E0.19511
G1 X54.936 Y79.9 E0.04933
G1 X61.97 Y79.9 E0.19278
G1 X62.373 Y79.866 E0.01108
G1 X62.738 Y79.779 E0.01028
G1 X63.095 Y79.631 E0.01059
G1 X63.413 Y79.437 E0.01021
G1 X63.693 Y79.195 E0.01014
G1 X63.936 Y78.91 E0.01026
G1 X64.131 Y78.59 E0.01027
G1 X64.279 Y78.238 E0.01047
G1 X64.366 Y77.869 E0.01039
G1 X64.4 Y77.47 E0.01097
G1 X64.4 Y22.522 E1.50592
G1 X64.366 Y22.127 E0.01087
G1 X64.279 Y21.757 E0.01042
G1 X64.132 Y21.402 E0.01053
G1 X63.937 Y21.087 E0.01015
G1 X63.694 Y20.802 E0.01026
G1 X63.413 Y20.562 E0.01013
G1 X63.093 Y20.364 E0.01031
G1 X62.738 Y20.217 E0.01053
G1 X62.375 Y20.131 E0.01022
G1 X61.973 Y20.101 E0.01105
G1 X38.027 Y20.1 E0.65627
G1 X37.625 Y20.131 E0.01105
G1 X37.257 Y20.217 E0.01036
G1 X36.905 Y20.364 E0.01045
G1 X36.302 Y20.802 E0.02043
G1 X35.864 Y21.405 E0.02043
G1 X35.717 Y21.757 E0.01045
G1 X35.631 Y22.125 E0.01036
G1 X35.6 Y22.527 E0.01105
G1 X35.6 Y77.48 E1.50606
G1 X35.631 Y77.871 E0.01075
G1 X35.717 Y78.238 E0.01033
G1 X35.864 Y78.59 E0.01045
G1 X36.06 Y78.91 E0.01028
G1 X36.302 Y79.194 E0.01023
G1 X36.587 Y79.437 E0.01026
G1 X36.903 Y79.631 E0.01016
G1 X37.257 Y79.778 E0.01051
G1 X37.627 Y79.865 E0.01042
G1 X38.03 Y79.9 E0.01109
G1 X45.064 Y79.9 E0.19278
G1 X45.064 Y78.1 E0.04933
G1 X37.949 Y78.098 E0.195
G1 X37.724 Y78.034 E0.00641
G1 X37.514 Y77.854 E0.00758
G1 X37.4 Y77.569 E0.00841
G1 X37.401 Y22.454 E1.5105
G1 X37.445 Y22.27 E0.00518
G1 X37.575 Y22.075 E0.00642
G1 X37.769 Y21.945 E0.0064
G1 X37.954 Y21.901 E0.00521
G1 X62.046 Y21.901 E0.66027
G1 X62.317 Y21.99 E0.00782
G1 X62.457 Y22.109 E0.00504
G0 F1320 X62.91 Y22.109
G0 X37.162 Y21.662
G0 X36.309 Y78.726
G0 X35.735 Y79.146
M204 P150
;TYPE:WALL-OUTER
G1 F480 X36.018 Y79.478 E0.01184
G1 X36.351 Y79.761 E0.01186
G1 X36.72 Y79.989 E0.01177
G1 X37.134 Y80.16 E0.01216
G1 X37.564 Y80.261 E0.01199
G1 X38.013 Y80.3 E0.01223
G1 X45.464 Y80.3 E0.20222
G1 X45.464 Y77.7 E0.07056
G1 X37.983 Y77.7 E0.20304
G1 X37.87 Y77.653 E0.00332
G1 X37.8 Y77.516 E0.00418
G1 X37.8 Y22.432 E1.49499
G1 X37.893 Y22.33 E0.00375
G1 X37.984 Y22.3 E0.0026
G1 X62.016 Y22.3 E0.65223
G1 X62.153 Y22.369 E0.00416
G1 X62.2 Y22.482 E0.00332
G1 X62.2 Y77.57 E1.4951
G1 X62.105 Y77.671 E0.00376
G1 X62.018 Y77.7 E0.00249
G1 X54.533 Y77.7 E0.20314
G1 X54.536 Y80.3 E0.07056
G1 X61.987 Y80.3 E0.20222
G1 X62.436 Y80.262 E0.01223
G1 X62.862 Y80.161 E0.01188
G1 X63.277 Y79.989 E0.01219
G1 X63.649 Y79.761 E0.01184
G1 X63.977 Y79.478 E0.01176
G1 X64.261 Y79.146 E0.01186
G1 X64.489 Y78.772 E0.01189
G1 X64.661 Y78.362 E0.01207
G1 X64.762 Y77.932 E0.01199
G1 X64.8 Y77.487 E0.01212
G1 X64.8 Y22.505 E1.49223
G1 X64.762 Y22.064 E0.01201
G1 X64.661 Y21.634 E0.01199
G1 X64.489 Y21.22 E0.01217
G1 X64.261 Y20.851 E0.01177
G1 X63.978 Y20.518 E0.01186
G1 X63.649 Y20.238 E0.01173
G1 X63.276 Y20.007 E0.01191
G1 X62.862 Y19.835 E0.01217
G1 X62.437 Y19.735 E0.01185
G1 X61.988 Y19.701 E0.01222
G1 X38.012 Y19.7 E0.65072
G1 X37.563 Y19.735 E0.01222
G1 X37.134 Y19.835 E0.01196
G1 X36.721 Y20.007 E0.01214
G1 X36.351 Y20.239 E0.01185
G1 X36.018 Y20.518 E0.01179
G1 X35.739 Y20.851 E0.01179
G1 X35.507 Y21.221 E0.01185
G1 X35.335 Y21.634 E0.01214
G1 X35.235 Y22.063 E0.01196
G1 X35.2 Y22.512 E0.01222
G1 X35.2 Y77.496 E1.49228
G1 X35.235 Y77.933 E0.0119
G1 X35.335 Y78.362 E0.01196
G1 X35.507 Y78.772 E0.01207
G1 X35.735 Y79.146 E0.01189
G0 F1320 X35.864 Y79.298
G0 X36.632 Y78.641
;MESH:NONMESH
G0 F600 X36.632 Y78.641 Z4.2
G0 F1320 X43.876 Y79
;TIME_ELAPSED:9578.982180
;LAYER:25
M204 P200
;TYPE:WALL-INNER
;MESH:flasherBot.STL
G1 F321.1 X37.859 Y79 E0.24653
G1 F322.7 X37.533 Y78.922 E0.01367
G1 X37.117 Y78.71 E0.01903
G1 F322.1 X36.789 Y78.382 E0.01894
G1 F321.6 X36.574 Y77.961 E0.01934
G1 F320.5 X36.5 Y77.445 E0.02139
G1 X36.5 Y22.327 E2.2621
G1 F321.1 X36.665 Y21.818 E0.02192
G1 X36.94 Y21.44 E0.01915
G1 X37.318 Y21.165 E0.01915
G1 F321.6 X37.827 Y21 E0.02189
G1 F322.1 X62 Y21.002 E0.98712
G1 X62.462 Y21.074 E0.01909
G1 F321.6 X62.682 Y21.166 E0.00975
G1 X63.058 Y21.439 E0.01901
G1 F322.1 X63.33 Y21.812 E0.01885
G1 F322.7 X63.478 Y22.269 E0.01958
G1 F321.6 X63.5 Y22.561 E0.01198
G1 F320 X63.5 Y77.432 E2.25572
G1 F322.1 X63.424 Y77.961 E0.02182
G1 F323.8 X63.208 Y78.383 E0.01926
G1 F323.2 X62.883 Y78.71 E0.01876
G1 F323.8 X62.688 Y78.83 E0.0093
G1 F323.2 X62.163 Y79 E0.02246
G1 F321.1 X56.12 Y79 E0.2476
G0 F1320 X55.62 Y78.5
G1 F480 X55.62 Y79.5 E0.02741
G1 X61.954 Y79.5 E0.17359
G1 X62.615 Y79.398 E0.01833
G1 X63.176 Y79.113 E0.01725
G1 X63.611 Y78.675 E0.01692
G1 X63.897 Y78.114 E0.01726
G1 X64 Y77.453 E0.01833
G1 X64 Y22.54 E1.50496
G1 X63.897 Y21.88 E0.01831
G1 X63.774 Y21.585 E0.00876
G1 X63.411 Y21.086 E0.01691
G1 X62.91 Y20.721 E0.01699
G1 X62.313 Y20.528 E0.0172
G1 X61.939 Y20.501 E0.01028
G1 X38.042 Y20.5 E0.65493
G1 X37.38 Y20.598 E0.01834
G1 X37.089 Y20.72 E0.00865
G1 X36.586 Y21.086 E0.01705
G1 X36.22 Y21.589 E0.01705
G1 X36.098 Y21.88 E0.00865
G1 X36 Y22.542 E0.01834
G1 X36 Y77.464 E1.50521
G1 X36.098 Y78.115 E0.01804
G1 X36.385 Y78.675 E0.01725
G1 X36.823 Y79.113 E0.01698
G1 X37.38 Y79.396 E0.01712
G1 X38.046 Y79.5 E0.01847
G1 X44.376 Y79.5 E0.17348
G1 X44.376 Y78.5 E0.02741
G1 X37.916 Y78.497 E0.17705
G1 X37.54 Y78.389 E0.01072
G1 X37.35 Y78.261 E0.00628
G1 X37.146 Y78.022 E0.00861
G1 X37.003 Y77.674 E0.01031
G1 X37.002 Y22.424 E1.5142
G1 X37.05 Y22.188 E0.0066
G1 X37.152 Y21.969 E0.00662
G1 X37.292 Y21.792 E0.00618
G1 X37.616 Y21.576 E0.01067
G1 X37.923 Y21.502 E0.00865
G1 X62.076 Y21.502 E0.66195
G1 X62.383 Y21.575 E0.00865
G1 X62.761 Y21.849 E0.01279
G1 X62.924 Y22.116 E0.00857
G1 X62.998 Y22.413 E0.00839
G1 X62.998 Y77.586 E1.51209
G1 X62.952 Y77.809 E0.00624
G1 X62.762 Y78.15 E0.0107
G1 X62.46 Y78.39 E0.01057
G1 X62.086 Y78.497 E0.01066
G1 X55.62 Y78.5 E0.17721
G0 F1320 X62.838 Y78.338
G0 X62.838 Y21.662
G0 X38.027 Y20.41
G0 X38.027 Y20.1
G1 F480 X37.625 Y20.131 E0.01105
G1 X37.257 Y20.217 E0.01036
G1 X36.905 Y20.364 E0.01045
G1 X36.302 Y20.802 E0.02043
G1 X35.864 Y21.405 E0.02043
G1 X35.717 Y21.757 E0.01045
G1 X35.631 Y22.125 E0.01036
G1 X35.6 Y22.527 E0.01105
G1 X35.6 Y77.48 E1.50606
G1 X35.631 Y77.871 E0.01075
G1 X35.717 Y78.238 E0.01033
G1 X35.864 Y78.59 E0.01045
G1 X36.06 Y78.91 E0.01028
G1 X36.302 Y79.194 E0.01023
G1 X36.587 Y79.437 E0.01026
G1 X36.903 Y79.631 E0.01016
G1 X37.257 Y79.778 E0.01051
G1 X37.627 Y79.865 E0.01042
G1 X38.03 Y79.9 E0.01109
G1 X44.776 Y79.9 E0.18488
G1 X44.776 Y78.1 E0.04933
G1 X37.949 Y78.098 E0.1871
G1 X37.724 Y78.034 E0.00641
G1 X37.514 Y77.854 E0.00758
G1 X37.4 Y77.569 E0.00841
G1 X37.401 Y22.454 E1.5105
G1 X37.445 Y22.27 E0.00518
G1 X37.575 Y22.075 E0.00642
G1 X37.769 Y21.945 E0.0064
G1 X37.954 Y21.901 E0.00521
G1 X62.046 Y21.901 E0.66027
G1 X62.317 Y21.99 E0.00782
G1 X62.457 Y22.109 E0.00504
G1 X62.555 Y22.27 E0.00517
G1 X62.599 Y22.448 E0.00503
G1 X62.599 Y77.552 E1.5102
G1 X62.513 Y77.813 E0.00753
G1 X62.424 Y77.926 E0.00394
G1 X62.231 Y78.055 E0.00636
G1 X62.052 Y78.098 E0.00505
G1 X55.22 Y78.1 E0.18724
G1 X55.22 Y79.9 E0.04933
G1 X61.97 Y79.9 E0.18499
G1 X62.373 Y79.866 E0.01108
G1 X62.738 Y79.779 E0.01028
G1 X63.095 Y79.631 E0.01059
G1 X63.413 Y79.437 E0.01021
G1 X63.693 Y79.195 E0.01014
G1 X63.936 Y78.91 E0.01026
G1 X64.131 Y78.59 E0.01027
G1 X64.279 Y78.238 E0.01047
G1 X64.366 Y77.869 E0.01039
G1 X64.4 Y77.47 E0.01097
G1 X64.4 Y22.522 E1.50592
G1 X64.366 Y22.127 E0.01087
G1 X64.279 Y21.757 E0.01042
G1 X64.132 Y21.402 E0.01053
G1 X63.937 Y21.087 E0.01015
G1 X63.694 Y20.802 E0.01026
G1 X63.413 Y20.562 E0.01013
G1 X63.093 Y20.364 E0.01031
G1 X62.738 Y20.217 E0.01053
G1 X62.375 Y20.131 E0.01022
G1 X61.973 Y20.101 E0.01105
G1 X38.027 Y20.1 E0.65627
G0 F1320 X37.563 Y19.735
M204 P150
;TYPE:WALL-OUTER
G1 F480 X37.134 Y19.835 E0.01196
G1 X36.721 Y20.007 E0.01214
G1 X36.351 Y20.239 E0.01185
G1 X36.018 Y20.518 E0.01179
G1 X35.739 Y20.851 E0.01179
G1 X35.507 Y21.221 E0.01185
G1 X35.335 Y21.634 E0.01214
G1 X35.235 Y22.063 E0.01196
G1 X35.2 Y22.512 E0.01222
G1 X35.2 Y77.496 E1.49228
G1 X35.235 Y77.933 E0.0119
G1 X35.335 Y78.362 E0.01196
G1 X35.507 Y78.772 E0.01207
G1 X35.735 Y79.146 E0.01189
G1 X36.018 Y79.478 E0.01184
G1 X36.351 Y79.761 E0.01186
G1 X36.72 Y79.989 E0.01177
G1 X37.134 Y80.16 E0.01216
G1 X37.564 Y80.261 E0.01199
G1 X38.013 Y80.3 E0.01223
G1 X45.176 Y80.3 E0.19441
G1 X45.176 Y77.7 E0.07056
G1 X37.983 Y77.7 E0.19522
G1 X37.87 Y77.653 E0.00332
G1 X37.8 Y77.516 E0.00418
G1 X37.8 Y22.432 E1.49499
G1 X37.893 Y22.33 E0.00375
G1 X37.984 Y22.3 E0.0026
G1 X62.016 Y22.3 E0.65223
G1 X62.153 Y22.369 E0.00416
G1 X62.2 Y22.482 E0.00332
G1 X62.2 Y77.57 E1.4951
G1 X62.105 Y77.671 E0.00376
G1 X62.018 Y77.7 E0.00249
G1 X54.82 Y77.7 E0.19536
G1 X54.82 Y80.3 E0.07056
G1 X61.987 Y80.3 E0.19451
G1 X62.436 Y80.262 E0.01223
G1 X62.862 Y80.161 E0.01188
G1 X63.277 Y79.989 E0.01219
G1 X63.649 Y79.761 E0.01184
G1 X63.977 Y79.478 E0.01176
G1 X64.261 Y79.146 E0.01186
G1 X64.489 Y78.772 E0.01189
G1 X64.661 Y78.362 E0.01207
G1 X64.762 Y77.932 E0.01199
G1 X64.8 Y77.487 E0.01212
G1 X64.8 Y22.505 E1.49223
G1 X64.762 Y22.064 E0.01201
G1 X64.661 Y21.634 E0.01199
G1 X64.489 Y21.22 E0.01217
G1 X64.261 Y20.851 E0.01177
G1 X63.978 Y20.518 E0.01186
G1 X63.649 Y20.238 E0.01173
G1 X63.276 Y20.007 E0.01191
G1 X62.862 Y19.835 E0.01217
G1 X62.437 Y19.735 E0.01185
G1 X61.988 Y19.701 E0.01222
G1 X38.012 Y19.7 E0.65072
G1 X37.563 Y19.735 E0.01222
G0 F1320 X37.369 Y19.78
G0 X37.602 Y20.764
;MESH:NONMESH
G0 F600 X37.602 Y20.764 Z4.36
G0 F1320 X37.162 Y21.662
G0 X37.162 Y78.338
G0 X43.716 Y79
;TIME_ELAPSED:9734.557123
;LAYER:26
M204 P200
;TYPE:WALL-INNER
;MESH:flasherBot.STL
G1 F321.1 X37.859 Y79 E0.23998
G1 F322.7 X37.533 Y78.922 E0.01367
G1 X37.117 Y78.71 E0.01903
G1 F322.1 X36.789 Y78.382 E0.01894
G1 F321.6 X36.574 Y77.961 E0.01934
G1 F320.5 X36.5 Y77.445 E0.02139
G1 X36.5 Y22.327 E2.2621
G1 F321.1 X36.665 Y21.818 E0.02192
G1 X36.94 Y21.44 E0.01915
G1 X37.318 Y21.165 E0.01915
G1 F321.6 X37.827 Y21 E0.02189
G1 F322.1 X62 Y21.002 E0.98712
G1 X62.462 Y21.074 E0.01909
G1 F321.6 X62.682 Y21.166 E0.00975
G1 X63.058 Y21.439 E0.01901
G1 F322.1 X63.33 Y21.812 E0.01885
G1 F322.7 X63.478 Y22.269 E0.01958
G1 F321.6 X63.5 Y22.561 E0.01198
G1 F320 X63.5 Y77.432 E2.25572
G1 F322.1 X63.424 Y77.961 E0.02182
G1 F323.8 X63.208 Y78.383 E0.01926
G1 F323.2 X62.883 Y78.71 E0.01876
G1 F323.8 X62.688 Y78.83 E0.0093
G1 F323.2 X62.163 Y79 E0.02246
G1 F321.1 X56.28 Y79 E0.24104
G0 F1320 X62.838 Y78.338
G0 X62.838 Y21.662
G0 X37.162 Y21.662
G0 X36.385 Y78.675
G1 F480 X36.823 Y79.113 E0.01698
G1 X37.38 Y79.396 E0.01712
G1 X38.046 Y79.5 E0.01847
G1 X44.216 Y79.5 E0.1691
G1 X44.216 Y78.5 E0.02741
G1 X37.916 Y78.497 E0.17266
G1 X37.54 Y78.389 E0.01072
G1 X37.35 Y78.261 E0.00628
G1 X37.146 Y78.022 E0.00861
G1 X37.003 Y77.674 E0.01031
G1 X37.002 Y22.424 E1.5142
G1 X37.05 Y22.188 E0.0066
G1 X37.152 Y21.969 E0.00662
G1 X37.292 Y21.792 E0.00618
G1 X37.616 Y21.576 E0.01067
G1 X37.923 Y21.502 E0.00865
G1 X62.076 Y21.502 E0.66195
G1 X62.383 Y21.575 E0.00865
G1 X62.761 Y21.849 E0.01279
G1 X62.924 Y22.116 E0.00857
G1 X62.998 Y22.413 E0.00839
G1 X62.998 Y77.586 E1.51209
G1 X62.952 Y77.809 E0.00624
G1 X62.762 Y78.15 E0.0107
G1 X62.46 Y78.39 E0.01057
G1 X62.086 Y78.497 E0.01066
G1 X55.78 Y78.5 E0.17282
G1 X55.78 Y79.5 E0.02741
G1 X61.954 Y79.5 E0.16921
G1 X62.615 Y79.398 E0.01833
G1 X63.176 Y79.113 E0.01725
G1 X63.611 Y78.675 E0.01692
G1 X63.897 Y78.114 E0.01726
G1 X64 Y77.453 E0.01833
G1 X64 Y22.54 E1.50496
G1 X63.897 Y21.88 E0.01831
G1 X63.774 Y21.585 E0.00876
G1 X63.411 Y21.086 E0.01691
G1 X62.91 Y20.721 E0.01699
G1 X62.313 Y20.528 E0.0172
G1 X61.939 Y20.501 E0.01028
G1 X38.042 Y20.5 E0.65493
G1 X37.38 Y20.598 E0.01834
G1 X37.089 Y20.72 E0.00865
G1 X36.586 Y21.086 E0.01705
G1 X36.22 Y21.589 E0.01705
G1 X36.098 Y21.88 E0.00865
G1 X36 Y22.542 E0.01834
G1 X36 Y77.464 E1.50521
G1 X36.098 Y78.115 E0.01804
G1 X36.385 Y78.675 E0.01725
G0 F1320 X36.524 Y21.024
G0 X36.302 Y20.802
G1 F480 X35.864 Y21.405 E0.02043
G1 X35.717 Y21.757 E0.01045
G1 X35.631 Y22.125 E0.01036
G1 X35.6 Y22.527 E0.01105
G1 X35.6 Y77.48 E1.50606
G1 X35.631 Y77.871 E0.01075
G1 X35.717 Y78.238 E0.01033
G1 X35.864 Y78.59 E0.01045
G1 X36.06 Y78.91 E0.01028
G1 X36.302 Y79.194 E0.01023
G1 X36.587 Y79.437 E0.01026
G1 X36.903 Y79.631 E0.01016
G1 X37.257 Y79.778 E0.01051
G1 X37.627 Y79.865 E0.01042
G1 X38.03 Y79.9 E0.01109
G1 X44.616 Y79.9 E0.1805
G1 X44.616 Y78.1 E0.04933
G1 X37.949 Y78.098 E0.18272
G1 X37.724 Y78.034 E0.00641
G1 X37.514 Y77.854 E0.00758
G1 X37.4 Y77.569 E0.00841
G1 X37.401 Y22.454 E1.5105
G1 X37.445 Y22.27 E0.00518
G1 X37.575 Y22.075 E0.00642
G1 X37.769 Y21.945 E0.0064
G1 X37.954 Y21.901 E0.00521
G1 X62.046 Y21.901 E0.66027
G1 X62.317 Y21.99 E0.00782
G1 X62.457 Y22.109 E0.00504
G1 X62.555 Y22.27 E0.00517
G1 X62.599 Y22.448 E0.00503
G1 X62.599 Y77.552 E1.5102
G1 X62.513 Y77.813 E0.00753
G1 X62.424 Y77.926 E0.00394
G1 X62.231 Y78.055 E0.00636
G1 X62.052 Y78.098 E0.00505
G1 X55.38 Y78.1 E0.18286
G1 X55.38 Y79.9 E0.04933
G1 X61.97 Y79.9 E0.18061
G1 X62.373 Y79.866 E0.01108
G1 X62.738 Y79.779 E0.01028
G1 X63.095 Y79.631 E0.01059
G1 X63.413 Y79.437 E0.01021
G1 X63.693 Y79.195 E0.01014
G1 X63.936 Y78.91 E0.01026
G1 X64.131 Y78.59 E0.01027
G1 X64.279 Y78.238 E0.01047
G1 X64.366 Y77.869 E0.01039
G1 X64.4 Y77.47 E0.01097
G1 X64.4 Y22.522 E1.50592
G1 X64.366 Y22.127 E0.01087
G1 X64.279 Y21.757 E0.01042
G1 X64.132 Y21.402 E0.01053
G1 X63.937 Y21.087 E0.01015
G1 X63.694 Y20.802 E0.01026
G1 X63.413 Y20.562 E0.01013
G1 X63.093 Y20.364 E0.01031
G1 X62.738 Y20.217 E0.01053
G1 X62.375 Y20.131 E0.01022
G1 X61.973 Y20.101 E0.01105
G1 X38.027 Y20.1 E0.65627
G1 X37.625 Y20.131 E0.01105
G1 X37.257 Y20.217 E0.01036
G1 X36.905 Y20.364 E0.01045
G1 X36.302 Y20.802 E0.02043
G0 F1320 X36.524 Y21.025
G0 X36.524 Y78.976
G0 X36.018 Y79.478
M204 P150
;TYPE:WALL-OUTER
G1 F480 X36.351 Y79.761 E0.01186
G1 X36.72 Y79.989 E0.01177
G1 X37.134 Y80.16 E0.01216
G1 X37.564 Y80.261 E0.01199
G1 X38.013 Y80.3 E0.01223
G1 X45.016 Y80.3 E0.19006
G1 X45.016 Y77.7 E0.07056
G1 X37.983 Y77.7 E0.19088
G1 X37.87 Y77.653 E0.00332
G1 X37.8 Y77.516 E0.00418
G1 X37.8 Y22.432 E1.49499
G1 X37.893 Y22.33 E0.00375
G1 X37.984 Y22.3 E0.0026
G1 X62.016 Y22.3 E0.65223
G1 X62.153 Y22.369 E0.00416
G1 X62.2 Y22.482 E0.00332
G1 X62.2 Y77.57 E1.4951
G1 X62.105 Y77.671 E0.00376
G1 X62.018 Y77.7 E0.00249
G1 X54.98 Y77.7 E0.19101
G1 X54.98 Y80.3 E0.07056
G1 X61.987 Y80.3 E0.19017
G1 X62.436 Y80.262 E0.01223
G1 X62.862 Y80.161 E0.01188
G1 X63.277 Y79.989 E0.01219
G1 X63.649 Y79.761 E0.01184
G1 X63.977 Y79.478 E0.01176
G1 X64.261 Y79.146 E0.01186
G1 X64.489 Y78.772 E0.01189
G1 X64.661 Y78.362 E0.01207
G1 X64.762 Y77.932 E0.01199
G1 X64.8 Y77.487 E0.01212
G1 X64.8 Y22.505 E1.49223
G1 X64.762 Y22.064 E0.01201
G1 X64.661 Y21.634 E0.01199
G1 X64.489 Y21.22 E0.01217
G1 X64.261 Y20.851 E0.01177
G1 X63.978 Y20.518 E0.01186
G1 X63.649 Y20.238 E0.01173
G1 X63.276 Y20.007 E0.01191
G1 X62.862 Y19.835 E0.01217
G1 X62.437 Y19.735 E0.01185
G1 X61.988 Y19.701 E0.01222
G1 X38.012 Y19.7 E0.65072
G1 X37.563 Y19.735 E0.01222
G1 X37.134 Y19.835 E0.01196
G1 X36.721 Y20.007 E0.01214
G1 X36.351 Y20.239 E0.01185
G1 X36.018 Y20.518 E0.01179
G1 X35.739 Y20.851 E0.01179
G1 X35.507 Y21.221 E0.01185
G1 X35.335 Y21.634 E0.01214
G1 X35.235 Y22.063 E0.01196
G1 X35.2 Y22.512 E0.01222
G1 X35.2 Y77.496 E1.49228
G1 X35.235 Y77.933 E0.0119
G1 X35.335 Y78.362 E0.01196
G1 X35.507 Y78.772 E0.01207
G1 X35.735 Y79.146 E0.01189
G1 X36.018 Y79.478 E0.01184
G0 F1320 X36.17 Y79.607
G0 X36.828 Y78.841
;MESH:NONMESH
G0 F600 X36.828 Y78.841 Z4.52
G0 F1320 X43.612 Y79
;TIME_ELAPSED:9895.095308
;LAYER:27
M204 P200
;TYPE:WALL-INNER
;MESH:flasherBot.STL
G1 F321.1 X37.859 Y79 E0.23571
G1 F322.7 X37.533 Y78.922 E0.01367
G1 X37.117 Y78.71 E0.01903
G1 F322.1 X36.789 Y78.382 E0.01894
G1 F321.6 X36.574 Y77.961 E0.01934
G1 F320.5 X36.5 Y77.445 E0.02139
G1 X36.5 Y22.327 E2.2621
G1 F321.1 X36.665 Y21.818 E0.02192
G1 X36.94 Y21.44 E0.01915
G1 X37.318 Y21.165 E0.01915
G1 F321.6 X37.827 Y21 E0.02189
G1 F322.1 X62 Y21.002 E0.98712
G1 X62.462 Y21.074 E0.01909
G1 F321.6 X62.682 Y21.166 E0.00975
G1 X63.058 Y21.439 E0.01901
G1 F322.1 X63.33 Y21.812 E0.01885
G1 F322.7 X63.478 Y22.269 E0.01958
G1 F321.6 X63.5 Y22.561 E0.01198
G1 F320 X63.5 Y77.432 E2.25572
G1 F322.1 X63.424 Y77.961 E0.02182
G1 F323.8 X63.208 Y78.383 E0.01926
G1 F323.2 X62.883 Y78.71 E0.01876
G1 F323.8 X62.688 Y78.83 E0.0093
G1 F323.2 X62.163 Y79 E0.02246
G1 F321.1 X56.386 Y79 E0.2367
G0 F1320 X62.838 Y78.338
G0 X62.838 Y21.662
G0 X62.313 Y20.528
G1 F480 X61.939 Y20.501 E0.01028
G1 X38.042 Y20.5 E0.65493
G1 X37.38 Y20.598 E0.01834
G1 X37.089 Y20.72 E0.00865
G1 X36.586 Y21.086 E0.01705
G1 X36.22 Y21.589 E0.01705
G1 X36.098 Y21.88 E0.00865
G1 X36 Y22.542 E0.01834
G1 X36 Y77.464 E1.50521
G1 X36.098 Y78.115 E0.01804
G1 X36.385 Y78.675 E0.01725
G1 X36.823 Y79.113 E0.01698
G1 X37.38 Y79.396 E0.01712
G1 X38.046 Y79.5 E0.01847
G1 X44.112 Y79.5 E0.16625
G1 X44.112 Y78.5 E0.02741
G1 X37.916 Y78.497 E0.16981
G1 X37.54 Y78.389 E0.01072
G1 X37.35 Y78.261 E0.00628
G1 X37.146 Y78.022 E0.00861
G1 X37.003 Y77.674 E0.01031
G1 X37.002 Y22.424 E1.5142
G1 X37.05 Y22.188 E0.0066
G1 X37.152 Y21.969 E0.00662
G1 X37.292 Y21.792 E0.00618
G1 X37.616 Y21.576 E0.01067
G1 X37.923 Y21.502 E0.00865
G1 X62.076 Y21.502 E0.66195
G1 X62.383 Y21.575 E0.00865
G1 X62.761 Y21.849 E0.01279
G1 X62.924 Y22.116 E0.00857
G1 X62.998 Y22.413 E0.00839
G1 X62.998 Y77.586 E1.51209
G1 X62.952 Y77.809 E0.00624
G1 X62.762 Y78.15 E0.0107
G1 X62.46 Y78.39 E0.01057
G1 X62.086 Y78.497 E0.01066
G1 X55.886 Y78.5 E0.16992
G1 X55.887 Y79.5 E0.02741
G1 X61.954 Y79.5 E0.16627
G1 X62.615 Y79.398 E0.01833
G1 X63.176 Y79.113 E0.01725
G1 X63.611 Y78.675 E0.01692
G1 X63.897 Y78.114 E0.01726
G1 X64 Y77.453 E0.01833
G1 X64 Y22.54 E1.50496
G1 X63.897 Y21.88 E0.01831
G1 X63.774 Y21.585 E0.00876
G1 X63.411 Y21.086 E0.01691
G1 X62.91 Y20.721 E0.01699
G1 X62.313 Y20.528 E0.0172
G0 F1320 X62.838 Y21.662
G0 X63.226 Y79.191
G0 X63.413 Y79.437
G1 F480 X63.693 Y79.195 E0.01014
G1 X63.936 Y78.91 E0.01026
G1 X64.131 Y78.59 E0.01027
G1 X64.279 Y78.238 E0.01047
G1 X64.366 Y77.869 E0.01039
G1 X64.4 Y77.47 E0.01097
G1 X64.4 Y22.522 E1.50592
G1 X64.366 Y22.127 E0.01087
G1 X64.279 Y21.757 E0.01042
G1 X64.132 Y21.402 E0.01053
G1 X63.937 Y21.087 E0.01015
G1 X63.694 Y20.802 E0.01026
G1 X63.413 Y20.562 E0.01013
G1 X63.093 Y20.364 E0.01031
G1 X62.738 Y20.217 E0.01053
G1 X62.375 Y20.131 E0.01022
G1 X61.973 Y20.101 E0.01105
G1 X38.027 Y20.1 E0.65627
G1 X37.625 Y20.131 E0.01105
G1 X37.257 Y20.217 E0.01036
G1 X36.905 Y20.364 E0.01045
G1 X36.302 Y20.802 E0.02043
G1 X35.864 Y21.405 E0.02043
G1 X35.717 Y21.757 E0.01045
G1 X35.631 Y22.125 E0.01036
G1 X35.6 Y22.527 E0.01105
G1 X35.6 Y77.48 E1.50606
G1 X35.631 Y77.871 E0.01075
G1 X35.717 Y78.238 E0.01033
G1 X35.864 Y78.59 E0.01045
G1 X36.06 Y78.91 E0.01028
G1 X36.302 Y79.194 E0.01023
G1 X36.587 Y79.437 E0.01026
G1 X36.903 Y79.631 E0.01016
G1 X37.257 Y79.778 E0.01051
G1 X37.627 Y79.865 E0.01042
G1 X38.03 Y79.9 E0.01109
G1 X44.512 Y79.9 E0.17765
G1 X44.512 Y78.1 E0.04933
G1 X37.949 Y78.098 E0.17987
G1 X37.724 Y78.034 E0.00641
G1 X37.514 Y77.854 E0.00758
G1 X37.4 Y77.569 E0.00841
G1 X37.401 Y22.454 E1.5105
G1 X37.445 Y22.27 E0.00518
G1 X37.575 Y22.075 E0.00642
G1 X37.769 Y21.945 E0.0064
G1 X37.954 Y21.901 E0.00521
G1 X62.046 Y21.901 E0.66027
G1 X62.317 Y21.99 E0.00782
G1 X62.457 Y22.109 E0.00504
G1 X62.555 Y22.27 E0.00517
G1 X62.599 Y22.448 E0.00503
G1 X62.599 Y77.552 E1.5102
G1 X62.513 Y77.813 E0.00753
G1 X62.424 Y77.926 E0.00394
G1 X62.231 Y78.055 E0.00636
G1 X62.052 Y78.098 E0.00505
G1 X55.485 Y78.1 E0.17998
G1 X55.488 Y79.9 E0.04933
G1 X61.97 Y79.9 E0.17765
G1 X62.373 Y79.866 E0.01108
G1 X62.738 Y79.779 E0.01028
G1 X63.095 Y79.631 E0.01059
G1 X63.413 Y79.437 E0.01021
G0 F1320 X63.226 Y79.189
G0 X62.105 Y78.41
G0 X62.105 Y77.671
M204 P150
;TYPE:WALL-OUTER
G1 F480 X62.018 Y77.7 E0.00249
G1 X55.085 Y77.7 E0.18816
G1 X55.088 Y80.3 E0.07056
G1 X61.987 Y80.3 E0.18724
G1 X62.436 Y80.262 E0.01223
G1 X62.862 Y80.161 E0.01188
G1 X63.277 Y79.989 E0.01219
G1 X63.649 Y79.761 E0.01184
G1 X63.977 Y79.478 E0.01176
G1 X64.261 Y79.146 E0.01186
G1 X64.489 Y78.772 E0.01189
G1 X64.661 Y78.362 E0.01207
G1 X64.762 Y77.932 E0.01199
G1 X64.8 Y77.487 E0.01212
G1 X64.8 Y22.505 E1.49223
G1 X64.762 Y22.064 E0.01201
G1 X64.661 Y21.634 E0.01199
G1 X64.489 Y21.22 E0.01217
G1 X64.261 Y20.851 E0.01177
G1 X63.978 Y20.518 E0.01186
G1 X63.649 Y20.238 E0.01173
G1 X63.276 Y20.007 E0.01191
G1 X62.862 Y19.835 E0.01217
G1 X62.437 Y19.735 E0.01185
G1 X61.988 Y19.701 E0.01222
G1 X38.012 Y19.7 E0.65072
G1 X37.563 Y19.735 E0.01222
G1 X37.134 Y19.835 E0.01196
G1 X36.721 Y20.007 E0.01214
G1 X36.351 Y20.239 E0.01185
G1 X36.018 Y20.518 E0.01179
G1 X35.739 Y20.851 E0.01179
G1 X35.507 Y21.221 E0.01185
G1 X35.335 Y21.634 E0.01214
G1 X35.235 Y22.063 E0.01196
G1 X35.2 Y22.512 E0.01222
G1 X35.2 Y77.496 E1.49228
G1 X35.235 Y77.933 E0.0119
G1 X35.335 Y78.362 E0.01196
G1 X35.507 Y78.772 E0.01207
G1 X35.735 Y79.146 E0.01189
G1 X36.018 Y79.478 E0.01184
G1 X36.351 Y79.761 E0.01186
G1 X36.72 Y79.989 E0.01177
G1 X37.134 Y80.16 E0.01216
G1 X37.564 Y80.261 E0.01199
G1 X38.013 Y80.3 E0.01223
G1 X44.912 Y80.3 E0.18724
G1 X44.912 Y77.7 E0.07056
G1 X37.983 Y77.7 E0.18805
G1 X37.87 Y77.653 E0.00332
G1 X37.8 Y77.516 E0.00418
G1 X37.8 Y22.432 E1.49499
G1 X37.893 Y22.33 E0.00375
G1 X37.984 Y22.3 E0.0026
G1 X62.016 Y22.3 E0.65223
G1 X62.153 Y22.369 E0.00416
G1 X62.2 Y22.482 E0.00332
G1 X62.2 Y77.57 E1.4951
G1 X62.105 Y77.671 E0.00376
G0 F1320 X62.018 Y77.7
G0 X61.91 Y77.7
G0 X61.91 Y78.71
;MESH:NONMESH
G0 F600 X61.91 Y78.71 Z4.68
G0 F1320 X62.838 Y78.338
G0 X62.838 Y21.662
G0 X37.162 Y21.662
G0 X37.162 Y78.338
G0 X43.544 Y79
;TIME_ELAPSED:10055.572400
;LAYER:28
M204 P200
;TYPE:WALL-INNER
;MESH:flasherBot.STL
G1 F321.1 X37.859 Y79 E0.23293
G1 F322.7 X37.533 Y78.922 E0.01367
G1 X37.117 Y78.71 E0.01903
G1 F322.1 X36.789 Y78.382 E0.01894
G1 F321.6 X36.574 Y77.961 E0.01934
G1 F320.5 X36.5 Y77.445 E0.02139
G1 X36.5 Y22.327 E2.2621
G1 F321.1 X36.665 Y21.818 E0.02192
G1 X36.94 Y21.44 E0.01915
G1 X37.318 Y21.165 E0.01915
G1 F321.6 X37.827 Y21 E0.02189
G1 F322.1 X62 Y21.002 E0.98712
G1 X62.462 Y21.074 E0.01909
G1 F321.6 X62.682 Y21.166 E0.00975
G1 X63.058 Y21.439 E0.01901
G1 F322.1 X63.33 Y21.812 E0.01885
G1 F322.7 X63.478 Y22.269 E0.01958
G1 F321.6 X63.5 Y22.561 E0.01198
G1 F320 X63.5 Y77.432 E2.25572
G1 F322.1 X63.424 Y77.961 E0.02182
G1 F323.8 X63.208 Y78.383 E0.01926
G1 F323.2 X62.883 Y78.71 E0.01876
G1 F323.8 X62.688 Y78.83 E0.0093
G1 F323.2 X62.163 Y79 E0.02246
G1 F321.1 X56.452 Y79 E0.23399
G0 F1320 X62.838 Y78.338
G0 X62.838 Y21.662
G0 X37.162 Y21.662
G0 X37.162 Y78.338
G0 X44.044 Y79.5
G1 F480 X44.044 Y78.5 E0.02741
G1 X37.916 Y78.497 E0.16795
G1 X37.54 Y78.389 E0.01072
G1 X37.35 Y78.261 E0.00628
G1 X37.146 Y78.022 E0.00861
G1 X37.003 Y77.674 E0.01031
G1 X37.002 Y22.424 E1.5142
G1 X37.05 Y22.188 E0.0066
G1 X37.152 Y21.969 E0.00662
G1 X37.292 Y21.792 E0.00618
G1 X37.616 Y21.576 E0.01067
G1 X37.923 Y21.502 E0.00865
G1 X62.076 Y21.502 E0.66195
G1 X62.383 Y21.575 E0.00865
G1 X62.761 Y21.849 E0.01279
G1 X62.924 Y22.116 E0.00857
G1 X62.998 Y22.413 E0.00839
G1 X62.998 Y77.586 E1.51209
G1 X62.952 Y77.809 E0.00624
G1 X62.762 Y78.15 E0.0107
G1 X62.46 Y78.39 E0.01057
G1 X62.086 Y78.497 E0.01066
G1 X55.952 Y78.5 E0.16811
G1 X55.952 Y79.5 E0.02741
G1 X61.954 Y79.5 E0.16449
G1 X62.615 Y79.398 E0.01833
G1 X63.176 Y79.113 E0.01725
G1 X63.611 Y78.675 E0.01692
G1 X63.897 Y78.114 E0.01726
G1 X64 Y77.453 E0.01833
G1 X64 Y22.54 E1.50496
G1 X63.897 Y21.88 E0.01831
G1 X63.774 Y21.585 E0.00876
G1 X63.411 Y21.086 E0.01691
G1 X62.91 Y20.721 E0.01699
G1 X62.313 Y20.528 E0.0172
G1 X61.939 Y20.501 E0.01028
G1 X38.042 Y20.5 E0.65493
G1 X37.38 Y20.598 E0.01834
G1 X37.089 Y20.72 E0.00865
G1 X36.586 Y21.086 E0.01705
G1 X36.22 Y21.589 E0.01705
G1 X36.098 Y21.88 E0.00865
G1 X36 Y22.542 E0.01834
G1 X36 Y77.464 E1.50521
G1 X36.098 Y78.115 E0.01804
G1 X36.385 Y78.675 E0.01725
G1 X36.823 Y79.113 E0.01698
G1 X37.38 Y79.396 E0.01712
G1 X38.046 Y79.5 E0.01847
G1 X44.044 Y79.5 E0.16438
G0 F1320 X37.678 Y79.563
G0 X37.627 Y79.865
G1 F480 X38.03 Y79.9 E0.01109
G1 X44.444 Y79.9 E0.17578
G1 X44.444 Y78.1 E0.04933
G1 X37.949 Y78.098 E0.178
G1 X37.724 Y78.034 E0.00641
G1 X37.514 Y77.854 E0.00758
G1 X37.4 Y77.569 E0.00841
G1 X37.401 Y22.454 E1.5105
G1 X37.445 Y22.27 E0.00518
G1 X37.575 Y22.075 E0.00642
G1 X37.769 Y21.945 E0.0064
G1 X37.954 Y21.901 E0.00521
G1 X62.046 Y21.901 E0.66027
G1 X62.317 Y21.99 E0.00782
G1 X62.457 Y22.109 E0.00504
G1 X62.555 Y22.27 E0.00517
G1 X62.599 Y22.448 E0.00503
G1 X62.599 Y77.552 E1.5102
G1 X62.513 Y77.813 E0.00753
G1 X62.424 Y77.926 E0.00394
G1 X62.231 Y78.055 E0.00636
G1 X62.052 Y78.098 E0.00505
G1 X55.552 Y78.1 E0.17814
G1 X55.552 Y79.9 E0.04933
G1 X61.97 Y79.9 E0.17589
G1 X62.373 Y79.866 E0.01108
G1 X62.738 Y79.779 E0.01028
G1 X63.095 Y79.631 E0.01059
G1 X63.413 Y79.437 E0.01021
G1 X63.693 Y79.195 E0.01014
G1 X63.936 Y78.91 E0.01026
G1 X64.131 Y78.59 E0.01027
G1 X64.279 Y78.238 E0.01047
G1 X64.366 Y77.869 E0.01039
G1 X64.4 Y77.47 E0.01097
G1 X64.4 Y22.522 E1.50592
G1 X64.366 Y22.127 E0.01087
G1 X64.279 Y21.757 E0.01042
G1 X64.132 Y21.402 E0.01053
G1 X63.937 Y21.087 E0.01015
G1 X63.694 Y20.802 E0.01026
G1 X63.413 Y20.562 E0.01013
G1 X63.093 Y20.364 E0.01031
G1 X62.738 Y20.217 E0.01053
G1 X62.375 Y20.131 E0.01022
G1 X61.973 Y20.101 E0.01105
G1 X38.027 Y20.1 E0.65627
G1 X37.625 Y20.131 E0.01105
G1 X37.257 Y20.217 E0.01036
G1 X36.905 Y20.364 E0.01045
G1 X36.302 Y20.802 E0.02043
G1 X35.864 Y21.405 E0.02043
G1 X35.717 Y21.757 E0.01045
G1 X35.631 Y22.125 E0.01036
G1 X35.6 Y22.527 E0.01105
G1 X35.6 Y77.48 E1.50606
G1 X35.631 Y77.871 E0.01075
G1 X35.717 Y78.238 E0.01033
G1 X35.864 Y78.59 E0.01045
G1 X36.06 Y78.91 E0.01028
G1 X36.302 Y79.194 E0.01023
G1 X36.587 Y79.437 E0.01026
G1 X36.903 Y79.631 E0.01016
G1 X37.257 Y79.778 E0.01051
G1 X37.627 Y79.865 E0.01042
G0 F1320 X37.678 Y79.563
G0 X37.162 Y78.338
G0 X37.162 Y21.662
G0 X62.838 Y21.662
G0 X63.691 Y78.726
G0 X64.261 Y79.146
M204 P150
;TYPE:WALL-OUTER
G1 F480 X64.489 Y78.772 E0.01189
G1 X64.661 Y78.362 E0.01207
G1 X64.762 Y77.932 E0.01199
G1 X64.8 Y77.487 E0.01212
G1 X64.8 Y22.505 E1.49223
G1 X64.762 Y22.064 E0.01201
G1 X64.661 Y21.634 E0.01199
G1 X64.489 Y21.22 E0.01217
G1 X64.261 Y20.851 E0.01177
G1 X63.978 Y20.518 E0.01186
G1 X63.649 Y20.238 E0.01173
G1 X63.276 Y20.007 E0.01191
G1 X62.862 Y19.835 E0.01217
G1 X62.437 Y19.735 E0.01185
G1 X61.988 Y19.701 E0.01222
G1 X38.012 Y19.7 E0.65072
G1 X37.563 Y19.735 E0.01222
G1 X37.134 Y19.835 E0.01196
G1 X36.721 Y20.007 E0.01214
G1 X36.351 Y20.239 E0.01185
G1 X36.018 Y20.518 E0.01179
G1 X35.739 Y20.851 E0.01179
G1 X35.507 Y21.221 E0.01185
G1 X35.335 Y21.634 E0.01214
G1 X35.235 Y22.063 E0.01196
G1 X35.2 Y22.512 E0.01222
G1 X35.2 Y77.496 E1.49228
G1 X35.235 Y77.933 E0.0119
G1 X35.335 Y78.362 E0.01196
G1 X35.507 Y78.772 E0.01207
G1 X35.735 Y79.146 E0.01189
G1 X36.018 Y79.478 E0.01184
G1 X36.351 Y79.761 E0.01186
G1 X36.72 Y79.989 E0.01177
G1 X37.134 Y80.16 E0.01216
G1 X37.564 Y80.261 E0.01199
G1 X38.013 Y80.3 E0.01223
G1 X44.844 Y80.3 E0.1854
G1 X44.844 Y77.7 E0.07056
G1 X37.983 Y77.7 E0.18621
G1 X37.87 Y77.653 E0.00332
G1 X37.8 Y77.516 E0.00418
G1 X37.8 Y22.432 E1.49499
G1 X37.893 Y22.33 E0.00375
G1 X37.984 Y22.3 E0.0026
G1 X62.016 Y22.3 E0.65223
G1 X62.153 Y22.369 E0.00416
G1 X62.2 Y22.482 E0.00332
G1 X62.2 Y77.57 E1.4951
G1 X62.105 Y77.671 E0.00376
G1 X62.018 Y77.7 E0.00249
G1 X55.152 Y77.7 E0.18635
G1 X55.152 Y80.3 E0.07056
G1 X61.987 Y80.3 E0.1855
G1 X62.436 Y80.262 E0.01223
G1 X62.862 Y80.161 E0.01188
G1 X63.277 Y79.989 E0.01219
G1 X63.649 Y79.761 E0.01184
G1 X63.977 Y79.478 E0.01176
G1 X64.261 Y79.146 E0.01186
G0 F1320 X64.365 Y78.976
G0 X63.507 Y78.449
;MESH:NONMESH
G0 F600 X63.507 Y78.449 Z4.84
G0 F1320 X62.838 Y21.662
G0 X37.162 Y21.662
G0 X37.162 Y78.338
G0 X43.508 Y79
;TIME_ELAPSED:10223.901681
;LAYER:29
M204 P200
;TYPE:WALL-INNER
;MESH:flasherBot.STL
G1 F321.1 X37.859 Y79 E0.23145
G1 F322.7 X37.533 Y78.922 E0.01367
G1 X37.117 Y78.71 E0.01903
G1 F322.1 X36.789 Y78.382 E0.01894
G1 F321.6 X36.574 Y77.961 E0.01934
G1 F320.5 X36.5 Y77.445 E0.02139
G1 X36.5 Y22.327 E2.2621
G1 F321.1 X36.665 Y21.818 E0.02192
G1 X36.94 Y21.44 E0.01915
G1 X37.318 Y21.165 E0.01915
G1 F321.6 X37.827 Y21 E0.02189
G1 F322.1 X62 Y21.002 E0.98712
G1 X62.462 Y21.074 E0.01909
G1 F321.6 X62.682 Y21.166 E0.00975
G1 X63.058 Y21.439 E0.01901
G1 F322.1 X63.33 Y21.812 E0.01885
G1 F322.7 X63.478 Y22.269 E0.01958
G1 F321.6 X63.5 Y22.561 E0.01198
G1 F320 X63.5 Y77.432 E2.25572
G1 F322.1 X63.424 Y77.961 E0.02182
G1 F323.8 X63.208 Y78.383 E0.01926
G1 F323.2 X62.883 Y78.71 E0.01876
G1 F323.8 X62.688 Y78.83 E0.0093
G1 F323.2 X62.163 Y79 E0.02246
G1 F321.1 X56.488 Y79 E0.23252
G0 F1320 X62.838 Y78.338
G0 X62.952 Y77.809
G1 F480 X62.762 Y78.15 E0.0107
G1 X62.46 Y78.39 E0.01057
G1 X62.086 Y78.497 E0.01066
G1 X55.988 Y78.5 E0.16712
G1 X55.988 Y79.5 E0.02741
G1 X61.954 Y79.5 E0.16351
G1 X62.615 Y79.398 E0.01833
G1 X63.176 Y79.113 E0.01725
G1 X63.611 Y78.675 E0.01692
G1 X63.897 Y78.114 E0.01726
G1 X64 Y77.453 E0.01833
G1 X64 Y22.54 E1.50496
G1 X63.897 Y21.88 E0.01831
G1 X63.774 Y21.585 E0.00876
G1 X63.411 Y21.086 E0.01691
G1 X62.91 Y20.721 E0.01699
G1 X62.313 Y20.528 E0.0172
G1 X61.939 Y20.501 E0.01028
G1 X38.042 Y20.5 E0.65493
G1 X37.38 Y20.598 E0.01834
G1 X37.089 Y20.72 E0.00865
G1 X36.586 Y21.086 E0.01705
G1 X36.22 Y21.589 E0.01705
G1 X36.098 Y21.88 E0.00865
G1 X36 Y22.542 E0.01834
G1 X36 Y77.464 E1.50521
G1 X36.098 Y78.115 E0.01804
G1 X36.385 Y78.675 E0.01725
G1 X36.823 Y79.113 E0.01698
G1 X37.38 Y79.396 E0.01712
G1 X38.046 Y79.5 E0.01847
G1 X44.008 Y79.5 E0.1634
G1 X44.008 Y78.5 E0.02741
G1 X37.916 Y78.497 E0.16696
G1 X37.54 Y78.389 E0.01072
G1 X37.35 Y78.261 E0.00628
G1 X37.146 Y78.022 E0.00861
G1 X37.003 Y77.674 E0.01031
G1 X37.002 Y22.424 E1.5142
G1 X37.05 Y22.188 E0.0066
G1 X37.152 Y21.969 E0.00662
G1 X37.292 Y21.792 E0.00618
G1 X37.616 Y21.576 E0.01067
G1 X37.923 Y21.502 E0.00865
G1 X62.076 Y21.502 E0.66195
G1 X62.383 Y21.575 E0.00865
G1 X62.761 Y21.849 E0.01279
G1 X62.924 Y22.116 E0.00857
G1 X62.998 Y22.413 E0.00839
G1 X62.998 Y77.586 E1.51209
G1 X62.952 Y77.809 E0.00624
G0 F1320 X62.838 Y21.662
G0 X37.162 Y21.662
G0 X35.91 Y22.527
G0 X35.6 Y22.527
G1 F480 X35.6 Y77.48 E1.50606
G1 X35.631 Y77.871 E0.01075
G1 X35.717 Y78.238 E0.01033
G1 X35.864 Y78.59 E0.01045
G1 X36.06 Y78.91 E0.01028
G1 X36.302 Y79.194 E0.01023
G1 X36.587 Y79.437 E0.01026
G1 X36.903 Y79.631 E0.01016
G1 X37.257 Y79.778 E0.01051
G1 X37.627 Y79.865 E0.01042
G1 X38.03 Y79.9 E0.01109
G1 X44.408 Y79.9 E0.1748
G1 X44.408 Y78.1 E0.04933
G1 X37.949 Y78.098 E0.17702
G1 X37.724 Y78.034 E0.00641
G1 X37.514 Y77.854 E0.00758
G1 X37.4 Y77.569 E0.00841
G1 X37.401 Y22.454 E1.5105
G1 X37.445 Y22.27 E0.00518
G1 X37.575 Y22.075 E0.00642
G1 X37.769 Y21.945 E0.0064
G1 X37.954 Y21.901 E0.00521
G1 X62.046 Y21.901 E0.66027
G1 X62.317 Y21.99 E0.00782
G1 X62.457 Y22.109 E0.00504
G1 X62.555 Y22.27 E0.00517
G1 X62.599 Y22.448 E0.00503
G1 X62.599 Y77.552 E1.5102
G1 X62.513 Y77.813 E0.00753
G1 X62.424 Y77.926 E0.00394
G1 X62.231 Y78.055 E0.00636
G1 X62.052 Y78.098 E0.00505
G1 X55.588 Y78.1 E0.17715
G1 X55.588 Y79.9 E0.04933
G1 X61.97 Y79.9 E0.17491
G1 X62.373 Y79.866 E0.01108
G1 X62.738 Y79.779 E0.01028
G1 X63.095 Y79.631 E0.01059
G1 X63.413 Y79.437 E0.01021
G1 X63.693 Y79.195 E0.01014
G1 X63.936 Y78.91 E0.01026
G1 X64.131 Y78.59 E0.01027
G1 X64.279 Y78.238 E0.01047
G1 X64.366 Y77.869 E0.01039
G1 X64.4 Y77.47 E0.01097
G1 X64.4 Y22.522 E1.50592
G1 X64.366 Y22.127 E0.01087
G1 X64.279 Y21.757 E0.01042
G1 X64.132 Y21.402 E0.01053
G1 X63.937 Y21.087 E0.01015
G1 X63.694 Y20.802 E0.01026
G1 X63.413 Y20.562 E0.01013
G1 X63.093 Y20.364 E0.01031
G1 X62.738 Y20.217 E0.01053
G1 X62.375 Y20.131 E0.01022
G1 X61.973 Y20.101 E0.01105
G1 X38.027 Y20.1 E0.65627
G1 X37.625 Y20.131 E0.01105
G1 X37.257 Y20.217 E0.01036
G1 X36.905 Y20.364 E0.01045
G1 X36.302 Y20.802 E0.02043
G1 X35.864 Y21.405 E0.02043
G1 X35.717 Y21.757 E0.01045
G1 X35.631 Y22.125 E0.01036
G1 X35.6 Y22.527 E0.01105
G0 F1320 X35.91 Y22.527
G0 X37.162 Y21.662
G0 X62.838 Y21.662
G0 X63.226 Y79.191
G0 X63.649 Y79.761
M204 P150
;TYPE:WALL-OUTER
G1 F480 X63.977 Y79.478 E0.01176
G1 X64.261 Y79.146 E0.01186
G1 X64.489 Y78.772 E0.01189
G1 X64.661 Y78.362 E0.01207
G1 X64.762 Y77.932 E0.01199
G1 X64.8 Y77.487 E0.01212
G1 X64.8 Y22.505 E1.49223
G1 X64.762 Y22.064 E0.01201
G1 X64.661 Y21.634 E0.01199
G1 X64.489 Y21.22 E0.01217
G1 X64.261 Y20.851 E0.01177
G1 X63.978 Y20.518 E0.01186
G1 X63.649 Y20.238 E0.01173
G1 X63.276 Y20.007 E0.01191
G1 X62.862 Y19.835 E0.01217
G1 X62.437 Y19.735 E0.01185
G1 X61.988 Y19.701 E0.01222
G1 X38.012 Y19.7 E0.65072
G1 X37.563 Y19.735 E0.01222
G1 X37.134 Y19.835 E0.01196
G1 X36.721 Y20.007 E0.01214
G1 X36.351 Y20.239 E0.01185
G1 X36.018 Y20.518 E0.01179
G1 X35.739 Y20.851 E0.01179
G1 X35.507 Y21.221 E0.01185
G1 X35.335 Y21.634 E0.01214
G1 X35.235 Y22.063 E0.01196
G1 X35.2 Y22.512 E0.01222
G1 X35.2 Y77.496 E1.49228
G1 X35.235 Y77.933 E0.0119
G1 X35.335 Y78.362 E0.01196
G1 X35.507 Y78.772 E0.01207
G1 X35.735 Y79.146 E0.01189
G1 X36.018 Y79.478 E0.01184
G1 X36.351 Y79.761 E0.01186
G1 X36.72 Y79.989 E0.01177
G1 X37.134 Y80.16 E0.01216
G1 X37.564 Y80.261 E0.01199
G1 X38.013 Y80.3 E0.01223
G1 X44.808 Y80.3 E0.18442
G1 X44.808 Y77.7 E0.07056
G1 X37.983 Y77.7 E0.18523
G1 X37.87 Y77.653 E0.00332
G1 X37.8 Y77.516 E0.00418
G1 X37.8 Y22.432 E1.49499
G1 X37.893 Y22.33 E0.00375
G1 X37.984 Y22.3 E0.0026
G1 X62.016 Y22.3 E0.65223
G1 X62.153 Y22.369 E0.00416
G1 X62.2 Y22.482 E0.00332
G1 X62.2 Y77.57 E1.4951
G1 X62.105 Y77.671 E0.00376
G1 X62.018 Y77.7 E0.00249
G1 X55.188 Y77.7 E0.18537
G1 X55.188 Y80.3 E0.07056
G1 X61.987 Y80.3 E0.18453
G1 X62.436 Y80.262 E0.01223
G1 X62.862 Y80.161 E0.01188
G1 X63.277 Y79.989 E0.01219
G1 X63.649 Y79.761 E0.01184
G0 F1320 X63.8 Y79.631
G0 X63.145 Y78.864
;MESH:NONMESH
G0 F600 X63.145 Y78.864 Z5
G0 F1320 X62.838 Y21.662
G0 X37.162 Y21.662
G0 X37.162 Y78.338
G0 X43.5 Y79
;TIME_ELAPSED:10386.477087
;LAYER:30
M204 P200
;TYPE:WALL-INNER
;MESH:flasherBot.STL
G1 F321.1 X37.859 Y79 E0.23113
G1 F322.7 X37.533 Y78.922 E0.01367
G1 X37.117 Y78.71 E0.01903
G1 F322.1 X36.789 Y78.382 E0.01894
G1 F321.6 X36.574 Y77.961 E0.01934
G1 F320.5 X36.5 Y77.445 E0.02139
G1 X36.5 Y22.327 E2.2621
G1 F321.1 X36.665 Y21.818 E0.02192
G1 X36.94 Y21.44 E0.01915
G1 X37.318 Y21.165 E0.01915
G1 F321.6 X37.827 Y21 E0.02189
G1 F322.1 X62 Y21.002 E0.98712
G1 X62.462 Y21.074 E0.01909
G1 F321.6 X62.682 Y21.166 E0.00975
G1 X63.058 Y21.439 E0.01901
G1 F322.1 X63.33 Y21.812 E0.01885
G1 F322.7 X63.478 Y22.269 E0.01958
G1 F321.6 X63.5 Y22.561 E0.01198
G1 F320 X63.5 Y77.432 E2.25572
G1 F322.1 X63.424 Y77.961 E0.02182
G1 F323.8 X63.208 Y78.383 E0.01926
G1 F323.2 X62.883 Y78.71 E0.01876
G1 F323.8 X62.688 Y78.83 E0.0093
G1 F323.2 X62.163 Y79 E0.02246
G1 F321.1 X56.5 Y79 E0.23203
G0 F1320 X62.838 Y78.338
G0 X62.952 Y77.809
G1 F480 X62.762 Y78.15 E0.0107
G1 X62.46 Y78.39 E0.01057
G1 X62.086 Y78.497 E0.01066
G1 X56 Y78.5 E0.1668
G1 X56 Y79.5 E0.02741
G1 X61.954 Y79.5 E0.16318
G1 X62.615 Y79.398 E0.01833
G1 X63.176 Y79.113 E0.01725
G1 X63.611 Y78.675 E0.01692
G1 X63.897 Y78.114 E0.01726
G1 X64 Y77.453 E0.01833
G1 X64 Y22.54 E1.50496
G1 X63.897 Y21.88 E0.01831
G1 X63.774 Y21.585 E0.00876
G1 X63.411 Y21.086 E0.01691
G1 X62.91 Y20.721 E0.01699
G1 X62.313 Y20.528 E0.0172
G1 X61.939 Y20.501 E0.01028
G1 X38.042 Y20.5 E0.65493
G1 X37.38 Y20.598 E0.01834
G1 X37.089 Y20.72 E0.00865
G1 X36.586 Y21.086 E0.01705
G1 X36.22 Y21.589 E0.01705
G1 X36.098 Y21.88 E0.00865
G1 X36 Y22.542 E0.01834
G1 X36 Y77.464 E1.50521
G1 X36.098 Y78.115 E0.01804
G1 X36.385 Y78.675 E0.01725
G1 X36.823 Y79.113 E0.01698
G1 X37.38 Y79.396 E0.01712
G1 X38.046 Y79.5 E0.01847
G1 X44 Y79.5 E0.16318
G1 X44 Y78.5 E0.02741
G1 X37.916 Y78.497 E0.16674
G1 X37.54 Y78.389 E0.01072
G1 X37.35 Y78.261 E0.00628
G1 X37.146 Y78.022 E0.00861
G1 X37.003 Y77.674 E0.01031
G1 X37.002 Y22.424 E1.5142
G1 X37.05 Y22.188 E0.0066
G1 X37.152 Y21.969 E0.00662
G1 X37.292 Y21.792 E0.00618
G1 X37.616 Y21.576 E0.01067
G1 X37.923 Y21.502 E0.00865
G1 X62.076 Y21.502 E0.66195
G1 X62.383 Y21.575 E0.00865
G1 X62.761 Y21.849 E0.01279
G1 X62.924 Y22.116 E0.00857
G1 X62.998 Y22.413 E0.00839
G1 X62.998 Y77.586 E1.51209
G1 X62.952 Y77.809 E0.00624
G0 F1320 X62.599 Y77.552
G1 F480 X62.513 Y77.813 E0.00753
G1 X62.424 Y77.926 E0.00394
G1 X62.231 Y78.055 E0.00636
G1 X62.052 Y78.098 E0.00505
G1 X55.6 Y78.1 E0.17683
G1 X55.6 Y79.9 E0.04933
G1 X61.97 Y79.9 E0.17458
G1 X62.373 Y79.866 E0.01108
G1 X62.738 Y79.779 E0.01028
G1 X63.095 Y79.631 E0.01059
G1 X63.413 Y79.437 E0.01021
G1 X63.693 Y79.195 E0.01014
G1 X63.936 Y78.91 E0.01026
G1 X64.131 Y78.59 E0.01027
G1 X64.279 Y78.238 E0.01047
G1 X64.366 Y77.869 E0.01039
G1 X64.4 Y77.47 E0.01097
G1 X64.4 Y22.522 E1.50592
G1 X64.366 Y22.127 E0.01087
G1 X64.279 Y21.757 E0.01042
G1 X64.132 Y21.402 E0.01053
G1 X63.937 Y21.087 E0.01015
G1 X63.694 Y20.802 E0.01026
G1 X63.413 Y20.562 E0.01013
G1 X63.093 Y20.364 E0.01031
G1 X62.738 Y20.217 E0.01053
G1 X62.375 Y20.131 E0.01022
G1 X61.973 Y20.101 E0.01105
G1 X38.027 Y20.1 E0.65627
G1 X37.625 Y20.131 E0.01105
G1 X37.257 Y20.217 E0.01036
G1 X36.905 Y20.364 E0.01045
G1 X36.302 Y20.802 E0.02043
G1 X35.864 Y21.405 E0.02043
G1 X35.717 Y21.757 E0.01045
G1 X35.631 Y22.125 E0.01036
G1 X35.6 Y22.527 E0.01105
G1 X35.6 Y77.48 E1.50606
G1 X35.631 Y77.871 E0.01075
G1 X35.717 Y78.238 E0.01033
G1 X35.864 Y78.59 E0.01045
G1 X36.06 Y78.91 E0.01028
G1 X36.302 Y79.194 E0.01023
G1 X36.587 Y79.437 E0.01026
G1 X36.903 Y79.631 E0.01016
G1 X37.257 Y79.778 E0.01051
G1 X37.627 Y79.865 E0.01042
G1 X38.03 Y79.9 E0.01109
G1 X44.4 Y79.9 E0.17458
G1 X44.4 Y78.1 E0.04933
G1 X37.949 Y78.098 E0.1768
G1 X37.724 Y78.034 E0.00641
G1 X37.514 Y77.854 E0.00758
G1 X37.4 Y77.569 E0.00841
G1 X37.401 Y22.454 E1.5105
G1 X37.445 Y22.27 E0.00518
G1 X37.575 Y22.075 E0.00642
G1 X37.769 Y21.945 E0.0064
G1 X37.954 Y21.901 E0.00521
G1 X62.046 Y21.901 E0.66027
G1 X62.317 Y21.99 E0.00782
G1 X62.457 Y22.109 E0.00504
G1 X62.555 Y22.27 E0.00517
G1 X62.599 Y22.448 E0.00503
G1 X62.599 Y77.552 E1.5102
G0 F1320 X62.91 Y77.552
G0 X62.838 Y21.662
G0 X37.053 Y20.639
G0 X36.721 Y20.007
M204 P150
;TYPE:WALL-OUTER
G1 F480 X36.351 Y20.239 E0.01185
G1 X36.018 Y20.518 E0.01179
G1 X35.739 Y20.851 E0.01179
G1 X35.507 Y21.221 E0.01185
G1 X35.335 Y21.634 E0.01214
G1 X35.235 Y22.063 E0.01196
G1 X35.2 Y22.512 E0.01222
G1 X35.2 Y77.496 E1.49228
G1 X35.235 Y77.933 E0.0119
G1 X35.335 Y78.362 E0.01196
G1 X35.507 Y78.772 E0.01207
G1 X35.735 Y79.146 E0.01189
G1 X36.018 Y79.478 E0.01184
G1 X36.351 Y79.761 E0.01186
G1 X36.72 Y79.989 E0.01177
G1 X37.134 Y80.16 E0.01216
G1 X37.564 Y80.261 E0.01199
G1 X38.013 Y80.3 E0.01223
G1 X44.8 Y80.3 E0.1842
G1 X44.8 Y77.7 E0.07056
G1 X37.983 Y77.7 E0.18502
G1 X37.87 Y77.653 E0.00332
G1 X37.8 Y77.516 E0.00418
G1 X37.8 Y22.432 E1.49499
G1 X37.893 Y22.33 E0.00375
G1 X37.984 Y22.3 E0.0026
G1 X62.016 Y22.3 E0.65223
G1 X62.153 Y22.369 E0.00416
G1 X62.2 Y22.482 E0.00332
G1 X62.2 Y77.57 E1.4951
G1 X62.105 Y77.671 E0.00376
G1 X62.018 Y77.7 E0.00249
G1 X55.2 Y77.7 E0.18504
G1 X55.2 Y80.3 E0.07056
G1 X61.987 Y80.3 E0.1842
G1 X62.436 Y80.262 E0.01223
G1 X62.862 Y80.161 E0.01188
G1 X63.277 Y79.989 E0.01219
G1 X63.649 Y79.761 E0.01184
G1 X63.977 Y79.478 E0.01176
G1 X64.261 Y79.146 E0.01186
G1 X64.489 Y78.772 E0.01189
G1 X64.661 Y78.362 E0.01207
G1 X64.762 Y77.932 E0.01199
G1 X64.8 Y77.487 E0.01212
G1 X64.8 Y22.505 E1.49223
G1 X64.762 Y22.064 E0.01201
G1 X64.661 Y21.634 E0.01199
G1 X64.489 Y21.22 E0.01217
G1 X64.261 Y20.851 E0.01177
G1 X63.978 Y20.518 E0.01186
G1 X63.649 Y20.238 E0.01173
G1 X63.276 Y20.007 E0.01191
G1 X62.862 Y19.835 E0.01217
G1 X62.437 Y19.735 E0.01185
G1 X61.988 Y19.701 E0.01222
G1 X38.012 Y19.7 E0.65072
G1 X37.563 Y19.735 E0.01222
G1 X37.134 Y19.835 E0.01196
G1 X36.721 Y20.007 E0.01214
G0 F1320 X36.552 Y20.113
G0 X37.079 Y20.976
;MESH:NONMESH
G0 F600 X37.079 Y20.976 Z5.16
G0 F1320 X37.162 Y78.338
G0 X43.5 Y79
;TIME_ELAPSED:10541.313155
;LAYER:31
M204 P200
;TYPE:WALL-INNER
;MESH:flasherBot.STL
G1 F321.1 X37.859 Y79 E0.23113
G1 F322.7 X37.533 Y78.922 E0.01367
G1 X37.117 Y78.71 E0.01903
G1 F322.1 X36.789 Y78.382 E0.01894
G1 F321.6 X36.574 Y77.961 E0.01934
G1 F320.5 X36.5 Y77.445 E0.02139
G1 X36.5 Y22.327 E2.2621
G1 F321.1 X36.665 Y21.818 E0.02192
G1 X36.94 Y21.44 E0.01915
G1 X37.318 Y21.165 E0.01915
G1 F321.6 X37.827 Y21 E0.02189
G1 F322.1 X62 Y21.002 E0.98712
G1 X62.462 Y21.074 E0.01909
G1 F321.6 X62.682 Y21.166 E0.00975
G1 X63.058 Y21.439 E0.01901
G1 F322.1 X63.33 Y21.812 E0.01885
G1 F322.7 X63.478 Y22.269 E0.01958
G1 F321.6 X63.5 Y22.561 E0.01198
G1 F320 X63.5 Y77.432 E2.25572
G1 F322.1 X63.424 Y77.961 E0.02182
G1 F323.8 X63.208 Y78.383 E0.01926
G1 F323.2 X62.883 Y78.71 E0.01876
G1 F323.8 X62.688 Y78.83 E0.0093
G1 F323.2 X62.163 Y79 E0.02246
G1 F321.1 X56.5 Y79 E0.23203
G0 F1320 X62.838 Y78.338
G0 X62.838 Y21.662
G0 X37.162 Y21.662
G0 X36.098 Y78.115
G1 F480 X36.385 Y78.675 E0.01725
G1 X36.823 Y79.113 E0.01698
G1 X37.38 Y79.396 E0.01712
G1 X38.046 Y79.5 E0.01847
G1 X44 Y79.5 E0.16318
G1 X44 Y78.5 E0.02741
G1 X37.916 Y78.497 E0.16674
G1 X37.54 Y78.389 E0.01072
G1 X37.35 Y78.261 E0.00628
G1 X37.146 Y78.022 E0.00861
G1 X37.003 Y77.674 E0.01031
G1 X37.002 Y22.424 E1.5142
G1 X37.05 Y22.188 E0.0066
G1 X37.152 Y21.969 E0.00662
G1 X37.292 Y21.792 E0.00618
G1 X37.616 Y21.576 E0.01067
G1 X37.923 Y21.502 E0.00865
G1 X62.076 Y21.502 E0.66195
G1 X62.383 Y21.575 E0.00865
G1 X62.761 Y21.849 E0.01279
G1 X62.924 Y22.116 E0.00857
G1 X62.998 Y22.413 E0.00839
G1 X62.998 Y77.586 E1.51209
G1 X62.952 Y77.809 E0.00624
G1 X62.762 Y78.15 E0.0107
G1 X62.46 Y78.39 E0.01057
G1 X62.086 Y78.497 E0.01066
G1 X56 Y78.5 E0.1668
G1 X56 Y79.5 E0.02741
G1 X61.954 Y79.5 E0.16318
G1 X62.615 Y79.398 E0.01833
G1 X63.176 Y79.113 E0.01725
G1 X63.611 Y78.675 E0.01692
G1 X63.897 Y78.114 E0.01726
G1 X64 Y77.453 E0.01833
G1 X64 Y22.54 E1.50496
G1 X63.897 Y21.88 E0.01831
G1 X63.774 Y21.585 E0.00876
G1 X63.411 Y21.086 E0.01691
G1 X62.91 Y20.721 E0.01699
G1 X62.313 Y20.528 E0.0172
G1 X61.939 Y20.501 E0.01028
G1 X38.042 Y20.5 E0.65493
G1 X37.38 Y20.598 E0.01834
G1 X37.089 Y20.72 E0.00865
G1 X36.586 Y21.086 E0.01705
G1 X36.22 Y21.589 E0.01705
G1 X36.098 Y21.88 E0.00865
G1 X36 Y22.542 E0.01834
G1 X36 Y77.464 E1.50521
G1 X36.098 Y78.115 E0.01804
G0 F1320 X37.678 Y79.563
G0 X37.627 Y79.865
G1 F480 X38.03 Y79.9 E0.01109
G1 X44.4 Y79.9 E0.17458
G1 X44.4 Y78.1 E0.04933
G1 X37.949 Y78.098 E0.1768
G1 X37.724 Y78.034 E0.00641
G1 X37.514 Y77.854 E0.00758
G1 X37.4 Y77.569 E0.00841
G1 X37.401 Y22.454 E1.5105
G1 X37.445 Y22.27 E0.00518
G1 X37.575 Y22.075 E0.00642
G1 X37.769 Y21.945 E0.0064
G1 X37.954 Y21.901 E0.00521
G1 X62.046 Y21.901 E0.66027
G1 X62.317 Y21.99 E0.00782
G1 X62.457 Y22.109 E0.00504
G1 X62.555 Y22.27 E0.00517
G1 X62.599 Y22.448 E0.00503
G1 X62.599 Y77.552 E1.5102
G1 X62.513 Y77.813 E0.00753
G1 X62.424 Y77.926 E0.00394
G1 X62.231 Y78.055 E0.00636
G1 X62.052 Y78.098 E0.00505
G1 X55.6 Y78.1 E0.17683
G1 X55.6 Y79.9 E0.04933
G1 X61.97 Y79.9 E0.17458
G1 X62.373 Y79.866 E0.01108
G1 X62.738 Y79.779 E0.01028
G1 X63.095 Y79.631 E0.01059
G1 X63.413 Y79.437 E0.01021
G1 X63.693 Y79.195 E0.01014
G1 X63.936 Y78.91 E0.01026
G1 X64.131 Y78.59 E0.01027
G1 X64.279 Y78.238 E0.01047
G1 X64.366 Y77.869 E0.01039
G1 X64.4 Y77.47 E0.01097
G1 X64.4 Y22.522 E1.50592
G1 X64.366 Y22.127 E0.01087
G1 X64.279 Y21.757 E0.01042
G1 X64.132 Y21.402 E0.01053
G1 X63.937 Y21.087 E0.01015
G1 X63.694 Y20.802 E0.01026
G1 X63.413 Y20.562 E0.01013
G1 X63.093 Y20.364 E0.01031
G1 X62.738 Y20.217 E0.01053
G1 X62.375 Y20.131 E0.01022
G1 X61.973 Y20.101 E0.01105
G1 X38.027 Y20.1 E0.65627
G1 X37.625 Y20.131 E0.01105
G1 X37.257 Y20.217 E0.01036
G1 X36.905 Y20.364 E0.01045
G1 X36.302 Y20.802 E0.02043
G1 X35.864 Y21.405 E0.02043
G1 X35.717 Y21.757 E0.01045
G1 X35.631 Y22.125 E0.01036
G1 X35.6 Y22.527 E0.01105
G1 X35.6 Y77.48 E1.50606
G1 X35.631 Y77.871 E0.01075
G1 X35.717 Y78.238 E0.01033
G1 X35.864 Y78.59 E0.01045
G1 X36.06 Y78.91 E0.01028
G1 X36.302 Y79.194 E0.01023
G1 X36.587 Y79.437 E0.01026
G1 X36.903 Y79.631 E0.01016
G1 X37.257 Y79.778 E0.01051
G1 X37.627 Y79.865 E0.01042
G0 F1320 X37.678 Y79.563
G0 X37.162 Y78.338
G0 X37.162 Y21.662
G0 X62.838 Y21.662
G0 X62.91 Y22.482
G0 X62.2 Y22.482
M204 P150
;TYPE:WALL-OUTER
G1 F480 X62.2 Y77.57 E1.4951
G1 X62.105 Y77.671 E0.00376
G1 X62.018 Y77.7 E0.00249
G1 X55.2 Y77.7 E0.18504
G1 X55.2 Y80.3 E0.07056
G1 X61.987 Y80.3 E0.1842
G1 X62.436 Y80.262 E0.01223
G1 X62.862 Y80.161 E0.01188
G1 X63.277 Y79.989 E0.01219
G1 X63.649 Y79.761 E0.01184
G1 X63.977 Y79.478 E0.01176
G1 X64.261 Y79.146 E0.01186
G1 X64.489 Y78.772 E0.01189
G1 X64.661 Y78.362 E0.01207
G1 X64.762 Y77.932 E0.01199
G1 X64.8 Y77.487 E0.01212
G1 X64.8 Y22.505 E1.49223
G1 X64.762 Y22.064 E0.01201
G1 X64.661 Y21.634 E0.01199
G1 X64.489 Y21.22 E0.01217
G1 X64.261 Y20.851 E0.01177
G1 X63.978 Y20.518 E0.01186
G1 X63.649 Y20.238 E0.01173
G1 X63.276 Y20.007 E0.01191
G1 X62.862 Y19.835 E0.01217
G1 X62.437 Y19.735 E0.01185
G1 X61.988 Y19.701 E0.01222
G1 X38.012 Y19.7 E0.65072
G1 X37.563 Y19.735 E0.01222
G1 X37.134 Y19.835 E0.01196
G1 X36.721 Y20.007 E0.01214
G1 X36.351 Y20.239 E0.01185
G1 X36.018 Y20.518 E0.01179
G1 X35.739 Y20.851 E0.01179
G1 X35.507 Y21.221 E0.01185
G1 X35.335 Y21.634 E0.01214
G1 X35.235 Y22.063 E0.01196
G1 X35.2 Y22.512 E0.01222
G1 X35.2 Y77.496 E1.49228
G1 X35.235 Y77.933 E0.0119
G1 X35.335 Y78.362 E0.01196
G1 X35.507 Y78.772 E0.01207
G1 X35.735 Y79.146 E0.01189
G1 X36.018 Y79.478 E0.01184
G1 X36.351 Y79.761 E0.01186
G1 X36.72 Y79.989 E0.01177
G1 X37.134 Y80.16 E0.01216
G1 X37.564 Y80.261 E0.01199
G1 X38.013 Y80.3 E0.01223
G1 X44.8 Y80.3 E0.1842
G1 X44.8 Y77.7 E0.07056
G1 X37.983 Y77.7 E0.18502
G1 X37.87 Y77.653 E0.00332
G1 X37.8 Y77.516 E0.00418
G1 X37.8 Y22.432 E1.49499
G1 X37.893 Y22.33 E0.00375
G1 X37.984 Y22.3 E0.0026
G1 X62.016 Y22.3 E0.65223
G1 X62.153 Y22.369 E0.00416
G1 X62.2 Y22.482 E0.00332
G0 F1320 X62.2 Y22.682
G0 X63.21 Y22.682
;MESH:NONMESH
G0 F600 X63.21 Y22.682 Z5.32
G0 F1320 X62.838 Y21.662
G0 X37.162 Y21.662
G0 X37.162 Y78.338
G0 X43.5 Y79
;TIME_ELAPSED:10703.923280
;LAYER:32
M204 P200
;TYPE:WALL-INNER
;MESH:flasherBot.STL
G1 F321.1 X37.859 Y79 E0.23113
G1 F322.7 X37.533 Y78.922 E0.01367
G1 X37.117 Y78.71 E0.01903
G1 F322.1 X36.789 Y78.382 E0.01894
G1 F321.6 X36.574 Y77.961 E0.01934
G1 F320.5 X36.5 Y77.445 E0.02139
G1 X36.5 Y22.327 E2.2621
G1 F321.1 X36.665 Y21.818 E0.02192
G1 X36.94 Y21.44 E0.01915
G1 X37.318 Y21.165 E0.01915
G1 F321.6 X37.827 Y21 E0.02189
G1 F322.1 X62 Y21.002 E0.98712
G1 X62.462 Y21.074 E0.01909
G1 F321.6 X62.682 Y21.166 E0.00975
G1 X63.058 Y21.439 E0.01901
G1 F322.1 X63.33 Y21.812 E0.01885
G1 F322.7 X63.478 Y22.269 E0.01958
G1 F321.6 X63.5 Y22.561 E0.01198
G1 F320 X63.5 Y77.432 E2.25572
G1 F322.1 X63.424 Y77.961 E0.02182
G1 F323.8 X63.208 Y78.383 E0.01926
G1 F323.2 X62.883 Y78.71 E0.01876
G1 F323.8 X62.688 Y78.83 E0.0093
G1 F323.2 X62.163 Y79 E0.02246
G1 F321.1 X56.5 Y79 E0.23203
G0 F1320 X62.838 Y78.338
G0 X62.838 Y21.662
G0 X37.616 Y21.576
G1 F480 X37.923 Y21.502 E0.00865
G1 X62.076 Y21.502 E0.66195
G1 X62.383 Y21.575 E0.00865
G1 X62.761 Y21.849 E0.01279
G1 X62.924 Y22.116 E0.00857
G1 X62.998 Y22.413 E0.00839
G1 X62.998 Y77.586 E1.51209
G1 X62.952 Y77.809 E0.00624
G1 X62.762 Y78.15 E0.0107
G1 X62.46 Y78.39 E0.01057
G1 X62.086 Y78.497 E0.01066
G1 X56 Y78.5 E0.1668
G1 X56 Y79.5 E0.02741
G1 X61.954 Y79.5 E0.16318
G1 X62.615 Y79.398 E0.01833
G1 X63.176 Y79.113 E0.01725
G1 X63.611 Y78.675 E0.01692
G1 X63.897 Y78.114 E0.01726
G1 X64 Y77.453 E0.01833
G1 X64 Y22.54 E1.50496
G1 X63.897 Y21.88 E0.01831
G1 X63.774 Y21.585 E0.00876
G1 X63.411 Y21.086 E0.01691
G1 X62.91 Y20.721 E0.01699
G1 X62.313 Y20.528 E0.0172
G1 X61.939 Y20.501 E0.01028
G1 X38.042 Y20.5 E0.65493
G1 X37.38 Y20.598 E0.01834
G1 X37.089 Y20.72 E0.00865
G1 X36.586 Y21.086 E0.01705
G1 X36.22 Y21.589 E0.01705
G1 X36.098 Y21.88 E0.00865
G1 X36 Y22.542 E0.01834
G1 X36 Y77.464 E1.50521
G1 X36.098 Y78.115 E0.01804
G1 X36.385 Y78.675 E0.01725
G1 X36.823 Y79.113 E0.01698
G1 X37.38 Y79.396 E0.01712
G1 X38.046 Y79.5 E0.01847
G1 X44 Y79.5 E0.16318
G1 X44 Y78.5 E0.02741
G1 X37.916 Y78.497 E0.16674
G1 X37.54 Y78.389 E0.01072
G1 X37.35 Y78.261 E0.00628
G1 X37.146 Y78.022 E0.00861
G1 X37.003 Y77.674 E0.01031
G1 X37.002 Y22.424 E1.5142
G1 X37.05 Y22.188 E0.0066
G1 X37.152 Y21.969 E0.00662
G1 X37.292 Y21.792 E0.00618
G1 X37.616 Y21.576 E0.01067
G0 F1320 X36.139 Y78.447
G0 X35.864 Y78.59
G1 F480 X36.06 Y78.91 E0.01028
G1 X36.302 Y79.194 E0.01023
G1 X36.587 Y79.437 E0.01026
G1 X36.903 Y79.631 E0.01016
G1 X37.257 Y79.778 E0.01051
G1 X37.627 Y79.865 E0.01042
G1 X38.03 Y79.9 E0.01109
G1 X44.4 Y79.9 E0.17458
G1 X44.4 Y78.1 E0.04933
G1 X37.949 Y78.098 E0.1768
G1 X37.724 Y78.034 E0.00641
G1 X37.514 Y77.854 E0.00758
G1 X37.4 Y77.569 E0.00841
G1 X37.401 Y22.454 E1.5105
G1 X37.445 Y22.27 E0.00518
G1 X37.575 Y22.075 E0.00642
G1 X37.769 Y21.945 E0.0064
G1 X37.954 Y21.901 E0.00521
G1 X62.046 Y21.901 E0.66027
G1 X62.317 Y21.99 E0.00782
G1 X62.457 Y22.109 E0.00504
G1 X62.555 Y22.27 E0.00517
G1 X62.599 Y22.448 E0.00503
G1 X62.599 Y77.552 E1.5102
G1 X62.513 Y77.813 E0.00753
G1 X62.424 Y77.926 E0.00394
G1 X62.231 Y78.055 E0.00636
G1 X62.052 Y78.098 E0.00505
G1 X55.6 Y78.1 E0.17683
G1 X55.6 Y79.9 E0.04933
G1 X61.97 Y79.9 E0.17458
G1 X62.373 Y79.866 E0.01108
G1 X62.738 Y79.779 E0.01028
G1 X63.095 Y79.631 E0.01059
G1 X63.413 Y79.437 E0.01021
G1 X63.693 Y79.195 E0.01014
G1 X63.936 Y78.91 E0.01026
G1 X64.131 Y78.59 E0.01027
G1 X64.279 Y78.238 E0.01047
G1 X64.366 Y77.869 E0.01039
G1 X64.4 Y77.47 E0.01097
G1 X64.4 Y22.522 E1.50592
G1 X64.366 Y22.127 E0.01087
G1 X64.279 Y21.757 E0.01042
G1 X64.132 Y21.402 E0.01053
G1 X63.937 Y21.087 E0.01015
G1 X63.694 Y20.802 E0.01026
G1 X63.413 Y20.562 E0.01013
G1 X63.093 Y20.364 E0.01031
G1 X62.738 Y20.217 E0.01053
G1 X62.375 Y20.131 E0.01022
G1 X61.973 Y20.101 E0.01105
G1 X38.027 Y20.1 E0.65627
G1 X37.625 Y20.131 E0.01105
G1 X37.257 Y20.217 E0.01036
G1 X36.905 Y20.364 E0.01045
G1 X36.302 Y20.802 E0.02043
G1 X35.864 Y21.405 E0.02043
G1 X35.717 Y21.757 E0.01045
G1 X35.631 Y22.125 E0.01036
G1 X35.6 Y22.527 E0.01105
G1 X35.6 Y77.48 E1.50606
G1 X35.631 Y77.871 E0.01075
G1 X35.717 Y78.238 E0.01033
G1 X35.864 Y78.59 E0.01045
G0 F1320 X36.14 Y78.447
G0 X37.162 Y21.662
G0 X37.984 Y21.59
G0 X37.984 Y22.3
M204 P150
;TYPE:WALL-OUTER
G1 F480 X62.016 Y22.3 E0.65223
G1 X62.153 Y22.369 E0.00416
G1 X62.2 Y22.482 E0.00332
G1 X62.2 Y77.57 E1.4951
G1 X62.105 Y77.671 E0.00376
G1 X62.018 Y77.7 E0.00249
G1 X55.2 Y77.7 E0.18504
G1 X55.2 Y80.3 E0.07056
G1 X61.987 Y80.3 E0.1842
G1 X62.436 Y80.262 E0.01223
G1 X62.862 Y80.161 E0.01188
G1 X63.277 Y79.989 E0.01219
G1 X63.649 Y79.761 E0.01184
G1 X63.977 Y79.478 E0.01176
G1 X64.261 Y79.146 E0.01186
G1 X64.489 Y78.772 E0.01189
G1 X64.661 Y78.362 E0.01207
G1 X64.762 Y77.932 E0.01199
G1 X64.8 Y77.487 E0.01212
G1 X64.8 Y22.505 E1.49223
G1 X64.762 Y22.064 E0.01201
G1 X64.661 Y21.634 E0.01199
G1 X64.489 Y21.22 E0.01217
G1 X64.261 Y20.851 E0.01177
G1 X63.978 Y20.518 E0.01186
G1 X63.649 Y20.238 E0.01173
G1 X63.276 Y20.007 E0.01191
G1 X62.862 Y19.835 E0.01217
G1 X62.437 Y19.735 E0.01185
G1 X61.988 Y19.701 E0.01222
G1 X38.012 Y19.7 E0.65072
G1 X37.563 Y19.735 E0.01222
G1 X37.134 Y19.835 E0.01196
G1 X36.721 Y20.007 E0.01214
G1 X36.351 Y20.239 E0.01185
G1 X36.018 Y20.518 E0.01179
G1 X35.739 Y20.851 E0.01179
G1 X35.507 Y21.221 E0.01185
G1 X35.335 Y21.634 E0.01214
G1 X35.235 Y22.063 E0.01196
G1 X35.2 Y22.512 E0.01222
G1 X35.2 Y77.496 E1.49228
G1 X35.235 Y77.933 E0.0119
G1 X35.335 Y78.362 E0.01196
G1 X35.507 Y78.772 E0.01207
G1 X35.735 Y79.146 E0.01189
G1 X36.018 Y79.478 E0.01184
G1 X36.351 Y79.761 E0.01186
G1 X36.72 Y79.989 E0.01177
G1 X37.134 Y80.16 E0.01216
G1 X37.564 Y80.261 E0.01199
G1 X38.013 Y80.3 E0.01223
G1 X44.8 Y80.3 E0.1842
G1 X44.8 Y77.7 E0.07056
G1 X37.983 Y77.7 E0.18502
G1 X37.87 Y77.653 E0.00332
G1 X37.8 Y77.516 E0.00418
G1 X37.8 Y22.432 E1.49499
G1 X37.893 Y22.33 E0.00375
G1 X37.984 Y22.3 E0.0026
G0 F1320 X38.184 Y22.3
G0 X38.184 Y21.29
;MESH:NONMESH
G0 F600 X38.184 Y21.29 Z5.48
G0 F1320 X37.162 Y21.662
G0 X37.162 Y78.338
G0 X43.5 Y79
;TIME_ELAPSED:10864.015284
;LAYER:33
M204 P200
;TYPE:WALL-INNER
;MESH:flasherBot.STL
G1 F321.1 X37.859 Y79 E0.23113
G1 F322.7 X37.533 Y78.922 E0.01367
G1 X37.117 Y78.71 E0.01903
G1 F322.1 X36.789 Y78.382 E0.01894
G1 F321.6 X36.574 Y77.961 E0.01934
G1 F320.5 X36.5 Y77.445 E0.02139
G1 X36.5 Y22.327 E2.2621
G1 F321.1 X36.665 Y21.818 E0.02192
G1 X36.94 Y21.44 E0.01915
G1 X37.318 Y21.165 E0.01915
G1 F321.6 X37.827 Y21 E0.02189
G1 F322.1 X62 Y21.002 E0.98712
G1 X62.462 Y21.074 E0.01909
G1 F321.6 X62.682 Y21.166 E0.00975
G1 X63.058 Y21.439 E0.01901
G1 F322.1 X63.33 Y21.812 E0.01885
G1 F322.7 X63.478 Y22.269 E0.01958
G1 F321.6 X63.5 Y22.561 E0.01198
G1 F320 X63.5 Y77.432 E2.25572
G1 F322.1 X63.424 Y77.961 E0.02182
G1 F323.8 X63.208 Y78.383 E0.01926
G1 F323.2 X62.883 Y78.71 E0.01876
G1 F323.8 X62.688 Y78.83 E0.0093
G1 F323.2 X62.163 Y79 E0.02246
G1 F321.1 X56.5 Y79 E0.23203
G0 F1320 X62.086 Y78.497
G1 F480 X56 Y78.5 E0.1668
G1 X56 Y79.5 E0.02741
G1 X61.954 Y79.5 E0.16318
G1 X62.615 Y79.398 E0.01833
G1 X63.176 Y79.113 E0.01725
G1 X63.611 Y78.675 E0.01692
G1 X63.897 Y78.114 E0.01726
G1 X64 Y77.453 E0.01833
G1 X64 Y22.54 E1.50496
G1 X63.897 Y21.88 E0.01831
G1 X63.774 Y21.585 E0.00876
G1 X63.411 Y21.086 E0.01691
G1 X62.91 Y20.721 E0.01699
G1 X62.313 Y20.528 E0.0172
G1 X61.939 Y20.501 E0.01028
G1 X38.042 Y20.5 E0.65493
G1 X37.38 Y20.598 E0.01834
G1 X37.089 Y20.72 E0.00865
G1 X36.586 Y21.086 E0.01705
G1 X36.22 Y21.589 E0.01705
G1 X36.098 Y21.88 E0.00865
G1 X36 Y22.542 E0.01834
G1 X36 Y77.464 E1.50521
G1 X36.098 Y78.115 E0.01804
G1 X36.385 Y78.675 E0.01725
G1 X36.823 Y79.113 E0.01698
G1 X37.38 Y79.396 E0.01712
G1 X38.046 Y79.5 E0.01847
G1 X44 Y79.5 E0.16318
G1 X44 Y78.5 E0.02741
G1 X37.916 Y78.497 E0.16674
G1 X37.54 Y78.389 E0.01072
G1 X37.35 Y78.261 E0.00628
G1 X37.146 Y78.022 E0.00861
G1 X37.003 Y77.674 E0.01031
G1 X37.002 Y22.424 E1.5142
G1 X37.05 Y22.188 E0.0066
G1 X37.152 Y21.969 E0.00662
G1 X37.292 Y21.792 E0.00618
G1 X37.616 Y21.576 E0.01067
G1 X37.923 Y21.502 E0.00865
G1 X62.076 Y21.502 E0.66195
G1 X62.383 Y21.575 E0.00865
G1 X62.761 Y21.849 E0.01279
G1 X62.924 Y22.116 E0.00857
G1 X62.998 Y22.413 E0.00839
G1 X62.998 Y77.586 E1.51209
G1 X62.952 Y77.809 E0.00624
G1 X62.762 Y78.15 E0.0107
G1 X62.46 Y78.39 E0.01057
G1 X62.086 Y78.497 E0.01066
G0 F1320 X63.226 Y79.191
G0 X63.413 Y79.437
G1 F480 X63.693 Y79.195 E0.01014
G1 X63.936 Y78.91 E0.01026
G1 X64.131 Y78.59 E0.01027
G1 X64.279 Y78.238 E0.01047
G1 X64.366 Y77.869 E0.01039
G1 X64.4 Y77.47 E0.01097
G1 X64.4 Y22.522 E1.50592
G1 X64.366 Y22.127 E0.01087
G1 X64.279 Y21.757 E0.01042
G1 X64.132 Y21.402 E0.01053
G1 X63.937 Y21.087 E0.01015
G1 X63.694 Y20.802 E0.01026
G1 X63.413 Y20.562 E0.01013
G1 X63.093 Y20.364 E0.01031
G1 X62.738 Y20.217 E0.01053
G1 X62.375 Y20.131 E0.01022
G1 X61.973 Y20.101 E0.01105
G1 X38.027 Y20.1 E0.65627
G1 X37.625 Y20.131 E0.01105
G1 X37.257 Y20.217 E0.01036
G1 X36.905 Y20.364 E0.01045
G1 X36.302 Y20.802 E0.02043
G1 X35.864 Y21.405 E0.02043
G1 X35.717 Y21.757 E0.01045
G1 X35.631 Y22.125 E0.01036
G1 X35.6 Y22.527 E0.01105
G1 X35.6 Y77.48 E1.50606
G1 X35.631 Y77.871 E0.01075
G1 X35.717 Y78.238 E0.01033
G1 X35.864 Y78.59 E0.01045
G1 X36.06 Y78.91 E0.01028
G1 X36.302 Y79.194 E0.01023
G1 X36.587 Y79.437 E0.01026
G1 X36.903 Y79.631 E0.01016
G1 X37.257 Y79.778 E0.01051
G1 X37.627 Y79.865 E0.01042
G1 X38.03 Y79.9 E0.01109
G1 X44.4 Y79.9 E0.17458
G1 X44.4 Y78.1 E0.04933
G1 X37.949 Y78.098 E0.1768
G1 X37.724 Y78.034 E0.00641
G1 X37.514 Y77.854 E0.00758
G1 X37.4 Y77.569 E0.00841
G1 X37.401 Y22.454 E1.5105
G1 X37.445 Y22.27 E0.00518
G1 X37.575 Y22.075 E0.00642
G1 X37.769 Y21.945 E0.0064
G1 X37.954 Y21.901 E0.00521
G1 X62.046 Y21.901 E0.66027
G1 X62.317 Y21.99 E0.00782
G1 X62.457 Y22.109 E0.00504
G1 X62.555 Y22.27 E0.00517
G1 X62.599 Y22.448 E0.00503
G1 X62.599 Y77.552 E1.5102
G1 X62.513 Y77.813 E0.00753
G1 X62.424 Y77.926 E0.00394
G1 X62.231 Y78.055 E0.00636
G1 X62.052 Y78.098 E0.00505
G1 X55.6 Y78.1 E0.17683
G1 X55.6 Y79.9 E0.04933
G1 X61.97 Y79.9 E0.17458
G1 X62.373 Y79.866 E0.01108
G1 X62.738 Y79.779 E0.01028
G1 X63.095 Y79.631 E0.01059
G1 X63.413 Y79.437 E0.01021
G0 F1320 X63.226 Y79.189
G0 X62.438 Y22.062
G0 X37.562 Y22.062
G0 X37.562 Y77.938
G0 X44.52 Y80.02
G0 X44.8 Y80.3
M204 P150
;TYPE:WALL-OUTER
G1 F480 X44.8 Y77.7 E0.07056
G1 X37.983 Y77.7 E0.18502
G1 X37.87 Y77.653 E0.00332
G1 X37.8 Y77.516 E0.00418
G1 X37.8 Y22.432 E1.49499
G1 X37.893 Y22.33 E0.00375
G1 X37.984 Y22.3 E0.0026
G1 X62.016 Y22.3 E0.65223
G1 X62.153 Y22.369 E0.00416
G1 X62.2 Y22.482 E0.00332
G1 X62.2 Y77.57 E1.4951
G1 X62.105 Y77.671 E0.00376
G1 X62.018 Y77.7 E0.00249
G1 X55.2 Y77.7 E0.18504
G1 X55.2 Y80.3 E0.07056
G1 X61.987 Y80.3 E0.1842
G1 X62.436 Y80.262 E0.01223
G1 X62.862 Y80.161 E0.01188
G1 X63.277 Y79.989 E0.01219
G1 X63.649 Y79.761 E0.01184
G1 X63.977 Y79.478 E0.01176
G1 X64.261 Y79.146 E0.01186
G1 X64.489 Y78.772 E0.01189
G1 X64.661 Y78.362 E0.01207
G1 X64.762 Y77.932 E0.01199
G1 X64.8 Y77.487 E0.01212
G1 X64.8 Y22.505 E1.49223
G1 X64.762 Y22.064 E0.01201
G1 X64.661 Y21.634 E0.01199
G1 X64.489 Y21.22 E0.01217
G1 X64.261 Y20.851 E0.01177
G1 X63.978 Y20.518 E0.01186
G1 X63.649 Y20.238 E0.01173
G1 X63.276 Y20.007 E0.01191
G1 X62.862 Y19.835 E0.01217
G1 X62.437 Y19.735 E0.01185
G1 X61.988 Y19.701 E0.01222
G1 X38.012 Y19.7 E0.65072
G1 X37.563 Y19.735 E0.01222
G1 X37.134 Y19.835 E0.01196
G1 X36.721 Y20.007 E0.01214
G1 X36.351 Y20.239 E0.01185
G1 X36.018 Y20.518 E0.01179
G1 X35.739 Y20.851 E0.01179
G1 X35.507 Y21.221 E0.01185
G1 X35.335 Y21.634 E0.01214
G1 X35.235 Y22.063 E0.01196
G1 X35.2 Y22.512 E0.01222
G1 X35.2 Y77.496 E1.49228
G1 X35.235 Y77.933 E0.0119
G1 X35.335 Y78.362 E0.01196
G1 X35.507 Y78.772 E0.01207
G1 X35.735 Y79.146 E0.01189
G1 X36.018 Y79.478 E0.01184
G1 X36.351 Y79.761 E0.01186
G1 X36.72 Y79.989 E0.01177
G1 X37.134 Y80.16 E0.01216
G1 X37.564 Y80.261 E0.01199
G1 X38.013 Y80.3 E0.01223
G1 X44.8 Y80.3 E0.1842
G0 F1320 X44.8 Y80.1
G0 X43.79 Y79.408
;MESH:NONMESH
G0 F600 X43.79 Y79.408 Z5.64
G0 F1320 X43.5 Y79
;TIME_ELAPSED:11018.857626
;LAYER:34
M204 P200
;TYPE:WALL-INNER
;MESH:flasherBot.STL
G1 F321.1 X37.859 Y79 E0.23113
G1 F322.7 X37.533 Y78.922 E0.01367
G1 X37.117 Y78.71 E0.01903
G1 F322.1 X36.789 Y78.382 E0.01894
G1 F321.6 X36.574 Y77.961 E0.01934
G1 F320.5 X36.5 Y77.445 E0.02139
G1 X36.5 Y22.327 E2.2621
G1 F321.1 X36.665 Y21.818 E0.02192
G1 X36.94 Y21.44 E0.01915
G1 X37.318 Y21.165 E0.01915
G1 F321.6 X37.827 Y21 E0.02189
G1 F322.1 X62 Y21.002 E0.98712
G1 X62.462 Y21.074 E0.01909
G1 F321.6 X62.682 Y21.166 E0.00975
G1 X63.058 Y21.439 E0.01901
G1 F322.1 X63.33 Y21.812 E0.01885
G1 F322.7 X63.478 Y22.269 E0.01958
G1 F321.6 X63.5 Y22.561 E0.01198
G1 F320 X63.5 Y77.432 E2.25572
G1 F322.1 X63.424 Y77.961 E0.02182
G1 F323.8 X63.208 Y78.383 E0.01926
G1 F323.2 X62.883 Y78.71 E0.01876
G1 F323.8 X62.688 Y78.83 E0.0093
G1 F323.2 X62.163 Y79 E0.02246
G1 F321.1 X56.5 Y79 E0.23203
G0 F1320 X62.838 Y78.338
G0 X62.838 Y21.662
G0 X37.162 Y21.662
G0 X36 Y22.542
G1 F480 X36 Y77.464 E1.50521
G1 X36.098 Y78.115 E0.01804
G1 X36.385 Y78.675 E0.01725
G1 X36.823 Y79.113 E0.01698
G1 X37.38 Y79.396 E0.01712
G1 X38.046 Y79.5 E0.01847
G1 X44 Y79.5 E0.16318
G1 X44 Y78.5 E0.02741
G1 X37.916 Y78.497 E0.16674
G1 X37.54 Y78.389 E0.01072
G1 X37.35 Y78.261 E0.00628
G1 X37.146 Y78.022 E0.00861
G1 X37.003 Y77.674 E0.01031
G1 X37.002 Y22.424 E1.5142
G1 X37.05 Y22.188 E0.0066
G1 X37.152 Y21.969 E0.00662
G1 X37.292 Y21.792 E0.00618
G1 X37.616 Y21.576 E0.01067
G1 X37.923 Y21.502 E0.00865
G1 X62.076 Y21.502 E0.66195
G1 X62.383 Y21.575 E0.00865
G1 X62.761 Y21.849 E0.01279
G1 X62.924 Y22.116 E0.00857
G1 X62.998 Y22.413 E0.00839
G1 X62.998 Y77.586 E1.51209
G1 X62.952 Y77.809 E0.00624
G1 X62.762 Y78.15 E0.0107
G1 X62.46 Y78.39 E0.01057
G1 X62.086 Y78.497 E0.01066
G1 X56 Y78.5 E0.1668
G1 X56 Y79.5 E0.02741
G1 X61.954 Y79.5 E0.16318
G1 X62.615 Y79.398 E0.01833
G1 X63.176 Y79.113 E0.01725
G1 X63.611 Y78.675 E0.01692
G1 X63.897 Y78.114 E0.01726
G1 X64 Y77.453 E0.01833
G1 X64 Y22.54 E1.50496
G1 X63.897 Y21.88 E0.01831
G1 X63.774 Y21.585 E0.00876
G1 X63.411 Y21.086 E0.01691
G1 X62.91 Y20.721 E0.01699
G1 X62.313 Y20.528 E0.0172
G1 X61.939 Y20.501 E0.01028
G1 X38.042 Y20.5 E0.65493
G1 X37.38 Y20.598 E0.01834
G1 X37.089 Y20.72 E0.00865
G1 X36.586 Y21.086 E0.01705
G1 X36.22 Y21.589 E0.01705
G1 X36.098 Y21.88 E0.00865
G1 X36 Y22.542 E0.01834
G0 F1320 X37.678 Y20.437
G0 X37.625 Y20.131
G1 F480 X37.257 Y20.217 E0.01036
G1 X36.905 Y20.364 E0.01045
G1 X36.302 Y20.802 E0.02043
G1 X35.864 Y21.405 E0.02043
G1 X35.717 Y21.757 E0.01045
G1 X35.631 Y22.125 E0.01036
G1 X35.6 Y22.527 E0.01105
G1 X35.6 Y77.48 E1.50606
G1 X35.631 Y77.871 E0.01075
G1 X35.717 Y78.238 E0.01033
G1 X35.864 Y78.59 E0.01045
G1 X36.06 Y78.91 E0.01028
G1 X36.302 Y79.194 E0.01023
G1 X36.587 Y79.437 E0.01026
G1 X36.903 Y79.631 E0.01016
G1 X37.257 Y79.778 E0.01051
G1 X37.627 Y79.865 E0.01042
G1 X38.03 Y79.9 E0.01109
G1 X44.4 Y79.9 E0.17458
G1 X44.4 Y78.1 E0.04933
G1 X37.949 Y78.098 E0.1768
G1 X37.724 Y78.034 E0.00641
G1 X37.514 Y77.854 E0.00758
G1 X37.4 Y77.569 E0.00841
G1 X37.401 Y22.454 E1.5105
G1 X37.445 Y22.27 E0.00518
G1 X37.575 Y22.075 E0.00642
G1 X37.769 Y21.945 E0.0064
G1 X37.954 Y21.901 E0.00521
G1 X62.046 Y21.901 E0.66027
G1 X62.317 Y21.99 E0.00782
G1 X62.457 Y22.109 E0.00504
G1 X62.555 Y22.27 E0.00517
G1 X62.599 Y22.448 E0.00503
G1 X62.599 Y77.552 E1.5102
G1 X62.513 Y77.813 E0.00753
G1 X62.424 Y77.926 E0.00394
G1 X62.231 Y78.055 E0.00636
G1 X62.052 Y78.098 E0.00505
G1 X55.6 Y78.1 E0.17683
G1 X55.6 Y79.9 E0.04933
G1 X61.97 Y79.9 E0.17458
G1 X62.373 Y79.866 E0.01108
G1 X62.738 Y79.779 E0.01028
G1 X63.095 Y79.631 E0.01059
G1 X63.413 Y79.437 E0.01021
G1 X63.693 Y79.195 E0.01014
G1 X63.936 Y78.91 E0.01026
G1 X64.131 Y78.59 E0.01027
G1 X64.279 Y78.238 E0.01047
G1 X64.366 Y77.869 E0.01039
G1 X64.4 Y77.47 E0.01097
G1 X64.4 Y22.522 E1.50592
G1 X64.366 Y22.127 E0.01087
G1 X64.279 Y21.757 E0.01042
G1 X64.132 Y21.402 E0.01053
G1 X63.937 Y21.087 E0.01015
G1 X63.694 Y20.802 E0.01026
G1 X63.413 Y20.562 E0.01013
G1 X63.093 Y20.364 E0.01031
G1 X62.738 Y20.217 E0.01053
G1 X62.375 Y20.131 E0.01022
G1 X61.973 Y20.101 E0.01105
G1 X38.027 Y20.1 E0.65627
G1 X37.625 Y20.131 E0.01105
G0 F1320 X37.677 Y20.438
G0 X37.162 Y21.662
G0 X37.162 Y78.338
G0 X37.8 Y77.516
M204 P150
;TYPE:WALL-OUTER
G1 F480 X37.8 Y22.432 E1.49499
G1 X37.893 Y22.33 E0.00375
G1 X37.984 Y22.3 E0.0026
G1 X62.016 Y22.3 E0.65223
G1 X62.153 Y22.369 E0.00416
G1 X62.2 Y22.482 E0.00332
G1 X62.2 Y77.57 E1.4951
G1 X62.105 Y77.671 E0.00376
G1 X62.018 Y77.7 E0.00249
G1 X55.2 Y77.7 E0.18504
G1 X55.2 Y80.3 E0.07056
G1 X61.987 Y80.3 E0.1842
G1 X62.436 Y80.262 E0.01223
G1 X62.862 Y80.161 E0.01188
G1 X63.277 Y79.989 E0.01219
G1 X63.649 Y79.761 E0.01184
G1 X63.977 Y79.478 E0.01176
G1 X64.261 Y79.146 E0.01186
G1 X64.489 Y78.772 E0.01189
G1 X64.661 Y78.362 E0.01207
G1 X64.762 Y77.932 E0.01199
G1 X64.8 Y77.487 E0.01212
G1 X64.8 Y22.505 E1.49223
G1 X64.762 Y22.064 E0.01201
G1 X64.661 Y21.634 E0.01199
G1 X64.489 Y21.22 E0.01217
G1 X64.261 Y20.851 E0.01177
G1 X63.978 Y20.518 E0.01186
G1 X63.649 Y20.238 E0.01173
G1 X63.276 Y20.007 E0.01191
G1 X62.862 Y19.835 E0.01217
G1 X62.437 Y19.735 E0.01185
G1 X61.988 Y19.701 E0.01222
G1 X38.012 Y19.7 E0.65072
G1 X37.563 Y19.735 E0.01222
G1 X37.134 Y19.835 E0.01196
G1 X36.721 Y20.007 E0.01214
G1 X36.351 Y20.239 E0.01185
G1 X36.018 Y20.518 E0.01179
G1 X35.739 Y20.851 E0.01179
G1 X35.507 Y21.221 E0.01185
G1 X35.335 Y21.634 E0.01214
G1 X35.235 Y22.063 E0.01196
G1 X35.2 Y22.512 E0.01222
G1 X35.2 Y77.496 E1.49228
G1 X35.235 Y77.933 E0.0119
G1 X35.335 Y78.362 E0.01196
G1 X35.507 Y78.772 E0.01207
G1 X35.735 Y79.146 E0.01189
G1 X36.018 Y79.478 E0.01184
G1 X36.351 Y79.761 E0.01186
G1 X36.72 Y79.989 E0.01177
G1 X37.134 Y80.16 E0.01216
G1 X37.564 Y80.261 E0.01199
G1 X38.013 Y80.3 E0.01223
G1 X44.8 Y80.3 E0.1842
G1 X44.8 Y77.7 E0.07056
G1 X37.983 Y77.7 E0.18502
G1 X37.87 Y77.653 E0.00332
G1 X37.8 Y77.516 E0.00418
G0 F1320 X37.8 Y77.316
G0 X36.79 Y77.316
;MESH:NONMESH
G0 F600 X36.79 Y77.316 Z5.8
G0 F1320 X37.162 Y78.338
G0 X43.5 Y79
;TIME_ELAPSED:11174.007277
;LAYER:35
M204 P200
;TYPE:WALL-INNER
;MESH:flasherBot.STL
G1 F321.1 X37.859 Y79 E0.23113
G1 F322.7 X37.533 Y78.922 E0.01367
G1 X37.117 Y78.71 E0.01903
G1 F322.1 X36.789 Y78.382 E0.01894
G1 F321.6 X36.574 Y77.961 E0.01934
G1 F320.5 X36.5 Y77.445 E0.02139
G1 X36.5 Y22.327 E2.2621
G1 F321.1 X36.665 Y21.818 E0.02192
G1 X36.94 Y21.44 E0.01915
G1 X37.318 Y21.165 E0.01915
G1 F321.6 X37.827 Y21 E0.02189
G1 F322.1 X62 Y21.002 E0.98712
G1 X62.462 Y21.074 E0.01909
G1 F321.6 X62.682 Y21.166 E0.00975
G1 X63.058 Y21.439 E0.01901
G1 F322.1 X63.33 Y21.812 E0.01885
G1 F322.7 X63.478 Y22.269 E0.01958
G1 F321.6 X63.5 Y22.561 E0.01198
G1 F320 X63.5 Y77.432 E2.25572
G1 F322.1 X63.424 Y77.961 E0.02182
G1 F323.8 X63.208 Y78.383 E0.01926
G1 F323.2 X62.883 Y78.71 E0.01876
G1 F323.8 X62.688 Y78.83 E0.0093
G1 F323.2 X62.163 Y79 E0.02246
G1 F321.1 X56.5 Y79 E0.23203
G0 F1320 X62.838 Y78.338
G0 X62.998 Y22.413
G1 F480 X62.998 Y77.586 E1.51209
G1 X62.952 Y77.809 E0.00624
G1 X62.762 Y78.15 E0.0107
G1 X62.46 Y78.39 E0.01057
G1 X62.086 Y78.497 E0.01066
G1 X56 Y78.5 E0.1668
G1 X56 Y79.5 E0.02741
G1 X61.954 Y79.5 E0.16318
G1 X62.615 Y79.398 E0.01833
G1 X63.176 Y79.113 E0.01725
G1 X63.611 Y78.675 E0.01692
G1 X63.897 Y78.114 E0.01726
G1 X64 Y77.453 E0.01833
G1 X64 Y22.54 E1.50496
G1 X63.897 Y21.88 E0.01831
G1 X63.774 Y21.585 E0.00876
G1 X63.411 Y21.086 E0.01691
G1 X62.91 Y20.721 E0.01699
G1 X62.313 Y20.528 E0.0172
G1 X61.939 Y20.501 E0.01028
G1 X38.042 Y20.5 E0.65493
G1 X37.38 Y20.598 E0.01834
G1 X37.089 Y20.72 E0.00865
G1 X36.586 Y21.086 E0.01705
G1 X36.22 Y21.589 E0.01705
G1 X36.098 Y21.88 E0.00865
G1 X36 Y22.542 E0.01834
G1 X36 Y77.464 E1.50521
G1 X36.098 Y78.115 E0.01804
G1 X36.385 Y78.675 E0.01725
G1 X36.823 Y79.113 E0.01698
G1 X37.38 Y79.396 E0.01712
G1 X38.046 Y79.5 E0.01847
G1 X44 Y79.5 E0.16318
G1 X44 Y78.5 E0.02741
G1 X37.916 Y78.497 E0.16674
G1 X37.54 Y78.389 E0.01072
G1 X37.35 Y78.261 E0.00628
G1 X37.146 Y78.022 E0.00861
G1 X37.003 Y77.674 E0.01031
G1 X37.002 Y22.424 E1.5142
G1 X37.05 Y22.188 E0.0066
G1 X37.152 Y21.969 E0.00662
G1 X37.292 Y21.792 E0.00618
G1 X37.616 Y21.576 E0.01067
G1 X37.923 Y21.502 E0.00865
G1 X62.076 Y21.502 E0.66195
G1 X62.383 Y21.575 E0.00865
G1 X62.761 Y21.849 E0.01279
G1 X62.924 Y22.116 E0.00857
G1 X62.998 Y22.413 E0.00839
G0 F1320 X37.35 Y20.516
G0 X37.257 Y20.217
G1 F480 X36.905 Y20.364 E0.01045
G1 X36.302 Y20.802 E0.02043
G1 X35.864 Y21.405 E0.02043
G1 X35.717 Y21.757 E0.01045
G1 X35.631 Y22.125 E0.01036
G1 X35.6 Y22.527 E0.01105
G1 X35.6 Y77.48 E1.50606
G1 X35.631 Y77.871 E0.01075
G1 X35.717 Y78.238 E0.01033
G1 X35.864 Y78.59 E0.01045
G1 X36.06 Y78.91 E0.01028
G1 X36.302 Y79.194 E0.01023
G1 X36.587 Y79.437 E0.01026
G1 X36.903 Y79.631 E0.01016
G1 X37.257 Y79.778 E0.01051
G1 X37.627 Y79.865 E0.01042
G1 X38.03 Y79.9 E0.01109
G1 X44.4 Y79.9 E0.17458
G1 X44.4 Y78.1 E0.04933
G1 X37.949 Y78.098 E0.1768
G1 X37.724 Y78.034 E0.00641
G1 X37.514 Y77.854 E0.00758
G1 X37.4 Y77.569 E0.00841
G1 X37.401 Y22.454 E1.5105
G1 X37.445 Y22.27 E0.00518
G1 X37.575 Y22.075 E0.00642
G1 X37.769 Y21.945 E0.0064
G1 X37.954 Y21.901 E0.00521
G1 X62.046 Y21.901 E0.66027
G1 X62.317 Y21.99 E0.00782
G1 X62.457 Y22.109 E0.00504
G1 X62.555 Y22.27 E0.00517
G1 X62.599 Y22.448 E0.00503
G1 X62.599 Y77.552 E1.5102
G1 X62.513 Y77.813 E0.00753
G1 X62.424 Y77.926 E0.00394
G1 X62.231 Y78.055 E0.00636
G1 X62.052 Y78.098 E0.00505
G1 X55.6 Y78.1 E0.17683
G1 X55.6 Y79.9 E0.04933
G1 X61.97 Y79.9 E0.17458
G1 X62.373 Y79.866 E0.01108
G1 X62.738 Y79.779 E0.01028
G1 X63.095 Y79.631 E0.01059
G1 X63.413 Y79.437 E0.01021
G1 X63.693 Y79.195 E0.01014
G1 X63.936 Y78.91 E0.01026
G1 X64.131 Y78.59 E0.01027
G1 X64.279 Y78.238 E0.01047
G1 X64.366 Y77.869 E0.01039
G1 X64.4 Y77.47 E0.01097
G1 X64.4 Y22.522 E1.50592
G1 X64.366 Y22.127 E0.01087
G1 X64.279 Y21.757 E0.01042
G1 X64.132 Y21.402 E0.01053
G1 X63.937 Y21.087 E0.01015
G1 X63.694 Y20.802 E0.01026
G1 X63.413 Y20.562 E0.01013
G1 X63.093 Y20.364 E0.01031
G1 X62.738 Y20.217 E0.01053
G1 X62.375 Y20.131 E0.01022
G1 X61.973 Y20.101 E0.01105
G1 X38.027 Y20.1 E0.65627
G1 X37.625 Y20.131 E0.01105
G1 X37.257 Y20.217 E0.01036
G0 F1320 X37.35 Y20.517
G0 X37.181 Y21.547
G0 X36.016 Y78.15
G0 X35.335 Y78.362
M204 P150
;TYPE:WALL-OUTER
G1 F480 X35.507 Y78.772 E0.01207
G1 X35.735 Y79.146 E0.01189
G1 X36.018 Y79.478 E0.01184
G1 X36.351 Y79.761 E0.01186
G1 X36.72 Y79.989 E0.01177
G1 X37.134 Y80.16 E0.01216
G1 X37.564 Y80.261 E0.01199
G1 X38.013 Y80.3 E0.01223
G1 X44.8 Y80.3 E0.1842
G1 X44.8 Y77.7 E0.07056
G1 X37.983 Y77.7 E0.18502
G1 X37.87 Y77.653 E0.00332
G1 X37.8 Y77.516 E0.00418
G1 X37.8 Y22.432 E1.49499
G1 X37.893 Y22.33 E0.00375
G1 X37.984 Y22.3 E0.0026
G1 X62.016 Y22.3 E0.65223
G1 X62.153 Y22.369 E0.00416
G1 X62.2 Y22.482 E0.00332
G1 X62.2 Y77.57 E1.4951
G1 X62.105 Y77.671 E0.00376
G1 X62.018 Y77.7 E0.00249
G1 X55.2 Y77.7 E0.18504
G1 X55.2 Y80.3 E0.07056
G1 X61.987 Y80.3 E0.1842
G1 X62.436 Y80.262 E0.01223
G1 X62.862 Y80.161 E0.01188
G1 X63.277 Y79.989 E0.01219
G1 X63.649 Y79.761 E0.01184
G1 X63.977 Y79.478 E0.01176
G1 X64.261 Y79.146 E0.01186
G1 X64.489 Y78.772 E0.01189
G1 X64.661 Y78.362 E0.01207
G1 X64.762 Y77.932 E0.01199
G1 X64.8 Y77.487 E0.01212
G1 X64.8 Y22.505 E1.49223
G1 X64.762 Y22.064 E0.01201
G1 X64.661 Y21.634 E0.01199
G1 X64.489 Y21.22 E0.01217
G1 X64.261 Y20.851 E0.01177
G1 X63.978 Y20.518 E0.01186
G1 X63.649 Y20.238 E0.01173
G1 X63.276 Y20.007 E0.01191
G1 X62.862 Y19.835 E0.01217
G1 X62.437 Y19.735 E0.01185
G1 X61.988 Y19.701 E0.01222
G1 X38.012 Y19.7 E0.65072
G1 X37.563 Y19.735 E0.01222
G1 X37.134 Y19.835 E0.01196
G1 X36.721 Y20.007 E0.01214
G1 X36.351 Y20.239 E0.01185
G1 X36.018 Y20.518 E0.01179
G1 X35.739 Y20.851 E0.01179
G1 X35.507 Y21.221 E0.01185
G1 X35.335 Y21.634 E0.01214
G1 X35.235 Y22.063 E0.01196
G1 X35.2 Y22.512 E0.01222
G1 X35.2 Y77.496 E1.49228
G1 X35.235 Y77.933 E0.0119
G1 X35.335 Y78.362 E0.01196
G0 F1320 X35.412 Y78.546
G0 X36.346 Y78.162
;MESH:NONMESH
G0 F600 X36.346 Y78.162 Z5.96
G0 F1320 X43.5 Y79
;TIME_ELAPSED:11328.872505
;LAYER:36
M204 P200
;TYPE:WALL-INNER
;MESH:flasherBot.STL
G1 F321.1 X37.859 Y79 E0.23113
G1 F322.7 X37.533 Y78.922 E0.01367
G1 X37.117 Y78.71 E0.01903
G1 F322.1 X36.789 Y78.382 E0.01894
G1 F321.6 X36.574 Y77.961 E0.01934
G1 F320.5 X36.5 Y77.445 E0.02139
G1 X36.5 Y22.327 E2.2621
G1 F321.1 X36.665 Y21.818 E0.02192
G1 X36.94 Y21.44 E0.01915
G1 X37.318 Y21.165 E0.01915
G1 F321.6 X37.827 Y21 E0.02189
G1 F322.1 X62 Y21.002 E0.98712
G1 X62.462 Y21.074 E0.01909
G1 F321.6 X62.682 Y21.166 E0.00975
G1 X63.058 Y21.439 E0.01901
G1 F322.1 X63.33 Y21.812 E0.01885
G1 F322.7 X63.478 Y22.269 E0.01958
G1 F321.6 X63.5 Y22.561 E0.01198
G1 F320 X63.5 Y77.432 E2.25572
G1 F322.1 X63.424 Y77.961 E0.02182
G1 F323.8 X63.208 Y78.383 E0.01926
G1 F323.2 X62.883 Y78.71 E0.01876
G1 F323.8 X62.688 Y78.83 E0.0093
G1 F323.2 X62.163 Y79 E0.02246
G1 F321.1 X56.5 Y79 E0.23203
G0 F1320 X62.838 Y78.338
G0 X62.838 Y21.662
G0 X37.162 Y21.662
G0 X36.385 Y78.675
G1 F480 X36.823 Y79.113 E0.01698
G1 X37.38 Y79.396 E0.01712
G1 X38.046 Y79.5 E0.01847
G1 X44 Y79.5 E0.16318
G1 X44 Y78.5 E0.02741
G1 X37.916 Y78.497 E0.16674
G1 X37.54 Y78.389 E0.01072
G1 X37.35 Y78.261 E0.00628
G1 X37.146 Y78.022 E0.00861
G1 X37.003 Y77.674 E0.01031
G1 X37.002 Y22.424 E1.5142
G1 X37.05 Y22.188 E0.0066
G1 X37.152 Y21.969 E0.00662
G1 X37.292 Y21.792 E0.00618
G1 X37.616 Y21.576 E0.01067
G1 X37.923 Y21.502 E0.00865
G1 X62.076 Y21.502 E0.66195
G1 X62.383 Y21.575 E0.00865
G1 X62.761 Y21.849 E0.01279
G1 X62.924 Y22.116 E0.00857
G1 X62.998 Y22.413 E0.00839
G1 X62.998 Y77.586 E1.51209
G1 X62.952 Y77.809 E0.00624
G1 X62.762 Y78.15 E0.0107
G1 X62.46 Y78.39 E0.01057
G1 X62.086 Y78.497 E0.01066
G1 X56 Y78.5 E0.1668
G1 X56 Y79.5 E0.02741
G1 X61.954 Y79.5 E0.16318
G1 X62.615 Y79.398 E0.01833
G1 X63.176 Y79.113 E0.01725
G1 X63.611 Y78.675 E0.01692
G1 X63.897 Y78.114 E0.01726
G1 X64 Y77.453 E0.01833
G1 X64 Y22.54 E1.50496
G1 X63.897 Y21.88 E0.01831
G1 X63.774 Y21.585 E0.00876
G1 X63.411 Y21.086 E0.01691
G1 X62.91 Y20.721 E0.01699
G1 X62.313 Y20.528 E0.0172
G1 X61.939 Y20.501 E0.01028
G1 X38.042 Y20.5 E0.65493
G1 X37.38 Y20.598 E0.01834
G1 X37.089 Y20.72 E0.00865
G1 X36.586 Y21.086 E0.01705
G1 X36.22 Y21.589 E0.01705
G1 X36.098 Y21.88 E0.00865
G1 X36 Y22.542 E0.01834
G1 X36 Y77.464 E1.50521
G1 X36.098 Y78.115 E0.01804
G1 X36.385 Y78.675 E0.01725
G0 F1320 X37.162 Y21.662
G0 X62.322 Y20.437
G0 X62.375 Y20.131
G1 F480 X61.973 Y20.101 E0.01105
G1 X38.027 Y20.1 E0.65627
G1 X37.625 Y20.131 E0.01105
G1 X37.257 Y20.217 E0.01036
G1 X36.905 Y20.364 E0.01045
G1 X36.302 Y20.802 E0.02043
G1 X35.864 Y21.405 E0.02043
G1 X35.717 Y21.757 E0.01045
G1 X35.631 Y22.125 E0.01036
G1 X35.6 Y22.527 E0.01105
G1 X35.6 Y77.48 E1.50606
G1 X35.631 Y77.871 E0.01075
G1 X35.717 Y78.238 E0.01033
G1 X35.864 Y78.59 E0.01045
G1 X36.06 Y78.91 E0.01028
G1 X36.302 Y79.194 E0.01023
G1 X36.587 Y79.437 E0.01026
G1 X36.903 Y79.631 E0.01016
G1 X37.257 Y79.778 E0.01051
G1 X37.627 Y79.865 E0.01042
G1 X38.03 Y79.9 E0.01109
G1 X44.4 Y79.9 E0.17458
G1 X44.4 Y78.1 E0.04933
G1 X37.949 Y78.098 E0.1768
G1 X37.724 Y78.034 E0.00641
G1 X37.514 Y77.854 E0.00758
G1 X37.4 Y77.569 E0.00841
G1 X37.401 Y22.454 E1.5105
G1 X37.445 Y22.27 E0.00518
G1 X37.575 Y22.075 E0.00642
G1 X37.769 Y21.945 E0.0064
G1 X37.954 Y21.901 E0.00521
G1 X62.046 Y21.901 E0.66027
G1 X62.317 Y21.99 E0.00782
G1 X62.457 Y22.109 E0.00504
G1 X62.555 Y22.27 E0.00517
G1 X62.599 Y22.448 E0.00503
G1 X62.599 Y77.552 E1.5102
G1 X62.513 Y77.813 E0.00753
G1 X62.424 Y77.926 E0.00394
G1 X62.231 Y78.055 E0.00636
G1 X62.052 Y78.098 E0.00505
G1 X55.6 Y78.1 E0.17683
G1 X55.6 Y79.9 E0.04933
G1 X61.97 Y79.9 E0.17458
G1 X62.373 Y79.866 E0.01108
G1 X62.738 Y79.779 E0.01028
G1 X63.095 Y79.631 E0.01059
G1 X63.413 Y79.437 E0.01021
G1 X63.693 Y79.195 E0.01014
G1 X63.936 Y78.91 E0.01026
G1 X64.131 Y78.59 E0.01027
G1 X64.279 Y78.238 E0.01047
G1 X64.366 Y77.869 E0.01039
G1 X64.4 Y77.47 E0.01097
G1 X64.4 Y22.522 E1.50592
G1 X64.366 Y22.127 E0.01087
G1 X64.279 Y21.757 E0.01042
G1 X64.132 Y21.402 E0.01053
G1 X63.937 Y21.087 E0.01015
G1 X63.694 Y20.802 E0.01026
G1 X63.413 Y20.562 E0.01013
G1 X63.093 Y20.364 E0.01031
G1 X62.738 Y20.217 E0.01053
G1 X62.375 Y20.131 E0.01022
G0 F1320 X62.322 Y20.437
G0 X37.162 Y21.662
G0 X36.309 Y78.726
G0 X35.735 Y79.146
M204 P150
;TYPE:WALL-OUTER
G1 F480 X36.018 Y79.478 E0.01184
G1 X36.351 Y79.761 E0.01186
G1 X36.72 Y79.989 E0.01177
G1 X37.134 Y80.16 E0.01216
G1 X37.564 Y80.261 E0.01199
G1 X38.013 Y80.3 E0.01223
G1 X44.8 Y80.3 E0.1842
G1 X44.8 Y77.7 E0.07056
G1 X37.983 Y77.7 E0.18502
G1 X37.87 Y77.653 E0.00332
G1 X37.8 Y77.516 E0.00418
G1 X37.8 Y22.432 E1.49499
G1 X37.893 Y22.33 E0.00375
G1 X37.984 Y22.3 E0.0026
G1 X62.016 Y22.3 E0.65223
G1 X62.153 Y22.369 E0.00416
G1 X62.2 Y22.482 E0.00332
G1 X62.2 Y77.57 E1.4951
G1 X62.105 Y77.671 E0.00376
G1 X62.018 Y77.7 E0.00249
G1 X55.2 Y77.7 E0.18504
G1 X55.2 Y80.3 E0.07056
G1 X61.987 Y80.3 E0.1842
G1 X62.436 Y80.262 E0.01223
G1 X62.862 Y80.161 E0.01188
G1 X63.277 Y79.989 E0.01219
G1 X63.649 Y79.761 E0.01184
G1 X63.977 Y79.478 E0.01176
G1 X64.261 Y79.146 E0.01186
G1 X64.489 Y78.772 E0.01189
G1 X64.661 Y78.362 E0.01207
G1 X64.762 Y77.932 E0.01199
G1 X64.8 Y77.487 E0.01212
G1 X64.8 Y22.505 E1.49223
G1 X64.762 Y22.064 E0.01201
G1 X64.661 Y21.634 E0.01199
G1 X64.489 Y21.22 E0.01217
G1 X64.261 Y20.851 E0.01177
G1 X63.978 Y20.518 E0.01186
G1 X63.649 Y20.238 E0.01173
G1 X63.276 Y20.007 E0.01191
G1 X62.862 Y19.835 E0.01217
G1 X62.437 Y19.735 E0.01185
G1 X61.988 Y19.701 E0.01222
G1 X38.012 Y19.7 E0.65072
G1 X37.563 Y19.735 E0.01222
G1 X37.134 Y19.835 E0.01196
G1 X36.721 Y20.007 E0.01214
G1 X36.351 Y20.239 E0.01185
G1 X36.018 Y20.518 E0.01179
G1 X35.739 Y20.851 E0.01179
G1 X35.507 Y21.221 E0.01185
G1 X35.335 Y21.634 E0.01214
G1 X35.235 Y22.063 E0.01196
G1 X35.2 Y22.512 E0.01222
G1 X35.2 Y77.496 E1.49228
G1 X35.235 Y77.933 E0.0119
G1 X35.335 Y78.362 E0.01196
G1 X35.507 Y78.772 E0.01207
G1 X35.735 Y79.146 E0.01189
G0 F1320 X35.864 Y79.298
G0 X36.632 Y78.641
;MESH:NONMESH
G0 F600 X36.632 Y78.641 Z6.12
G0 F1320 X43.5 Y79
;TIME_ELAPSED:11491.241379
;LAYER:37
M204 P200
;TYPE:WALL-INNER
;MESH:flasherBot.STL
G1 F321.1 X37.859 Y79 E0.23113
G1 F322.7 X37.533 Y78.922 E0.01367
G1 X37.117 Y78.71 E0.01903
G1 F322.1 X36.789 Y78.382 E0.01894
G1 F321.6 X36.574 Y77.961 E0.01934
G1 F320.5 X36.5 Y77.445 E0.02139
G1 X36.5 Y22.327 E2.2621
G1 F321.1 X36.665 Y21.818 E0.02192
G1 X36.94 Y21.44 E0.01915
G1 X37.318 Y21.165 E0.01915
G1 F321.6 X37.827 Y21 E0.02189
G1 F322.1 X62 Y21.002 E0.98712
G1 X62.462 Y21.074 E0.01909
G1 F321.6 X62.682 Y21.166 E0.00975
G1 X63.058 Y21.439 E0.01901
G1 F322.1 X63.33 Y21.812 E0.01885
G1 F322.7 X63.478 Y22.269 E0.01958
G1 F321.6 X63.5 Y22.561 E0.01198
G1 F320 X63.5 Y77.432 E2.25572
G1 F322.1 X63.424 Y77.961 E0.02182
G1 F323.8 X63.208 Y78.383 E0.01926
G1 F323.2 X62.883 Y78.71 E0.01876
G1 F323.8 X62.688 Y78.83 E0.0093
G1 F323.2 X62.163 Y79 E0.02246
G1 F321.1 X56.5 Y79 E0.23203
G0 F1320 X62.838 Y78.338
G0 X62.838 Y21.662
G0 X37.162 Y21.662
G0 X37.002 Y22.424
G1 F480 X37.05 Y22.188 E0.0066
G1 X37.152 Y21.969 E0.00662
G1 X37.292 Y21.792 E0.00618
G1 X37.616 Y21.576 E0.01067
G1 X37.923 Y21.502 E0.00865
G1 X62.076 Y21.502 E0.66195
G1 X62.383 Y21.575 E0.00865
G1 X62.761 Y21.849 E0.01279
G1 X62.924 Y22.116 E0.00857
G1 X62.998 Y22.413 E0.00839
G1 X62.998 Y77.586 E1.51209
G1 X62.952 Y77.809 E0.00624
G1 X62.762 Y78.15 E0.0107
G1 X62.46 Y78.39 E0.01057
G1 X62.086 Y78.497 E0.01066
G1 X56 Y78.5 E0.1668
G1 X56 Y79.5 E0.02741
G1 X61.954 Y79.5 E0.16318
G1 X62.615 Y79.398 E0.01833
G1 X63.176 Y79.113 E0.01725
G1 X63.611 Y78.675 E0.01692
G1 X63.897 Y78.114 E0.01726
G1 X64 Y77.453 E0.01833
G1 X64 Y22.54 E1.50496
G1 X63.897 Y21.88 E0.01831
G1 X63.774 Y21.585 E0.00876
G1 X63.411 Y21.086 E0.01691
G1 X62.91 Y20.721 E0.01699
G1 X62.313 Y20.528 E0.0172
G1 X61.939 Y20.501 E0.01028
G1 X38.042 Y20.5 E0.65493
G1 X37.38 Y20.598 E0.01834
G1 X37.089 Y20.72 E0.00865
G1 X36.586 Y21.086 E0.01705
G1 X36.22 Y21.589 E0.01705
G1 X36.098 Y21.88 E0.00865
G1 X36 Y22.542 E0.01834
G1 X36 Y77.464 E1.50521
G1 X36.098 Y78.115 E0.01804
G1 X36.385 Y78.675 E0.01725
G1 X36.823 Y79.113 E0.01698
G1 X37.38 Y79.396 E0.01712
G1 X38.046 Y79.5 E0.01847
G1 X44 Y79.5 E0.16318
G1 X44 Y78.5 E0.02741
G1 X37.916 Y78.497 E0.16674
G1 X37.54 Y78.389 E0.01072
G1 X37.35 Y78.261 E0.00628
G1 X37.146 Y78.022 E0.00861
G1 X37.003 Y77.674 E0.01031
G1 X37.002 Y22.424 E1.5142
G0 F1320 X37.162 Y78.338
G0 X37.724 Y78.034
G1 F480 X37.514 Y77.854 E0.00758
G1 X37.4 Y77.569 E0.00841
G1 X37.401 Y22.454 E1.5105
G1 X37.445 Y22.27 E0.00518
G1 X37.575 Y22.075 E0.00642
G1 X37.769 Y21.945 E0.0064
G1 X37.954 Y21.901 E0.00521
G1 X62.046 Y21.901 E0.66027
G1 X62.317 Y21.99 E0.00782
G1 X62.457 Y22.109 E0.00504
G1 X62.555 Y22.27 E0.00517
G1 X62.599 Y22.448 E0.00503
G1 X62.599 Y77.552 E1.5102
G1 X62.513 Y77.813 E0.00753
G1 X62.424 Y77.926 E0.00394
G1 X62.231 Y78.055 E0.00636
G1 X62.052 Y78.098 E0.00505
G1 X55.6 Y78.1 E0.17683
G1 X55.6 Y79.9 E0.04933
G1 X61.97 Y79.9 E0.17458
G1 X62.373 Y79.866 E0.01108
G1 X62.738 Y79.779 E0.01028
G1 X63.095 Y79.631 E0.01059
G1 X63.413 Y79.437 E0.01021
G1 X63.693 Y79.195 E0.01014
G1 X63.936 Y78.91 E0.01026
G1 X64.131 Y78.59 E0.01027
G1 X64.279 Y78.238 E0.01047
G1 X64.366 Y77.869 E0.01039
G1 X64.4 Y77.47 E0.01097
G1 X64.4 Y22.522 E1.50592
G1 X64.366 Y22.127 E0.01087
G1 X64.279 Y21.757 E0.01042
G1 X64.132 Y21.402 E0.01053
G1 X63.937 Y21.087 E0.01015
G1 X63.694 Y20.802 E0.01026
G1 X63.413 Y20.562 E0.01013
G1 X63.093 Y20.364 E0.01031
G1 X62.738 Y20.217 E0.01053
G1 X62.375 Y20.131 E0.01022
G1 X61.973 Y20.101 E0.01105
G1 X38.027 Y20.1 E0.65627
G1 X37.625 Y20.131 E0.01105
G1 X37.257 Y20.217 E0.01036
G1 X36.905 Y20.364 E0.01045
G1 X36.302 Y20.802 E0.02043
G1 X35.864 Y21.405 E0.02043
G1 X35.717 Y21.757 E0.01045
G1 X35.631 Y22.125 E0.01036
G1 X35.6 Y22.527 E0.01105
G1 X35.6 Y77.48 E1.50606
G1 X35.631 Y77.871 E0.01075
G1 X35.717 Y78.238 E0.01033
G1 X35.864 Y78.59 E0.01045
G1 X36.06 Y78.91 E0.01028
G1 X36.302 Y79.194 E0.01023
G1 X36.587 Y79.437 E0.01026
G1 X36.903 Y79.631 E0.01016
G1 X37.257 Y79.778 E0.01051
G1 X37.627 Y79.865 E0.01042
G1 X38.03 Y79.9 E0.01109
G1 X44.4 Y79.9 E0.17458
G1 X44.4 Y78.1 E0.04933
G1 X37.949 Y78.098 E0.1768
G1 X37.724 Y78.034 E0.00641
G0 F1320 X37.724 Y78.41
G0 X37.162 Y21.662
G0 X37.8 Y22.432
M204 P150
;TYPE:WALL-OUTER
G1 F480 X37.893 Y22.33 E0.00375
G1 X37.984 Y22.3 E0.0026
G1 X62.016 Y22.3 E0.65223
G1 X62.153 Y22.369 E0.00416
G1 X62.2 Y22.482 E0.00332
G1 X62.2 Y77.57 E1.4951
G1 X62.105 Y77.671 E0.00376
G1 X62.018 Y77.7 E0.00249
G1 X55.2 Y77.7 E0.18504
G1 X55.2 Y80.3 E0.07056
G1 X61.987 Y80.3 E0.1842
G1 X62.436 Y80.262 E0.01223
G1 X62.862 Y80.161 E0.01188
G1 X63.277 Y79.989 E0.01219
G1 X63.649 Y79.761 E0.01184
G1 X63.977 Y79.478 E0.01176
G1 X64.261 Y79.146 E0.01186
G1 X64.489 Y78.772 E0.01189
G1 X64.661 Y78.362 E0.01207
G1 X64.762 Y77.932 E0.01199
G1 X64.8 Y77.487 E0.01212
G1 X64.8 Y22.505 E1.49223
G1 X64.762 Y22.064 E0.01201
G1 X64.661 Y21.634 E0.01199
G1 X64.489 Y21.22 E0.01217
G1 X64.261 Y20.851 E0.01177
G1 X63.978 Y20.518 E0.01186
G1 X63.649 Y20.238 E0.01173
G1 X63.276 Y20.007 E0.01191
G1 X62.862 Y19.835 E0.01217
G1 X62.437 Y19.735 E0.01185
G1 X61.988 Y19.701 E0.01222
G1 X38.012 Y19.7 E0.65072
G1 X37.563 Y19.735 E0.01222
G1 X37.134 Y19.835 E0.01196
G1 X36.721 Y20.007 E0.01214
G1 X36.351 Y20.239 E0.01185
G1 X36.018 Y20.518 E0.01179
G1 X35.739 Y20.851 E0.01179
G1 X35.507 Y21.221 E0.01185
G1 X35.335 Y21.634 E0.01214
G1 X35.235 Y22.063 E0.01196
G1 X35.2 Y22.512 E0.01222
G1 X35.2 Y77.496 E1.49228
G1 X35.235 Y77.933 E0.0119
G1 X35.335 Y78.362 E0.01196
G1 X35.507 Y78.772 E0.01207
G1 X35.735 Y79.146 E0.01189
G1 X36.018 Y79.478 E0.01184
G1 X36.351 Y79.761 E0.01186
G1 X36.72 Y79.989 E0.01177
G1 X37.134 Y80.16 E0.01216
G1 X37.564 Y80.261 E0.01199
G1 X38.013 Y80.3 E0.01223
G1 X44.8 Y80.3 E0.1842
G1 X44.8 Y77.7 E0.07056
G1 X37.983 Y77.7 E0.18502
G1 X37.87 Y77.653 E0.00332
G1 X37.8 Y77.516 E0.00418
G1 X37.8 Y22.432 E1.49499
G0 F1320 X37.893 Y22.33
G0 X37.951 Y22.311
G0 X37.951 Y21.29
;MESH:NONMESH
G0 F600 X37.951 Y21.29 Z6.28
G0 F1320 X37.162 Y21.662
G0 X37.162 Y78.338
G0 X43.5 Y79
;TIME_ELAPSED:11651.361573
;LAYER:38
M204 P200
;TYPE:WALL-INNER
;MESH:flasherBot.STL
G1 F321.1 X37.859 Y79 E0.23113
G1 F322.7 X37.533 Y78.922 E0.01367
G1 X37.117 Y78.71 E0.01903
G1 F322.1 X36.789 Y78.382 E0.01894
G1 F321.6 X36.574 Y77.961 E0.01934
G1 F320.5 X36.5 Y77.445 E0.02139
G1 X36.5 Y22.327 E2.2621
G1 F321.1 X36.665 Y21.818 E0.02192
G1 X36.94 Y21.44 E0.01915
G1 X37.318 Y21.165 E0.01915
G1 F321.6 X37.827 Y21 E0.02189
G1 F322.1 X62 Y21.002 E0.98712
G1 X62.462 Y21.074 E0.01909
G1 F321.6 X62.682 Y21.166 E0.00975
G1 X63.058 Y21.439 E0.01901
G1 F322.1 X63.33 Y21.812 E0.01885
G1 F322.7 X63.478 Y22.269 E0.01958
G1 F321.6 X63.5 Y22.561 E0.01198
G1 F320 X63.5 Y77.432 E2.25572
G1 F322.1 X63.424 Y77.961 E0.02182
G1 F323.8 X63.208 Y78.383 E0.01926
G1 F323.2 X62.883 Y78.71 E0.01876
G1 F323.8 X62.688 Y78.83 E0.0093
G1 F323.2 X62.163 Y79 E0.02246
G1 F321.1 X56.5 Y79 E0.23203
G0 F1320 X62.838 Y78.338
G0 X62.838 Y21.662
G0 X37.162 Y21.662
G0 X37.162 Y78.338
G0 X37.916 Y78.497
G1 F480 X37.54 Y78.389 E0.01072
G1 X37.35 Y78.261 E0.00628
G1 X37.146 Y78.022 E0.00861
G1 X37.003 Y77.674 E0.01031
G1 X37.002 Y22.424 E1.5142
G1 X37.05 Y22.188 E0.0066
G1 X37.152 Y21.969 E0.00662
G1 X37.292 Y21.792 E0.00618
G1 X37.616 Y21.576 E0.01067
G1 X37.923 Y21.502 E0.00865
G1 X62.076 Y21.502 E0.66195
G1 X62.383 Y21.575 E0.00865
G1 X62.761 Y21.849 E0.01279
G1 X62.924 Y22.116 E0.00857
G1 X62.998 Y22.413 E0.00839
G1 X62.998 Y77.586 E1.51209
G1 X62.952 Y77.809 E0.00624
G1 X62.762 Y78.15 E0.0107
G1 X62.46 Y78.39 E0.01057
G1 X62.086 Y78.497 E0.01066
G1 X56 Y78.5 E0.1668
G1 X56 Y79.5 E0.02741
G1 X61.954 Y79.5 E0.16318
G1 X62.615 Y79.398 E0.01833
G1 X63.176 Y79.113 E0.01725
G1 X63.611 Y78.675 E0.01692
G1 X63.897 Y78.114 E0.01726
G1 X64 Y77.453 E0.01833
G1 X64 Y22.54 E1.50496
G1 X63.897 Y21.88 E0.01831
G1 X63.774 Y21.585 E0.00876
G1 X63.411 Y21.086 E0.01691
G1 X62.91 Y20.721 E0.01699
G1 X62.313 Y20.528 E0.0172
G1 X61.939 Y20.501 E0.01028
G1 X38.042 Y20.5 E0.65493
G1 X37.38 Y20.598 E0.01834
G1 X37.089 Y20.72 E0.00865
G1 X36.586 Y21.086 E0.01705
G1 X36.22 Y21.589 E0.01705
G1 X36.098 Y21.88 E0.00865
G1 X36 Y22.542 E0.01834
G1 X36 Y77.464 E1.50521
G1 X36.098 Y78.115 E0.01804
G1 X36.385 Y78.675 E0.01725
G1 X36.823 Y79.113 E0.01698
G1 X37.38 Y79.396 E0.01712
G1 X38.046 Y79.5 E0.01847
G1 X44 Y79.5 E0.16318
G1 X44 Y78.5 E0.02741
G1 X37.916 Y78.497 E0.16674
G0 F1320 X37.162 Y21.662
G0 X62.838 Y21.662
G0 X62.838 Y78.338
G0 X55.88 Y79.62
G0 X55.6 Y79.9
G1 F480 X61.97 Y79.9 E0.17458
G1 X62.373 Y79.866 E0.01108
G1 X62.738 Y79.779 E0.01028
G1 X63.095 Y79.631 E0.01059
G1 X63.413 Y79.437 E0.01021
G1 X63.693 Y79.195 E0.01014
G1 X63.936 Y78.91 E0.01026
G1 X64.131 Y78.59 E0.01027
G1 X64.279 Y78.238 E0.01047
G1 X64.366 Y77.869 E0.01039
G1 X64.4 Y77.47 E0.01097
G1 X64.4 Y22.522 E1.50592
G1 X64.366 Y22.127 E0.01087
G1 X64.279 Y21.757 E0.01042
G1 X64.132 Y21.402 E0.01053
G1 X63.937 Y21.087 E0.01015
G1 X63.694 Y20.802 E0.01026
G1 X63.413 Y20.562 E0.01013
G1 X63.093 Y20.364 E0.01031
G1 X62.738 Y20.217 E0.01053
G1 X62.375 Y20.131 E0.01022
G1 X61.973 Y20.101 E0.01105
G1 X38.027 Y20.1 E0.65627
G1 X37.625 Y20.131 E0.01105
G1 X37.257 Y20.217 E0.01036
G1 X36.905 Y20.364 E0.01045
G1 X36.302 Y20.802 E0.02043
G1 X35.864 Y21.405 E0.02043
G1 X35.717 Y21.757 E0.01045
G1 X35.631 Y22.125 E0.01036
G1 X35.6 Y22.527 E0.01105
G1 X35.6 Y77.48 E1.50606
G1 X35.631 Y77.871 E0.01075
G1 X35.717 Y78.238 E0.01033
G1 X35.864 Y78.59 E0.01045
G1 X36.06 Y78.91 E0.01028
G1 X36.302 Y79.194 E0.01023
G1 X36.587 Y79.437 E0.01026
G1 X36.903 Y79.631 E0.01016
G1 X37.257 Y79.778 E0.01051
G1 X37.627 Y79.865 E0.01042
G1 X38.03 Y79.9 E0.01109
G1 X44.4 Y79.9 E0.17458
G1 X44.4 Y78.1 E0.04933
G1 X37.949 Y78.098 E0.1768
G1 X37.724 Y78.034 E0.00641
G1 X37.514 Y77.854 E0.00758
G1 X37.4 Y77.569 E0.00841
G1 X37.401 Y22.454 E1.5105
G1 X37.445 Y22.27 E0.00518
G1 X37.575 Y22.075 E0.00642
G1 X37.769 Y21.945 E0.0064
G1 X37.954 Y21.901 E0.00521
G1 X62.046 Y21.901 E0.66027
G1 X62.317 Y21.99 E0.00782
G1 X62.457 Y22.109 E0.00504
G1 X62.555 Y22.27 E0.00517
G1 X62.599 Y22.448 E0.00503
G1 X62.599 Y77.552 E1.5102
G1 X62.513 Y77.813 E0.00753
G1 X62.424 Y77.926 E0.00394
G1 X62.231 Y78.055 E0.00636
G1 X62.052 Y78.098 E0.00505
G1 X55.6 Y78.1 E0.17683
G1 X55.6 Y79.9 E0.04933
G0 F1320 X55.91 Y79.62
G0 X62.838 Y78.338
G0 X62.838 Y21.662
G0 X62.65 Y20.516
G0 X62.862 Y19.835
M204 P150
;TYPE:WALL-OUTER
G1 F480 X62.437 Y19.735 E0.01185
G1 X61.988 Y19.701 E0.01222
G1 X38.012 Y19.7 E0.65072
G1 X37.563 Y19.735 E0.01222
G1 X37.134 Y19.835 E0.01196
G1 X36.721 Y20.007 E0.01214
G1 X36.351 Y20.239 E0.01185
G1 X36.018 Y20.518 E0.01179
G1 X35.739 Y20.851 E0.01179
G1 X35.507 Y21.221 E0.01185
G1 X35.335 Y21.634 E0.01214
G1 X35.235 Y22.063 E0.01196
G1 X35.2 Y22.512 E0.01222
G1 X35.2 Y77.496 E1.49228
G1 X35.235 Y77.933 E0.0119
G1 X35.335 Y78.362 E0.01196
G1 X35.507 Y78.772 E0.01207
G1 X35.735 Y79.146 E0.01189
G1 X36.018 Y79.478 E0.01184
G1 X36.351 Y79.761 E0.01186
G1 X36.72 Y79.989 E0.01177
G1 X37.134 Y80.16 E0.01216
G1 X37.564 Y80.261 E0.01199
G1 X38.013 Y80.3 E0.01223
G1 X44.8 Y80.3 E0.1842
G1 X44.8 Y77.7 E0.07056
G1 X37.983 Y77.7 E0.18502
G1 X37.87 Y77.653 E0.00332
G1 X37.8 Y77.516 E0.00418
G1 X37.8 Y22.432 E1.49499
G1 X37.893 Y22.33 E0.00375
G1 X37.984 Y22.3 E0.0026
G1 X62.016 Y22.3 E0.65223
G1 X62.153 Y22.369 E0.00416
G1 X62.2 Y22.482 E0.00332
G1 X62.2 Y77.57 E1.4951
G1 X62.105 Y77.671 E0.00376
G1 X62.018 Y77.7 E0.00249
G1 X55.2 Y77.7 E0.18504
G1 X55.2 Y80.3 E0.07056
G1 X61.987 Y80.3 E0.1842
G1 X62.436 Y80.262 E0.01223
G1 X62.862 Y80.161 E0.01188
G1 X63.277 Y79.989 E0.01219
G1 X63.649 Y79.761 E0.01184
G1 X63.977 Y79.478 E0.01176
G1 X64.261 Y79.146 E0.01186
G1 X64.489 Y78.772 E0.01189
G1 X64.661 Y78.362 E0.01207
G1 X64.762 Y77.932 E0.01199
G1 X64.8 Y77.487 E0.01212
G1 X64.8 Y22.505 E1.49223
G1 X64.762 Y22.064 E0.01201
G1 X64.661 Y21.634 E0.01199
G1 X64.489 Y21.22 E0.01217
G1 X64.261 Y20.851 E0.01177
G1 X63.978 Y20.518 E0.01186
G1 X63.649 Y20.238 E0.01173
G1 X63.276 Y20.007 E0.01191
G1 X62.862 Y19.835 E0.01217
G0 F1320 X62.668 Y19.79
G0 X62.433 Y20.772
;MESH:NONMESH
G0 F600 X62.433 Y20.772 Z6.44
G0 F1320 X37.162 Y21.662
G0 X37.162 Y78.338
G0 X43.5 Y79
;TIME_ELAPSED:11819.649275
;LAYER:39
M204 P200
;TYPE:WALL-INNER
;MESH:flasherBot.STL
G1 F321.1 X37.859 Y79 E0.23113
G1 F322.7 X37.533 Y78.922 E0.01367
G1 X37.117 Y78.71 E0.01903
G1 F322.1 X36.789 Y78.382 E0.01894
G1 F321.6 X36.574 Y77.961 E0.01934
G1 F320.5 X36.5 Y77.445 E0.02139
G1 X36.5 Y22.327 E2.2621
G1 F321.1 X36.665 Y21.818 E0.02192
G1 X36.94 Y21.44 E0.01915
G1 X37.318 Y21.165 E0.01915
G1 F321.6 X37.827 Y21 E0.02189
G1 F322.1 X62 Y21.002 E0.98712
G1 X62.462 Y21.074 E0.01909
G1 F321.6 X62.682 Y21.166 E0.00975
G1 X63.058 Y21.439 E0.01901
G1 F322.1 X63.33 Y21.812 E0.01885
G1 F322.7 X63.478 Y22.269 E0.01958
G1 F321.6 X63.5 Y22.561 E0.01198
G1 F320 X63.5 Y77.432 E2.25572
G1 F322.1 X63.424 Y77.961 E0.02182
G1 F323.8 X63.208 Y78.383 E0.01926
G1 F323.2 X62.883 Y78.71 E0.01876
G1 F323.8 X62.688 Y78.83 E0.0093
G1 F323.2 X62.163 Y79 E0.02246
G1 F321.1 X56.5 Y79 E0.23203
G0 F1320 X62.838 Y78.338
G0 X62.838 Y21.662
G0 X62.313 Y20.528
G1 F480 X61.939 Y20.501 E0.01028
G1 X38.042 Y20.5 E0.65493
G1 X37.38 Y20.598 E0.01834
G1 X37.089 Y20.72 E0.00865
G1 X36.586 Y21.086 E0.01705
G1 X36.22 Y21.589 E0.01705
G1 X36.098 Y21.88 E0.00865
G1 X36 Y22.542 E0.01834
G1 X36 Y77.464 E1.50521
G1 X36.098 Y78.115 E0.01804
G1 X36.385 Y78.675 E0.01725
G1 X36.823 Y79.113 E0.01698
G1 X37.38 Y79.396 E0.01712
G1 X38.046 Y79.5 E0.01847
G1 X44 Y79.5 E0.16318
G1 X44 Y78.5 E0.02741
G1 X37.916 Y78.497 E0.16674
G1 X37.54 Y78.389 E0.01072
G1 X37.35 Y78.261 E0.00628
G1 X37.146 Y78.022 E0.00861
G1 X37.003 Y77.674 E0.01031
G1 X37.002 Y22.424 E1.5142
G1 X37.05 Y22.188 E0.0066
G1 X37.152 Y21.969 E0.00662
G1 X37.292 Y21.792 E0.00618
G1 X37.616 Y21.576 E0.01067
G1 X37.923 Y21.502 E0.00865
G1 X62.076 Y21.502 E0.66195
G1 X62.383 Y21.575 E0.00865
G1 X62.761 Y21.849 E0.01279
G1 X62.924 Y22.116 E0.00857
G1 X62.998 Y22.413 E0.00839
G1 X62.998 Y77.586 E1.51209
G1 X62.952 Y77.809 E0.00624
G1 X62.762 Y78.15 E0.0107
G1 X62.46 Y78.39 E0.01057
G1 X62.086 Y78.497 E0.01066
G1 X56 Y78.5 E0.1668
G1 X56 Y79.5 E0.02741
G1 X61.954 Y79.5 E0.16318
G1 X62.615 Y79.398 E0.01833
G1 X63.176 Y79.113 E0.01725
G1 X63.611 Y78.675 E0.01692
G1 X63.897 Y78.114 E0.01726
G1 X64 Y77.453 E0.01833
G1 X64 Y22.54 E1.50496
G1 X63.897 Y21.88 E0.01831
G1 X63.774 Y21.585 E0.00876
G1 X63.411 Y21.086 E0.01691
G1 X62.91 Y20.721 E0.01699
G1 X62.313 Y20.528 E0.0172
G0 F1320 X37.162 Y21.662
G0 X37.09 Y77.854
G0 X37.514 Y77.854
G1 F480 X37.4 Y77.569 E0.00841
G1 X37.401 Y22.454 E1.5105
G1 X37.445 Y22.27 E0.00518
G1 X37.575 Y22.075 E0.00642
G1 X37.769 Y21.945 E0.0064
G1 X37.954 Y21.901 E0.00521
G1 X62.046 Y21.901 E0.66027
G1 X62.317 Y21.99 E0.00782
G1 X62.457 Y22.109 E0.00504
G1 X62.555 Y22.27 E0.00517
G1 X62.599 Y22.448 E0.00503
G1 X62.599 Y77.552 E1.5102
G1 X62.513 Y77.813 E0.00753
G1 X62.424 Y77.926 E0.00394
G1 X62.231 Y78.055 E0.00636
G1 X62.052 Y78.098 E0.00505
G1 X55.6 Y78.1 E0.17683
G1 X55.6 Y79.9 E0.04933
G1 X61.97 Y79.9 E0.17458
G1 X62.373 Y79.866 E0.01108
G1 X62.738 Y79.779 E0.01028
G1 X63.095 Y79.631 E0.01059
G1 X63.413 Y79.437 E0.01021
G1 X63.693 Y79.195 E0.01014
G1 X63.936 Y78.91 E0.01026
G1 X64.131 Y78.59 E0.01027
G1 X64.279 Y78.238 E0.01047
G1 X64.366 Y77.869 E0.01039
G1 X64.4 Y77.47 E0.01097
G1 X64.4 Y22.522 E1.50592
G1 X64.366 Y22.127 E0.01087
G1 X64.279 Y21.757 E0.01042
G1 X64.132 Y21.402 E0.01053
G1 X63.937 Y21.087 E0.01015
G1 X63.694 Y20.802 E0.01026
G1 X63.413 Y20.562 E0.01013
G1 X63.093 Y20.364 E0.01031
G1 X62.738 Y20.217 E0.01053
G1 X62.375 Y20.131 E0.01022
G1 X61.973 Y20.101 E0.01105
G1 X38.027 Y20.1 E0.65627
G1 X37.625 Y20.131 E0.01105
G1 X37.257 Y20.217 E0.01036
G1 X36.905 Y20.364 E0.01045
G1 X36.302 Y20.802 E0.02043
G1 X35.864 Y21.405 E0.02043
G1 X35.717 Y21.757 E0.01045
G1 X35.631 Y22.125 E0.01036
G1 X35.6 Y22.527 E0.01105
G1 X35.6 Y77.48 E1.50606
G1 X35.631 Y77.871 E0.01075
G1 X35.717 Y78.238 E0.01033
G1 X35.864 Y78.59 E0.01045
G1 X36.06 Y78.91 E0.01028
G1 X36.302 Y79.194 E0.01023
G1 X36.587 Y79.437 E0.01026
G1 X36.903 Y79.631 E0.01016
G1 X37.257 Y79.778 E0.01051
G1 X37.627 Y79.865 E0.01042
G1 X38.03 Y79.9 E0.01109
G1 X44.4 Y79.9 E0.17458
G1 X44.4 Y78.1 E0.04933
G1 X37.949 Y78.098 E0.1768
G1 X37.724 Y78.034 E0.00641
G1 X37.514 Y77.854 E0.00758
G0 F1320 X37.09 Y77.854
G0 X37.162 Y21.662
G0 X62.838 Y21.662
G0 X63.984 Y21.85
G0 X64.661 Y21.634
M204 P150
;TYPE:WALL-OUTER
G1 F480 X64.489 Y21.22 E0.01217
G1 X64.261 Y20.851 E0.01177
G1 X63.978 Y20.518 E0.01186
G1 X63.649 Y20.238 E0.01173
G1 X63.276 Y20.007 E0.01191
G1 X62.862 Y19.835 E0.01217
G1 X62.437 Y19.735 E0.01185
G1 X61.988 Y19.701 E0.01222
G1 X38.012 Y19.7 E0.65072
G1 X37.563 Y19.735 E0.01222
G1 X37.134 Y19.835 E0.01196
G1 X36.721 Y20.007 E0.01214
G1 X36.351 Y20.239 E0.01185
G1 X36.018 Y20.518 E0.01179
G1 X35.739 Y20.851 E0.01179
G1 X35.507 Y21.221 E0.01185
G1 X35.335 Y21.634 E0.01214
G1 X35.235 Y22.063 E0.01196
G1 X35.2 Y22.512 E0.01222
G1 X35.2 Y77.496 E1.49228
G1 X35.235 Y77.933 E0.0119
G1 X35.335 Y78.362 E0.01196
G1 X35.507 Y78.772 E0.01207
G1 X35.735 Y79.146 E0.01189
G1 X36.018 Y79.478 E0.01184
G1 X36.351 Y79.761 E0.01186
G1 X36.72 Y79.989 E0.01177
G1 X37.134 Y80.16 E0.01216
G1 X37.564 Y80.261 E0.01199
G1 X38.013 Y80.3 E0.01223
G1 X44.8 Y80.3 E0.1842
G1 X44.8 Y77.7 E0.07056
G1 X37.983 Y77.7 E0.18502
G1 X37.87 Y77.653 E0.00332
G1 X37.8 Y77.516 E0.00418
G1 X37.8 Y22.432 E1.49499
G1 X37.893 Y22.33 E0.00375
G1 X37.984 Y22.3 E0.0026
G1 X62.016 Y22.3 E0.65223
G1 X62.153 Y22.369 E0.00416
G1 X62.2 Y22.482 E0.00332
G1 X62.2 Y77.57 E1.4951
G1 X62.105 Y77.671 E0.00376
G1 X62.018 Y77.7 E0.00249
G1 X55.2 Y77.7 E0.18504
G1 X55.2 Y80.3 E0.07056
G1 X61.987 Y80.3 E0.1842
G1 X62.436 Y80.262 E0.01223
G1 X62.862 Y80.161 E0.01188
G1 X63.277 Y79.989 E0.01219
G1 X63.649 Y79.761 E0.01184
G1 X63.977 Y79.478 E0.01176
G1 X64.261 Y79.146 E0.01186
G1 X64.489 Y78.772 E0.01189
G1 X64.661 Y78.362 E0.01207
G1 X64.762 Y77.932 E0.01199
G1 X64.8 Y77.487 E0.01212
G1 X64.8 Y22.505 E1.49223
G1 X64.762 Y22.064 E0.01201
G1 X64.661 Y21.634 E0.01199
G0 F1320 X64.585 Y21.45
G0 X63.652 Y21.833
;MESH:NONMESH
G0 F600 X63.652 Y21.833 Z6.6
G0 F1320 X62.838 Y21.662
G0 X37.162 Y21.662
G0 X37.162 Y78.338
G0 X43.508 Y79
;TIME_ELAPSED:11982.086043
;LAYER:40
M204 P200
;TYPE:WALL-INNER
;MESH:flasherBot.STL
G1 F321.1 X37.859 Y79 E0.23145
G1 F322.7 X37.533 Y78.922 E0.01367
G1 X37.117 Y78.71 E0.01903
G1 F322.1 X36.789 Y78.382 E0.01894
G1 F321.6 X36.574 Y77.961 E0.01934
G1 F320.5 X36.5 Y77.445 E0.02139
G1 X36.5 Y22.327 E2.2621
G1 F321.1 X36.665 Y21.818 E0.02192
G1 X36.94 Y21.44 E0.01915
G1 X37.318 Y21.165 E0.01915
G1 F321.6 X37.827 Y21 E0.02189
G1 F322.1 X62 Y21.002 E0.98712
G1 X62.462 Y21.074 E0.01909
G1 F321.6 X62.682 Y21.166 E0.00975
G1 X63.058 Y21.439 E0.01901
G1 F322.1 X63.33 Y21.812 E0.01885
G1 F322.7 X63.478 Y22.269 E0.01958
G1 F321.6 X63.5 Y22.561 E0.01198
G1 F320 X63.5 Y77.432 E2.25572
G1 F322.1 X63.424 Y77.961 E0.02182
G1 F323.8 X63.208 Y78.383 E0.01926
G1 F323.2 X62.883 Y78.71 E0.01876
G1 F323.8 X62.688 Y78.83 E0.0093
G1 F323.2 X62.163 Y79 E0.02246
G1 F321.1 X56.488 Y79 E0.23252
G0 F1320 X62.838 Y78.338
G0 X62.838 Y21.662
G0 X62.313 Y20.528
G1 F480 X61.939 Y20.501 E0.01028
G1 X38.042 Y20.5 E0.65493
G1 X37.38 Y20.598 E0.01834
G1 X37.089 Y20.72 E0.00865
G1 X36.586 Y21.086 E0.01705
G1 X36.22 Y21.589 E0.01705
G1 X36.098 Y21.88 E0.00865
G1 X36 Y22.542 E0.01834
G1 X36 Y77.464 E1.50521
G1 X36.098 Y78.115 E0.01804
G1 X36.385 Y78.675 E0.01725
G1 X36.823 Y79.113 E0.01698
G1 X37.38 Y79.396 E0.01712
G1 X38.046 Y79.5 E0.01847
G1 X44.008 Y79.5 E0.1634
G1 X44.008 Y78.5 E0.02741
G1 X37.916 Y78.497 E0.16696
G1 X37.54 Y78.389 E0.01072
G1 X37.35 Y78.261 E0.00628
G1 X37.146 Y78.022 E0.00861
G1 X37.003 Y77.674 E0.01031
G1 X37.002 Y22.424 E1.5142
G1 X37.05 Y22.188 E0.0066
G1 X37.152 Y21.969 E0.00662
G1 X37.292 Y21.792 E0.00618
G1 X37.616 Y21.576 E0.01067
G1 X37.923 Y21.502 E0.00865
G1 X62.076 Y21.502 E0.66195
G1 X62.383 Y21.575 E0.00865
G1 X62.761 Y21.849 E0.01279
G1 X62.924 Y22.116 E0.00857
G1 X62.998 Y22.413 E0.00839
G1 X62.998 Y77.586 E1.51209
G1 X62.952 Y77.809 E0.00624
G1 X62.762 Y78.15 E0.0107
G1 X62.46 Y78.39 E0.01057
G1 X62.086 Y78.497 E0.01066
G1 X55.988 Y78.5 E0.16712
G1 X55.988 Y79.5 E0.02741
G1 X61.954 Y79.5 E0.16351
G1 X62.615 Y79.398 E0.01833
G1 X63.176 Y79.113 E0.01725
G1 X63.611 Y78.675 E0.01692
G1 X63.897 Y78.114 E0.01726
G1 X64 Y77.453 E0.01833
G1 X64 Y22.54 E1.50496
G1 X63.897 Y21.88 E0.01831
G1 X63.774 Y21.585 E0.00876
G1 X63.411 Y21.086 E0.01691
G1 X62.91 Y20.721 E0.01699
G1 X62.313 Y20.528 E0.0172
G0 F1320 X62.785 Y21.549
G0 X62.457 Y22.109
G1 F480 X62.555 Y22.27 E0.00517
G1 X62.599 Y22.448 E0.00503
G1 X62.599 Y77.552 E1.5102
G1 X62.513 Y77.813 E0.00753
G1 X62.424 Y77.926 E0.00394
G1 X62.231 Y78.055 E0.00636
G1 X62.052 Y78.098 E0.00505
G1 X55.588 Y78.1 E0.17715
G1 X55.588 Y79.9 E0.04933
G1 X61.97 Y79.9 E0.17491
G1 X62.373 Y79.866 E0.01108
G1 X62.738 Y79.779 E0.01028
G1 X63.095 Y79.631 E0.01059
G1 X63.413 Y79.437 E0.01021
G1 X63.693 Y79.195 E0.01014
G1 X63.936 Y78.91 E0.01026
G1 X64.131 Y78.59 E0.01027
G1 X64.279 Y78.238 E0.01047
G1 X64.366 Y77.869 E0.01039
G1 X64.4 Y77.47 E0.01097
G1 X64.4 Y22.522 E1.50592
G1 X64.366 Y22.127 E0.01087
G1 X64.279 Y21.757 E0.01042
G1 X64.132 Y21.402 E0.01053
G1 X63.937 Y21.087 E0.01015
G1 X63.694 Y20.802 E0.01026
G1 X63.413 Y20.562 E0.01013
G1 X63.093 Y20.364 E0.01031
G1 X62.738 Y20.217 E0.01053
G1 X62.375 Y20.131 E0.01022
G1 X61.973 Y20.101 E0.01105
G1 X38.027 Y20.1 E0.65627
G1 X37.625 Y20.131 E0.01105
G1 X37.257 Y20.217 E0.01036
G1 X36.905 Y20.364 E0.01045
G1 X36.302 Y20.802 E0.02043
G1 X35.864 Y21.405 E0.02043
G1 X35.717 Y21.757 E0.01045
G1 X35.631 Y22.125 E0.01036
G1 X35.6 Y22.527 E0.01105
G1 X35.6 Y77.48 E1.50606
G1 X35.631 Y77.871 E0.01075
G1 X35.717 Y78.238 E0.01033
G1 X35.864 Y78.59 E0.01045
G1 X36.06 Y78.91 E0.01028
G1 X36.302 Y79.194 E0.01023
G1 X36.587 Y79.437 E0.01026
G1 X36.903 Y79.631 E0.01016
G1 X37.257 Y79.778 E0.01051
G1 X37.627 Y79.865 E0.01042
G1 X38.03 Y79.9 E0.01109
G1 X44.408 Y79.9 E0.1748
G1 X44.408 Y78.1 E0.04933
G1 X37.949 Y78.098 E0.17702
G1 X37.724 Y78.034 E0.00641
G1 X37.514 Y77.854 E0.00758
G1 X37.4 Y77.569 E0.00841
G1 X37.401 Y22.454 E1.5105
G1 X37.445 Y22.27 E0.00518
G1 X37.575 Y22.075 E0.00642
G1 X37.769 Y21.945 E0.0064
G1 X37.954 Y21.901 E0.00521
G1 X62.046 Y21.901 E0.66027
G1 X62.317 Y21.99 E0.00782
G1 X62.457 Y22.109 E0.00504
G0 F1320 X62.91 Y22.109
G0 X63.861 Y21.553
G0 X64.489 Y21.22
M204 P150
;TYPE:WALL-OUTER
G1 F480 X64.261 Y20.851 E0.01177
G1 X63.978 Y20.518 E0.01186
G1 X63.649 Y20.238 E0.01173
G1 X63.276 Y20.007 E0.01191
G1 X62.862 Y19.835 E0.01217
G1 X62.437 Y19.735 E0.01185
G1 X61.988 Y19.701 E0.01222
G1 X38.012 Y19.7 E0.65072
G1 X37.563 Y19.735 E0.01222
G1 X37.134 Y19.835 E0.01196
G1 X36.721 Y20.007 E0.01214
G1 X36.351 Y20.239 E0.01185
G1 X36.018 Y20.518 E0.01179
G1 X35.739 Y20.851 E0.01179
G1 X35.507 Y21.221 E0.01185
G1 X35.335 Y21.634 E0.01214
G1 X35.235 Y22.063 E0.01196
G1 X35.2 Y22.512 E0.01222
G1 X35.2 Y77.496 E1.49228
G1 X35.235 Y77.933 E0.0119
G1 X35.335 Y78.362 E0.01196
G1 X35.507 Y78.772 E0.01207
G1 X35.735 Y79.146 E0.01189
G1 X36.018 Y79.478 E0.01184
G1 X36.351 Y79.761 E0.01186
G1 X36.72 Y79.989 E0.01177
G1 X37.134 Y80.16 E0.01216
G1 X37.564 Y80.261 E0.01199
G1 X38.013 Y80.3 E0.01223
G1 X44.808 Y80.3 E0.18442
G1 X44.808 Y77.7 E0.07056
G1 X37.983 Y77.7 E0.18523
G1 X37.87 Y77.653 E0.00332
G1 X37.8 Y77.516 E0.00418
G1 X37.8 Y22.432 E1.49499
G1 X37.893 Y22.33 E0.00375
G1 X37.984 Y22.3 E0.0026
G1 X62.016 Y22.3 E0.65223
G1 X62.153 Y22.369 E0.00416
G1 X62.2 Y22.482 E0.00332
G1 X62.2 Y77.57 E1.4951
G1 X62.105 Y77.671 E0.00376
G1 X62.018 Y77.7 E0.00249
G1 X55.188 Y77.7 E0.18537
G1 X55.188 Y80.3 E0.07056
G1 X61.987 Y80.3 E0.18453
G1 X62.436 Y80.262 E0.01223
G1 X62.862 Y80.161 E0.01188
G1 X63.277 Y79.989 E0.01219
G1 X63.649 Y79.761 E0.01184
G1 X63.977 Y79.478 E0.01176
G1 X64.261 Y79.146 E0.01186
G1 X64.489 Y78.772 E0.01189
G1 X64.661 Y78.362 E0.01207
G1 X64.762 Y77.932 E0.01199
G1 X64.8 Y77.487 E0.01212
G1 X64.8 Y22.505 E1.49223
G1 X64.762 Y22.064 E0.01201
G1 X64.661 Y21.634 E0.01199
G1 X64.489 Y21.22 E0.01217
G0 F1320 X64.384 Y21.05
G0 X63.523 Y21.577
;MESH:NONMESH
G0 F600 X63.523 Y21.577 Z6.76
G0 F1320 X37.162 Y21.662
G0 X37.162 Y78.338
G0 X43.54 Y79
;TIME_ELAPSED:12137.139592
;LAYER:41
M204 P200
;TYPE:WALL-INNER
;MESH:flasherBot.STL
G1 F321.1 X37.859 Y79 E0.23276
G1 F322.7 X37.533 Y78.922 E0.01367
G1 X37.117 Y78.71 E0.01903
G1 F322.1 X36.789 Y78.382 E0.01894
G1 F321.6 X36.574 Y77.961 E0.01934
G1 F320.5 X36.5 Y77.445 E0.02139
G1 X36.5 Y22.327 E2.2621
G1 F321.1 X36.665 Y21.818 E0.02192
G1 X36.94 Y21.44 E0.01915
G1 X37.318 Y21.165 E0.01915
G1 F321.6 X37.827 Y21 E0.02189
G1 F322.1 X62 Y21.002 E0.98712
G1 X62.462 Y21.074 E0.01909
G1 F321.6 X62.682 Y21.166 E0.00975
G1 X63.058 Y21.439 E0.01901
G1 F322.1 X63.33 Y21.812 E0.01885
G1 F322.7 X63.478 Y22.269 E0.01958
G1 F321.6 X63.5 Y22.561 E0.01198
G1 F320 X63.5 Y77.432 E2.25572
G1 F322.1 X63.424 Y77.961 E0.02182
G1 F323.8 X63.208 Y78.383 E0.01926
G1 F323.2 X62.883 Y78.71 E0.01876
G1 F323.8 X62.688 Y78.83 E0.0093
G1 F323.2 X62.163 Y79 E0.02246
G1 F321.1 X56.456 Y79 E0.23383
G0 F1320 X62.838 Y78.338
G0 X63.774 Y21.585
G1 F480 X63.411 Y21.086 E0.01691
G1 X62.91 Y20.721 E0.01699
G1 X62.313 Y20.528 E0.0172
G1 X61.939 Y20.501 E0.01028
G1 X38.042 Y20.5 E0.65493
G1 X37.38 Y20.598 E0.01834
G1 X37.089 Y20.72 E0.00865
G1 X36.586 Y21.086 E0.01705
G1 X36.22 Y21.589 E0.01705
G1 X36.098 Y21.88 E0.00865
G1 X36 Y22.542 E0.01834
G1 X36 Y77.464 E1.50521
G1 X36.098 Y78.115 E0.01804
G1 X36.385 Y78.675 E0.01725
G1 X36.823 Y79.113 E0.01698
G1 X37.38 Y79.396 E0.01712
G1 X38.046 Y79.5 E0.01847
G1 X44.04 Y79.5 E0.16427
G1 X44.04 Y78.5 E0.02741
G1 X37.916 Y78.497 E0.16784
G1 X37.54 Y78.389 E0.01072
G1 X37.35 Y78.261 E0.00628
G1 X37.146 Y78.022 E0.00861
G1 X37.003 Y77.674 E0.01031
G1 X37.002 Y22.424 E1.5142
G1 X37.05 Y22.188 E0.0066
G1 X37.152 Y21.969 E0.00662
G1 X37.292 Y21.792 E0.00618
G1 X37.616 Y21.576 E0.01067
G1 X37.923 Y21.502 E0.00865
G1 X62.076 Y21.502 E0.66195
G1 X62.383 Y21.575 E0.00865
G1 X62.761 Y21.849 E0.01279
G1 X62.924 Y22.116 E0.00857
G1 X62.998 Y22.413 E0.00839
G1 X62.998 Y77.586 E1.51209
G1 X62.952 Y77.809 E0.00624
G1 X62.762 Y78.15 E0.0107
G1 X62.46 Y78.39 E0.01057
G1 X62.086 Y78.497 E0.01066
G1 X55.956 Y78.5 E0.168
G1 X55.956 Y79.5 E0.02741
G1 X61.954 Y79.5 E0.16438
G1 X62.615 Y79.398 E0.01833
G1 X63.176 Y79.113 E0.01725
G1 X63.611 Y78.675 E0.01692
G1 X63.897 Y78.114 E0.01726
G1 X64 Y77.453 E0.01833
G1 X64 Y22.54 E1.50496
G1 X63.897 Y21.88 E0.01831
G1 X63.774 Y21.585 E0.00876
G0 F1320 X37.162 Y21.662
G0 X35.937 Y77.822
G0 X35.631 Y77.871
G1 F480 X35.717 Y78.238 E0.01033
G1 X35.864 Y78.59 E0.01045
G1 X36.06 Y78.91 E0.01028
G1 X36.302 Y79.194 E0.01023
G1 X36.587 Y79.437 E0.01026
G1 X36.903 Y79.631 E0.01016
G1 X37.257 Y79.778 E0.01051
G1 X37.627 Y79.865 E0.01042
G1 X38.03 Y79.9 E0.01109
G1 X44.44 Y79.9 E0.17567
G1 X44.44 Y78.1 E0.04933
G1 X37.949 Y78.098 E0.17789
G1 X37.724 Y78.034 E0.00641
G1 X37.514 Y77.854 E0.00758
G1 X37.4 Y77.569 E0.00841
G1 X37.401 Y22.454 E1.5105
G1 X37.445 Y22.27 E0.00518
G1 X37.575 Y22.075 E0.00642
G1 X37.769 Y21.945 E0.0064
G1 X37.954 Y21.901 E0.00521
G1 X62.046 Y21.901 E0.66027
G1 X62.317 Y21.99 E0.00782
G1 X62.457 Y22.109 E0.00504
G1 X62.555 Y22.27 E0.00517
G1 X62.599 Y22.448 E0.00503
G1 X62.599 Y77.552 E1.5102
G1 X62.513 Y77.813 E0.00753
G1 X62.424 Y77.926 E0.00394
G1 X62.231 Y78.055 E0.00636
G1 X62.052 Y78.098 E0.00505
G1 X55.556 Y78.1 E0.17803
G1 X55.556 Y79.9 E0.04933
G1 X61.97 Y79.9 E0.17578
G1 X62.373 Y79.866 E0.01108
G1 X62.738 Y79.779 E0.01028
G1 X63.095 Y79.631 E0.01059
G1 X63.413 Y79.437 E0.01021
G1 X63.693 Y79.195 E0.01014
G1 X63.936 Y78.91 E0.01026
G1 X64.131 Y78.59 E0.01027
G1 X64.279 Y78.238 E0.01047
G1 X64.366 Y77.869 E0.01039
G1 X64.4 Y77.47 E0.01097
G1 X64.4 Y22.522 E1.50592
G1 X64.366 Y22.127 E0.01087
G1 X64.279 Y21.757 E0.01042
G1 X64.132 Y21.402 E0.01053
G1 X63.937 Y21.087 E0.01015
G1 X63.694 Y20.802 E0.01026
G1 X63.413 Y20.562 E0.01013
G1 X63.093 Y20.364 E0.01031
G1 X62.738 Y20.217 E0.01053
G1 X62.375 Y20.131 E0.01022
G1 X61.973 Y20.101 E0.01105
G1 X38.027 Y20.1 E0.65627
G1 X37.625 Y20.131 E0.01105
G1 X37.257 Y20.217 E0.01036
G1 X36.905 Y20.364 E0.01045
G1 X36.302 Y20.802 E0.02043
G1 X35.864 Y21.405 E0.02043
G1 X35.717 Y21.757 E0.01045
G1 X35.631 Y22.125 E0.01036
G1 X35.6 Y22.527 E0.01105
G1 X35.6 Y77.48 E1.50606
G1 X35.631 Y77.871 E0.01075
G0 F1320 X35.938 Y77.823
G0 X37.162 Y21.662
G0 X63.691 Y21.274
G0 X64.261 Y20.851
M204 P150
;TYPE:WALL-OUTER
G1 F480 X63.978 Y20.518 E0.01186
G1 X63.649 Y20.238 E0.01173
G1 X63.276 Y20.007 E0.01191
G1 X62.862 Y19.835 E0.01217
G1 X62.437 Y19.735 E0.01185
G1 X61.988 Y19.701 E0.01222
G1 X38.012 Y19.7 E0.65072
G1 X37.563 Y19.735 E0.01222
G1 X37.134 Y19.835 E0.01196
G1 X36.721 Y20.007 E0.01214
G1 X36.351 Y20.239 E0.01185
G1 X36.018 Y20.518 E0.01179
G1 X35.739 Y20.851 E0.01179
G1 X35.507 Y21.221 E0.01185
G1 X35.335 Y21.634 E0.01214
G1 X35.235 Y22.063 E0.01196
G1 X35.2 Y22.512 E0.01222
G1 X35.2 Y77.496 E1.49228
G1 X35.235 Y77.933 E0.0119
G1 X35.335 Y78.362 E0.01196
G1 X35.507 Y78.772 E0.01207
G1 X35.735 Y79.146 E0.01189
G1 X36.018 Y79.478 E0.01184
G1 X36.351 Y79.761 E0.01186
G1 X36.72 Y79.989 E0.01177
G1 X37.134 Y80.16 E0.01216
G1 X37.564 Y80.261 E0.01199
G1 X38.013 Y80.3 E0.01223
G1 X44.84 Y80.3 E0.18529
G1 X44.84 Y77.7 E0.07056
G1 X37.983 Y77.7 E0.1861
G1 X37.87 Y77.653 E0.00332
G1 X37.8 Y77.516 E0.00418
G1 X37.8 Y22.432 E1.49499
G1 X37.893 Y22.33 E0.00375
G1 X37.984 Y22.3 E0.0026
G1 X62.016 Y22.3 E0.65223
G1 X62.153 Y22.369 E0.00416
G1 X62.2 Y22.482 E0.00332
G1 X62.2 Y77.57 E1.4951
G1 X62.105 Y77.671 E0.00376
G1 X62.018 Y77.7 E0.00249
G1 X55.156 Y77.7 E0.18624
G1 X55.156 Y80.3 E0.07056
G1 X61.987 Y80.3 E0.1854
G1 X62.436 Y80.262 E0.01223
G1 X62.862 Y80.161 E0.01188
G1 X63.277 Y79.989 E0.01219
G1 X63.649 Y79.761 E0.01184
G1 X63.977 Y79.478 E0.01176
G1 X64.261 Y79.146 E0.01186
G1 X64.489 Y78.772 E0.01189
G1 X64.661 Y78.362 E0.01207
G1 X64.762 Y77.932 E0.01199
G1 X64.8 Y77.487 E0.01212
G1 X64.8 Y22.505 E1.49223
G1 X64.762 Y22.064 E0.01201
G1 X64.661 Y21.634 E0.01199
G1 X64.489 Y21.22 E0.01217
G1 X64.261 Y20.851 E0.01177
G0 F1320 X64.132 Y20.699
G0 X63.364 Y21.355
;MESH:NONMESH
G0 F600 X63.364 Y21.355 Z6.92
G0 F1320 X37.162 Y21.662
G0 X37.162 Y78.338
G0 X43.6 Y79
;TIME_ELAPSED:12299.627741
;LAYER:42
M204 P200
;TYPE:WALL-INNER
;MESH:flasherBot.STL
G1 F321.1 X37.859 Y79 E0.23522
G1 F322.7 X37.533 Y78.922 E0.01367
G1 X37.117 Y78.71 E0.01903
G1 F322.1 X36.789 Y78.382 E0.01894
G1 F321.6 X36.574 Y77.961 E0.01934
G1 F320.5 X36.5 Y77.445 E0.02139
G1 X36.5 Y22.327 E2.2621
G1 F321.1 X36.665 Y21.818 E0.02192
G1 X36.94 Y21.44 E0.01915
G1 X37.318 Y21.165 E0.01915
G1 F321.6 X37.827 Y21 E0.02189
G1 F322.1 X62 Y21.002 E0.98712
G1 X62.462 Y21.074 E0.01909
G1 F321.6 X62.682 Y21.166 E0.00975
G1 X63.058 Y21.439 E0.01901
G1 F322.1 X63.33 Y21.812 E0.01885
G1 F322.7 X63.478 Y22.269 E0.01958
G1 F321.6 X63.5 Y22.561 E0.01198
G1 F320 X63.5 Y77.432 E2.25572
G1 F322.1 X63.424 Y77.961 E0.02182
G1 F323.8 X63.208 Y78.383 E0.01926
G1 F323.2 X62.883 Y78.71 E0.01876
G1 F323.8 X62.688 Y78.83 E0.0093
G1 F323.2 X62.163 Y79 E0.02246
G1 F321.1 X56.396 Y79 E0.23629
G0 F1320 X62.838 Y78.338
G0 X63.411 Y21.086
G1 F480 X62.91 Y20.721 E0.01699
G1 X62.313 Y20.528 E0.0172
G1 X61.939 Y20.501 E0.01028
G1 X38.042 Y20.5 E0.65493
G1 X37.38 Y20.598 E0.01834
G1 X37.089 Y20.72 E0.00865
G1 X36.586 Y21.086 E0.01705
G1 X36.22 Y21.589 E0.01705
G1 X36.098 Y21.88 E0.00865
G1 X36 Y22.542 E0.01834
G1 X36 Y77.464 E1.50521
G1 X36.098 Y78.115 E0.01804
G1 X36.385 Y78.675 E0.01725
G1 X36.823 Y79.113 E0.01698
G1 X37.38 Y79.396 E0.01712
G1 X38.046 Y79.5 E0.01847
G1 X44.1 Y79.5 E0.16592
G1 X44.1 Y78.5 E0.02741
G1 X37.916 Y78.497 E0.16948
G1 X37.54 Y78.389 E0.01072
G1 X37.35 Y78.261 E0.00628
G1 X37.146 Y78.022 E0.00861
G1 X37.003 Y77.674 E0.01031
G1 X37.002 Y22.424 E1.5142
G1 X37.05 Y22.188 E0.0066
G1 X37.152 Y21.969 E0.00662
G1 X37.292 Y21.792 E0.00618
G1 X37.616 Y21.576 E0.01067
G1 X37.923 Y21.502 E0.00865
G1 X62.076 Y21.502 E0.66195
G1 X62.383 Y21.575 E0.00865
G1 X62.761 Y21.849 E0.01279
G1 X62.924 Y22.116 E0.00857
G1 X62.998 Y22.413 E0.00839
G1 X62.998 Y77.586 E1.51209
G1 X62.952 Y77.809 E0.00624
G1 X62.762 Y78.15 E0.0107
G1 X62.46 Y78.39 E0.01057
G1 X62.086 Y78.497 E0.01066
G1 X55.896 Y78.5 E0.16965
G1 X55.896 Y79.5 E0.02741
G1 X61.954 Y79.5 E0.16603
G1 X62.615 Y79.398 E0.01833
G1 X63.176 Y79.113 E0.01725
G1 X63.611 Y78.675 E0.01692
G1 X63.897 Y78.114 E0.01726
G1 X64 Y77.453 E0.01833
G1 X64 Y22.54 E1.50496
G1 X63.897 Y21.88 E0.01831
G1 X63.774 Y21.585 E0.00876
G1 X63.411 Y21.086 E0.01691
G0 F1320 X62.947 Y79.361
G0 X63.095 Y79.631
G1 F480 X63.413 Y79.437 E0.01021
G1 X63.693 Y79.195 E0.01014
G1 X63.936 Y78.91 E0.01026
G1 X64.131 Y78.59 E0.01027
G1 X64.279 Y78.238 E0.01047
G1 X64.366 Y77.869 E0.01039
G1 X64.4 Y77.47 E0.01097
G1 X64.4 Y22.522 E1.50592
G1 X64.366 Y22.127 E0.01087
G1 X64.279 Y21.757 E0.01042
G1 X64.132 Y21.402 E0.01053
G1 X63.937 Y21.087 E0.01015
G1 X63.694 Y20.802 E0.01026
G1 X63.413 Y20.562 E0.01013
G1 X63.093 Y20.364 E0.01031
G1 X62.738 Y20.217 E0.01053
G1 X62.375 Y20.131 E0.01022
G1 X61.973 Y20.101 E0.01105
G1 X38.027 Y20.1 E0.65627
G1 X37.625 Y20.131 E0.01105
G1 X37.257 Y20.217 E0.01036
G1 X36.905 Y20.364 E0.01045
G1 X36.302 Y20.802 E0.02043
G1 X35.864 Y21.405 E0.02043
G1 X35.717 Y21.757 E0.01045
G1 X35.631 Y22.125 E0.01036
G1 X35.6 Y22.527 E0.01105
G1 X35.6 Y77.48 E1.50606
G1 X35.631 Y77.871 E0.01075
G1 X35.717 Y78.238 E0.01033
G1 X35.864 Y78.59 E0.01045
G1 X36.06 Y78.91 E0.01028
G1 X36.302 Y79.194 E0.01023
G1 X36.587 Y79.437 E0.01026
G1 X36.903 Y79.631 E0.01016
G1 X37.257 Y79.778 E0.01051
G1 X37.627 Y79.865 E0.01042
G1 X38.03 Y79.9 E0.01109
G1 X44.5 Y79.9 E0.17732
G1 X44.5 Y78.1 E0.04933
G1 X37.949 Y78.098 E0.17954
G1 X37.724 Y78.034 E0.00641
G1 X37.514 Y77.854 E0.00758
G1 X37.4 Y77.569 E0.00841
G1 X37.401 Y22.454 E1.5105
G1 X37.445 Y22.27 E0.00518
G1 X37.575 Y22.075 E0.00642
G1 X37.769 Y21.945 E0.0064
G1 X37.954 Y21.901 E0.00521
G1 X62.046 Y21.901 E0.66027
G1 X62.317 Y21.99 E0.00782
G1 X62.457 Y22.109 E0.00504
G1 X62.555 Y22.27 E0.00517
G1 X62.599 Y22.448 E0.00503
G1 X62.599 Y77.552 E1.5102
G1 X62.513 Y77.813 E0.00753
G1 X62.424 Y77.926 E0.00394
G1 X62.231 Y78.055 E0.00636
G1 X62.052 Y78.098 E0.00505
G1 X55.496 Y78.1 E0.17968
G1 X55.496 Y79.9 E0.04933
G1 X61.97 Y79.9 E0.17743
G1 X62.373 Y79.866 E0.01108
G1 X62.738 Y79.779 E0.01028
G1 X63.095 Y79.631 E0.01059
G0 F1320 X62.947 Y79.36
G0 X63.226 Y20.809
G0 X63.649 Y20.238
M204 P150
;TYPE:WALL-OUTER
G1 F480 X63.276 Y20.007 E0.01191
G1 X62.862 Y19.835 E0.01217
G1 X62.437 Y19.735 E0.01185
G1 X61.988 Y19.701 E0.01222
G1 X38.012 Y19.7 E0.65072
G1 X37.563 Y19.735 E0.01222
G1 X37.134 Y19.835 E0.01196
G1 X36.721 Y20.007 E0.01214
G1 X36.351 Y20.239 E0.01185
G1 X36.018 Y20.518 E0.01179
G1 X35.739 Y20.851 E0.01179
G1 X35.507 Y21.221 E0.01185
G1 X35.335 Y21.634 E0.01214
G1 X35.235 Y22.063 E0.01196
G1 X35.2 Y22.512 E0.01222
G1 X35.2 Y77.496 E1.49228
G1 X35.235 Y77.933 E0.0119
G1 X35.335 Y78.362 E0.01196
G1 X35.507 Y78.772 E0.01207
G1 X35.735 Y79.146 E0.01189
G1 X36.018 Y79.478 E0.01184
G1 X36.351 Y79.761 E0.01186
G1 X36.72 Y79.989 E0.01177
G1 X37.134 Y80.16 E0.01216
G1 X37.564 Y80.261 E0.01199
G1 X38.013 Y80.3 E0.01223
G1 X44.9 Y80.3 E0.18692
G1 X44.9 Y77.7 E0.07056
G1 X37.983 Y77.7 E0.18773
G1 X37.87 Y77.653 E0.00332
G1 X37.8 Y77.516 E0.00418
G1 X37.8 Y22.432 E1.49499
G1 X37.893 Y22.33 E0.00375
G1 X37.984 Y22.3 E0.0026
G1 X62.016 Y22.3 E0.65223
G1 X62.153 Y22.369 E0.00416
G1 X62.2 Y22.482 E0.00332
G1 X62.2 Y77.57 E1.4951
G1 X62.105 Y77.671 E0.00376
G1 X62.018 Y77.7 E0.00249
G1 X55.096 Y77.7 E0.18786
G1 X55.096 Y80.3 E0.07056
G1 X61.987 Y80.3 E0.18702
G1 X62.436 Y80.262 E0.01223
G1 X62.862 Y80.161 E0.01188
G1 X63.277 Y79.989 E0.01219
G1 X63.649 Y79.761 E0.01184
G1 X63.977 Y79.478 E0.01176
G1 X64.261 Y79.146 E0.01186
G1 X64.489 Y78.772 E0.01189
G1 X64.661 Y78.362 E0.01207
G1 X64.762 Y77.932 E0.01199
G1 X64.8 Y77.487 E0.01212
G1 X64.8 Y22.505 E1.49223
G1 X64.762 Y22.064 E0.01201
G1 X64.661 Y21.634 E0.01199
G1 X64.489 Y21.22 E0.01217
G1 X64.261 Y20.851 E0.01177
G1 X63.978 Y20.518 E0.01186
G1 X63.649 Y20.238 E0.01173
G0 F1320 X63.48 Y20.133
G0 X62.951 Y20.994
;MESH:NONMESH
G0 F600 X62.951 Y20.994 Z7.08
G0 F1320 X37.162 Y21.662
G0 X37.162 Y78.338
G0 X43.7 Y79
;TIME_ELAPSED:12460.000760
;LAYER:43
M204 P200
;TYPE:WALL-INNER
;MESH:flasherBot.STL
G1 F321.1 X37.859 Y79 E0.23932
G1 F322.7 X37.533 Y78.922 E0.01367
G1 X37.117 Y78.71 E0.01903
G1 F322.1 X36.789 Y78.382 E0.01894
G1 F321.6 X36.574 Y77.961 E0.01934
G1 F320.5 X36.5 Y77.445 E0.02139
G1 X36.5 Y22.327 E2.2621
G1 F321.1 X36.665 Y21.818 E0.02192
G1 X36.94 Y21.44 E0.01915
G1 X37.318 Y21.165 E0.01915
G1 F321.6 X37.827 Y21 E0.02189
G1 F322.1 X62 Y21.002 E0.98712
G1 X62.462 Y21.074 E0.01909
G1 F321.6 X62.682 Y21.166 E0.00975
G1 X63.058 Y21.439 E0.01901
G1 F322.1 X63.33 Y21.812 E0.01885
G1 F322.7 X63.478 Y22.269 E0.01958
G1 F321.6 X63.5 Y22.561 E0.01198
G1 F320 X63.5 Y77.432 E2.25572
G1 F322.1 X63.424 Y77.961 E0.02182
G1 F323.8 X63.208 Y78.383 E0.01926
G1 F323.2 X62.883 Y78.71 E0.01876
G1 F323.8 X62.688 Y78.83 E0.0093
G1 F323.2 X62.163 Y79 E0.02246
G1 F321.1 X56.296 Y79 E0.24039
G0 F1320 X62.838 Y78.338
G0 X62.91 Y20.721
G1 F480 X62.313 Y20.528 E0.0172
G1 X61.939 Y20.501 E0.01028
G1 X38.042 Y20.5 E0.65493
G1 X37.38 Y20.598 E0.01834
G1 X37.089 Y20.72 E0.00865
G1 X36.586 Y21.086 E0.01705
G1 X36.22 Y21.589 E0.01705
G1 X36.098 Y21.88 E0.00865
G1 X36 Y22.542 E0.01834
G1 X36 Y77.464 E1.50521
G1 X36.098 Y78.115 E0.01804
G1 X36.385 Y78.675 E0.01725
G1 X36.823 Y79.113 E0.01698
G1 X37.38 Y79.396 E0.01712
G1 X38.046 Y79.5 E0.01847
G1 X44.2 Y79.5 E0.16866
G1 X44.2 Y78.5 E0.02741
G1 X37.916 Y78.497 E0.17222
G1 X37.54 Y78.389 E0.01072
G1 X37.35 Y78.261 E0.00628
G1 X37.146 Y78.022 E0.00861
G1 X37.003 Y77.674 E0.01031
G1 X37.002 Y22.424 E1.5142
G1 X37.05 Y22.188 E0.0066
G1 X37.152 Y21.969 E0.00662
G1 X37.292 Y21.792 E0.00618
G1 X37.616 Y21.576 E0.01067
G1 X37.923 Y21.502 E0.00865
G1 X62.076 Y21.502 E0.66195
G1 X62.383 Y21.575 E0.00865
G1 X62.761 Y21.849 E0.01279
G1 X62.924 Y22.116 E0.00857
G1 X62.998 Y22.413 E0.00839
G1 X62.998 Y77.586 E1.51209
G1 X62.952 Y77.809 E0.00624
G1 X62.762 Y78.15 E0.0107
G1 X62.46 Y78.39 E0.01057
G1 X62.086 Y78.497 E0.01066
G1 X55.796 Y78.5 E0.17239
G1 X55.796 Y79.5 E0.02741
G1 X61.954 Y79.5 E0.16877
G1 X62.615 Y79.398 E0.01833
G1 X63.176 Y79.113 E0.01725
G1 X63.611 Y78.675 E0.01692
G1 X63.897 Y78.114 E0.01726
G1 X64 Y77.453 E0.01833
G1 X64 Y22.54 E1.50496
G1 X63.897 Y21.88 E0.01831
G1 X63.774 Y21.585 E0.00876
G1 X63.411 Y21.086 E0.01691
G1 X62.91 Y20.721 E0.01699
G0 F1320 X37.35 Y20.516
G0 X37.257 Y20.217
G1 F480 X36.905 Y20.364 E0.01045
G1 X36.302 Y20.802 E0.02043
G1 X35.864 Y21.405 E0.02043
G1 X35.717 Y21.757 E0.01045
G1 X35.631 Y22.125 E0.01036
G1 X35.6 Y22.527 E0.01105
G1 X35.6 Y77.48 E1.50606
G1 X35.631 Y77.871 E0.01075
G1 X35.717 Y78.238 E0.01033
G1 X35.864 Y78.59 E0.01045
G1 X36.06 Y78.91 E0.01028
G1 X36.302 Y79.194 E0.01023
G1 X36.587 Y79.437 E0.01026
G1 X36.903 Y79.631 E0.01016
G1 X37.257 Y79.778 E0.01051
G1 X37.627 Y79.865 E0.01042
G1 X38.03 Y79.9 E0.01109
G1 X44.6 Y79.9 E0.18006
G1 X44.6 Y78.1 E0.04933
G1 X37.949 Y78.098 E0.18228
G1 X37.724 Y78.034 E0.00641
G1 X37.514 Y77.854 E0.00758
G1 X37.4 Y77.569 E0.00841
G1 X37.401 Y22.454 E1.5105
G1 X37.445 Y22.27 E0.00518
G1 X37.575 Y22.075 E0.00642
G1 X37.769 Y21.945 E0.0064
G1 X37.954 Y21.901 E0.00521
G1 X62.046 Y21.901 E0.66027
G1 X62.317 Y21.99 E0.00782
G1 X62.457 Y22.109 E0.00504
G1 X62.555 Y22.27 E0.00517
G1 X62.599 Y22.448 E0.00503
G1 X62.599 Y77.552 E1.5102
G1 X62.513 Y77.813 E0.00753
G1 X62.424 Y77.926 E0.00394
G1 X62.231 Y78.055 E0.00636
G1 X62.052 Y78.098 E0.00505
G1 X55.396 Y78.1 E0.18242
G1 X55.396 Y79.9 E0.04933
G1 X61.97 Y79.9 E0.18017
G1 X62.373 Y79.866 E0.01108
G1 X62.738 Y79.779 E0.01028
G1 X63.095 Y79.631 E0.01059
G1 X63.413 Y79.437 E0.01021
G1 X63.693 Y79.195 E0.01014
G1 X63.936 Y78.91 E0.01026
G1 X64.131 Y78.59 E0.01027
G1 X64.279 Y78.238 E0.01047
G1 X64.366 Y77.869 E0.01039
G1 X64.4 Y77.47 E0.01097
G1 X64.4 Y22.522 E1.50592
G1 X64.366 Y22.127 E0.01087
G1 X64.279 Y21.757 E0.01042
G1 X64.132 Y21.402 E0.01053
G1 X63.937 Y21.087 E0.01015
G1 X63.694 Y20.802 E0.01026
G1 X63.413 Y20.562 E0.01013
G1 X63.093 Y20.364 E0.01031
G1 X62.738 Y20.217 E0.01053
G1 X62.375 Y20.131 E0.01022
G1 X61.973 Y20.101 E0.01105
G1 X38.027 Y20.1 E0.65627
G1 X37.625 Y20.131 E0.01105
G1 X37.257 Y20.217 E0.01036
G0 F1320 X37.35 Y20.517
G0 X62.322 Y20.437
G0 X62.437 Y19.735
M204 P150
;TYPE:WALL-OUTER
G1 F480 X61.988 Y19.701 E0.01222
G1 X38.012 Y19.7 E0.65072
G1 X37.563 Y19.735 E0.01222
G1 X37.134 Y19.835 E0.01196
G1 X36.721 Y20.007 E0.01214
G1 X36.351 Y20.239 E0.01185
G1 X36.018 Y20.518 E0.01179
G1 X35.739 Y20.851 E0.01179
G1 X35.507 Y21.221 E0.01185
G1 X35.335 Y21.634 E0.01214
G1 X35.235 Y22.063 E0.01196
G1 X35.2 Y22.512 E0.01222
G1 X35.2 Y77.496 E1.49228
G1 X35.235 Y77.933 E0.0119
G1 X35.335 Y78.362 E0.01196
G1 X35.507 Y78.772 E0.01207
G1 X35.735 Y79.146 E0.01189
G1 X36.018 Y79.478 E0.01184
G1 X36.351 Y79.761 E0.01186
G1 X36.72 Y79.989 E0.01177
G1 X37.134 Y80.16 E0.01216
G1 X37.564 Y80.261 E0.01199
G1 X38.013 Y80.3 E0.01223
G1 X45 Y80.3 E0.18963
G1 X45 Y77.7 E0.07056
G1 X37.983 Y77.7 E0.19044
G1 X37.87 Y77.653 E0.00332
G1 X37.8 Y77.516 E0.00418
G1 X37.8 Y22.432 E1.49499
G1 X37.893 Y22.33 E0.00375
G1 X37.984 Y22.3 E0.0026
G1 X62.016 Y22.3 E0.65223
G1 X62.153 Y22.369 E0.00416
G1 X62.2 Y22.482 E0.00332
G1 X62.2 Y77.57 E1.4951
G1 X62.105 Y77.671 E0.00376
G1 X62.018 Y77.7 E0.00249
G1 X54.996 Y77.7 E0.19058
G1 X54.996 Y80.3 E0.07056
G1 X61.987 Y80.3 E0.18974
G1 X62.436 Y80.262 E0.01223
G1 X62.862 Y80.161 E0.01188
G1 X63.277 Y79.989 E0.01219
G1 X63.649 Y79.761 E0.01184
G1 X63.977 Y79.478 E0.01176
G1 X64.261 Y79.146 E0.01186
G1 X64.489 Y78.772 E0.01189
G1 X64.661 Y78.362 E0.01207
G1 X64.762 Y77.932 E0.01199
G1 X64.8 Y77.487 E0.01212
G1 X64.8 Y22.505 E1.49223
G1 X64.762 Y22.064 E0.01201
G1 X64.661 Y21.634 E0.01199
G1 X64.489 Y21.22 E0.01217
G1 X64.261 Y20.851 E0.01177
G1 X63.978 Y20.518 E0.01186
G1 X63.649 Y20.238 E0.01173
G1 X63.276 Y20.007 E0.01191
G1 X62.862 Y19.835 E0.01217
G1 X62.437 Y19.735 E0.01185
G0 F1320 X62.238 Y19.72
G0 X62.158 Y20.725
;MESH:NONMESH
G0 F600 X62.158 Y20.725 Z7.24
G0 F1320 X37.162 Y21.662
G0 X37.162 Y78.338
G0 X43.852 Y79
;TIME_ELAPSED:12617.545750
;LAYER:44
M204 P200
;TYPE:WALL-INNER
;MESH:flasherBot.STL
G1 F321.1 X37.859 Y79 E0.24555
G1 F322.7 X37.533 Y78.922 E0.01367
G1 X37.117 Y78.71 E0.01903
G1 F322.1 X36.789 Y78.382 E0.01894
G1 F321.6 X36.574 Y77.961 E0.01934
G1 F320.5 X36.5 Y77.445 E0.02139
G1 X36.5 Y22.327 E2.2621
G1 F321.1 X36.665 Y21.818 E0.02192
G1 X36.94 Y21.44 E0.01915
G1 X37.318 Y21.165 E0.01915
G1 F321.6 X37.827 Y21 E0.02189
G1 F322.1 X62 Y21.002 E0.98712
G1 X62.462 Y21.074 E0.01909
G1 F321.6 X62.682 Y21.166 E0.00975
G1 X63.058 Y21.439 E0.01901
G1 F322.1 X63.33 Y21.812 E0.01885
G1 F322.7 X63.478 Y22.269 E0.01958
G1 F321.6 X63.5 Y22.561 E0.01198
G1 F320 X63.5 Y77.432 E2.25572
G1 F322.1 X63.424 Y77.961 E0.02182
G1 F323.8 X63.208 Y78.383 E0.01926
G1 F323.2 X62.883 Y78.71 E0.01876
G1 F323.8 X62.688 Y78.83 E0.0093
G1 F323.2 X62.163 Y79 E0.02246
G1 F321.1 X56.144 Y79 E0.24661
G0 F1320 X62.838 Y78.338
G0 X62.91 Y21.849
G0 X62.761 Y21.849
G1 F480 X62.924 Y22.116 E0.00857
G1 X62.998 Y22.413 E0.00839
G1 X62.998 Y77.586 E1.51209
G1 X62.952 Y77.809 E0.00624
G1 X62.762 Y78.15 E0.0107
G1 X62.46 Y78.39 E0.01057
G1 X62.086 Y78.497 E0.01066
G1 X55.644 Y78.5 E0.17655
G1 X55.644 Y79.5 E0.02741
G1 X61.954 Y79.5 E0.17293
G1 X62.615 Y79.398 E0.01833
G1 X63.176 Y79.113 E0.01725
G1 X63.611 Y78.675 E0.01692
G1 X63.897 Y78.114 E0.01726
G1 X64 Y77.453 E0.01833
G1 X64 Y22.54 E1.50496
G1 X63.897 Y21.88 E0.01831
G1 X63.774 Y21.585 E0.00876
G1 X63.411 Y21.086 E0.01691
G1 X62.91 Y20.721 E0.01699
G1 X62.313 Y20.528 E0.0172
G1 X61.939 Y20.501 E0.01028
G1 X38.042 Y20.5 E0.65493
G1 X37.38 Y20.598 E0.01834
G1 X37.089 Y20.72 E0.00865
G1 X36.586 Y21.086 E0.01705
G1 X36.22 Y21.589 E0.01705
G1 X36.098 Y21.88 E0.00865
G1 X36 Y22.542 E0.01834
G1 X36 Y77.464 E1.50521
G1 X36.098 Y78.115 E0.01804
G1 X36.385 Y78.675 E0.01725
G1 X36.823 Y79.113 E0.01698
G1 X37.38 Y79.396 E0.01712
G1 X38.046 Y79.5 E0.01847
G1 X44.352 Y79.5 E0.17282
G1 X44.352 Y78.5 E0.02741
G1 X37.916 Y78.497 E0.17639
G1 X37.54 Y78.389 E0.01072
G1 X37.35 Y78.261 E0.00628
G1 X37.146 Y78.022 E0.00861
G1 X37.003 Y77.674 E0.01031
G1 X37.002 Y22.424 E1.5142
G1 X37.05 Y22.188 E0.0066
G1 X37.152 Y21.969 E0.00662
G1 X37.292 Y21.792 E0.00618
G1 X37.616 Y21.576 E0.01067
G1 X37.923 Y21.502 E0.00865
G1 X62.076 Y21.502 E0.66195
G1 X62.383 Y21.575 E0.00865
G1 X62.761 Y21.849 E0.01279
G0 F1320 X62.91 Y21.849
G0 X37.162 Y21.662
G0 X37.162 Y78.338
G0 X38.03 Y79.59
G0 X38.03 Y79.9
G1 F480 X44.752 Y79.9 E0.18423
G1 X44.752 Y78.1 E0.04933
G1 X37.949 Y78.098 E0.18645
G1 X37.724 Y78.034 E0.00641
G1 X37.514 Y77.854 E0.00758
G1 X37.4 Y77.569 E0.00841
G1 X37.401 Y22.454 E1.5105
G1 X37.445 Y22.27 E0.00518
G1 X37.575 Y22.075 E0.00642
G1 X37.769 Y21.945 E0.0064
G1 X37.954 Y21.901 E0.00521
G1 X62.046 Y21.901 E0.66027
G1 X62.317 Y21.99 E0.00782
G1 X62.457 Y22.109 E0.00504
G1 X62.555 Y22.27 E0.00517
G1 X62.599 Y22.448 E0.00503
G1 X62.599 Y77.552 E1.5102
G1 X62.513 Y77.813 E0.00753
G1 X62.424 Y77.926 E0.00394
G1 X62.231 Y78.055 E0.00636
G1 X62.052 Y78.098 E0.00505
G1 X55.244 Y78.1 E0.18658
G1 X55.244 Y79.9 E0.04933
G1 X61.97 Y79.9 E0.18434
G1 X62.373 Y79.866 E0.01108
G1 X62.738 Y79.779 E0.01028
G1 X63.095 Y79.631 E0.01059
G1 X63.413 Y79.437 E0.01021
G1 X63.693 Y79.195 E0.01014
G1 X63.936 Y78.91 E0.01026
G1 X64.131 Y78.59 E0.01027
G1 X64.279 Y78.238 E0.01047
G1 X64.366 Y77.869 E0.01039
G1 X64.4 Y77.47 E0.01097
G1 X64.4 Y22.522 E1.50592
G1 X64.366 Y22.127 E0.01087
G1 X64.279 Y21.757 E0.01042
G1 X64.132 Y21.402 E0.01053
G1 X63.937 Y21.087 E0.01015
G1 X63.694 Y20.802 E0.01026
G1 X63.413 Y20.562 E0.01013
G1 X63.093 Y20.364 E0.01031
G1 X62.738 Y20.217 E0.01053
G1 X62.375 Y20.131 E0.01022
G1 X61.973 Y20.101 E0.01105
G1 X38.027 Y20.1 E0.65627
G1 X37.625 Y20.131 E0.01105
G1 X37.257 Y20.217 E0.01036
G1 X36.905 Y20.364 E0.01045
G1 X36.302 Y20.802 E0.02043
G1 X35.864 Y21.405 E0.02043
G1 X35.717 Y21.757 E0.01045
G1 X35.631 Y22.125 E0.01036
G1 X35.6 Y22.527 E0.01105
G1 X35.6 Y77.48 E1.50606
G1 X35.631 Y77.871 E0.01075
G1 X35.717 Y78.238 E0.01033
G1 X35.864 Y78.59 E0.01045
G1 X36.06 Y78.91 E0.01028
G1 X36.302 Y79.194 E0.01023
G1 X36.587 Y79.437 E0.01026
G1 X36.903 Y79.631 E0.01016
G1 X37.257 Y79.778 E0.01051
G1 X37.627 Y79.865 E0.01042
G1 X38.03 Y79.9 E0.01109
G0 F1320 X38.03 Y79.59
G0 X37.162 Y78.338
G0 X37.162 Y21.662
G0 X38.029 Y20.409
G0 X38.012 Y19.7
M204 P150
;TYPE:WALL-OUTER
G1 F480 X37.563 Y19.735 E0.01222
G1 X37.134 Y19.835 E0.01196
G1 X36.721 Y20.007 E0.01214
G1 X36.351 Y20.239 E0.01185
G1 X36.018 Y20.518 E0.01179
G1 X35.739 Y20.851 E0.01179
G1 X35.507 Y21.221 E0.01185
G1 X35.335 Y21.634 E0.01214
G1 X35.235 Y22.063 E0.01196
G1 X35.2 Y22.512 E0.01222
G1 X35.2 Y77.496 E1.49228
G1 X35.235 Y77.933 E0.0119
G1 X35.335 Y78.362 E0.01196
G1 X35.507 Y78.772 E0.01207
G1 X35.735 Y79.146 E0.01189
G1 X36.018 Y79.478 E0.01184
G1 X36.351 Y79.761 E0.01186
G1 X36.72 Y79.989 E0.01177
G1 X37.134 Y80.16 E0.01216
G1 X37.564 Y80.261 E0.01199
G1 X38.013 Y80.3 E0.01223
G1 X45.152 Y80.3 E0.19375
G1 X45.152 Y77.7 E0.07056
G1 X37.983 Y77.7 E0.19457
G1 X37.87 Y77.653 E0.00332
G1 X37.8 Y77.516 E0.00418
G1 X37.8 Y22.432 E1.49499
G1 X37.893 Y22.33 E0.00375
G1 X37.984 Y22.3 E0.0026
G1 X62.016 Y22.3 E0.65223
G1 X62.153 Y22.369 E0.00416
G1 X62.2 Y22.482 E0.00332
G1 X62.2 Y77.57 E1.4951
G1 X62.105 Y77.671 E0.00376
G1 X62.018 Y77.7 E0.00249
G1 X54.844 Y77.7 E0.1947
G1 X54.844 Y80.3 E0.07056
G1 X61.987 Y80.3 E0.19386
G1 X62.436 Y80.262 E0.01223
G1 X62.862 Y80.161 E0.01188
G1 X63.277 Y79.989 E0.01219
G1 X63.649 Y79.761 E0.01184
G1 X63.977 Y79.478 E0.01176
G1 X64.261 Y79.146 E0.01186
G1 X64.489 Y78.772 E0.01189
G1 X64.661 Y78.362 E0.01207
G1 X64.762 Y77.932 E0.01199
G1 X64.8 Y77.487 E0.01212
G1 X64.8 Y22.505 E1.49223
G1 X64.762 Y22.064 E0.01201
G1 X64.661 Y21.634 E0.01199
G1 X64.489 Y21.22 E0.01217
G1 X64.261 Y20.851 E0.01177
G1 X63.978 Y20.518 E0.01186
G1 X63.649 Y20.238 E0.01173
G1 X63.276 Y20.007 E0.01191
G1 X62.862 Y19.835 E0.01217
G1 X62.437 Y19.735 E0.01185
G1 X61.988 Y19.701 E0.01222
G1 X38.012 Y19.7 E0.65072
G0 F1320 X37.813 Y19.715
G0 X37.891 Y20.722
;MESH:NONMESH
G0 F600 X37.891 Y20.722 Z7.4
G0 F1320 X37.162 Y21.662
G0 X37.162 Y78.338
G0 X44.116 Y79
;TIME_ELAPSED:12778.513750
;LAYER:45
M204 P200
;TYPE:WALL-INNER
;MESH:flasherBot.STL
G1 F321.1 X37.859 Y79 E0.25636
G1 F322.7 X37.533 Y78.922 E0.01367
G1 X37.117 Y78.71 E0.01903
G1 F322.1 X36.789 Y78.382 E0.01894
G1 F321.6 X36.574 Y77.961 E0.01934
G1 F320.5 X36.5 Y77.445 E0.02139
G1 X36.5 Y22.327 E2.2621
G1 F321.1 X36.665 Y21.818 E0.02192
G1 X36.94 Y21.44 E0.01915
G1 X37.318 Y21.165 E0.01915
G1 F321.6 X37.827 Y21 E0.02189
G1 F322.1 X62 Y21.002 E0.98712
G1 X62.462 Y21.074 E0.01909
G1 F321.6 X62.682 Y21.166 E0.00975
G1 X63.058 Y21.439 E0.01901
G1 F322.1 X63.33 Y21.812 E0.01885
G1 F322.7 X63.478 Y22.269 E0.01958
G1 F321.6 X63.5 Y22.561 E0.01198
G1 F320 X63.5 Y77.432 E2.25572
G1 F322.1 X63.424 Y77.961 E0.02182
G1 F323.8 X63.208 Y78.383 E0.01926
G1 F323.2 X62.883 Y78.71 E0.01876
G1 F323.8 X62.688 Y78.83 E0.0093
G1 F323.2 X62.163 Y79 E0.02246
G1 F321.1 X55.884 Y79 E0.25727
G0 F1320 X62.838 Y78.338
G0 X63.897 Y21.88
G1 F480 X63.774 Y21.585 E0.00876
G1 X63.411 Y21.086 E0.01691
G1 X62.91 Y20.721 E0.01699
G1 X62.313 Y20.528 E0.0172
G1 X61.939 Y20.501 E0.01028
G1 X38.042 Y20.5 E0.65493
G1 X37.38 Y20.598 E0.01834
G1 X37.089 Y20.72 E0.00865
G1 X36.586 Y21.086 E0.01705
G1 X36.22 Y21.589 E0.01705
G1 X36.098 Y21.88 E0.00865
G1 X36 Y22.542 E0.01834
G1 X36 Y77.464 E1.50521
G1 X36.098 Y78.115 E0.01804
G1 X36.385 Y78.675 E0.01725
G1 X36.823 Y79.113 E0.01698
G1 X37.38 Y79.396 E0.01712
G1 X38.046 Y79.5 E0.01847
G1 X44.616 Y79.5 E0.18006
G1 X44.616 Y78.5 E0.02741
G1 X37.916 Y78.497 E0.18362
G1 X37.54 Y78.389 E0.01072
G1 X37.35 Y78.261 E0.00628
G1 X37.146 Y78.022 E0.00861
G1 X37.003 Y77.674 E0.01031
G1 X37.002 Y22.424 E1.5142
G1 X37.05 Y22.188 E0.0066
G1 X37.152 Y21.969 E0.00662
G1 X37.292 Y21.792 E0.00618
G1 X37.616 Y21.576 E0.01067
G1 X37.923 Y21.502 E0.00865
G1 X62.076 Y21.502 E0.66195
G1 X62.383 Y21.575 E0.00865
G1 X62.761 Y21.849 E0.01279
G1 X62.924 Y22.116 E0.00857
G1 X62.998 Y22.413 E0.00839
G1 X62.998 Y77.586 E1.51209
G1 X62.952 Y77.809 E0.00624
G1 X62.762 Y78.15 E0.0107
G1 X62.46 Y78.39 E0.01057
G1 X62.086 Y78.497 E0.01066
G1 X55.384 Y78.5 E0.18368
G1 X55.384 Y79.5 E0.02741
G1 X61.954 Y79.5 E0.18006
G1 X62.615 Y79.398 E0.01833
G1 X63.176 Y79.113 E0.01725
G1 X63.611 Y78.675 E0.01692
G1 X63.897 Y78.114 E0.01726
G1 X64 Y77.453 E0.01833
G1 X64 Y22.54 E1.50496
G1 X63.897 Y21.88 E0.01831
G0 F1320 X62.944 Y21.684
G0 X38.027 Y20.41
G0 X38.027 Y20.1
G1 F480 X37.625 Y20.131 E0.01105
G1 X37.257 Y20.217 E0.01036
G1 X36.905 Y20.364 E0.01045
G1 X36.302 Y20.802 E0.02043
G1 X35.864 Y21.405 E0.02043
G1 X35.717 Y21.757 E0.01045
G1 X35.631 Y22.125 E0.01036
G1 X35.6 Y22.527 E0.01105
G1 X35.6 Y77.48 E1.50606
G1 X35.631 Y77.871 E0.01075
G1 X35.717 Y78.238 E0.01033
G1 X35.864 Y78.59 E0.01045
G1 X36.06 Y78.91 E0.01028
G1 X36.302 Y79.194 E0.01023
G1 X36.587 Y79.437 E0.01026
G1 X36.903 Y79.631 E0.01016
G1 X37.257 Y79.778 E0.01051
G1 X37.627 Y79.865 E0.01042
G1 X38.03 Y79.9 E0.01109
G1 X45.016 Y79.9 E0.19146
G1 X45.016 Y78.1 E0.04933
G1 X37.949 Y78.098 E0.19368
G1 X37.724 Y78.034 E0.00641
G1 X37.514 Y77.854 E0.00758
G1 X37.4 Y77.569 E0.00841
G1 X37.401 Y22.454 E1.5105
G1 X37.445 Y22.27 E0.00518
G1 X37.575 Y22.075 E0.00642
G1 X37.769 Y21.945 E0.0064
G1 X37.954 Y21.901 E0.00521
G1 X62.046 Y21.901 E0.66027
G1 X62.317 Y21.99 E0.00782
G1 X62.457 Y22.109 E0.00504
G1 X62.555 Y22.27 E0.00517
G1 X62.599 Y22.448 E0.00503
G1 X62.599 Y77.552 E1.5102
G1 X62.513 Y77.813 E0.00753
G1 X62.424 Y77.926 E0.00394
G1 X62.231 Y78.055 E0.00636
G1 X62.052 Y78.098 E0.00505
G1 X54.984 Y78.1 E0.19371
G1 X54.984 Y79.9 E0.04933
G1 X61.97 Y79.9 E0.19146
G1 X62.373 Y79.866 E0.01108
G1 X62.738 Y79.779 E0.01028
G1 X63.095 Y79.631 E0.01059
G1 X63.413 Y79.437 E0.01021
G1 X63.693 Y79.195 E0.01014
G1 X63.936 Y78.91 E0.01026
G1 X64.131 Y78.59 E0.01027
G1 X64.279 Y78.238 E0.01047
G1 X64.366 Y77.869 E0.01039
G1 X64.4 Y77.47 E0.01097
G1 X64.4 Y22.522 E1.50592
G1 X64.366 Y22.127 E0.01087
G1 X64.279 Y21.757 E0.01042
G1 X64.132 Y21.402 E0.01053
G1 X63.937 Y21.087 E0.01015
G1 X63.694 Y20.802 E0.01026
G1 X63.413 Y20.562 E0.01013
G1 X63.093 Y20.364 E0.01031
G1 X62.738 Y20.217 E0.01053
G1 X62.375 Y20.131 E0.01022
G1 X61.973 Y20.101 E0.01105
G1 X38.027 Y20.1 E0.65627
G0 F1320 X38.026 Y20.41
G0 X62.838 Y21.662
G0 X62.838 Y78.338
G0 X62.105 Y77.671
M204 P150
;TYPE:WALL-OUTER
G1 F480 X62.018 Y77.7 E0.00249
G1 X54.584 Y77.7 E0.20176
G1 X54.584 Y80.3 E0.07056
G1 X61.987 Y80.3 E0.20092
G1 X62.436 Y80.262 E0.01223
G1 X62.862 Y80.161 E0.01188
G1 X63.277 Y79.989 E0.01219
G1 X63.649 Y79.761 E0.01184
G1 X63.977 Y79.478 E0.01176
G1 X64.261 Y79.146 E0.01186
G1 X64.489 Y78.772 E0.01189
G1 X64.661 Y78.362 E0.01207
G1 X64.762 Y77.932 E0.01199
G1 X64.8 Y77.487 E0.01212
G1 X64.8 Y22.505 E1.49223
G1 X64.762 Y22.064 E0.01201
G1 X64.661 Y21.634 E0.01199
G1 X64.489 Y21.22 E0.01217
G1 X64.261 Y20.851 E0.01177
G1 X63.978 Y20.518 E0.01186
G1 X63.649 Y20.238 E0.01173
G1 X63.276 Y20.007 E0.01191
G1 X62.862 Y19.835 E0.01217
G1 X62.437 Y19.735 E0.01185
G1 X61.988 Y19.701 E0.01222
G1 X38.012 Y19.7 E0.65072
G1 X37.563 Y19.735 E0.01222
G1 X37.134 Y19.835 E0.01196
G1 X36.721 Y20.007 E0.01214
G1 X36.351 Y20.239 E0.01185
G1 X36.018 Y20.518 E0.01179
G1 X35.739 Y20.851 E0.01179
G1 X35.507 Y21.221 E0.01185
G1 X35.335 Y21.634 E0.01214
G1 X35.235 Y22.063 E0.01196
G1 X35.2 Y22.512 E0.01222
G1 X35.2 Y77.496 E1.49228
G1 X35.235 Y77.933 E0.0119
G1 X35.335 Y78.362 E0.01196
G1 X35.507 Y78.772 E0.01207
G1 X35.735 Y79.146 E0.01189
G1 X36.018 Y79.478 E0.01184
G1 X36.351 Y79.761 E0.01186
G1 X36.72 Y79.989 E0.01177
G1 X37.134 Y80.16 E0.01216
G1 X37.564 Y80.261 E0.01199
G1 X38.013 Y80.3 E0.01223
G1 X45.416 Y80.3 E0.20092
G1 X45.416 Y77.7 E0.07056
G1 X37.983 Y77.7 E0.20173
G1 X37.87 Y77.653 E0.00332
G1 X37.8 Y77.516 E0.00418
G1 X37.8 Y22.432 E1.49499
G1 X37.893 Y22.33 E0.00375
G1 X37.984 Y22.3 E0.0026
G1 X62.016 Y22.3 E0.65223
G1 X62.153 Y22.369 E0.00416
G1 X62.2 Y22.482 E0.00332
G1 X62.2 Y77.57 E1.4951
G1 X62.105 Y77.671 E0.00376
G0 F1320 X62.018 Y77.7
G0 X61.91 Y77.7
G0 X61.91 Y78.71
;MESH:NONMESH
G0 F600 X61.91 Y78.71 Z7.56
G0 F1320 X62.838 Y78.338
G0 X62.998 Y77.586
;TIME_ELAPSED:12935.459297
;LAYER:46
M204 P200
;TYPE:WALL-INNER
;MESH:flasherBot.STL
G1 F480 X62.952 Y77.809 E0.00624
G1 X62.762 Y78.15 E0.0107
G1 X62.46 Y78.39 E0.01057
G1 X62.086 Y78.497 E0.01066
G1 X54.384 Y78.497 E0.21108
G1 F420 X45.616 Y78.497 E0.2333
G1 X44.616 Y78.497 E0.02741
G1 F480 X37.916 Y78.497 E0.18362
G1 X37.54 Y78.389 E0.01072
G1 X37.35 Y78.261 E0.00628
G1 X37.146 Y78.022 E0.00861
G1 X37.003 Y77.674 E0.01031
G1 X37.002 Y22.424 E1.5142
G1 X37.05 Y22.188 E0.0066
G1 X37.152 Y21.969 E0.00662
G1 X37.292 Y21.792 E0.00618
G1 X37.616 Y21.576 E0.01067
G1 X37.923 Y21.502 E0.00865
G1 X62.076 Y21.502 E0.66195
G1 X62.383 Y21.575 E0.00865
G1 X62.761 Y21.849 E0.01279
G1 X62.924 Y22.116 E0.00857
G1 X62.998 Y22.413 E0.00839
G1 X62.998 Y77.586 E1.51209
G0 F1320 X62.424 Y77.926
G1 F480 X62.231 Y78.055 E0.00636
G1 X62.052 Y78.098 E0.00505
G1 X54.76 Y78.099 E0.19985
G1 X54.384 Y78.099
G1 F420 X45.616 Y78.099 E0.2333
G1 X44.616 Y78.099 E0.02741
G1 F480 X37.904 Y78.1 E0.18395
G1 X37.724 Y78.034 E0.00525
G1 X37.514 Y77.854 E0.00758
G1 X37.4 Y77.569 E0.00841
G1 X37.401 Y22.454 E1.5105
G1 X37.445 Y22.27 E0.00518
G1 X37.575 Y22.075 E0.00642
G1 X37.769 Y21.945 E0.0064
G1 X37.954 Y21.901 E0.00521
G1 X62.046 Y21.901 E0.66027
G1 X62.317 Y21.99 E0.00782
G1 X62.457 Y22.109 E0.00504
G1 X62.555 Y22.27 E0.00517
G1 X62.599 Y22.448 E0.00503
G1 X62.599 Y77.552 E1.5102
G1 X62.513 Y77.813 E0.00753
G1 X62.424 Y77.926 E0.00394
G0 F1320 X62.883 Y78.71
G1 F323.2 X63.208 Y78.383 E0.01876
G1 F323.8 X63.424 Y77.961 E0.01926
G1 F322.1 X63.5 Y77.432 E0.02182
G1 F320 X63.5 Y22.561 E2.25572
G1 F321.6 X63.478 Y22.269 E0.01198
G1 F322.7 X63.33 Y21.812 E0.01958
G1 F322.1 X63.058 Y21.439 E0.01885
G1 F321.6 X62.682 Y21.166 E0.01901
G1 X62.172 Y21 E0.02194
G1 F322.1 X38 Y21.002 E0.98707
G1 F321.1 X37.533 Y21.075 E0.01937
G1 F320.5 X37.318 Y21.165 E0.00957
G1 F321.1 X36.94 Y21.44 E0.01915
G1 X36.665 Y21.818 E0.01915
G1 X36.5 Y22.327 E0.02192
G1 F320.5 X36.5 Y77.445 E2.2621
G1 X36.574 Y77.961 E0.02139
G1 F321.6 X36.789 Y78.382 E0.01934
G1 F322.1 X37.117 Y78.71 E0.01894
G1 F322.7 X37.533 Y78.922 E0.01903
G1 F321.6 X38.067 Y79 E0.02207
G1 F321.1 X45.616 Y79 E0.3093
G1 F420 X54.384 Y79 E0.34878
G1 F280.9 X55.384 Y79 E0.04097
G1 F321.1 X62.163 Y79 E0.27775
G1 F323.2 X62.688 Y78.83 E0.02246
G1 F323.8 X62.883 Y78.71 E0.0093
G0 F1320 X36.823 Y79.113
G1 F480 X37.38 Y79.396 E0.01712
G1 X38.046 Y79.5 E0.01847
G1 X45.616 Y79.5 E0.20747
G1 F420 X54.384 Y79.5 E0.2333
G1 X55.384 Y79.5 E0.02741
G1 F480 X61.954 Y79.5 E0.18006
G1 X62.615 Y79.398 E0.01833
G1 X63.176 Y79.113 E0.01725
G1 X63.611 Y78.675 E0.01692
G1 X63.897 Y78.114 E0.01726
G1 X64 Y77.453 E0.01833
G1 X64 Y22.54 E1.50496
G1 X63.897 Y21.88 E0.01831
G1 X63.774 Y21.585 E0.00876
G1 X63.411 Y21.086 E0.01691
G1 X62.91 Y20.721 E0.01699
G1 X62.313 Y20.528 E0.0172
G1 X61.939 Y20.501 E0.01028
G1 X38.042 Y20.5 E0.65493
G1 X37.38 Y20.598 E0.01834
G1 X37.089 Y20.72 E0.00865
G1 X36.586 Y21.086 E0.01705
G1 X36.22 Y21.589 E0.01705
G1 X36.098 Y21.88 E0.00865
G1 X36 Y22.542 E0.01834
G1 X36 Y77.464 E1.50521
G1 X36.098 Y78.115 E0.01804
G1 X36.385 Y78.675 E0.01725
G1 X36.823 Y79.113 E0.01698
G0 F1320 X62.838 Y78.338
G0 X63.984 Y78.15
G0 X64.279 Y78.238
G1 F480 X64.366 Y77.869 E0.01039
G1 X64.4 Y77.47 E0.01097
G1 X64.4 Y22.522 E1.50592
G1 X64.366 Y22.127 E0.01087
G1 X64.279 Y21.757 E0.01042
G1 X64.132 Y21.402 E0.01053
G1 X63.937 Y21.087 E0.01015
G1 X63.694 Y20.802 E0.01026
G1 X63.413 Y20.562 E0.01013
G1 X63.093 Y20.364 E0.01031
G1 X62.738 Y20.217 E0.01053
G1 X62.375 Y20.131 E0.01022
G1 X61.973 Y20.101 E0.01105
G1 X38.027 Y20.1 E0.65627
G1 X37.625 Y20.131 E0.01105
G1 X37.257 Y20.217 E0.01036
G1 X36.905 Y20.364 E0.01045
G1 X36.302 Y20.802 E0.02043
G1 X35.864 Y21.405 E0.02043
G1 X35.717 Y21.757 E0.01045
G1 X35.631 Y22.125 E0.01036
G1 X35.6 Y22.527 E0.01105
G1 X35.6 Y77.48 E1.50606
G1 X35.631 Y77.871 E0.01075
G1 X35.717 Y78.238 E0.01033
G1 X35.864 Y78.59 E0.01045
G1 X36.06 Y78.91 E0.01028
G1 X36.302 Y79.194 E0.01023
G1 X36.587 Y79.437 E0.01026
G1 X36.903 Y79.631 E0.01016
G1 X37.257 Y79.778 E0.01051
G1 X37.627 Y79.865 E0.01042
G1 X38.03 Y79.9 E0.01109
G1 X45.616 Y79.9 E0.2079
G1 F420 X54.384 Y79.9 E0.2333
G1 X55.384 Y79.9 E0.02741
G1 F480 X61.97 Y79.9 E0.1805
G1 X62.373 Y79.866 E0.01108
G1 X62.738 Y79.779 E0.01028
G1 X63.095 Y79.631 E0.01059
G1 X63.413 Y79.437 E0.01021
G1 X63.693 Y79.195 E0.01014
G1 X63.936 Y78.91 E0.01026
G1 X64.131 Y78.59 E0.01027
G1 X64.279 Y78.238 E0.01047
G0 F1320 X63.984 Y78.149
G0 X62.105 Y78.41
G0 X62.105 Y77.671
M204 P150
;TYPE:WALL-OUTER
G1 F480 X62.018 Y77.7 E0.00249
G1 X54.384 Y77.7 E0.20719
G1 F420 X45.616 Y77.7 E0.2333
G1 X44.616 Y77.7 E0.02714
G1 F480 X37.983 Y77.7 E0.18002
G1 X37.87 Y77.653 E0.00332
G1 X37.8 Y77.516 E0.00418
G1 X37.8 Y22.432 E1.49499
G1 X37.893 Y22.33 E0.00375
G1 X37.984 Y22.3 E0.0026
G1 X62.016 Y22.3 E0.65223
G1 X62.153 Y22.369 E0.00416
G1 X62.2 Y22.482 E0.00332
G1 X62.2 Y77.57 E1.4951
G1 X62.105 Y77.671 E0.00376
G0 F1320 X62.018 Y77.7
G0 X61.91 Y77.7
G0 X61.91 Y78.41
G0 X62.838 Y78.338
G0 X62.838 Y21.662
G0 X37.678 Y20.437
G0 X37.563 Y19.735
G1 F480 X37.134 Y19.835 E0.01196
G1 X36.721 Y20.007 E0.01214
G1 X36.351 Y20.239 E0.01185
G1 X36.018 Y20.518 E0.01179
G1 X35.739 Y20.851 E0.01179
G1 X35.507 Y21.221 E0.01185
G1 X35.335 Y21.634 E0.01214
G1 X35.235 Y22.063 E0.01196
G1 X35.2 Y22.512 E0.01222
G1 X35.2 Y77.496 E1.49228
G1 X35.235 Y77.933 E0.0119
G1 X35.335 Y78.362 E0.01196
G1 X35.507 Y78.772 E0.01207
G1 X35.735 Y79.146 E0.01189
G1 X36.018 Y79.478 E0.01184
G1 X36.351 Y79.761 E0.01186
G1 X36.72 Y79.989 E0.01177
G1 X37.134 Y80.16 E0.01216
G1 X37.564 Y80.261 E0.01199
G1 X38.013 Y80.3 E0.01223
G1 X45.616 Y80.3 E0.20635
G1 F420 X54.384 Y80.3 E0.2333
G1 X55.384 Y80.3 E0.02714
G1 F480 X61.987 Y80.3 E0.17921
G1 X62.436 Y80.262 E0.01223
G1 X62.862 Y80.161 E0.01188
G1 X63.277 Y79.989 E0.01219
G1 X63.649 Y79.761 E0.01184
G1 X63.977 Y79.478 E0.01176
G1 X64.261 Y79.146 E0.01186
G1 X64.489 Y78.772 E0.01189
G1 X64.661 Y78.362 E0.01207
G1 X64.762 Y77.932 E0.01199
G1 X64.8 Y77.487 E0.01212
G1 X64.8 Y22.505 E1.49223
G1 X64.762 Y22.064 E0.01201
G1 X64.661 Y21.634 E0.01199
G1 X64.489 Y21.22 E0.01217
G1 X64.261 Y20.851 E0.01177
G1 X63.978 Y20.518 E0.01186
G1 X63.649 Y20.238 E0.01173
G1 X63.276 Y20.007 E0.01191
G1 X62.862 Y19.835 E0.01217
G1 X62.437 Y19.735 E0.01185
G1 X61.988 Y19.701 E0.01222
G1 X38.012 Y19.7 E0.65072
G1 X37.563 Y19.735 E0.01222
G0 F1320 X37.369 Y19.78
G0 X37.602 Y20.764
;MESH:NONMESH
G0 F600 X37.602 Y20.764 Z7.72
G0 F1320 X37.246 Y21.491
G0 X37.152 Y21.969
;TIME_ELAPSED:13100.178476
;LAYER:47
M204 P200
;TYPE:WALL-INNER
;MESH:flasherBot.STL
G1 F480 X37.292 Y21.792 E0.00618
G1 X37.616 Y21.576 E0.01067
G1 X37.923 Y21.502 E0.00865
G1 X62.076 Y21.502 E0.66195
G1 X62.383 Y21.575 E0.00865
G1 X62.761 Y21.849 E0.01279
G1 X62.924 Y22.116 E0.00857
G1 X62.998 Y22.413 E0.00839
G1 X62.998 Y77.586 E1.51209
G1 X62.952 Y77.809 E0.00624
G1 X62.762 Y78.15 E0.0107
G1 X62.46 Y78.39 E0.01057
G1 X62.086 Y78.497 E0.01066
G1 X37.916 Y78.497 E0.66241
G1 X37.54 Y78.389 E0.01072
G1 X37.35 Y78.261 E0.00628
G1 X37.146 Y78.022 E0.00861
G1 X37.003 Y77.674 E0.01031
G1 X37.002 Y22.424 E1.5142
G1 X37.05 Y22.188 E0.0066
G1 X37.152 Y21.969 E0.00662
G0 F1320 X37.09 Y21.969
G0 X62.838 Y21.662
G0 X62.555 Y22.27
G1 F480 X62.599 Y22.448 E0.00503
G1 X62.599 Y77.552 E1.5102
G1 X62.513 Y77.813 E0.00753
G1 X62.424 Y77.926 E0.00394
G1 X62.231 Y78.055 E0.00636
G1 X62.052 Y78.098 E0.00505
G1 X37.904 Y78.1 E0.66181
G1 X37.724 Y78.034 E0.00525
G1 X37.514 Y77.854 E0.00758
G1 X37.4 Y77.569 E0.00841
G1 X37.401 Y22.454 E1.5105
G1 X37.445 Y22.27 E0.00518
G1 X37.575 Y22.075 E0.00642
G1 X37.769 Y21.945 E0.0064
G1 X37.954 Y21.901 E0.00521
G1 X62.046 Y21.901 E0.66027
G1 X62.317 Y21.99 E0.00782
G1 X62.457 Y22.109 E0.00504
G1 X62.555 Y22.27 E0.00517
G0 F1320 X62.91 Y22.27
G0 X62.682 Y21.166
G1 F321.6 X62.172 Y21 E0.02194
G1 F322.1 X38 Y21.002 E0.98707
G1 F321.1 X37.533 Y21.075 E0.01937
G1 F320.5 X37.318 Y21.165 E0.00957
G1 F321.1 X36.94 Y21.44 E0.01915
G1 X36.665 Y21.818 E0.01915
G1 X36.5 Y22.327 E0.02192
G1 F320.5 X36.5 Y77.445 E2.2621
G1 X36.574 Y77.961 E0.02139
G1 F321.6 X36.789 Y78.382 E0.01934
G1 F322.1 X37.117 Y78.71 E0.01894
G1 F322.7 X37.533 Y78.922 E0.01903
G1 F321.6 X38.067 Y79 E0.02207
G1 F321.1 X62.163 Y79 E0.98727
G1 F323.2 X62.688 Y78.83 E0.02246
G1 F323.8 X62.883 Y78.71 E0.0093
G1 F323.2 X63.208 Y78.383 E0.01876
G1 F323.8 X63.424 Y77.961 E0.01926
G1 F322.1 X63.5 Y77.432 E0.02182
G1 F320 X63.5 Y22.561 E2.25572
G1 F321.6 X63.478 Y22.269 E0.01198
G1 F322.7 X63.33 Y21.812 E0.01958
G1 F322.1 X63.058 Y21.439 E0.01885
G1 F321.6 X62.682 Y21.166 E0.01901
G0 F1320 X36.586 Y21.086
G1 F480 X36.22 Y21.589 E0.01705
G1 X36.098 Y21.88 E0.00865
G1 X36 Y22.542 E0.01834
G1 X36 Y77.464 E1.50521
G1 X36.098 Y78.115 E0.01804
G1 X36.385 Y78.675 E0.01725
G1 X36.823 Y79.113 E0.01698
G1 X37.38 Y79.396 E0.01712
G1 X38.046 Y79.5 E0.01847
G1 X61.954 Y79.5 E0.65523
G1 X62.615 Y79.398 E0.01833
G1 X63.176 Y79.113 E0.01725
G1 X63.611 Y78.675 E0.01692
G1 X63.897 Y78.114 E0.01726
G1 X64 Y77.453 E0.01833
G1 X64 Y22.54 E1.50496
G1 X63.897 Y21.88 E0.01831
G1 X63.774 Y21.585 E0.00876
G1 X63.411 Y21.086 E0.01691
G1 X62.91 Y20.721 E0.01699
G1 X62.313 Y20.528 E0.0172
G1 X61.939 Y20.501 E0.01028
G1 X38.042 Y20.5 E0.65493
G1 X37.38 Y20.598 E0.01834
G1 X37.089 Y20.72 E0.00865
G1 X36.586 Y21.086 E0.01705
G0 F1320 X37.162 Y78.338
G0 X37.678 Y79.563
G0 X37.627 Y79.865
G1 F480 X38.03 Y79.9 E0.01109
G1 X61.97 Y79.9 E0.65611
G1 X62.373 Y79.866 E0.01108
G1 X62.738 Y79.779 E0.01028
G1 X63.095 Y79.631 E0.01059
G1 X63.413 Y79.437 E0.01021
G1 X63.693 Y79.195 E0.01014
G1 X63.936 Y78.91 E0.01026
G1 X64.131 Y78.59 E0.01027
G1 X64.279 Y78.238 E0.01047
G1 X64.366 Y77.869 E0.01039
G1 X64.4 Y77.47 E0.01097
G1 X64.4 Y22.522 E1.50592
G1 X64.366 Y22.127 E0.01087
G1 X64.279 Y21.757 E0.01042
G1 X64.132 Y21.402 E0.01053
G1 X63.937 Y21.087 E0.01015
G1 X63.694 Y20.802 E0.01026
G1 X63.413 Y20.562 E0.01013
G1 X63.093 Y20.364 E0.01031
G1 X62.738 Y20.217 E0.01053
G1 X62.375 Y20.131 E0.01022
G1 X61.973 Y20.101 E0.01105
G1 X38.027 Y20.1 E0.65627
G1 X37.625 Y20.131 E0.01105
G1 X37.257 Y20.217 E0.01036
G1 X36.905 Y20.364 E0.01045
G1 X36.302 Y20.802 E0.02043
G1 X35.864 Y21.405 E0.02043
G1 X35.717 Y21.757 E0.01045
G1 X35.631 Y22.125 E0.01036
G1 X35.6 Y22.527 E0.01105
G1 X35.6 Y77.48 E1.50606
G1 X35.631 Y77.871 E0.01075
G1 X35.717 Y78.238 E0.01033
G1 X35.864 Y78.59 E0.01045
G1 X36.06 Y78.91 E0.01028
G1 X36.302 Y79.194 E0.01023
G1 X36.587 Y79.437 E0.01026
G1 X36.903 Y79.631 E0.01016
G1 X37.257 Y79.778 E0.01051
G1 X37.627 Y79.865 E0.01042
G0 F1320 X37.678 Y79.563
G0 X36.524 Y78.976
G0 X36.018 Y79.478
M204 P150
;TYPE:WALL-OUTER
G1 F480 X36.351 Y79.761 E0.01186
G1 X36.72 Y79.989 E0.01177
G1 X37.134 Y80.16 E0.01216
G1 X37.564 Y80.261 E0.01199
G1 X38.013 Y80.3 E0.01223
G1 X61.987 Y80.3 E0.65066
G1 X62.436 Y80.262 E0.01223
G1 X62.862 Y80.161 E0.01188
G1 X63.277 Y79.989 E0.01219
G1 X63.649 Y79.761 E0.01184
G1 X63.977 Y79.478 E0.01176
G1 X64.261 Y79.146 E0.01186
G1 X64.489 Y78.772 E0.01189
G1 X64.661 Y78.362 E0.01207
G1 X64.762 Y77.932 E0.01199
G1 X64.8 Y77.487 E0.01212
G1 X64.8 Y22.505 E1.49223
G1 X64.762 Y22.064 E0.01201
G1 X64.661 Y21.634 E0.01199
G1 X64.489 Y21.22 E0.01217
G1 X64.261 Y20.851 E0.01177
G1 X63.978 Y20.518 E0.01186
G1 X63.649 Y20.238 E0.01173
G1 X63.276 Y20.007 E0.01191
G1 X62.862 Y19.835 E0.01217
G1 X62.437 Y19.735 E0.01185
G1 X61.988 Y19.701 E0.01222
G1 X38.012 Y19.7 E0.65072
G1 X37.563 Y19.735 E0.01222
G1 X37.134 Y19.835 E0.01196
G1 X36.721 Y20.007 E0.01214
G1 X36.351 Y20.239 E0.01185
G1 X36.018 Y20.518 E0.01179
G1 X35.739 Y20.851 E0.01179
G1 X35.507 Y21.221 E0.01185
G1 X35.335 Y21.634 E0.01214
G1 X35.235 Y22.063 E0.01196
G1 X35.2 Y22.512 E0.01222
G1 X35.2 Y77.496 E1.49228
G1 X35.235 Y77.933 E0.0119
G1 X35.335 Y78.362 E0.01196
G1 X35.507 Y78.772 E0.01207
G1 X35.735 Y79.146 E0.01189
G1 X36.018 Y79.478 E0.01184
G0 F1320 X36.17 Y79.607
G0 X36.633 Y79.069
G0 X37.8 Y78.41
G0 X37.8 Y77.516
G1 F480 X37.8 Y22.432 E1.49499
G1 X37.893 Y22.33 E0.00375
G1 X37.984 Y22.3 E0.0026
G1 X62.016 Y22.3 E0.65223
G1 X62.153 Y22.369 E0.00416
G1 X62.2 Y22.482 E0.00332
G1 X62.2 Y77.57 E1.4951
G1 X62.105 Y77.671 E0.00376
G1 X62.018 Y77.7 E0.00249
G1 X37.983 Y77.7 E0.65232
G1 X37.87 Y77.653 E0.00332
G1 X37.8 Y77.516 E0.00418
G0 F1320 X37.8 Y77.316
G0 X36.79 Y77.316
;MESH:NONMESH
G0 F600 X36.79 Y77.316 Z7.88
G0 F1320 X36.5 Y22.327
;TIME_ELAPSED:13265.528238
;LAYER:48
M204 P200
;TYPE:WALL-INNER
;MESH:flasherBot.STL
G1 F320.5 X36.5 Y77.445 E2.2621
G1 X36.574 Y77.961 E0.02139
G1 F321.6 X36.789 Y78.382 E0.01934
G1 F322.1 X37.117 Y78.71 E0.01894
G1 F322.7 X37.533 Y78.922 E0.01903
G1 F321.6 X38.067 Y79 E0.02207
G1 F321.1 X62.163 Y79 E0.98727
G1 F323.2 X62.688 Y78.83 E0.02246
G1 F323.8 X62.883 Y78.71 E0.0093
G1 F323.2 X63.208 Y78.383 E0.01876
G1 F323.8 X63.424 Y77.961 E0.01926
G1 F322.1 X63.5 Y77.432 E0.02182
G1 F320 X63.5 Y22.561 E2.25572
G1 F321.6 X63.478 Y22.269 E0.01198
G1 F322.7 X63.33 Y21.812 E0.01958
G1 F322.1 X63.058 Y21.439 E0.01885
G1 F321.6 X62.682 Y21.166 E0.01901
G1 X62.172 Y21 E0.02194
G1 F322.1 X38 Y21.002 E0.98707
G1 F321.1 X37.533 Y21.075 E0.01937
G1 F320.5 X37.318 Y21.165 E0.00957
G1 F321.1 X36.94 Y21.44 E0.01915
G1 X36.665 Y21.818 E0.01915
G1 X36.5 Y22.327 E0.02192
G0 F1320 X37.162 Y21.662
G0 X63.411 Y21.086
G1 F480 X62.91 Y20.721 E0.01699
G1 X62.313 Y20.528 E0.0172
G1 X61.939 Y20.501 E0.01028
G1 X38.042 Y20.5 E0.65493
G1 X37.38 Y20.598 E0.01834
G1 X37.089 Y20.72 E0.00865
G1 X36.586 Y21.086 E0.01705
G1 X36.22 Y21.589 E0.01705
G1 X36.098 Y21.88 E0.00865
G1 X36 Y22.542 E0.01834
G1 X36 Y77.464 E1.50521
G1 X36.098 Y78.115 E0.01804
G1 X36.385 Y78.675 E0.01725
G1 X36.823 Y79.113 E0.01698
G1 X37.38 Y79.396 E0.01712
G1 X38.046 Y79.5 E0.01847
G1 X61.954 Y79.5 E0.65523
G1 X62.615 Y79.398 E0.01833
G1 X63.176 Y79.113 E0.01725
G1 X63.611 Y78.675 E0.01692
G1 X63.897 Y78.114 E0.01726
G1 X64 Y77.453 E0.01833
G1 X64 Y22.54 E1.50496
G1 X63.897 Y21.88 E0.01831
G1 X63.774 Y21.585 E0.00876
G1 X63.411 Y21.086 E0.01691
G0 F1320 X37.162 Y21.662
G0 X36.139 Y78.447
G0 X35.864 Y78.59
G1 F480 X36.06 Y78.91 E0.01028
G1 X36.302 Y79.194 E0.01023
G1 X36.587 Y79.437 E0.01026
G1 X36.903 Y79.631 E0.01016
G1 X37.257 Y79.778 E0.01051
G1 X37.627 Y79.865 E0.01042
G1 X38.03 Y79.9 E0.01109
G1 X61.97 Y79.9 E0.65611
G1 X62.373 Y79.866 E0.01108
G1 X62.738 Y79.779 E0.01028
G1 X63.095 Y79.631 E0.01059
G1 X63.413 Y79.437 E0.01021
G1 X63.693 Y79.195 E0.01014
G1 X63.936 Y78.91 E0.01026
G1 X64.131 Y78.59 E0.01027
G1 X64.279 Y78.238 E0.01047
G1 X64.366 Y77.869 E0.01039
G1 X64.4 Y77.47 E0.01097
G1 X64.4 Y22.522 E1.50592
G1 X64.366 Y22.127 E0.01087
G1 X64.279 Y21.757 E0.01042
G1 X64.132 Y21.402 E0.01053
G1 X63.937 Y21.087 E0.01015
G1 X63.694 Y20.802 E0.01026
G1 X63.413 Y20.562 E0.01013
G1 X63.093 Y20.364 E0.01031
G1 X62.738 Y20.217 E0.01053
G1 X62.375 Y20.131 E0.01022
G1 X61.973 Y20.101 E0.01105
G1 X38.027 Y20.1 E0.65627
G1 X37.625 Y20.131 E0.01105
G1 X37.257 Y20.217 E0.01036
G1 X36.905 Y20.364 E0.01045
G1 X36.302 Y20.802 E0.02043
G1 X35.864 Y21.405 E0.02043
G1 X35.717 Y21.757 E0.01045
G1 X35.631 Y22.125 E0.01036
G1 X35.6 Y22.527 E0.01105
G1 X35.6 Y77.48 E1.50606
G1 X35.631 Y77.871 E0.01075
G1 X35.717 Y78.238 E0.01033
G1 X35.864 Y78.59 E0.01045
G0 F1320 X36.139 Y78.447
G0 X37.162 Y21.662
G0 X62.838 Y21.662
G0 X62.761 Y21.849
G1 F480 X62.924 Y22.116 E0.00857
G1 X62.998 Y22.413 E0.00839
G1 X62.998 Y77.586 E1.51209
G1 X62.952 Y77.809 E0.00624
G1 X62.762 Y78.15 E0.0107
G1 X62.46 Y78.39 E0.01057
G1 X62.086 Y78.497 E0.01066
G1 X37.916 Y78.497 E0.66241
G1 X37.54 Y78.389 E0.01072
G1 X37.35 Y78.261 E0.00628
G1 X37.146 Y78.022 E0.00861
G1 X37.003 Y77.674 E0.01031
G1 X37.002 Y22.424 E1.5142
G1 X37.05 Y22.188 E0.0066
G1 X37.152 Y21.969 E0.00662
G1 X37.292 Y21.792 E0.00618
G1 X37.616 Y21.576 E0.01067
G1 X37.923 Y21.502 E0.00865
G1 X62.076 Y21.502 E0.66195
G1 X62.383 Y21.575 E0.00865
G1 X62.761 Y21.849 E0.01279
G0 F1320 X62.91 Y21.849
G0 X37.954 Y21.59
G0 X37.954 Y21.901
G1 F480 X62.046 Y21.901 E0.66027
G1 X62.317 Y21.99 E0.00782
G1 X62.457 Y22.109 E0.00504
G1 X62.555 Y22.27 E0.00517
G1 X62.599 Y22.448 E0.00503
G1 X62.599 Y77.552 E1.5102
G1 X62.513 Y77.813 E0.00753
G1 X62.424 Y77.926 E0.00394
G1 X62.231 Y78.055 E0.00636
G1 X62.052 Y78.098 E0.00505
G1 X37.904 Y78.1 E0.66181
G1 X37.724 Y78.034 E0.00525
G1 X37.514 Y77.854 E0.00758
G1 X37.4 Y77.569 E0.00841
G1 X37.401 Y22.454 E1.5105
G1 X37.445 Y22.27 E0.00518
G1 X37.575 Y22.075 E0.00642
G1 X37.769 Y21.945 E0.0064
G1 X37.954 Y21.901 E0.00521
G0 F1320 X37.954 Y21.59
G0 X62.016 Y21.59
G0 X62.016 Y22.3
M204 P150
;TYPE:WALL-OUTER
G1 F480 X62.153 Y22.369 E0.00416
G1 X62.2 Y22.482 E0.00332
G1 X62.2 Y77.57 E1.4951
G1 X62.105 Y77.671 E0.00376
G1 X62.018 Y77.7 E0.00249
G1 X37.983 Y77.7 E0.65232
G1 X37.87 Y77.653 E0.00332
G1 X37.8 Y77.516 E0.00418
G1 X37.8 Y22.432 E1.49499
G1 X37.893 Y22.33 E0.00375
G1 X37.984 Y22.3 E0.0026
G1 X62.016 Y22.3 E0.65223
G0 F1320 X62.153 Y22.369
G0 X62.171 Y22.412
G0 X62.91 Y22.412
G0 X37.162 Y21.662
G0 X36.139 Y78.447
G0 X35.507 Y78.772
G1 F480 X35.735 Y79.146 E0.01189
G1 X36.018 Y79.478 E0.01184
G1 X36.351 Y79.761 E0.01186
G1 X36.72 Y79.989 E0.01177
G1 X37.134 Y80.16 E0.01216
G1 X37.564 Y80.261 E0.01199
G1 X38.013 Y80.3 E0.01223
G1 X61.987 Y80.3 E0.65066
G1 X62.436 Y80.262 E0.01223
G1 X62.862 Y80.161 E0.01188
G1 X63.277 Y79.989 E0.01219
G1 X63.649 Y79.761 E0.01184
G1 X63.977 Y79.478 E0.01176
G1 X64.261 Y79.146 E0.01186
G1 X64.489 Y78.772 E0.01189
G1 X64.661 Y78.362 E0.01207
G1 X64.762 Y77.932 E0.01199
G1 X64.8 Y77.487 E0.01212
G1 X64.8 Y22.505 E1.49223
G1 X64.762 Y22.064 E0.01201
G1 X64.661 Y21.634 E0.01199
G1 X64.489 Y21.22 E0.01217
G1 X64.261 Y20.851 E0.01177
G1 X63.978 Y20.518 E0.01186
G1 X63.649 Y20.238 E0.01173
G1 X63.276 Y20.007 E0.01191
G1 X62.862 Y19.835 E0.01217
G1 X62.437 Y19.735 E0.01185
G1 X61.988 Y19.701 E0.01222
G1 X38.012 Y19.7 E0.65072
G1 X37.563 Y19.735 E0.01222
G1 X37.134 Y19.835 E0.01196
G1 X36.721 Y20.007 E0.01214
G1 X36.351 Y20.239 E0.01185
G1 X36.018 Y20.518 E0.01179
G1 X35.739 Y20.851 E0.01179
G1 X35.507 Y21.221 E0.01185
G1 X35.335 Y21.634 E0.01214
G1 X35.235 Y22.063 E0.01196
G1 X35.2 Y22.512 E0.01222
G1 X35.2 Y77.496 E1.49228
G1 X35.235 Y77.933 E0.0119
G1 X35.335 Y78.362 E0.01196
G1 X35.507 Y78.772 E0.01207
G0 F1320 X35.611 Y78.942
G0 X36.472 Y78.415
;MESH:NONMESH
G0 F600 X36.472 Y78.415 Z8.04
G0 F1320 X36.665 Y21.818
;TIME_ELAPSED:13440.556547
;LAYER:49
M204 P200
;TYPE:WALL-INNER
;MESH:flasherBot.STL
G1 F321.1 X36.5 Y22.327 E0.02192
G1 F320.5 X36.5 Y77.445 E2.2621
G1 X36.574 Y77.961 E0.02139
G1 F321.6 X36.789 Y78.382 E0.01934
G1 F322.1 X37.117 Y78.71 E0.01894
G1 F322.7 X37.533 Y78.922 E0.01903
G1 F321.6 X38.067 Y79 E0.02207
G1 F321.1 X62.163 Y79 E0.98727
G1 F323.2 X62.688 Y78.83 E0.02246
G1 F323.8 X62.883 Y78.71 E0.0093
G1 F323.2 X63.208 Y78.383 E0.01876
G1 F323.8 X63.424 Y77.961 E0.01926
G1 F322.1 X63.5 Y77.432 E0.02182
G1 F320 X63.5 Y22.561 E2.25572
G1 F321.6 X63.478 Y22.269 E0.01198
G1 F322.7 X63.33 Y21.812 E0.01958
G1 F322.1 X63.058 Y21.439 E0.01885
G1 F321.6 X62.682 Y21.166 E0.01901
G1 X62.172 Y21 E0.02194
G1 F322.1 X38 Y21.002 E0.98707
G1 F321.1 X37.533 Y21.075 E0.01937
G1 F320.5 X37.318 Y21.165 E0.00957
G1 F321.1 X36.94 Y21.44 E0.01915
G1 X36.665 Y21.818 E0.01915
G0 F1320 X36 Y22.542
G1 F480 X36 Y77.464 E1.50521
G1 X36.098 Y78.115 E0.01804
G1 X36.385 Y78.675 E0.01725
G1 X36.823 Y79.113 E0.01698
G1 X37.38 Y79.396 E0.01712
G1 X38.046 Y79.5 E0.01847
G1 X61.954 Y79.5 E0.65523
G1 X62.615 Y79.398 E0.01833
G1 X63.176 Y79.113 E0.01725
G1 X63.611 Y78.675 E0.01692
G1 X63.897 Y78.114 E0.01726
G1 X64 Y77.453 E0.01833
G1 X64 Y22.54 E1.50496
G1 X63.897 Y21.88 E0.01831
G1 X63.774 Y21.585 E0.00876
G1 X63.411 Y21.086 E0.01691
G1 X62.91 Y20.721 E0.01699
G1 X62.313 Y20.528 E0.0172
G1 X61.939 Y20.501 E0.01028
G1 X38.042 Y20.5 E0.65493
G1 X37.38 Y20.598 E0.01834
G1 X37.089 Y20.72 E0.00865
G1 X36.586 Y21.086 E0.01705
G1 X36.22 Y21.589 E0.01705
G1 X36.098 Y21.88 E0.00865
G1 X36 Y22.542 E0.01834
G0 F1320 X36.016 Y78.15
G0 X35.717 Y78.238
G1 F480 X35.864 Y78.59 E0.01045
G1 X36.06 Y78.91 E0.01028
G1 X36.302 Y79.194 E0.01023
G1 X36.587 Y79.437 E0.01026
G1 X36.903 Y79.631 E0.01016
G1 X37.257 Y79.778 E0.01051
G1 X37.627 Y79.865 E0.01042
G1 X38.03 Y79.9 E0.01109
G1 X61.97 Y79.9 E0.65611
G1 X62.373 Y79.866 E0.01108
G1 X62.738 Y79.779 E0.01028
G1 X63.095 Y79.631 E0.01059
G1 X63.413 Y79.437 E0.01021
G1 X63.693 Y79.195 E0.01014
G1 X63.936 Y78.91 E0.01026
G1 X64.131 Y78.59 E0.01027
G1 X64.279 Y78.238 E0.01047
G1 X64.366 Y77.869 E0.01039
G1 X64.4 Y77.47 E0.01097
G1 X64.4 Y22.522 E1.50592
G1 X64.366 Y22.127 E0.01087
G1 X64.279 Y21.757 E0.01042
G1 X64.132 Y21.402 E0.01053
G1 X63.937 Y21.087 E0.01015
G1 X63.694 Y20.802 E0.01026
G1 X63.413 Y20.562 E0.01013
G1 X63.093 Y20.364 E0.01031
G1 X62.738 Y20.217 E0.01053
G1 X62.375 Y20.131 E0.01022
G1 X61.973 Y20.101 E0.01105
G1 X38.027 Y20.1 E0.65627
G1 X37.625 Y20.131 E0.01105
G1 X37.257 Y20.217 E0.01036
G1 X36.905 Y20.364 E0.01045
G1 X36.302 Y20.802 E0.02043
G1 X35.864 Y21.405 E0.02043
G1 X35.717 Y21.757 E0.01045
G1 X35.631 Y22.125 E0.01036
G1 X35.6 Y22.527 E0.01105
G1 X35.6 Y77.48 E1.50606
G1 X35.631 Y77.871 E0.01075
G1 X35.717 Y78.238 E0.01033
G0 F1320 X36.016 Y78.15
G0 X37.162 Y21.662
G0 X37.923 Y21.502
G1 F480 X62.076 Y21.502 E0.66195
G1 X62.383 Y21.575 E0.00865
G1 X62.761 Y21.849 E0.01279
G1 X62.924 Y22.116 E0.00857
G1 X62.998 Y22.413 E0.00839
G1 X62.998 Y77.586 E1.51209
G1 X62.952 Y77.809 E0.00624
G1 X62.762 Y78.15 E0.0107
G1 X62.46 Y78.39 E0.01057
G1 X62.086 Y78.497 E0.01066
G1 X37.916 Y78.497 E0.66241
G1 X37.54 Y78.389 E0.01072
G1 X37.35 Y78.261 E0.00628
G1 X37.146 Y78.022 E0.00861
G1 X37.003 Y77.674 E0.01031
G1 X37.002 Y22.424 E1.5142
G1 X37.05 Y22.188 E0.0066
G1 X37.152 Y21.969 E0.00662
G1 X37.292 Y21.792 E0.00618
G1 X37.616 Y21.576 E0.01067
G1 X37.923 Y21.502 E0.00865
G0 F1320 X37.09 Y77.569
G0 X37.4 Y77.569
G1 F480 X37.401 Y22.454 E1.5105
G1 X37.445 Y22.27 E0.00518
G1 X37.575 Y22.075 E0.00642
G1 X37.769 Y21.945 E0.0064
G1 X37.954 Y21.901 E0.00521
G1 X62.046 Y21.901 E0.66027
G1 X62.317 Y21.99 E0.00782
G1 X62.457 Y22.109 E0.00504
G1 X62.555 Y22.27 E0.00517
G1 X62.599 Y22.448 E0.00503
G1 X62.599 Y77.552 E1.5102
G1 X62.513 Y77.813 E0.00753
G1 X62.424 Y77.926 E0.00394
G1 X62.231 Y78.055 E0.00636
G1 X62.052 Y78.098 E0.00505
G1 X37.904 Y78.1 E0.66181
G1 X37.724 Y78.034 E0.00525
G1 X37.514 Y77.854 E0.00758
G1 X37.4 Y77.569 E0.00841
G0 F1320 X37.09 Y77.569
G0 X37.162 Y21.662
G0 X37.8 Y22.432
M204 P150
;TYPE:WALL-OUTER
G1 F480 X37.893 Y22.33 E0.00375
G1 X37.984 Y22.3 E0.0026
G1 X62.016 Y22.3 E0.65223
G1 X62.153 Y22.369 E0.00416
G1 X62.2 Y22.482 E0.00332
G1 X62.2 Y77.57 E1.4951
G1 X62.105 Y77.671 E0.00376
G1 X62.018 Y77.7 E0.00249
G1 X37.983 Y77.7 E0.65232
G1 X37.87 Y77.653 E0.00332
G1 X37.8 Y77.516 E0.00418
G1 X37.8 Y22.432 E1.49499
G0 F1320 X37.893 Y22.33
G0 X37.951 Y22.311
G0 X37.951 Y21.59
G0 X63.691 Y21.274
G0 X64.261 Y20.851
G1 F480 X63.978 Y20.518 E0.01186
G1 X63.649 Y20.238 E0.01173
G1 X63.276 Y20.007 E0.01191
G1 X62.862 Y19.835 E0.01217
G1 X62.437 Y19.735 E0.01185
G1 X61.988 Y19.701 E0.01222
G1 X38.012 Y19.7 E0.65072
G1 X37.563 Y19.735 E0.01222
G1 X37.134 Y19.835 E0.01196
G1 X36.721 Y20.007 E0.01214
G1 X36.351 Y20.239 E0.01185
G1 X36.018 Y20.518 E0.01179
G1 X35.739 Y20.851 E0.01179
G1 X35.507 Y21.221 E0.01185
G1 X35.335 Y21.634 E0.01214
G1 X35.235 Y22.063 E0.01196
G1 X35.2 Y22.512 E0.01222
G1 X35.2 Y77.496 E1.49228
G1 X35.235 Y77.933 E0.0119
G1 X35.335 Y78.362 E0.01196
G1 X35.507 Y78.772 E0.01207
G1 X35.735 Y79.146 E0.01189
G1 X36.018 Y79.478 E0.01184
G1 X36.351 Y79.761 E0.01186
G1 X36.72 Y79.989 E0.01177
G1 X37.134 Y80.16 E0.01216
G1 X37.564 Y80.261 E0.01199
G1 X38.013 Y80.3 E0.01223
G1 X61.987 Y80.3 E0.65066
G1 X62.436 Y80.262 E0.01223
G1 X62.862 Y80.161 E0.01188
G1 X63.277 Y79.989 E0.01219
G1 X63.649 Y79.761 E0.01184
G1 X63.977 Y79.478 E0.01176
G1 X64.261 Y79.146 E0.01186
G1 X64.489 Y78.772 E0.01189
G1 X64.661 Y78.362 E0.01207
G1 X64.762 Y77.932 E0.01199
G1 X64.8 Y77.487 E0.01212
G1 X64.8 Y22.505 E1.49223
G1 X64.762 Y22.064 E0.01201
G1 X64.661 Y21.634 E0.01199
G1 X64.489 Y21.22 E0.01217
G1 X64.261 Y20.851 E0.01177
G0 F1320 X64.132 Y20.699
G0 X63.364 Y21.355
;MESH:NONMESH
G0 F600 X63.364 Y21.355 Z8.2
G0 F1320 X36.94 Y21.44
;TIME_ELAPSED:13610.851519
;LAYER:50
M204 P200
;TYPE:WALL-INNER
;MESH:flasherBot.STL
G1 F321.1 X36.665 Y21.818 E0.01915
G1 X36.5 Y22.327 E0.02192
G1 F320.5 X36.5 Y77.445 E2.2621
G1 X36.574 Y77.961 E0.02139
G1 F321.6 X36.789 Y78.382 E0.01934
G1 F322.1 X37.117 Y78.71 E0.01894
G1 F322.7 X37.533 Y78.922 E0.01903
G1 F321.6 X38.067 Y79 E0.02207
G1 F321.1 X62.163 Y79 E0.98727
G1 F323.2 X62.688 Y78.83 E0.02246
G1 F323.8 X62.883 Y78.71 E0.0093
G1 F323.2 X63.208 Y78.383 E0.01876
G1 F323.8 X63.424 Y77.961 E0.01926
G1 F322.1 X63.5 Y77.432 E0.02182
G1 F320 X63.5 Y22.561 E2.25572
G1 F321.6 X63.478 Y22.269 E0.01198
G1 F322.7 X63.33 Y21.812 E0.01958
G1 F322.1 X63.058 Y21.439 E0.01885
G1 F321.6 X62.682 Y21.166 E0.01901
G1 X62.172 Y21 E0.02194
G1 F322.1 X38 Y21.002 E0.98707
G1 F321.1 X37.533 Y21.075 E0.01937
G1 F320.5 X37.318 Y21.165 E0.00957
G1 F321.1 X36.94 Y21.44 E0.01915
G0 F1320 X63.774 Y21.585
G1 F480 X63.411 Y21.086 E0.01691
G1 X62.91 Y20.721 E0.01699
G1 X62.313 Y20.528 E0.0172
G1 X61.939 Y20.501 E0.01028
G1 X38.042 Y20.5 E0.65493
G1 X37.38 Y20.598 E0.01834
G1 X37.089 Y20.72 E0.00865
G1 X36.586 Y21.086 E0.01705
G1 X36.22 Y21.589 E0.01705
G1 X36.098 Y21.88 E0.00865
G1 X36 Y22.542 E0.01834
G1 X36 Y77.464 E1.50521
G1 X36.098 Y78.115 E0.01804
G1 X36.385 Y78.675 E0.01725
G1 X36.823 Y79.113 E0.01698
G1 X37.38 Y79.396 E0.01712
G1 X38.046 Y79.5 E0.01847
G1 X61.954 Y79.5 E0.65523
G1 X62.615 Y79.398 E0.01833
G1 X63.176 Y79.113 E0.01725
G1 X63.611 Y78.675 E0.01692
G1 X63.897 Y78.114 E0.01726
G1 X64 Y77.453 E0.01833
G1 X64 Y22.54 E1.50496
G1 X63.897 Y21.88 E0.01831
G1 X63.774 Y21.585 E0.00876
G0 F1320 X36.524 Y21.024
G0 X36.302 Y20.802
G1 F480 X35.864 Y21.405 E0.02043
G1 X35.717 Y21.757 E0.01045
G1 X35.631 Y22.125 E0.01036
G1 X35.6 Y22.527 E0.01105
G1 X35.6 Y77.48 E1.50606
G1 X35.631 Y77.871 E0.01075
G1 X35.717 Y78.238 E0.01033
G1 X35.864 Y78.59 E0.01045
G1 X36.06 Y78.91 E0.01028
G1 X36.302 Y79.194 E0.01023
G1 X36.587 Y79.437 E0.01026
G1 X36.903 Y79.631 E0.01016
G1 X37.257 Y79.778 E0.01051
G1 X37.627 Y79.865 E0.01042
G1 X38.03 Y79.9 E0.01109
G1 X61.97 Y79.9 E0.65611
G1 X62.373 Y79.866 E0.01108
G1 X62.738 Y79.779 E0.01028
G1 X63.095 Y79.631 E0.01059
G1 X63.413 Y79.437 E0.01021
G1 X63.693 Y79.195 E0.01014
G1 X63.936 Y78.91 E0.01026
G1 X64.131 Y78.59 E0.01027
G1 X64.279 Y78.238 E0.01047
G1 X64.366 Y77.869 E0.01039
G1 X64.4 Y77.47 E0.01097
G1 X64.4 Y22.522 E1.50592
G1 X64.366 Y22.127 E0.01087
G1 X64.279 Y21.757 E0.01042
G1 X64.132 Y21.402 E0.01053
G1 X63.937 Y21.087 E0.01015
G1 X63.694 Y20.802 E0.01026
G1 X63.413 Y20.562 E0.01013
G1 X63.093 Y20.364 E0.01031
G1 X62.738 Y20.217 E0.01053
G1 X62.375 Y20.131 E0.01022
G1 X61.973 Y20.101 E0.01105
G1 X38.027 Y20.1 E0.65627
G1 X37.625 Y20.131 E0.01105
G1 X37.257 Y20.217 E0.01036
G1 X36.905 Y20.364 E0.01045
G1 X36.302 Y20.802 E0.02043
G0 F1320 X36.524 Y21.024
G0 X37.003 Y77.674
G1 F480 X37.002 Y22.424 E1.5142
G1 X37.05 Y22.188 E0.0066
G1 X37.152 Y21.969 E0.00662
G1 X37.292 Y21.792 E0.00618
G1 X37.616 Y21.576 E0.01067
G1 X37.923 Y21.502 E0.00865
G1 X62.076 Y21.502 E0.66195
G1 X62.383 Y21.575 E0.00865
G1 X62.761 Y21.849 E0.01279
G1 X62.924 Y22.116 E0.00857
G1 X62.998 Y22.413 E0.00839
G1 X62.998 Y77.586 E1.51209
G1 X62.952 Y77.809 E0.00624
G1 X62.762 Y78.15 E0.0107
G1 X62.46 Y78.39 E0.01057
G1 X62.086 Y78.497 E0.01066
G1 X37.916 Y78.497 E0.66241
G1 X37.54 Y78.389 E0.01072
G1 X37.35 Y78.261 E0.00628
G1 X37.146 Y78.022 E0.00861
G1 X37.003 Y77.674 E0.01031
G0 F1320 X37.162 Y21.662
G0 X37.575 Y22.075
G1 F480 X37.769 Y21.945 E0.0064
G1 X37.954 Y21.901 E0.00521
G1 X62.046 Y21.901 E0.66027
G1 X62.317 Y21.99 E0.00782
G1 X62.457 Y22.109 E0.00504
G1 X62.555 Y22.27 E0.00517
G1 X62.599 Y22.448 E0.00503
G1 X62.599 Y77.552 E1.5102
G1 X62.513 Y77.813 E0.00753
G1 X62.424 Y77.926 E0.00394
G1 X62.231 Y78.055 E0.00636
G1 X62.052 Y78.098 E0.00505
G1 X37.904 Y78.1 E0.66181
G1 X37.724 Y78.034 E0.00525
G1 X37.514 Y77.854 E0.00758
G1 X37.4 Y77.569 E0.00841
G1 X37.401 Y22.454 E1.5105
G1 X37.445 Y22.27 E0.00518
G1 X37.575 Y22.075 E0.00642
G0 F1320 X37.575 Y21.59
G0 X63.691 Y21.274
G0 X64.261 Y20.851
M204 P150
;TYPE:WALL-OUTER
G1 F480 X63.978 Y20.518 E0.01186
G1 X63.649 Y20.238 E0.01173
G1 X63.276 Y20.007 E0.01191
G1 X62.862 Y19.835 E0.01217
G1 X62.437 Y19.735 E0.01185
G1 X61.988 Y19.701 E0.01222
G1 X38.012 Y19.7 E0.65072
G1 X37.563 Y19.735 E0.01222
G1 X37.134 Y19.835 E0.01196
G1 X36.721 Y20.007 E0.01214
G1 X36.351 Y20.239 E0.01185
G1 X36.018 Y20.518 E0.01179
G1 X35.739 Y20.851 E0.01179
G1 X35.507 Y21.221 E0.01185
G1 X35.335 Y21.634 E0.01214
G1 X35.235 Y22.063 E0.01196
G1 X35.2 Y22.512 E0.01222
G1 X35.2 Y77.496 E1.49228
G1 X35.235 Y77.933 E0.0119
G1 X35.335 Y78.362 E0.01196
G1 X35.507 Y78.772 E0.01207
G1 X35.735 Y79.146 E0.01189
G1 X36.018 Y79.478 E0.01184
G1 X36.351 Y79.761 E0.01186
G1 X36.72 Y79.989 E0.01177
G1 X37.134 Y80.16 E0.01216
G1 X37.564 Y80.261 E0.01199
G1 X38.013 Y80.3 E0.01223
G1 X61.987 Y80.3 E0.65066
G1 X62.436 Y80.262 E0.01223
G1 X62.862 Y80.161 E0.01188
G1 X63.277 Y79.989 E0.01219
G1 X63.649 Y79.761 E0.01184
G1 X63.977 Y79.478 E0.01176
G1 X64.261 Y79.146 E0.01186
G1 X64.489 Y78.772 E0.01189
G1 X64.661 Y78.362 E0.01207
G1 X64.762 Y77.932 E0.01199
G1 X64.8 Y77.487 E0.01212
G1 X64.8 Y22.505 E1.49223
G1 X64.762 Y22.064 E0.01201
G1 X64.661 Y21.634 E0.01199
G1 X64.489 Y21.22 E0.01217
G1 X64.261 Y20.851 E0.01177
G0 F1320 X64.132 Y20.699
G0 X63.593 Y21.161
G0 X62.838 Y78.338
G0 X37.983 Y78.41
G0 X37.983 Y77.7
G1 F480 X37.87 Y77.653 E0.00332
G1 X37.8 Y77.516 E0.00418
G1 X37.8 Y22.432 E1.49499
G1 X37.893 Y22.33 E0.00375
G1 X37.984 Y22.3 E0.0026
G1 X62.016 Y22.3 E0.65223
G1 X62.153 Y22.369 E0.00416
G1 X62.2 Y22.482 E0.00332
G1 X62.2 Y77.57 E1.4951
G1 X62.105 Y77.671 E0.00376
G1 X62.018 Y77.7 E0.00249
G1 X37.983 Y77.7 E0.65232
G0 F1320 X37.87 Y77.653
G0 X37.835 Y77.584
G0 X36.79 Y77.584
;MESH:NONMESH
G0 F600 X36.79 Y77.584 Z8.36
G0 F1320 X37.162 Y21.662
G0 X62.682 Y21.166
;TIME_ELAPSED:13784.755011
;LAYER:51
M204 P200
;TYPE:WALL-INNER
;MESH:flasherBot.STL
G1 F321.6 X62.172 Y21 E0.02194
G1 F322.1 X38 Y21.002 E0.98707
G1 F321.1 X37.533 Y21.075 E0.01937
G1 F320.5 X37.318 Y21.165 E0.00957
G1 F321.1 X36.94 Y21.44 E0.01915
G1 X36.665 Y21.818 E0.01915
G1 X36.5 Y22.327 E0.02192
G1 F320.5 X36.5 Y77.445 E2.2621
G1 X36.574 Y77.961 E0.02139
G1 F321.6 X36.789 Y78.382 E0.01934
G1 F322.1 X37.117 Y78.71 E0.01894
G1 F322.7 X37.533 Y78.922 E0.01903
G1 F321.6 X38.067 Y79 E0.02207
G1 F321.1 X62.163 Y79 E0.98727
G1 F323.2 X62.688 Y78.83 E0.02246
G1 F323.8 X62.883 Y78.71 E0.0093
G1 F323.2 X63.208 Y78.383 E0.01876
G1 F323.8 X63.424 Y77.961 E0.01926
G1 F322.1 X63.5 Y77.432 E0.02182
G1 F320 X63.5 Y22.561 E2.25572
G1 F321.6 X63.478 Y22.269 E0.01198
G1 F322.7 X63.33 Y21.812 E0.01958
G1 F322.1 X63.058 Y21.439 E0.01885
G1 F321.6 X62.682 Y21.166 E0.01901
G0 F1320 X37.162 Y21.662
G0 X36.098 Y78.115
G1 F480 X36.385 Y78.675 E0.01725
G1 X36.823 Y79.113 E0.01698
G1 X37.38 Y79.396 E0.01712
G1 X38.046 Y79.5 E0.01847
G1 X61.954 Y79.5 E0.65523
G1 X62.615 Y79.398 E0.01833
G1 X63.176 Y79.113 E0.01725
G1 X63.611 Y78.675 E0.01692
G1 X63.897 Y78.114 E0.01726
G1 X64 Y77.453 E0.01833
G1 X64 Y22.54 E1.50496
G1 X63.897 Y21.88 E0.01831
G1 X63.774 Y21.585 E0.00876
G1 X63.411 Y21.086 E0.01691
G1 X62.91 Y20.721 E0.01699
G1 X62.313 Y20.528 E0.0172
G1 X61.939 Y20.501 E0.01028
G1 X38.042 Y20.5 E0.65493
G1 X37.38 Y20.598 E0.01834
G1 X37.089 Y20.72 E0.00865
G1 X36.586 Y21.086 E0.01705
G1 X36.22 Y21.589 E0.01705
G1 X36.098 Y21.88 E0.00865
G1 X36 Y22.542 E0.01834
G1 X36 Y77.464 E1.50521
G1 X36.098 Y78.115 E0.01804
G0 F1320 X37.35 Y79.484
G0 X37.257 Y79.778
G1 F480 X37.627 Y79.865 E0.01042
G1 X38.03 Y79.9 E0.01109
G1 X61.97 Y79.9 E0.65611
G1 X62.373 Y79.866 E0.01108
G1 X62.738 Y79.779 E0.01028
G1 X63.095 Y79.631 E0.01059
G1 X63.413 Y79.437 E0.01021
G1 X63.693 Y79.195 E0.01014
G1 X63.936 Y78.91 E0.01026
G1 X64.131 Y78.59 E0.01027
G1 X64.279 Y78.238 E0.01047
G1 X64.366 Y77.869 E0.01039
G1 X64.4 Y77.47 E0.01097
G1 X64.4 Y22.522 E1.50592
G1 X64.366 Y22.127 E0.01087
G1 X64.279 Y21.757 E0.01042
G1 X64.132 Y21.402 E0.01053
G1 X63.937 Y21.087 E0.01015
G1 X63.694 Y20.802 E0.01026
G1 X63.413 Y20.562 E0.01013
G1 X63.093 Y20.364 E0.01031
G1 X62.738 Y20.217 E0.01053
G1 X62.375 Y20.131 E0.01022
G1 X61.973 Y20.101 E0.01105
G1 X38.027 Y20.1 E0.65627
G1 X37.625 Y20.131 E0.01105
G1 X37.257 Y20.217 E0.01036
G1 X36.905 Y20.364 E0.01045
G1 X36.302 Y20.802 E0.02043
G1 X35.864 Y21.405 E0.02043
G1 X35.717 Y21.757 E0.01045
G1 X35.631 Y22.125 E0.01036
G1 X35.6 Y22.527 E0.01105
G1 X35.6 Y77.48 E1.50606
G1 X35.631 Y77.871 E0.01075
G1 X35.717 Y78.238 E0.01033
G1 X35.864 Y78.59 E0.01045
G1 X36.06 Y78.91 E0.01028
G1 X36.302 Y79.194 E0.01023
G1 X36.587 Y79.437 E0.01026
G1 X36.903 Y79.631 E0.01016
G1 X37.257 Y79.778 E0.01051
G0 F1320 X37.35 Y79.484
G0 X62.838 Y78.338
G0 X62.952 Y77.809
G1 F480 X62.762 Y78.15 E0.0107
G1 X62.46 Y78.39 E0.01057
G1 X62.086 Y78.497 E0.01066
G1 X37.916 Y78.497 E0.66241
G1 X37.54 Y78.389 E0.01072
G1 X37.35 Y78.261 E0.00628
G1 X37.146 Y78.022 E0.00861
G1 X37.003 Y77.674 E0.01031
G1 X37.002 Y22.424 E1.5142
G1 X37.05 Y22.188 E0.0066
G1 X37.152 Y21.969 E0.00662
G1 X37.292 Y21.792 E0.00618
G1 X37.616 Y21.576 E0.01067
G1 X37.923 Y21.502 E0.00865
G1 X62.076 Y21.502 E0.66195
G1 X62.383 Y21.575 E0.00865
G1 X62.761 Y21.849 E0.01279
G1 X62.924 Y22.116 E0.00857
G1 X62.998 Y22.413 E0.00839
G1 X62.998 Y77.586 E1.51209
G1 X62.952 Y77.809 E0.00624
G0 F1320 X62.838 Y21.662
G0 X62.317 Y21.99
G1 F480 X62.457 Y22.109 E0.00504
G1 X62.555 Y22.27 E0.00517
G1 X62.599 Y22.448 E0.00503
G1 X62.599 Y77.552 E1.5102
G1 X62.513 Y77.813 E0.00753
G1 X62.424 Y77.926 E0.00394
G1 X62.231 Y78.055 E0.00636
G1 X62.052 Y78.098 E0.00505
G1 X37.904 Y78.1 E0.66181
G1 X37.724 Y78.034 E0.00525
G1 X37.514 Y77.854 E0.00758
G1 X37.4 Y77.569 E0.00841
G1 X37.401 Y22.454 E1.5105
G1 X37.445 Y22.27 E0.00518
G1 X37.575 Y22.075 E0.00642
G1 X37.769 Y21.945 E0.0064
G1 X37.954 Y21.901 E0.00521
G1 X62.046 Y21.901 E0.66027
G1 X62.317 Y21.99 E0.00782
G0 F1320 X62.016 Y22.3
M204 P150
;TYPE:WALL-OUTER
G1 F480 X62.153 Y22.369 E0.00416
G1 X62.2 Y22.482 E0.00332
G1 X62.2 Y77.57 E1.4951
G1 X62.105 Y77.671 E0.00376
G1 X62.018 Y77.7 E0.00249
G1 X37.983 Y77.7 E0.65232
G1 X37.87 Y77.653 E0.00332
G1 X37.8 Y77.516 E0.00418
G1 X37.8 Y22.432 E1.49499
G1 X37.893 Y22.33 E0.00375
G1 X37.984 Y22.3 E0.0026
G1 X62.016 Y22.3 E0.65223
G0 F1320 X62.153 Y22.369
G0 X62.171 Y22.412
G0 X62.91 Y22.412
G0 X62.65 Y20.516
G0 X62.862 Y19.835
G1 F480 X62.437 Y19.735 E0.01185
G1 X61.988 Y19.701 E0.01222
G1 X38.012 Y19.7 E0.65072
G1 X37.563 Y19.735 E0.01222
G1 X37.134 Y19.835 E0.01196
G1 X36.721 Y20.007 E0.01214
G1 X36.351 Y20.239 E0.01185
G1 X36.018 Y20.518 E0.01179
G1 X35.739 Y20.851 E0.01179
G1 X35.507 Y21.221 E0.01185
G1 X35.335 Y21.634 E0.01214
G1 X35.235 Y22.063 E0.01196
G1 X35.2 Y22.512 E0.01222
G1 X35.2 Y77.496 E1.49228
G1 X35.235 Y77.933 E0.0119
G1 X35.335 Y78.362 E0.01196
G1 X35.507 Y78.772 E0.01207
G1 X35.735 Y79.146 E0.01189
G1 X36.018 Y79.478 E0.01184
G1 X36.351 Y79.761 E0.01186
G1 X36.72 Y79.989 E0.01177
G1 X37.134 Y80.16 E0.01216
G1 X37.564 Y80.261 E0.01199
G1 X38.013 Y80.3 E0.01223
G1 X61.987 Y80.3 E0.65066
G1 X62.436 Y80.262 E0.01223
G1 X62.862 Y80.161 E0.01188
G1 X63.277 Y79.989 E0.01219
G1 X63.649 Y79.761 E0.01184
G1 X63.977 Y79.478 E0.01176
G1 X64.261 Y79.146 E0.01186
G1 X64.489 Y78.772 E0.01189
G1 X64.661 Y78.362 E0.01207
G1 X64.762 Y77.932 E0.01199
G1 X64.8 Y77.487 E0.01212
G1 X64.8 Y22.505 E1.49223
G1 X64.762 Y22.064 E0.01201
G1 X64.661 Y21.634 E0.01199
G1 X64.489 Y21.22 E0.01217
G1 X64.261 Y20.851 E0.01177
G1 X63.978 Y20.518 E0.01186
G1 X63.649 Y20.238 E0.01173
G1 X63.276 Y20.007 E0.01191
G1 X62.862 Y19.835 E0.01217
G0 F1320 X62.668 Y19.79
G0 X62.433 Y20.772
;MESH:NONMESH
G0 F600 X62.433 Y20.772 Z8.52
G0 F1320 X62.383 Y21.575
;TIME_ELAPSED:13950.041021
;LAYER:52
M204 P200
;TYPE:WALL-INNER
;MESH:flasherBot.STL
G1 F480 X62.761 Y21.849 E0.01279
G1 X62.924 Y22.116 E0.00857
G1 X62.998 Y22.413 E0.00839
G1 X62.998 Y77.586 E1.51209
G1 X62.952 Y77.809 E0.00624
G1 X62.762 Y78.15 E0.0107
G1 X62.46 Y78.39 E0.01057
G1 X62.086 Y78.497 E0.01066
G1 X37.916 Y78.497 E0.66241
G1 X37.54 Y78.389 E0.01072
G1 X37.35 Y78.261 E0.00628
G1 X37.146 Y78.022 E0.00861
G1 X37.003 Y77.674 E0.01031
G1 X37.002 Y22.424 E1.5142
G1 X37.05 Y22.188 E0.0066
G1 X37.152 Y21.969 E0.00662
G1 X37.292 Y21.792 E0.00618
G1 X37.616 Y21.576 E0.01067
G1 X37.923 Y21.502 E0.00865
G1 X62.076 Y21.502 E0.66195
G1 X62.383 Y21.575 E0.00865
G0 F1320 X37.769 Y21.59
G0 X37.769 Y21.945
G1 F480 X37.954 Y21.901 E0.00521
G1 X62.046 Y21.901 E0.66027
G1 X62.317 Y21.99 E0.00782
G1 X62.457 Y22.109 E0.00504
G1 X62.555 Y22.27 E0.00517
G1 X62.599 Y22.448 E0.00503
G1 X62.599 Y77.552 E1.5102
G1 X62.513 Y77.813 E0.00753
G1 X62.424 Y77.926 E0.00394
G1 X62.231 Y78.055 E0.00636
G1 X62.052 Y78.098 E0.00505
G1 X37.904 Y78.1 E0.66181
G1 X37.724 Y78.034 E0.00525
G1 X37.514 Y77.854 E0.00758
G1 X37.4 Y77.569 E0.00841
G1 X37.401 Y22.454 E1.5105
G1 X37.445 Y22.27 E0.00518
G1 X37.575 Y22.075 E0.00642
G1 X37.769 Y21.945 E0.0064
G0 F1320 X37.769 Y21.59
G0 X62.838 Y21.662
G0 X63.478 Y22.269
G1 F322.7 X63.33 Y21.812 E0.01958
G1 F322.1 X63.058 Y21.439 E0.01885
G1 F321.6 X62.682 Y21.166 E0.01901
G1 X62.172 Y21 E0.02194
G1 F322.1 X38 Y21.002 E0.98707
G1 F321.1 X37.533 Y21.075 E0.01937
G1 F320.5 X37.318 Y21.165 E0.00957
G1 F321.1 X36.94 Y21.44 E0.01915
G1 X36.665 Y21.818 E0.01915
G1 X36.5 Y22.327 E0.02192
G1 F320.5 X36.5 Y77.445 E2.2621
G1 X36.574 Y77.961 E0.02139
G1 F321.6 X36.789 Y78.382 E0.01934
G1 F322.1 X37.117 Y78.71 E0.01894
G1 F322.7 X37.533 Y78.922 E0.01903
G1 F321.6 X38.067 Y79 E0.02207
G1 F321.1 X62.163 Y79 E0.98727
G1 F323.2 X62.688 Y78.83 E0.02246
G1 F323.8 X62.883 Y78.71 E0.0093
G1 F323.2 X63.208 Y78.383 E0.01876
G1 F323.8 X63.424 Y77.961 E0.01926
G1 F322.1 X63.5 Y77.432 E0.02182
G1 F320 X63.5 Y22.561 E2.25572
G1 F321.6 X63.478 Y22.269 E0.01198
G0 F1320 X62.838 Y21.662
G0 X37.162 Y21.662
G0 X36 Y77.464
G1 F480 X36.098 Y78.115 E0.01804
G1 X36.385 Y78.675 E0.01725
G1 X36.823 Y79.113 E0.01698
G1 X37.38 Y79.396 E0.01712
G1 X38.046 Y79.5 E0.01847
G1 X61.954 Y79.5 E0.65523
G1 X62.615 Y79.398 E0.01833
G1 X63.176 Y79.113 E0.01725
G1 X63.611 Y78.675 E0.01692
G1 X63.897 Y78.114 E0.01726
G1 X64 Y77.453 E0.01833
G1 X64 Y22.54 E1.50496
G1 X63.897 Y21.88 E0.01831
G1 X63.774 Y21.585 E0.00876
G1 X63.411 Y21.086 E0.01691
G1 X62.91 Y20.721 E0.01699
G1 X62.313 Y20.528 E0.0172
G1 X61.939 Y20.501 E0.01028
G1 X38.042 Y20.5 E0.65493
G1 X37.38 Y20.598 E0.01834
G1 X37.089 Y20.72 E0.00865
G1 X36.586 Y21.086 E0.01705
G1 X36.22 Y21.589 E0.01705
G1 X36.098 Y21.88 E0.00865
G1 X36 Y22.542 E0.01834
G1 X36 Y77.464 E1.50521
G0 F1320 X37.162 Y21.662
G0 X62.838 Y21.662
G0 X64.063 Y22.178
G0 X64.366 Y22.127
G1 F480 X64.279 Y21.757 E0.01042
G1 X64.132 Y21.402 E0.01053
G1 X63.937 Y21.087 E0.01015
G1 X63.694 Y20.802 E0.01026
G1 X63.413 Y20.562 E0.01013
G1 X63.093 Y20.364 E0.01031
G1 X62.738 Y20.217 E0.01053
G1 X62.375 Y20.131 E0.01022
G1 X61.973 Y20.101 E0.01105
G1 X38.027 Y20.1 E0.65627
G1 X37.625 Y20.131 E0.01105
G1 X37.257 Y20.217 E0.01036
G1 X36.905 Y20.364 E0.01045
G1 X36.302 Y20.802 E0.02043
G1 X35.864 Y21.405 E0.02043
G1 X35.717 Y21.757 E0.01045
G1 X35.631 Y22.125 E0.01036
G1 X35.6 Y22.527 E0.01105
G1 X35.6 Y77.48 E1.50606
G1 X35.631 Y77.871 E0.01075
G1 X35.717 Y78.238 E0.01033
G1 X35.864 Y78.59 E0.01045
G1 X36.06 Y78.91 E0.01028
G1 X36.302 Y79.194 E0.01023
G1 X36.587 Y79.437 E0.01026
G1 X36.903 Y79.631 E0.01016
G1 X37.257 Y79.778 E0.01051
G1 X37.627 Y79.865 E0.01042
G1 X38.03 Y79.9 E0.01109
G1 X61.97 Y79.9 E0.65611
G1 X62.373 Y79.866 E0.01108
G1 X62.738 Y79.779 E0.01028
G1 X63.095 Y79.631 E0.01059
G1 X63.413 Y79.437 E0.01021
G1 X63.693 Y79.195 E0.01014
G1 X63.936 Y78.91 E0.01026
G1 X64.131 Y78.59 E0.01027
G1 X64.279 Y78.238 E0.01047
G1 X64.366 Y77.869 E0.01039
G1 X64.4 Y77.47 E0.01097
G1 X64.4 Y22.522 E1.50592
G1 X64.366 Y22.127 E0.01087
G0 F1320 X64.062 Y22.177
G0 X62.838 Y21.662
G0 X37.162 Y21.662
G0 X35.909 Y22.529
G0 X35.2 Y22.512
M204 P150
;TYPE:WALL-OUTER
G1 F480 X35.2 Y77.496 E1.49228
G1 X35.235 Y77.933 E0.0119
G1 X35.335 Y78.362 E0.01196
G1 X35.507 Y78.772 E0.01207
G1 X35.735 Y79.146 E0.01189
G1 X36.018 Y79.478 E0.01184
G1 X36.351 Y79.761 E0.01186
G1 X36.72 Y79.989 E0.01177
G1 X37.134 Y80.16 E0.01216
G1 X37.564 Y80.261 E0.01199
G1 X38.013 Y80.3 E0.01223
G1 X61.987 Y80.3 E0.65066
G1 X62.436 Y80.262 E0.01223
G1 X62.862 Y80.161 E0.01188
G1 X63.277 Y79.989 E0.01219
G1 X63.649 Y79.761 E0.01184
G1 X63.977 Y79.478 E0.01176
G1 X64.261 Y79.146 E0.01186
G1 X64.489 Y78.772 E0.01189
G1 X64.661 Y78.362 E0.01207
G1 X64.762 Y77.932 E0.01199
G1 X64.8 Y77.487 E0.01212
G1 X64.8 Y22.505 E1.49223
G1 X64.762 Y22.064 E0.01201
G1 X64.661 Y21.634 E0.01199
G1 X64.489 Y21.22 E0.01217
G1 X64.261 Y20.851 E0.01177
G1 X63.978 Y20.518 E0.01186
G1 X63.649 Y20.238 E0.01173
G1 X63.276 Y20.007 E0.01191
G1 X62.862 Y19.835 E0.01217
G1 X62.437 Y19.735 E0.01185
G1 X61.988 Y19.701 E0.01222
G1 X38.012 Y19.7 E0.65072
G1 X37.563 Y19.735 E0.01222
G1 X37.134 Y19.835 E0.01196
G1 X36.721 Y20.007 E0.01214
G1 X36.351 Y20.239 E0.01185
G1 X36.018 Y20.518 E0.01179
G1 X35.739 Y20.851 E0.01179
G1 X35.507 Y21.221 E0.01185
G1 X35.335 Y21.634 E0.01214
G1 X35.235 Y22.063 E0.01196
G1 X35.2 Y22.512 E0.01222
G0 F1320 X35.2 Y22.712
G0 X35.91 Y22.712
G0 X37.162 Y78.338
G0 X62.018 Y78.41
G0 X62.018 Y77.7
G1 F480 X37.983 Y77.7 E0.65232
G1 X37.87 Y77.653 E0.00332
G1 X37.8 Y77.516 E0.00418
G1 X37.802 Y22.468 E1.49402
G1 X37.893 Y22.33 E0.00449
G1 X37.984 Y22.3 E0.0026
G1 X62.016 Y22.3 E0.65223
G1 X62.153 Y22.369 E0.00416
G1 X62.2 Y22.482 E0.00332
G1 X62.2 Y77.57 E1.4951
G1 X62.105 Y77.671 E0.00376
G1 X62.018 Y77.7 E0.00249
G0 F1320 X61.818 Y77.7
G0 X61.818 Y78.71
;MESH:NONMESH
G0 F600 X61.818 Y78.71 Z8.68
G0 F1320 X37.162 Y78.338
G0 X37.162 Y21.662
G0 X37.318 Y21.165
;TIME_ELAPSED:14126.229970
;LAYER:53
M204 P200
;TYPE:WALL-INNER
;MESH:flasherBot.STL
G1 F321.1 X36.94 Y21.44 E0.01915
G1 X36.665 Y21.818 E0.01915
G1 X36.5 Y22.327 E0.02192
G1 F320.5 X36.5 Y77.445 E2.2621
G1 X36.574 Y77.961 E0.02139
G1 F321.6 X36.789 Y78.382 E0.01934
G1 F322.1 X37.117 Y78.71 E0.01894
G1 F322.7 X37.533 Y78.922 E0.01903
G1 F321.6 X38.067 Y79 E0.02207
G1 F321.1 X62.163 Y79 E0.98727
G1 F323.2 X62.688 Y78.83 E0.02246
G1 F323.8 X62.883 Y78.71 E0.0093
G1 F323.2 X63.208 Y78.383 E0.01876
G1 F323.8 X63.424 Y77.961 E0.01926
G1 F322.1 X63.5 Y77.432 E0.02182
G1 F320 X63.5 Y22.561 E2.25572
G1 F321.6 X63.478 Y22.269 E0.01198
G1 F322.7 X63.33 Y21.812 E0.01958
G1 F322.1 X63.058 Y21.439 E0.01885
G1 F321.6 X62.682 Y21.166 E0.01901
G1 X62.172 Y21 E0.02194
G1 F322.1 X38 Y21.002 E0.98707
G1 F321.1 X37.533 Y21.075 E0.01937
G1 F320.5 X37.318 Y21.165 E0.00957
G0 F1320 X37.162 Y78.338
G0 X62.615 Y79.398
G1 F480 X63.176 Y79.113 E0.01725
G1 X63.611 Y78.675 E0.01692
G1 X63.897 Y78.114 E0.01726
G1 X64 Y77.453 E0.01833
G1 X64 Y22.54 E1.50496
G1 X63.897 Y21.88 E0.01831
G1 X63.774 Y21.585 E0.00876
G1 X63.411 Y21.086 E0.01691
G1 X62.91 Y20.721 E0.01699
G1 X62.313 Y20.528 E0.0172
G1 X61.939 Y20.501 E0.01028
G1 X38.042 Y20.5 E0.65493
G1 X37.38 Y20.598 E0.01834
G1 X37.089 Y20.72 E0.00865
G1 X36.586 Y21.086 E0.01705
G1 X36.22 Y21.589 E0.01705
G1 X36.098 Y21.88 E0.00865
G1 X36 Y22.542 E0.01834
G1 X36 Y77.464 E1.50521
G1 X36.098 Y78.115 E0.01804
G1 X36.385 Y78.675 E0.01725
G1 X36.823 Y79.113 E0.01698
G1 X37.38 Y79.396 E0.01712
G1 X38.046 Y79.5 E0.01847
G1 X61.954 Y79.5 E0.65523
G1 X62.615 Y79.398 E0.01833
G0 F1320 X63.861 Y78.447
G0 X64.131 Y78.59
G1 F480 X64.279 Y78.238 E0.01047
G1 X64.366 Y77.869 E0.01039
G1 X64.4 Y77.47 E0.01097
G1 X64.4 Y22.522 E1.50592
G1 X64.366 Y22.127 E0.01087
G1 X64.279 Y21.757 E0.01042
G1 X64.132 Y21.402 E0.01053
G1 X63.937 Y21.087 E0.01015
G1 X63.694 Y20.802 E0.01026
G1 X63.413 Y20.562 E0.01013
G1 X63.093 Y20.364 E0.01031
G1 X62.738 Y20.217 E0.01053
G1 X62.375 Y20.131 E0.01022
G1 X61.973 Y20.101 E0.01105
G1 X38.027 Y20.1 E0.65627
G1 X37.625 Y20.131 E0.01105
G1 X37.257 Y20.217 E0.01036
G1 X36.905 Y20.364 E0.01045
G1 X36.302 Y20.802 E0.02043
G1 X35.864 Y21.405 E0.02043
G1 X35.717 Y21.757 E0.01045
G1 X35.631 Y22.125 E0.01036
G1 X35.6 Y22.527 E0.01105
G1 X35.6 Y77.48 E1.50606
G1 X35.631 Y77.871 E0.01075
G1 X35.717 Y78.238 E0.01033
G1 X35.864 Y78.59 E0.01045
G1 X36.06 Y78.91 E0.01028
G1 X36.302 Y79.194 E0.01023
G1 X36.587 Y79.437 E0.01026
G1 X36.903 Y79.631 E0.01016
G1 X37.257 Y79.778 E0.01051
G1 X37.627 Y79.865 E0.01042
G1 X38.03 Y79.9 E0.01109
G1 X61.97 Y79.9 E0.65611
G1 X62.373 Y79.866 E0.01108
G1 X62.738 Y79.779 E0.01028
G1 X63.095 Y79.631 E0.01059
G1 X63.413 Y79.437 E0.01021
G1 X63.693 Y79.195 E0.01014
G1 X63.936 Y78.91 E0.01026
G1 X64.131 Y78.59 E0.01027
G0 F1320 X63.861 Y78.447
G0 X62.998 Y22.413
G1 F480 X62.998 Y77.586 E1.51209
G1 X62.952 Y77.809 E0.00624
G1 X62.762 Y78.15 E0.0107
G1 X62.46 Y78.39 E0.01057
G1 X62.086 Y78.497 E0.01066
G1 X37.916 Y78.497 E0.66241
G1 X37.54 Y78.389 E0.01072
G1 X37.35 Y78.261 E0.00628
G1 X37.146 Y78.022 E0.00861
G1 X37.003 Y77.674 E0.01031
G1 X37.002 Y22.424 E1.5142
G1 X37.05 Y22.188 E0.0066
G1 X37.152 Y21.969 E0.00662
G1 X37.292 Y21.792 E0.00618
G1 X37.616 Y21.576 E0.01067
G1 X37.923 Y21.502 E0.00865
G1 X62.076 Y21.502 E0.66195
G1 X62.383 Y21.575 E0.00865
G1 X62.761 Y21.849 E0.01279
G1 X62.924 Y22.116 E0.00857
G1 X62.998 Y22.413 E0.00839
G0 F1320 X62.046 Y21.59
G0 X62.046 Y21.901
G1 F480 X62.317 Y21.99 E0.00782
G1 X62.457 Y22.109 E0.00504
G1 X62.555 Y22.27 E0.00517
G1 X62.599 Y22.448 E0.00503
G1 X62.599 Y77.552 E1.5102
G1 X62.513 Y77.813 E0.00753
G1 X62.424 Y77.926 E0.00394
G1 X62.231 Y78.055 E0.00636
G1 X62.052 Y78.098 E0.00505
G1 X37.904 Y78.1 E0.66181
G1 X37.724 Y78.034 E0.00525
G1 X37.514 Y77.854 E0.00758
G1 X37.4 Y77.569 E0.00841
G1 X37.401 Y22.454 E1.5105
G1 X37.445 Y22.27 E0.00518
G1 X37.575 Y22.075 E0.00642
G1 X37.769 Y21.945 E0.0064
G1 X37.954 Y21.901 E0.00521
G1 X62.046 Y21.901 E0.66027
G0 F1320 X62.046 Y21.59
G0 X37.984 Y21.59
G0 X37.984 Y22.3
M204 P150
;TYPE:WALL-OUTER
G1 F480 X62.016 Y22.3 E0.65223
G1 X62.153 Y22.369 E0.00416
G1 X62.2 Y22.482 E0.00332
G1 X62.2 Y77.57 E1.4951
G1 X62.105 Y77.671 E0.00376
G1 X62.018 Y77.7 E0.00249
G1 X37.983 Y77.7 E0.65232
G1 X37.87 Y77.653 E0.00332
G1 X37.8 Y77.516 E0.00418
G1 X37.8 Y22.432 E1.49499
G1 X37.893 Y22.33 E0.00375
G1 X37.984 Y22.3 E0.0026
G0 F1320 X38.184 Y22.3
G0 X38.184 Y21.59
G0 X37.053 Y20.639
G0 X36.721 Y20.007
G1 F480 X36.351 Y20.239 E0.01185
G1 X36.018 Y20.518 E0.01179
G1 X35.739 Y20.851 E0.01179
G1 X35.507 Y21.221 E0.01185
G1 X35.335 Y21.634 E0.01214
G1 X35.235 Y22.063 E0.01196
G1 X35.2 Y22.512 E0.01222
G1 X35.2 Y77.496 E1.49228
G1 X35.235 Y77.933 E0.0119
G1 X35.335 Y78.362 E0.01196
G1 X35.507 Y78.772 E0.01207
G1 X35.735 Y79.146 E0.01189
G1 X36.018 Y79.478 E0.01184
G1 X36.351 Y79.761 E0.01186
G1 X36.72 Y79.989 E0.01177
G1 X37.134 Y80.16 E0.01216
G1 X37.564 Y80.261 E0.01199
G1 X38.013 Y80.3 E0.01223
G1 X61.987 Y80.3 E0.65066
G1 X62.436 Y80.262 E0.01223
G1 X62.862 Y80.161 E0.01188
G1 X63.277 Y79.989 E0.01219
G1 X63.649 Y79.761 E0.01184
G1 X63.977 Y79.478 E0.01176
G1 X64.261 Y79.146 E0.01186
G1 X64.489 Y78.772 E0.01189
G1 X64.661 Y78.362 E0.01207
G1 X64.762 Y77.932 E0.01199
G1 X64.8 Y77.487 E0.01212
G1 X64.8 Y22.505 E1.49223
G1 X64.762 Y22.064 E0.01201
G1 X64.661 Y21.634 E0.01199
G1 X64.489 Y21.22 E0.01217
G1 X64.261 Y20.851 E0.01177
G1 X63.978 Y20.518 E0.01186
G1 X63.649 Y20.238 E0.01173
G1 X63.276 Y20.007 E0.01191
G1 X62.862 Y19.835 E0.01217
G1 X62.437 Y19.735 E0.01185
G1 X61.988 Y19.701 E0.01222
G1 X38.012 Y19.7 E0.65072
G1 X37.563 Y19.735 E0.01222
G1 X37.134 Y19.835 E0.01196
G1 X36.721 Y20.007 E0.01214
G0 F1320 X36.552 Y20.113
G0 X37.079 Y20.976
;MESH:NONMESH
G0 F600 X37.079 Y20.976 Z8.84
G0 F1320 X37.05 Y22.188
;TIME_ELAPSED:14291.515811
;LAYER:54
M204 P200
;TYPE:WALL-INNER
;MESH:flasherBot.STL
G1 F480 X37.152 Y21.969 E0.00662
G1 X37.292 Y21.792 E0.00618
G1 X37.616 Y21.576 E0.01067
G1 X37.923 Y21.502 E0.00865
G1 X62.076 Y21.502 E0.66195
G1 X62.383 Y21.575 E0.00865
G1 X62.761 Y21.849 E0.01279
G1 X62.924 Y22.116 E0.00857
G1 X62.998 Y22.413 E0.00839
G1 X62.998 Y77.586 E1.51209
G1 X62.952 Y77.809 E0.00624
G1 X62.762 Y78.15 E0.0107
G1 X62.46 Y78.39 E0.01057
G1 X62.086 Y78.497 E0.01066
G1 X37.916 Y78.497 E0.66241
G1 X37.54 Y78.389 E0.01072
G1 X37.35 Y78.261 E0.00628
G1 X37.146 Y78.022 E0.00861
G1 X37.003 Y77.674 E0.01031
G1 X37.002 Y22.424 E1.5142
G1 X37.05 Y22.188 E0.0066
G0 F1320 X37.401 Y22.454
G1 F480 X37.445 Y22.27 E0.00518
G1 X37.575 Y22.075 E0.00642
G1 X37.769 Y21.945 E0.0064
G1 X37.954 Y21.901 E0.00521
G1 X62.046 Y21.901 E0.66027
G1 X62.317 Y21.99 E0.00782
G1 X62.457 Y22.109 E0.00504
G1 X62.555 Y22.27 E0.00517
G1 X62.599 Y22.448 E0.00503
G1 X62.599 Y77.552 E1.5102
G1 X62.513 Y77.813 E0.00753
G1 X62.424 Y77.926 E0.00394
G1 X62.231 Y78.055 E0.00636
G1 X62.052 Y78.098 E0.00505
G1 X37.904 Y78.1 E0.66181
G1 X37.724 Y78.034 E0.00525
G1 X37.514 Y77.854 E0.00758
G1 X37.4 Y77.569 E0.00841
G1 X37.401 Y22.454 E1.5105
G0 F1320 X37.09 Y22.454
G0 X36.5 Y77.445
G1 F320.5 X36.574 Y77.961 E0.02139
G1 F321.6 X36.789 Y78.382 E0.01934
G1 F322.1 X37.117 Y78.71 E0.01894
G1 F322.7 X37.533 Y78.922 E0.01903
G1 F321.6 X38.067 Y79 E0.02207
G1 F321.1 X62.163 Y79 E0.98727
G1 F323.2 X62.688 Y78.83 E0.02246
G1 F323.8 X62.883 Y78.71 E0.0093
G1 F323.2 X63.208 Y78.383 E0.01876
G1 F323.8 X63.424 Y77.961 E0.01926
G1 F322.1 X63.5 Y77.432 E0.02182
G1 F320 X63.5 Y22.561 E2.25572
G1 F321.6 X63.478 Y22.269 E0.01198
G1 F322.7 X63.33 Y21.812 E0.01958
G1 F322.1 X63.058 Y21.439 E0.01885
G1 F321.6 X62.682 Y21.166 E0.01901
G1 X62.172 Y21 E0.02194
G1 F322.1 X38 Y21.002 E0.98707
G1 F321.1 X37.533 Y21.075 E0.01937
G1 F320.5 X37.318 Y21.165 E0.00957
G1 F321.1 X36.94 Y21.44 E0.01915
G1 X36.665 Y21.818 E0.01915
G1 X36.5 Y22.327 E0.02192
G1 F320.5 X36.5 Y77.445 E2.2621
G0 F1320 X37.162 Y21.662
G0 X37.38 Y20.598
G1 F480 X37.089 Y20.72 E0.00865
G1 X36.586 Y21.086 E0.01705
G1 X36.22 Y21.589 E0.01705
G1 X36.098 Y21.88 E0.00865
G1 X36 Y22.542 E0.01834
G1 X36 Y77.464 E1.50521
G1 X36.098 Y78.115 E0.01804
G1 X36.385 Y78.675 E0.01725
G1 X36.823 Y79.113 E0.01698
G1 X37.38 Y79.396 E0.01712
G1 X38.046 Y79.5 E0.01847
G1 X61.954 Y79.5 E0.65523
G1 X62.615 Y79.398 E0.01833
G1 X63.176 Y79.113 E0.01725
G1 X63.611 Y78.675 E0.01692
G1 X63.897 Y78.114 E0.01726
G1 X64 Y77.453 E0.01833
G1 X64 Y22.54 E1.50496
G1 X63.897 Y21.88 E0.01831
G1 X63.774 Y21.585 E0.00876
G1 X63.411 Y21.086 E0.01691
G1 X62.91 Y20.721 E0.01699
G1 X62.313 Y20.528 E0.0172
G1 X61.939 Y20.501 E0.01028
G1 X38.042 Y20.5 E0.65493
G1 X37.38 Y20.598 E0.01834
G0 F1320 X37.184 Y21.556
G0 X37.053 Y79.361
G0 X36.903 Y79.631
G1 F480 X37.257 Y79.778 E0.01051
G1 X37.627 Y79.865 E0.01042
G1 X38.03 Y79.9 E0.01109
G1 X61.97 Y79.9 E0.65611
G1 X62.373 Y79.866 E0.01108
G1 X62.738 Y79.779 E0.01028
G1 X63.095 Y79.631 E0.01059
G1 X63.413 Y79.437 E0.01021
G1 X63.693 Y79.195 E0.01014
G1 X63.936 Y78.91 E0.01026
G1 X64.131 Y78.59 E0.01027
G1 X64.279 Y78.238 E0.01047
G1 X64.366 Y77.869 E0.01039
G1 X64.4 Y77.47 E0.01097
G1 X64.4 Y22.522 E1.50592
G1 X64.366 Y22.127 E0.01087
G1 X64.279 Y21.757 E0.01042
G1 X64.132 Y21.402 E0.01053
G1 X63.937 Y21.087 E0.01015
G1 X63.694 Y20.802 E0.01026
G1 X63.413 Y20.562 E0.01013
G1 X63.093 Y20.364 E0.01031
G1 X62.738 Y20.217 E0.01053
G1 X62.375 Y20.131 E0.01022
G1 X61.973 Y20.101 E0.01105
G1 X38.027 Y20.1 E0.65627
G1 X37.625 Y20.131 E0.01105
G1 X37.257 Y20.217 E0.01036
G1 X36.905 Y20.364 E0.01045
G1 X36.302 Y20.802 E0.02043
G1 X35.864 Y21.405 E0.02043
G1 X35.717 Y21.757 E0.01045
G1 X35.631 Y22.125 E0.01036
G1 X35.6 Y22.527 E0.01105
G1 X35.6 Y77.48 E1.50606
G1 X35.631 Y77.871 E0.01075
G1 X35.717 Y78.238 E0.01033
G1 X35.864 Y78.59 E0.01045
G1 X36.06 Y78.91 E0.01028
G1 X36.302 Y79.194 E0.01023
G1 X36.587 Y79.437 E0.01026
G1 X36.903 Y79.631 E0.01016
G0 F1320 X37.054 Y79.361
G0 X37.87 Y78.41
G0 X37.87 Y77.653
M204 P150
;TYPE:WALL-OUTER
G1 F480 X37.8 Y77.516 E0.00418
G1 X37.8 Y22.432 E1.49499
G1 X37.893 Y22.33 E0.00375
G1 X37.984 Y22.3 E0.0026
G1 X62.016 Y22.3 E0.65223
G1 X62.153 Y22.369 E0.00416
G1 X62.2 Y22.482 E0.00332
G1 X62.2 Y77.57 E1.4951
G1 X62.105 Y77.671 E0.00376
G1 X62.018 Y77.7 E0.00249
G1 X37.983 Y77.7 E0.65232
G1 X37.87 Y77.653 E0.00332
G0 F1320 X37.8 Y77.516
G0 X37.8 Y77.47
G0 X37.8 Y78.41
G0 X62.838 Y78.338
G0 X64.063 Y77.822
G0 X64.762 Y77.932
G1 F480 X64.8 Y77.487 E0.01212
G1 X64.8 Y22.505 E1.49223
G1 X64.762 Y22.064 E0.01201
G1 X64.661 Y21.634 E0.01199
G1 X64.489 Y21.22 E0.01217
G1 X64.261 Y20.851 E0.01177
G1 X63.978 Y20.518 E0.01186
G1 X63.649 Y20.238 E0.01173
G1 X63.276 Y20.007 E0.01191
G1 X62.862 Y19.835 E0.01217
G1 X62.437 Y19.735 E0.01185
G1 X61.988 Y19.701 E0.01222
G1 X38.012 Y19.7 E0.65072
G1 X37.563 Y19.735 E0.01222
G1 X37.134 Y19.835 E0.01196
G1 X36.721 Y20.007 E0.01214
G1 X36.351 Y20.239 E0.01185
G1 X36.018 Y20.518 E0.01179
G1 X35.739 Y20.851 E0.01179
G1 X35.507 Y21.221 E0.01185
G1 X35.335 Y21.634 E0.01214
G1 X35.235 Y22.063 E0.01196
G1 X35.2 Y22.512 E0.01222
G1 X35.2 Y77.496 E1.49228
G1 X35.235 Y77.933 E0.0119
G1 X35.335 Y78.362 E0.01196
G1 X35.507 Y78.772 E0.01207
G1 X35.735 Y79.146 E0.01189
G1 X36.018 Y79.478 E0.01184
G1 X36.351 Y79.761 E0.01186
G1 X36.72 Y79.989 E0.01177
G1 X37.134 Y80.16 E0.01216
G1 X37.564 Y80.261 E0.01199
G1 X38.013 Y80.3 E0.01223
G1 X61.987 Y80.3 E0.65066
G1 X62.436 Y80.262 E0.01223
G1 X62.862 Y80.161 E0.01188
G1 X63.277 Y79.989 E0.01219
G1 X63.649 Y79.761 E0.01184
G1 X63.977 Y79.478 E0.01176
G1 X64.261 Y79.146 E0.01186
G1 X64.489 Y78.772 E0.01189
G1 X64.661 Y78.362 E0.01207
G1 X64.762 Y77.932 E0.01199
G0 F1320 X64.779 Y77.733
G0 X63.776 Y77.653
;MESH:NONMESH
G0 F600 X63.776 Y77.653 Z9
G0 F1320 X62.838 Y78.338
G0 X37.162 Y78.338
G0 X37.146 Y78.022
;TIME_ELAPSED:14459.405979
;LAYER:55
M204 P200
;TYPE:WALL-INNER
;MESH:flasherBot.STL
G1 F480 X37.003 Y77.674 E0.01031
G1 X37.002 Y22.424 E1.5142
G1 X37.05 Y22.188 E0.0066
G1 X37.152 Y21.969 E0.00662
G1 X37.292 Y21.792 E0.00618
G1 X37.616 Y21.576 E0.01067
G1 X37.923 Y21.502 E0.00865
G1 X62.076 Y21.502 E0.66195
G1 X62.383 Y21.575 E0.00865
G1 X62.761 Y21.849 E0.01279
G1 X62.924 Y22.116 E0.00857
G1 X62.998 Y22.413 E0.00839
G1 X62.998 Y77.586 E1.51209
G1 X62.952 Y77.809 E0.00624
G1 X62.762 Y78.15 E0.0107
G1 X62.46 Y78.39 E0.01057
G1 X62.086 Y78.497 E0.01066
G1 X37.916 Y78.497 E0.66241
G1 X37.54 Y78.389 E0.01072
G1 X37.35 Y78.261 E0.00628
G1 X37.146 Y78.022 E0.00861
G0 F1320 X37.146 Y78.6
G0 X36.472 Y21.472
G0 X37.954 Y21.4
G0 X37.954 Y21.901
G1 F480 X62.046 Y21.901 E0.66027
G1 X62.317 Y21.99 E0.00782
G1 X62.457 Y22.109 E0.00504
G1 X62.555 Y22.27 E0.00517
G1 X62.599 Y22.448 E0.00503
G1 X62.599 Y77.552 E1.5102
G1 X62.513 Y77.813 E0.00753
G1 X62.424 Y77.926 E0.00394
G1 X62.231 Y78.055 E0.00636
G1 X62.052 Y78.098 E0.00505
G1 X37.904 Y78.1 E0.66181
G1 X37.724 Y78.034 E0.00525
G1 X37.514 Y77.854 E0.00758
G1 X37.4 Y77.569 E0.00841
G1 X37.401 Y22.454 E1.5105
G1 X37.445 Y22.27 E0.00518
G1 X37.575 Y22.075 E0.00642
G1 X37.769 Y21.945 E0.0064
G1 X37.954 Y21.901 E0.00521
G0 F1320 X37.954 Y21.4
G0 X63.528 Y21.472
G0 X63.6 Y77.961
G0 X63.424 Y77.961
G1 F322.1 X63.5 Y77.432 E0.02182
G1 F320 X63.5 Y22.561 E2.25572
G1 F321.6 X63.478 Y22.269 E0.01198
G1 F322.7 X63.33 Y21.812 E0.01958
G1 F322.1 X63.058 Y21.439 E0.01885
G1 F321.6 X62.682 Y21.166 E0.01901
G1 X62.172 Y21 E0.02194
G1 F322.1 X38 Y21.002 E0.98707
G1 F321.1 X37.533 Y21.075 E0.01937
G1 F320.5 X37.318 Y21.165 E0.00957
G1 F321.1 X36.94 Y21.44 E0.01915
G1 X36.665 Y21.818 E0.01915
G1 X36.5 Y22.327 E0.02192
G1 F320.5 X36.5 Y77.445 E2.2621
G1 X36.574 Y77.961 E0.02139
G1 F321.6 X36.789 Y78.382 E0.01934
G1 F322.1 X37.117 Y78.71 E0.01894
G1 F322.7 X37.533 Y78.922 E0.01903
G1 F321.6 X38.067 Y79 E0.02207
G1 F321.1 X62.163 Y79 E0.98727
G1 F323.2 X62.688 Y78.83 E0.02246
G1 F323.8 X62.883 Y78.71 E0.0093
G1 F323.2 X63.208 Y78.383 E0.01876
G1 F323.8 X63.424 Y77.961 E0.01926
G0 F1320 X63.6 Y77.961
G0 X36.385 Y78.675
G1 F480 X36.823 Y79.113 E0.01698
G1 X37.38 Y79.396 E0.01712
G1 X38.046 Y79.5 E0.01847
G1 X61.954 Y79.5 E0.65523
G1 X62.615 Y79.398 E0.01833
G1 X63.176 Y79.113 E0.01725
G1 X63.611 Y78.675 E0.01692
G1 X63.897 Y78.114 E0.01726
G1 X64 Y77.453 E0.01833
G1 X64 Y22.54 E1.50496
G1 X63.897 Y21.88 E0.01831
G1 X63.774 Y21.585 E0.00876
G1 X63.411 Y21.086 E0.01691
G1 X62.91 Y20.721 E0.01699
G1 X62.313 Y20.528 E0.0172
G1 X61.939 Y20.501 E0.01028
G1 X38.042 Y20.5 E0.65493
G1 X37.38 Y20.598 E0.01834
G1 X37.089 Y20.72 E0.00865
G1 X36.586 Y21.086 E0.01705
G1 X36.22 Y21.589 E0.01705
G1 X36.098 Y21.88 E0.00865
G1 X36 Y22.542 E0.01834
G1 X36 Y77.464 E1.50521
G1 X36.098 Y78.115 E0.01804
G1 X36.385 Y78.675 E0.01725
G0 F1320 X63.528 Y78.528
G0 X64.279 Y78.238
G1 F480 X64.366 Y77.869 E0.01039
G1 X64.4 Y77.47 E0.01097
G1 X64.4 Y22.522 E1.50592
G1 X64.366 Y22.127 E0.01087
G1 X64.279 Y21.757 E0.01042
G1 X64.132 Y21.402 E0.01053
G1 X63.937 Y21.087 E0.01015
G1 X63.694 Y20.802 E0.01026
G1 X63.413 Y20.562 E0.01013
G1 X63.093 Y20.364 E0.01031
G1 X62.738 Y20.217 E0.01053
G1 X62.375 Y20.131 E0.01022
G1 X61.973 Y20.101 E0.01105
G1 X38.027 Y20.1 E0.65627
G1 X37.625 Y20.131 E0.01105
G1 X37.257 Y20.217 E0.01036
G1 X36.905 Y20.364 E0.01045
G1 X36.302 Y20.802 E0.02043
G1 X35.864 Y21.405 E0.02043
G1 X35.717 Y21.757 E0.01045
G1 X35.631 Y22.125 E0.01036
G1 X35.6 Y22.527 E0.01105
G1 X35.6 Y77.48 E1.50606
G1 X35.631 Y77.871 E0.01075
G1 X35.717 Y78.238 E0.01033
G1 X35.864 Y78.59 E0.01045
G1 X36.06 Y78.91 E0.01028
G1 X36.302 Y79.194 E0.01023
G1 X36.587 Y79.437 E0.01026
G1 X36.903 Y79.631 E0.01016
G1 X37.257 Y79.778 E0.01051
G1 X37.627 Y79.865 E0.01042
G1 X38.03 Y79.9 E0.01109
G1 X61.97 Y79.9 E0.65611
G1 X62.373 Y79.866 E0.01108
G1 X62.738 Y79.779 E0.01028
G1 X63.095 Y79.631 E0.01059
G1 X63.413 Y79.437 E0.01021
G1 X63.693 Y79.195 E0.01014
G1 X63.936 Y78.91 E0.01026
G1 X64.131 Y78.59 E0.01027
G1 X64.279 Y78.238 E0.01047
G0 F1320 X64.762 Y77.932
M204 P150
;TYPE:WALL-OUTER
G1 F480 X64.8 Y77.487 E0.01212
G1 X64.8 Y22.505 E1.49223
G1 X64.762 Y22.064 E0.01201
G1 X64.661 Y21.634 E0.01199
G1 X64.489 Y21.22 E0.01217
G1 X64.261 Y20.851 E0.01177
G1 X63.978 Y20.518 E0.01186
G1 X63.649 Y20.238 E0.01173
G1 X63.276 Y20.007 E0.01191
G1 X62.862 Y19.835 E0.01217
G1 X62.437 Y19.735 E0.01185
G1 X61.988 Y19.701 E0.01222
G1 X38.012 Y19.7 E0.65072
G1 X37.563 Y19.735 E0.01222
G1 X37.134 Y19.835 E0.01196
G1 X36.721 Y20.007 E0.01214
G1 X36.351 Y20.239 E0.01185
G1 X36.018 Y20.518 E0.01179
G1 X35.739 Y20.851 E0.01179
G1 X35.507 Y21.221 E0.01185
G1 X35.335 Y21.634 E0.01214
G1 X35.235 Y22.063 E0.01196
G1 X35.2 Y22.512 E0.01222
G1 X35.2 Y77.496 E1.49228
G1 X35.235 Y77.933 E0.0119
G1 X35.335 Y78.362 E0.01196
G1 X35.507 Y78.772 E0.01207
G1 X35.735 Y79.146 E0.01189
G1 X36.018 Y79.478 E0.01184
G1 X36.351 Y79.761 E0.01186
G1 X36.72 Y79.989 E0.01177
G1 X37.134 Y80.16 E0.01216
G1 X37.564 Y80.261 E0.01199
G1 X38.013 Y80.3 E0.01223
G1 X61.987 Y80.3 E0.65066
G1 X62.436 Y80.262 E0.01223
G1 X62.862 Y80.161 E0.01188
G1 X63.277 Y79.989 E0.01219
G1 X63.649 Y79.761 E0.01184
G1 X63.977 Y79.478 E0.01176
G1 X64.261 Y79.146 E0.01186
G1 X64.489 Y78.772 E0.01189
G1 X64.661 Y78.362 E0.01207
G1 X64.762 Y77.932 E0.01199
G0 F1320 X64.779 Y77.733
G0 X64.075 Y77.677
G0 X63.528 Y78.528
G0 X62.105 Y78.6
G0 X62.105 Y77.671
G1 F480 X62.018 Y77.7 E0.00249
G1 X37.983 Y77.7 E0.65232
G1 X37.87 Y77.653 E0.00332
G1 X37.8 Y77.516 E0.00418
G1 X37.8 Y22.432 E1.49499
G1 X37.893 Y22.33 E0.00375
G1 X37.984 Y22.3 E0.0026
G1 X62.016 Y22.3 E0.65223
G1 X62.153 Y22.369 E0.00416
G1 X62.2 Y22.482 E0.00332
G1 X62.2 Y77.57 E1.4951
G1 X62.105 Y77.671 E0.00376
G0 F1320 X62.018 Y77.7
G0 X61.91 Y77.7
G0 X61.91 Y78.9
;MESH:NONMESH
G0 F600 X61.91 Y78.9 Z9.16
G0 F1320 X36.472 Y78.528
G0 X36.309 Y21.274
G0 X36.063 Y21.087
;TIME_ELAPSED:14629.928148
;LAYER:56
M204 P200
;TYPE:WALL-INNER
;MESH:flasherBot.STL
G1 F452.8 X35.883 Y21.414 E0.01084
G1 F371.4 X35.806 Y21.785 E0.01342
G1 F298.1 X35.75 Y22.533 E0.0331
G1 F274.3 X35.75 Y77.475 E2.63508
G1 F298.1 X35.806 Y78.209 E0.03248
G1 F372.1 X35.883 Y78.581 E0.01343
G1 F448.6 X36.114 Y78.967 E0.01319
G0 F1320 X36.876 Y79.337
G0 X37.687 Y79.485
G1 F498.7 X38.046 Y79.5 E0.00948
G1 F480 X61.954 Y79.5 E0.65523
G1 F498.7 X62.312 Y79.485 E0.00945
G0 F1320 X38.03 Y79.59
G0 X38.03 Y79.9
G1 F480 X61.97 Y79.9 E0.65611
G1 X62.372 Y79.866 E0.01106
G1 X62.738 Y79.779 E0.01031
G1 X63.095 Y79.631 E0.01059
G1 X63.413 Y79.437 E0.01021
G1 X63.697 Y79.191 E0.0103
G1 F475.2 X63.886 Y78.966 E0.00813
G1 F476.4 X63.601 Y79.1 E0.0087
G1 F480 X36.394 Y79.1 E0.74564
G1 F472.9 X36.114 Y78.967 E0.00862
G1 F470.6 X36.302 Y79.194 E0.00824
G1 F477.6 X36.587 Y79.436 E0.0103
G1 F480 X36.903 Y79.631 E0.01018
G1 X37.258 Y79.778 E0.01053
G1 X37.627 Y79.866 E0.0104
G1 X38.03 Y79.9 E0.01108
G0 F1320 X38.03 Y79.59
G0 X63.124 Y79.337
G0 X63.886 Y78.966
G1 F453.9 X64.114 Y78.581 E0.01297
G1 F375 X64.192 Y78.21 E0.0133
G1 F299.1 X64.25 Y77.464 E0.03291
G1 F274.3 X64.25 Y22.528 E2.63479
G1 F299.1 X64.192 Y21.785 E0.03278
G1 F375 X64.114 Y21.411 E0.0134
G1 F456.1 X63.937 Y21.087 E0.01065
G0 F1320 X63.124 Y20.663
G0 X62.316 Y20.514
G1 F497.4 X61.958 Y20.5 E0.00948
G1 F480 X38.042 Y20.5 E0.65545
G1 F496.1 X37.683 Y20.514 E0.00953
G0 F1320 X63.124 Y20.663
G0 X63.413 Y20.563
G1 F480 X63.093 Y20.364 E0.01033
G1 X62.738 Y20.217 E0.01053
G1 X62.375 Y20.132 E0.01022
G1 X61.973 Y20.1 E0.01105
G1 X38.012 Y20.101 E0.65668
G1 X37.624 Y20.131 E0.01067
G1 X37.257 Y20.217 E0.01033
G1 X36.905 Y20.363 E0.01044
G1 X36.587 Y20.562 E0.01028
G1 X36.299 Y20.807 E0.01036
G1 F478.8 X36.063 Y21.087 E0.01006
G1 X36.391 Y20.9 E0.01037
G1 F480 X63.608 Y20.9 E0.74592
G1 F478.8 X63.937 Y21.087 E0.0104
G1 X63.694 Y20.802 E0.01029
G1 F480 X63.413 Y20.563 E0.01011
G0 F1320 X63.079 Y20.661
G0 X37.053 Y20.639
G0 X36.721 Y20.007
M204 P150
;TYPE:WALL-OUTER
G1 F480 X36.351 Y20.238 E0.01184
G1 X36.019 Y20.519 E0.0118
G1 X35.739 Y20.851 E0.01179
G1 X35.507 Y21.22 E0.01183
G1 X35.335 Y21.634 E0.01217
G1 X35.235 Y22.063 E0.01196
G1 X35.2 Y22.512 E0.01222
G1 X35.2 Y77.496 E1.49228
G1 X35.235 Y77.933 E0.0119
G1 X35.335 Y78.362 E0.01196
G1 X35.507 Y78.773 E0.01209
G1 X35.735 Y79.146 E0.01186
G1 X36.018 Y79.478 E0.01184
G1 X36.351 Y79.761 E0.01186
G1 X36.72 Y79.989 E0.01177
G1 X37.134 Y80.16 E0.01216
G1 X37.564 Y80.262 E0.01199
G1 X38.013 Y80.3 E0.01223
G1 X61.987 Y80.3 E0.65066
G1 X62.436 Y80.262 E0.01223
G1 X62.862 Y80.161 E0.01188
G1 X63.277 Y79.989 E0.01219
G1 X63.649 Y79.761 E0.01184
G1 X63.977 Y79.478 E0.01176
G1 X64.261 Y79.146 E0.01186
G1 X64.489 Y78.772 E0.01189
G1 X64.661 Y78.362 E0.01207
G1 X64.761 Y77.932 E0.01198
G1 X64.8 Y77.487 E0.01212
G1 X64.8 Y22.505 E1.49223
G1 X64.762 Y22.064 E0.01201
G1 X64.661 Y21.634 E0.01199
G1 X64.489 Y21.22 E0.01217
G1 X64.261 Y20.851 E0.01177
G1 X63.978 Y20.518 E0.01186
G1 X63.649 Y20.239 E0.01171
G1 X63.276 Y20.007 E0.01192
G1 X62.862 Y19.835 E0.01217
G1 X62.437 Y19.735 E0.01185
G1 X61.988 Y19.7 E0.01222
G1 X38.012 Y19.7 E0.65072
G1 X37.563 Y19.735 E0.01222
G1 X37.134 Y19.835 E0.01196
G1 X36.721 Y20.007 E0.01214
G0 F1320 X36.552 Y20.112
G0 X36.924 Y20.64
G0 X36.062 Y21.062
G0 X36.301 Y21.472
G1 F480 X36.354 Y21.362 E0.00331
G1 X36.455 Y21.305 E0.00315
G1 X63.545 Y21.304 E0.73523
G1 X63.646 Y21.362 E0.00316
G1 X63.699 Y21.471 E0.00329
G1 X63.699 Y78.527 E1.54852
G1 X63.629 Y78.655 E0.00396
G1 X63.545 Y78.695 E0.00253
G1 X36.454 Y78.695 E0.73526
G1 X36.372 Y78.655 E0.00248
G1 X36.301 Y78.527 E0.00397
G1 X36.301 Y21.472 E1.54849
G0 F1320 X36.354 Y21.362
G0 X36.421 Y21.324
;MESH:NONMESH
G0 F600 X36.421 Y21.324 Z9.32
G0 F1320 X36.063 Y21.087
;TIME_ELAPSED:14723.890677
;LAYER:57
M204 P200
;TYPE:WALL-INNER
;MESH:flasherBot.STL
G1 F452.8 X35.883 Y21.414 E0.01084
G1 F371.4 X35.806 Y21.785 E0.01342
G1 F298.1 X35.75 Y22.533 E0.0331
G1 F274.3 X35.75 Y77.475 E2.63508
G1 F298.1 X35.806 Y78.209 E0.03248
G1 F372.1 X35.883 Y78.581 E0.01343
G1 F448.6 X36.114 Y78.967 E0.01319
G0 F1320 X36.876 Y79.337
G0 X37.687 Y79.485
G1 F498.7 X38.046 Y79.5 E0.00948
G1 F480 X61.954 Y79.5 E0.65523
G1 F498.7 X62.312 Y79.485 E0.00945
G0 F1320 X63.124 Y79.337
G0 X63.886 Y78.966
G1 F476.4 X63.601 Y79.1 E0.0087
G1 F480 X36.394 Y79.1 E0.74564
G1 F472.9 X36.114 Y78.967 E0.00862
G1 F470.6 X36.302 Y79.194 E0.00824
G1 F477.6 X36.587 Y79.436 E0.0103
G1 F480 X36.903 Y79.631 E0.01018
G1 X37.258 Y79.778 E0.01053
G1 X37.627 Y79.866 E0.0104
G1 X38.03 Y79.9 E0.01108
G1 X61.97 Y79.9 E0.65611
G1 X62.372 Y79.866 E0.01106
G1 X62.738 Y79.779 E0.01031
G1 X63.095 Y79.631 E0.01059
G1 X63.413 Y79.437 E0.01021
G1 X63.697 Y79.191 E0.0103
G1 F475.2 X63.886 Y78.966 E0.00813
G1 F453.9 X64.114 Y78.581 E0.01297
G1 F375 X64.192 Y78.21 E0.0133
G1 F299.1 X64.25 Y77.464 E0.03291
G1 F274.3 X64.25 Y22.528 E2.63479
G1 F299.1 X64.192 Y21.785 E0.03278
G1 F375 X64.114 Y21.411 E0.0134
G1 F456.1 X63.937 Y21.087 E0.01065
G0 F1320 X63.124 Y20.663
G0 X62.316 Y20.514
G1 F497.4 X61.958 Y20.5 E0.00948
G1 F480 X38.042 Y20.5 E0.65545
G1 F496.1 X37.683 Y20.514 E0.00953
G0 F1320 X36.905 Y20.363
G1 F480 X36.587 Y20.562 E0.01028
G1 X36.299 Y20.807 E0.01036
G1 F478.8 X36.063 Y21.087 E0.01006
G1 X36.391 Y20.9 E0.01037
G1 F480 X63.608 Y20.9 E0.74592
G1 F478.8 X63.937 Y21.087 E0.0104
G1 X63.694 Y20.802 E0.01029
G1 F480 X63.413 Y20.563 E0.01011
G1 X63.093 Y20.364 E0.01033
G1 X62.738 Y20.217 E0.01053
G1 X62.375 Y20.132 E0.01022
G1 X61.973 Y20.1 E0.01105
G1 X38.012 Y20.101 E0.65668
G1 X37.624 Y20.131 E0.01067
G1 X37.257 Y20.217 E0.01033
G1 X36.905 Y20.363 E0.01044
G0 F1320 X36.019 Y20.519
M204 P150
;TYPE:WALL-OUTER
G1 F480 X35.739 Y20.851 E0.01179
G1 X35.507 Y21.22 E0.01183
G1 X35.335 Y21.634 E0.01217
G1 X35.235 Y22.063 E0.01196
G1 X35.2 Y22.512 E0.01222
G1 X35.2 Y77.496 E1.49228
G1 X35.235 Y77.933 E0.0119
G1 X35.335 Y78.362 E0.01196
G1 X35.507 Y78.773 E0.01209
G1 X35.735 Y79.146 E0.01186
G1 X36.018 Y79.478 E0.01184
G1 X36.351 Y79.761 E0.01186
G1 X36.72 Y79.989 E0.01177
G1 X37.134 Y80.16 E0.01216
G1 X37.564 Y80.262 E0.01199
G1 X38.013 Y80.3 E0.01223
G1 X61.987 Y80.3 E0.65066
G1 X62.436 Y80.262 E0.01223
G1 X62.862 Y80.161 E0.01188
G1 X63.277 Y79.989 E0.01219
G1 X63.649 Y79.761 E0.01184
G1 X63.977 Y79.478 E0.01176
G1 X64.261 Y79.146 E0.01186
G1 X64.489 Y78.772 E0.01189
G1 X64.661 Y78.362 E0.01207
G1 X64.761 Y77.932 E0.01198
G1 X64.8 Y77.487 E0.01212
G1 X64.8 Y22.505 E1.49223
G1 X64.762 Y22.064 E0.01201
G1 X64.661 Y21.634 E0.01199
G1 X64.489 Y21.22 E0.01217
G1 X64.261 Y20.851 E0.01177
G1 X63.978 Y20.518 E0.01186
G1 X63.649 Y20.239 E0.01171
G1 X63.276 Y20.007 E0.01192
G1 X62.862 Y19.835 E0.01217
G1 X62.437 Y19.735 E0.01185
G1 X61.988 Y19.7 E0.01222
G1 X38.012 Y19.7 E0.65072
G1 X37.563 Y19.735 E0.01222
G1 X37.134 Y19.835 E0.01196
G1 X36.721 Y20.007 E0.01214
G1 X36.351 Y20.238 E0.01184
G1 X36.019 Y20.519 E0.0118
G0 F1320 X35.89 Y20.671
G0 X36.354 Y21.362
G1 F480 X36.455 Y21.305 E0.00315
G1 X63.545 Y21.304 E0.73523
G1 X63.646 Y21.362 E0.00316
G1 X63.699 Y21.471 E0.00329
G1 X63.699 Y78.527 E1.54852
G1 X63.629 Y78.655 E0.00396
G1 X63.545 Y78.695 E0.00253
G1 X36.454 Y78.695 E0.73526
G1 X36.372 Y78.655 E0.00248
G1 X36.301 Y78.527 E0.00397
G1 X36.301 Y21.472 E1.54849
G1 X36.354 Y21.362 E0.00331
G0 F1320 X36.455 Y21.305
G0 X36.539 Y21.305
;MESH:NONMESH
G0 F600 X36.539 Y21.305 Z9.48
G0 F1320 X36.063 Y21.087
;TIME_ELAPSED:14813.145757
;LAYER:58
M204 P200
;TYPE:WALL-INNER
;MESH:flasherBot.STL
G1 F452.8 X35.883 Y21.414 E0.01084
G1 F371.4 X35.806 Y21.785 E0.01342
G1 F298.1 X35.75 Y22.533 E0.0331
G1 F274.3 X35.75 Y77.475 E2.63508
G1 F298.1 X35.806 Y78.209 E0.03248
G1 F372.1 X35.883 Y78.581 E0.01343
G1 F448.6 X36.114 Y78.967 E0.01319
G0 F1320 X36.876 Y79.337
G0 X37.687 Y79.485
G1 F498.7 X38.046 Y79.5 E0.00948
G1 F480 X61.954 Y79.5 E0.65523
G1 F498.7 X62.312 Y79.485 E0.00945
G0 F1320 X36.876 Y79.337
G0 X36.302 Y79.194
G1 F477.6 X36.587 Y79.436 E0.0103
G1 F480 X36.903 Y79.631 E0.01018
G1 X37.258 Y79.778 E0.01053
G1 X37.627 Y79.866 E0.0104
G1 X38.03 Y79.9 E0.01108
G1 X61.97 Y79.9 E0.65611
G1 X62.372 Y79.866 E0.01106
G1 X62.738 Y79.779 E0.01031
G1 X63.095 Y79.631 E0.01059
G1 X63.413 Y79.437 E0.01021
G1 X63.697 Y79.191 E0.0103
G1 F475.2 X63.886 Y78.966 E0.00813
G1 F476.4 X63.601 Y79.1 E0.0087
G1 F480 X36.394 Y79.1 E0.74564
G1 F472.9 X36.114 Y78.967 E0.00862
G1 F470.6 X36.302 Y79.194 E0.00824
G0 F1320 X36.921 Y79.339
G0 X63.124 Y79.337
G0 X63.886 Y78.966
G1 F453.9 X64.114 Y78.581 E0.01297
G1 F375 X64.192 Y78.21 E0.0133
G1 F299.1 X64.25 Y77.464 E0.03291
G1 F274.3 X64.25 Y22.528 E2.63479
G1 F299.1 X64.192 Y21.785 E0.03278
G1 F375 X64.114 Y21.411 E0.0134
G1 F456.1 X63.937 Y21.087 E0.01065
G0 F1320 X63.124 Y20.663
G0 X62.316 Y20.514
G1 F497.4 X61.958 Y20.5 E0.00948
G1 F480 X38.042 Y20.5 E0.65545
G1 F496.1 X37.683 Y20.514 E0.00953
G0 F1320 X63.124 Y20.663
G0 X63.694 Y20.802
G1 F480 X63.413 Y20.563 E0.01011
G1 X63.093 Y20.364 E0.01033
G1 X62.738 Y20.217 E0.01053
G1 X62.375 Y20.132 E0.01022
G1 X61.973 Y20.1 E0.01105
G1 X38.012 Y20.101 E0.65668
G1 X37.624 Y20.131 E0.01067
G1 X37.257 Y20.217 E0.01033
G1 X36.905 Y20.363 E0.01044
G1 X36.587 Y20.562 E0.01028
G1 X36.299 Y20.807 E0.01036
G1 F478.8 X36.063 Y21.087 E0.01006
G1 X36.391 Y20.9 E0.01037
G1 F480 X63.608 Y20.9 E0.74592
G1 F478.8 X63.937 Y21.087 E0.0104
G1 X63.694 Y20.802 E0.01029
G0 F1320 X63.079 Y20.661
G0 X62.437 Y19.735
M204 P150
;TYPE:WALL-OUTER
G1 F480 X61.988 Y19.7 E0.01222
G1 X38.012 Y19.7 E0.65072
G1 X37.563 Y19.735 E0.01222
G1 X37.134 Y19.835 E0.01196
G1 X36.721 Y20.007 E0.01214
G1 X36.351 Y20.238 E0.01184
G1 X36.019 Y20.519 E0.0118
G1 X35.739 Y20.851 E0.01179
G1 X35.507 Y21.22 E0.01183
G1 X35.335 Y21.634 E0.01217
G1 X35.235 Y22.063 E0.01196
G1 X35.2 Y22.512 E0.01222
G1 X35.2 Y77.496 E1.49228
G1 X35.235 Y77.933 E0.0119
G1 X35.335 Y78.362 E0.01196
G1 X35.507 Y78.773 E0.01209
G1 X35.735 Y79.146 E0.01186
G1 X36.018 Y79.478 E0.01184
G1 X36.351 Y79.761 E0.01186
G1 X36.72 Y79.989 E0.01177
G1 X37.134 Y80.16 E0.01216
G1 X37.564 Y80.262 E0.01199
G1 X38.013 Y80.3 E0.01223
G1 X61.987 Y80.3 E0.65066
G1 X62.436 Y80.262 E0.01223
G1 X62.862 Y80.161 E0.01188
G1 X63.277 Y79.989 E0.01219
G1 X63.649 Y79.761 E0.01184
G1 X63.977 Y79.478 E0.01176
G1 X64.261 Y79.146 E0.01186
G1 X64.489 Y78.772 E0.01189
G1 X64.661 Y78.362 E0.01207
G1 X64.761 Y77.932 E0.01198
G1 X64.8 Y77.487 E0.01212
G1 X64.8 Y22.505 E1.49223
G1 X64.762 Y22.064 E0.01201
G1 X64.661 Y21.634 E0.01199
G1 X64.489 Y21.22 E0.01217
G1 X64.261 Y20.851 E0.01177
G1 X63.978 Y20.518 E0.01186
G1 X63.649 Y20.239 E0.01171
G1 X63.276 Y20.007 E0.01192
G1 X62.862 Y19.835 E0.01217
G1 X62.437 Y19.735 E0.01185
G0 F1320 X62.238 Y19.72
G0 X62.182 Y20.426
G0 X63.938 Y21.062
G0 X63.938 Y78.938
G0 X63.124 Y79.337
G0 X63.545 Y78.695
G1 F480 X36.454 Y78.695 E0.73526
G1 X36.372 Y78.655 E0.00248
G1 X36.301 Y78.527 E0.00397
G1 X36.301 Y21.472 E1.54849
G1 X36.354 Y21.362 E0.00331
G1 X36.455 Y21.305 E0.00315
G1 X63.545 Y21.304 E0.73523
G1 X63.646 Y21.362 E0.00316
G1 X63.699 Y21.471 E0.00329
G1 X63.699 Y78.527 E1.54852
G1 X63.629 Y78.655 E0.00396
G1 X63.545 Y78.695 E0.00253
G0 F1320 X63.345 Y78.695
;MESH:NONMESH
G0 F600 X63.345 Y78.695 Z9.64
G0 F1320 X63.124 Y79.337
G0 X36.062 Y78.938
G0 X36.062 Y21.062
G0 X36.876 Y20.663
G0 X36.063 Y21.087
;TIME_ELAPSED:14912.879690
;LAYER:59
M204 P200
;TYPE:WALL-INNER
;MESH:flasherBot.STL
G1 F452.8 X35.883 Y21.414 E0.01084
G1 F371.4 X35.806 Y21.785 E0.01342
G1 F298.1 X35.75 Y22.533 E0.0331
G1 F274.3 X35.75 Y77.475 E2.63508
G1 F298.1 X35.806 Y78.209 E0.03248
G1 F372.1 X35.883 Y78.581 E0.01343
G1 F448.6 X36.114 Y78.967 E0.01319
G0 F1320 X36.876 Y79.337
G0 X37.687 Y79.485
G1 F498.7 X38.046 Y79.5 E0.00948
G1 F480 X61.954 Y79.5 E0.65523
G1 F498.7 X62.312 Y79.485 E0.00945
G0 F1320 X37.35 Y79.484
G0 X37.258 Y79.778
G1 F480 X37.627 Y79.866 E0.0104
G1 X38.03 Y79.9 E0.01108
G1 X61.97 Y79.9 E0.65611
G1 X62.372 Y79.866 E0.01106
G1 X62.738 Y79.779 E0.01031
G1 X63.095 Y79.631 E0.01059
G1 X63.413 Y79.437 E0.01021
G1 X63.697 Y79.191 E0.0103
G1 F475.2 X63.886 Y78.966 E0.00813
G1 F476.4 X63.601 Y79.1 E0.0087
G1 F480 X36.394 Y79.1 E0.74564
G1 F472.9 X36.114 Y78.967 E0.00862
G1 F470.6 X36.302 Y79.194 E0.00824
G1 F477.6 X36.587 Y79.436 E0.0103
G1 F480 X36.903 Y79.631 E0.01018
G1 X37.258 Y79.778 E0.01053
G0 F1320 X37.351 Y79.484
G0 X63.124 Y79.337
G0 X63.886 Y78.966
G1 F453.9 X64.114 Y78.581 E0.01297
G1 F375 X64.192 Y78.21 E0.0133
G1 F299.1 X64.25 Y77.464 E0.03291
G1 F274.3 X64.25 Y22.528 E2.63479
G1 F299.1 X64.192 Y21.785 E0.03278
G1 F375 X64.114 Y21.411 E0.0134
G1 F456.1 X63.937 Y21.087 E0.01065
G0 F1320 X63.124 Y20.663
G0 X62.316 Y20.514
G1 F497.4 X61.958 Y20.5 E0.00948
G1 F480 X38.042 Y20.5 E0.65545
G1 F496.1 X37.683 Y20.514 E0.00953
G0 F1320 X38.012 Y20.101
G1 F480 X37.624 Y20.131 E0.01067
G1 X37.257 Y20.217 E0.01033
G1 X36.905 Y20.363 E0.01044
G1 X36.587 Y20.562 E0.01028
G1 X36.299 Y20.807 E0.01036
G1 F478.8 X36.063 Y21.087 E0.01006
G1 X36.391 Y20.9 E0.01037
G1 F480 X63.608 Y20.9 E0.74592
G1 F478.8 X63.937 Y21.087 E0.0104
G1 X63.694 Y20.802 E0.01029
G1 F480 X63.413 Y20.563 E0.01011
G1 X63.093 Y20.364 E0.01033
G1 X62.738 Y20.217 E0.01053
G1 X62.375 Y20.132 E0.01022
G1 X61.973 Y20.1 E0.01105
G1 X38.012 Y20.101 E0.65668
G0 F1320 X38.028 Y20.41
G0 X36.062 Y21.062
G0 X36.062 Y78.938
G0 X36.876 Y79.337
G0 X36.372 Y78.655
M204 P150
;TYPE:WALL-OUTER
G1 F480 X36.301 Y78.527 E0.00397
G1 X36.301 Y21.472 E1.54849
G1 X36.354 Y21.362 E0.00331
G1 X36.455 Y21.305 E0.00315
G1 X63.545 Y21.304 E0.73523
G1 X63.646 Y21.362 E0.00316
G1 X63.699 Y21.471 E0.00329
G1 X63.699 Y78.527 E1.54852
G1 X63.629 Y78.655 E0.00396
G1 X63.545 Y78.695 E0.00253
G1 X36.454 Y78.695 E0.73526
G1 X36.372 Y78.655 E0.00248
G0 F1320 X36.301 Y78.527
G0 X36.301 Y78.473
G0 X35.99 Y78.473
G0 X37.35 Y79.484
G0 X37.134 Y80.16
G1 F480 X37.564 Y80.262 E0.01199
G1 X38.013 Y80.3 E0.01223
G1 X61.987 Y80.3 E0.65066
G1 X62.436 Y80.262 E0.01223
G1 X62.862 Y80.161 E0.01188
G1 X63.277 Y79.989 E0.01219
G1 X63.649 Y79.761 E0.01184
G1 X63.977 Y79.478 E0.01176
G1 X64.261 Y79.146 E0.01186
G1 X64.489 Y78.772 E0.01189
G1 X64.661 Y78.362 E0.01207
G1 X64.761 Y77.932 E0.01198
G1 X64.8 Y77.487 E0.01212
G1 X64.8 Y22.505 E1.49223
G1 X64.762 Y22.064 E0.01201
G1 X64.661 Y21.634 E0.01199
G1 X64.489 Y21.22 E0.01217
G1 X64.261 Y20.851 E0.01177
G1 X63.978 Y20.518 E0.01186
G1 X63.649 Y20.239 E0.01171
G1 X63.276 Y20.007 E0.01192
G1 X62.862 Y19.835 E0.01217
G1 X62.437 Y19.735 E0.01185
G1 X61.988 Y19.7 E0.01222
G1 X38.012 Y19.7 E0.65072
G1 X37.563 Y19.735 E0.01222
G1 X37.134 Y19.835 E0.01196
G1 X36.721 Y20.007 E0.01214
G1 X36.351 Y20.238 E0.01184
G1 X36.019 Y20.519 E0.0118
G1 X35.739 Y20.851 E0.01179
G1 X35.507 Y21.22 E0.01183
G1 X35.335 Y21.634 E0.01217
G1 X35.235 Y22.063 E0.01196
G1 X35.2 Y22.512 E0.01222
G1 X35.2 Y77.496 E1.49228
G1 X35.235 Y77.933 E0.0119
G1 X35.335 Y78.362 E0.01196
G1 X35.507 Y78.773 E0.01209
G1 X35.735 Y79.146 E0.01186
G1 X36.018 Y79.478 E0.01184
G1 X36.351 Y79.761 E0.01186
G1 X36.72 Y79.989 E0.01177
G1 X37.134 Y80.16 E0.01216
G0 F1320 X37.328 Y80.206
;MESH:NONMESH
G0 F600 X37.328 Y80.206 Z9.8
G0 F1320 X37.493 Y79.518
G0 X36.062 Y78.938
G0 X36.062 Y21.062
G0 X36.876 Y20.663
G0 X36.063 Y21.087
;TIME_ELAPSED:15010.240735
;LAYER:60
M204 P200
;TYPE:WALL-INNER
;MESH:flasherBot.STL
G1 F452.8 X35.883 Y21.414 E0.01084
G1 F371.4 X35.806 Y21.785 E0.01342
G1 F298.1 X35.75 Y22.533 E0.0331
G1 F274.3 X35.75 Y77.475 E2.63508
G1 F298.1 X35.806 Y78.209 E0.03248
G1 F372.1 X35.883 Y78.581 E0.01343
G1 F448.6 X36.114 Y78.967 E0.01319
G0 F1320 X36.876 Y79.337
G0 X37.687 Y79.485
G1 F498.7 X38.046 Y79.5 E0.00948
G1 F480 X61.954 Y79.5 E0.65523
G1 F498.7 X62.312 Y79.485 E0.00945
G0 F1320 X36.876 Y79.337
G0 X36.302 Y79.194
G1 F477.6 X36.587 Y79.436 E0.0103
G1 F480 X36.903 Y79.631 E0.01018
G1 X37.258 Y79.778 E0.01053
G1 X37.627 Y79.866 E0.0104
G1 X38.03 Y79.9 E0.01108
G1 X61.97 Y79.9 E0.65611
G1 X62.372 Y79.866 E0.01106
G1 X62.738 Y79.779 E0.01031
G1 X63.095 Y79.631 E0.01059
G1 X63.413 Y79.437 E0.01021
G1 X63.697 Y79.191 E0.0103
G1 F475.2 X63.886 Y78.966 E0.00813
G1 F476.4 X63.601 Y79.1 E0.0087
G1 F480 X36.394 Y79.1 E0.74564
G1 F472.9 X36.114 Y78.967 E0.00862
G1 F470.6 X36.302 Y79.194 E0.00824
G0 F1320 X36.921 Y79.339
G0 X63.124 Y79.337
G0 X63.886 Y78.966
G1 F453.9 X64.114 Y78.581 E0.01297
G1 F375 X64.192 Y78.21 E0.0133
G1 F299.1 X64.25 Y77.464 E0.03291
G1 F274.3 X64.25 Y22.528 E2.63479
G1 F299.1 X64.192 Y21.785 E0.03278
G1 F375 X64.114 Y21.411 E0.0134
G1 F456.1 X63.937 Y21.087 E0.01065
G0 F1320 X63.124 Y20.663
G0 X62.316 Y20.514
G1 F497.4 X61.958 Y20.5 E0.00948
G1 F480 X38.042 Y20.5 E0.65545
G1 F496.1 X37.683 Y20.514 E0.00953
G0 F1320 X38.012 Y20.101
G1 F480 X37.624 Y20.131 E0.01067
G1 X37.257 Y20.217 E0.01033
G1 X36.905 Y20.363 E0.01044
G1 X36.587 Y20.562 E0.01028
G1 X36.299 Y20.807 E0.01036
G1 F478.8 X36.063 Y21.087 E0.01006
G1 X36.391 Y20.9 E0.01037
G1 F480 X63.608 Y20.9 E0.74592
G1 F478.8 X63.937 Y21.087 E0.0104
G1 X63.694 Y20.802 E0.01029
G1 F480 X63.413 Y20.563 E0.01011
G1 X63.093 Y20.364 E0.01033
G1 X62.738 Y20.217 E0.01053
G1 X62.375 Y20.132 E0.01022
G1 X61.973 Y20.1 E0.01105
G1 X38.012 Y20.101 E0.65668
G0 F1320 X38.028 Y20.41
G0 X63.938 Y21.062
G0 X63.699 Y21.471
M204 P150
;TYPE:WALL-OUTER
G1 F480 X63.699 Y78.527 E1.54852
G1 X63.629 Y78.655 E0.00396
G1 X63.545 Y78.695 E0.00253
G1 X36.454 Y78.695 E0.73526
G1 X36.372 Y78.655 E0.00248
G1 X36.301 Y78.527 E0.00397
G1 X36.301 Y21.472 E1.54849
G1 X36.354 Y21.362 E0.00331
G1 X36.455 Y21.305 E0.00315
G1 X63.545 Y21.304 E0.73523
G1 X63.646 Y21.362 E0.00316
G1 X63.699 Y21.471 E0.00329
G0 F1320 X63.699 Y21.671
G0 X64.01 Y21.671
G0 X64.215 Y78.635
G0 X64.489 Y78.772
G1 F480 X64.661 Y78.362 E0.01207
G1 X64.761 Y77.932 E0.01198
G1 X64.8 Y77.487 E0.01212
G1 X64.8 Y22.505 E1.49223
G1 X64.762 Y22.064 E0.01201
G1 X64.661 Y21.634 E0.01199
G1 X64.489 Y21.22 E0.01217
G1 X64.261 Y20.851 E0.01177
G1 X63.978 Y20.518 E0.01186
G1 X63.649 Y20.239 E0.01171
G1 X63.276 Y20.007 E0.01192
G1 X62.862 Y19.835 E0.01217
G1 X62.437 Y19.735 E0.01185
G1 X61.988 Y19.7 E0.01222
G1 X38.012 Y19.7 E0.65072
G1 X37.563 Y19.735 E0.01222
G1 X37.134 Y19.835 E0.01196
G1 X36.721 Y20.007 E0.01214
G1 X36.351 Y20.238 E0.01184
G1 X36.019 Y20.519 E0.0118
G1 X35.739 Y20.851 E0.01179
G1 X35.507 Y21.22 E0.01183
G1 X35.335 Y21.634 E0.01217
G1 X35.235 Y22.063 E0.01196
G1 X35.2 Y22.512 E0.01222
G1 X35.2 Y77.496 E1.49228
G1 X35.235 Y77.933 E0.0119
G1 X35.335 Y78.362 E0.01196
G1 X35.507 Y78.773 E0.01209
G1 X35.735 Y79.146 E0.01186
G1 X36.018 Y79.478 E0.01184
G1 X36.351 Y79.761 E0.01186
G1 X36.72 Y79.989 E0.01177
G1 X37.134 Y80.16 E0.01216
G1 X37.564 Y80.262 E0.01199
G1 X38.013 Y80.3 E0.01223
G1 X61.987 Y80.3 E0.65066
G1 X62.436 Y80.262 E0.01223
G1 X62.862 Y80.161 E0.01188
G1 X63.277 Y79.989 E0.01219
G1 X63.649 Y79.761 E0.01184
G1 X63.977 Y79.478 E0.01176
G1 X64.261 Y79.146 E0.01186
G1 X64.489 Y78.772 E0.01189
G0 F1320 X64.566 Y78.588
;MESH:NONMESH
G0 F600 X64.566 Y78.588 Z9.96
G0 F1320 X64.283 Y78.47
G0 X63.938 Y21.062
G0 X36.876 Y20.663
G0 X36.063 Y21.087
;TIME_ELAPSED:15109.597110
;LAYER:61
M204 P200
;TYPE:WALL-INNER
;MESH:flasherBot.STL
G1 F452.8 X35.883 Y21.414 E0.01084
G1 F371.4 X35.806 Y21.785 E0.01342
G1 F298.1 X35.75 Y22.533 E0.0331
G1 F274.3 X35.75 Y77.475 E2.63508
G1 F298.1 X35.806 Y78.209 E0.03248
G1 F372.1 X35.883 Y78.581 E0.01343
G1 F448.6 X36.114 Y78.967 E0.01319
G0 F1320 X36.876 Y79.337
G0 X37.687 Y79.485
G1 F498.7 X38.046 Y79.5 E0.00948
G1 F480 X61.954 Y79.5 E0.65523
G1 F498.7 X62.312 Y79.485 E0.00945
G0 F1320 X36.876 Y79.337
G0 X36.114 Y78.967
G1 F470.6 X36.302 Y79.194 E0.00824
G1 F477.6 X36.587 Y79.436 E0.0103
G1 F480 X36.903 Y79.631 E0.01018
G1 X37.258 Y79.778 E0.01053
G1 X37.627 Y79.866 E0.0104
G1 X38.03 Y79.9 E0.01108
G1 X61.97 Y79.9 E0.65611
G1 X62.372 Y79.866 E0.01106
G1 X62.738 Y79.779 E0.01031
G1 X63.095 Y79.631 E0.01059
G1 X63.413 Y79.437 E0.01021
G1 X63.697 Y79.191 E0.0103
G1 F475.2 X63.886 Y78.966 E0.00813
G1 F476.4 X63.601 Y79.1 E0.0087
G1 F480 X36.394 Y79.1 E0.74564
G1 F472.9 X36.114 Y78.967 E0.00862
G0 F1320 X36.876 Y79.337
G0 X63.124 Y79.337
G0 X63.886 Y78.966
G1 F453.9 X64.114 Y78.581 E0.01297
G1 F375 X64.192 Y78.21 E0.0133
G1 F299.1 X64.25 Y77.464 E0.03291
G1 F274.3 X64.25 Y22.528 E2.63479
G1 F299.1 X64.192 Y21.785 E0.03278
G1 F375 X64.114 Y21.411 E0.0134
G1 F456.1 X63.937 Y21.087 E0.01065
G0 F1320 X63.124 Y20.663
G0 X62.316 Y20.514
G1 F497.4 X61.958 Y20.5 E0.00948
G1 F480 X38.042 Y20.5 E0.65545
G1 F496.1 X37.683 Y20.514 E0.00953
G0 F1320 X62.65 Y20.516
G0 X62.738 Y20.217
G1 F480 X62.375 Y20.132 E0.01022
G1 X61.973 Y20.1 E0.01105
G1 X38.012 Y20.101 E0.65668
G1 X37.624 Y20.131 E0.01067
G1 X37.257 Y20.217 E0.01033
G1 X36.905 Y20.363 E0.01044
G1 X36.587 Y20.562 E0.01028
G1 X36.299 Y20.807 E0.01036
G1 F478.8 X36.063 Y21.087 E0.01006
G1 X36.391 Y20.9 E0.01037
G1 F480 X63.608 Y20.9 E0.74592
G1 F478.8 X63.937 Y21.087 E0.0104
G1 X63.694 Y20.802 E0.01029
G1 F480 X63.413 Y20.563 E0.01011
G1 X63.093 Y20.364 E0.01033
G1 X62.738 Y20.217 E0.01053
G0 F1320 X62.649 Y20.516
G0 X36.062 Y21.062
G0 X36.301 Y21.472
M204 P150
;TYPE:WALL-OUTER
G1 F480 X36.354 Y21.362 E0.00331
G1 X36.455 Y21.305 E0.00315
G1 X63.545 Y21.304 E0.73523
G1 X63.646 Y21.362 E0.00316
G1 X63.699 Y21.471 E0.00329
G1 X63.699 Y78.527 E1.54852
G1 X63.629 Y78.655 E0.00396
G1 X63.545 Y78.695 E0.00253
G1 X36.454 Y78.695 E0.73526
G1 X36.372 Y78.655 E0.00248
G1 X36.301 Y78.527 E0.00397
G1 X36.301 Y21.472 E1.54849
G0 F1320 X36.354 Y21.362
G0 X36.421 Y21.324
G0 X36.876 Y20.663
G0 X36.062 Y21.062
G0 X35.541 Y77.889
G0 X35.235 Y77.933
G1 F480 X35.335 Y78.362 E0.01196
G1 X35.507 Y78.773 E0.01209
G1 X35.735 Y79.146 E0.01186
G1 X36.018 Y79.478 E0.01184
G1 X36.351 Y79.761 E0.01186
G1 X36.72 Y79.989 E0.01177
G1 X37.134 Y80.16 E0.01216
G1 X37.564 Y80.262 E0.01199
G1 X38.013 Y80.3 E0.01223
G1 X61.987 Y80.3 E0.65066
G1 X62.436 Y80.262 E0.01223
G1 X62.862 Y80.161 E0.01188
G1 X63.277 Y79.989 E0.01219
G1 X63.649 Y79.761 E0.01184
G1 X63.977 Y79.478 E0.01176
G1 X64.261 Y79.146 E0.01186
G1 X64.489 Y78.772 E0.01189
G1 X64.661 Y78.362 E0.01207
G1 X64.761 Y77.932 E0.01198
G1 X64.8 Y77.487 E0.01212
G1 X64.8 Y22.505 E1.49223
G1 X64.762 Y22.064 E0.01201
G1 X64.661 Y21.634 E0.01199
G1 X64.489 Y21.22 E0.01217
G1 X64.261 Y20.851 E0.01177
G1 X63.978 Y20.518 E0.01186
G1 X63.649 Y20.239 E0.01171
G1 X63.276 Y20.007 E0.01192
G1 X62.862 Y19.835 E0.01217
G1 X62.437 Y19.735 E0.01185
G1 X61.988 Y19.7 E0.01222
G1 X38.012 Y19.7 E0.65072
G1 X37.563 Y19.735 E0.01222
G1 X37.134 Y19.835 E0.01196
G1 X36.721 Y20.007 E0.01214
G1 X36.351 Y20.238 E0.01184
G1 X36.019 Y20.519 E0.0118
G1 X35.739 Y20.851 E0.01179
G1 X35.507 Y21.22 E0.01183
G1 X35.335 Y21.634 E0.01217
G1 X35.235 Y22.063 E0.01196
G1 X35.2 Y22.512 E0.01222
G1 X35.2 Y77.496 E1.49228
G1 X35.235 Y77.933 E0.0119
G0 F1320 X35.28 Y78.127
;MESH:NONMESH
G0 F600 X35.28 Y78.127 Z10.12
G0 F1320 X35.582 Y78.055
G0 X36.062 Y21.062
G0 X36.876 Y20.663
G0 X36.063 Y21.087
;TIME_ELAPSED:15209.038633
;LAYER:62
M204 P200
;TYPE:WALL-INNER
;MESH:flasherBot.STL
G1 F452.8 X35.883 Y21.414 E0.01084
G1 F371.4 X35.806 Y21.785 E0.01342
G1 F298.1 X35.75 Y22.533 E0.0331
G1 F274.3 X35.75 Y77.475 E2.63508
G1 F298.1 X35.806 Y78.209 E0.03248
G1 F372.1 X35.883 Y78.581 E0.01343
G1 F448.6 X36.114 Y78.967 E0.01319
G0 F1320 X36.876 Y79.337
G0 X37.687 Y79.485
G1 F498.7 X38.046 Y79.5 E0.00948
G1 F480 X61.954 Y79.5 E0.65523
G1 F498.7 X62.312 Y79.485 E0.00945
G0 F1320 X63.124 Y79.337
G0 X63.697 Y79.191
G1 F475.2 X63.886 Y78.966 E0.00813
G1 F476.4 X63.601 Y79.1 E0.0087
G1 F480 X36.394 Y79.1 E0.74564
G1 F472.9 X36.114 Y78.967 E0.00862
G1 F470.6 X36.302 Y79.194 E0.00824
G1 F477.6 X36.587 Y79.436 E0.0103
G1 F480 X36.903 Y79.631 E0.01018
G1 X37.258 Y79.778 E0.01053
G1 X37.627 Y79.866 E0.0104
G1 X38.03 Y79.9 E0.01108
G1 X61.97 Y79.9 E0.65611
G1 X62.372 Y79.866 E0.01106
G1 X62.738 Y79.779 E0.01031
G1 X63.095 Y79.631 E0.01059
G1 X63.413 Y79.437 E0.01021
G1 X63.697 Y79.191 E0.0103
G0 F1320 X63.886 Y78.966
G1 F453.9 X64.114 Y78.581 E0.01297
G1 F375 X64.192 Y78.21 E0.0133
G1 F299.1 X64.25 Y77.464 E0.03291
G1 F274.3 X64.25 Y22.528 E2.63479
G1 F299.1 X64.192 Y21.785 E0.03278
G1 F375 X64.114 Y21.411 E0.0134
G1 F456.1 X63.937 Y21.087 E0.01065
G0 F1320 X63.124 Y20.663
G0 X62.316 Y20.514
G1 F497.4 X61.958 Y20.5 E0.00948
G1 F480 X38.042 Y20.5 E0.65545
G1 F496.1 X37.683 Y20.514 E0.00953
G0 F1320 X61.973 Y20.41
G0 X61.973 Y20.1
G1 F480 X38.012 Y20.101 E0.65668
G1 X37.624 Y20.131 E0.01067
G1 X37.257 Y20.217 E0.01033
G1 X36.905 Y20.363 E0.01044
G1 X36.587 Y20.562 E0.01028
G1 X36.299 Y20.807 E0.01036
G1 F478.8 X36.063 Y21.087 E0.01006
G1 X36.391 Y20.9 E0.01037
G1 F480 X63.608 Y20.9 E0.74592
G1 F478.8 X63.937 Y21.087 E0.0104
G1 X63.694 Y20.802 E0.01029
G1 F480 X63.413 Y20.563 E0.01011
G1 X63.093 Y20.364 E0.01033
G1 X62.738 Y20.217 E0.01053
G1 X62.375 Y20.132 E0.01022
G1 X61.973 Y20.1 E0.01105
G0 F1320 X61.973 Y20.41
G0 X63.938 Y21.062
G0 X64.459 Y22.111
G0 X64.762 Y22.064
M204 P150
;TYPE:WALL-OUTER
G1 F480 X64.661 Y21.634 E0.01199
G1 X64.489 Y21.22 E0.01217
G1 X64.261 Y20.851 E0.01177
G1 X63.978 Y20.518 E0.01186
G1 X63.649 Y20.239 E0.01171
G1 X63.276 Y20.007 E0.01192
G1 X62.862 Y19.835 E0.01217
G1 X62.437 Y19.735 E0.01185
G1 X61.988 Y19.7 E0.01222
G1 X38.012 Y19.7 E0.65072
G1 X37.563 Y19.735 E0.01222
G1 X37.134 Y19.835 E0.01196
G1 X36.721 Y20.007 E0.01214
G1 X36.351 Y20.238 E0.01184
G1 X36.019 Y20.519 E0.0118
G1 X35.739 Y20.851 E0.01179
G1 X35.507 Y21.22 E0.01183
G1 X35.335 Y21.634 E0.01217
G1 X35.235 Y22.063 E0.01196
G1 X35.2 Y22.512 E0.01222
G1 X35.2 Y77.496 E1.49228
G1 X35.235 Y77.933 E0.0119
G1 X35.335 Y78.362 E0.01196
G1 X35.507 Y78.773 E0.01209
G1 X35.735 Y79.146 E0.01186
G1 X36.018 Y79.478 E0.01184
G1 X36.351 Y79.761 E0.01186
G1 X36.72 Y79.989 E0.01177
G1 X37.134 Y80.16 E0.01216
G1 X37.564 Y80.262 E0.01199
G1 X38.013 Y80.3 E0.01223
G1 X61.987 Y80.3 E0.65066
G1 X62.436 Y80.262 E0.01223
G1 X62.862 Y80.161 E0.01188
G1 X63.277 Y79.989 E0.01219
G1 X63.649 Y79.761 E0.01184
G1 X63.977 Y79.478 E0.01176
G1 X64.261 Y79.146 E0.01186
G1 X64.489 Y78.772 E0.01189
G1 X64.661 Y78.362 E0.01207
G1 X64.761 Y77.932 E0.01198
G1 X64.8 Y77.487 E0.01212
G1 X64.8 Y22.505 E1.49223
G1 X64.762 Y22.064 E0.01201
G0 F1320 X64.717 Y21.87
G0 X64.417 Y21.942
G0 X63.938 Y78.938
G0 X36.876 Y79.337
G0 X36.454 Y78.695
G1 F480 X36.372 Y78.655 E0.00248
G1 X36.301 Y78.527 E0.00397
G1 X36.301 Y21.472 E1.54849
G1 X36.354 Y21.362 E0.00331
G1 X36.455 Y21.305 E0.00315
G1 X63.545 Y21.304 E0.73523
G1 X63.646 Y21.362 E0.00316
G1 X63.699 Y21.471 E0.00329
G1 X63.699 Y78.527 E1.54852
G1 X63.629 Y78.655 E0.00396
G1 X63.545 Y78.695 E0.00253
G1 X36.454 Y78.695 E0.73526
G0 F1320 X36.372 Y78.655
G0 X36.319 Y78.56
;MESH:NONMESH
G0 F600 X36.319 Y78.56 Z10.28
G0 F1320 X35.99 Y78.56
G0 X36.062 Y21.062
G0 X36.876 Y20.663
G0 X36.063 Y21.087
;TIME_ELAPSED:15306.140038
;LAYER:63
M204 P200
;TYPE:WALL-INNER
;MESH:flasherBot.STL
G1 F452.8 X35.883 Y21.414 E0.01084
G1 F371.4 X35.806 Y21.785 E0.01342
G1 F298.1 X35.75 Y22.533 E0.0331
G1 F274.3 X35.75 Y77.475 E2.63508
G1 F298.1 X35.806 Y78.209 E0.03248
G1 F372.1 X35.883 Y78.581 E0.01343
G1 F448.6 X36.114 Y78.967 E0.01319
G0 F1320 X36.876 Y79.337
G0 X37.687 Y79.485
G1 F498.7 X38.046 Y79.5 E0.00948
G1 F480 X61.954 Y79.5 E0.65523
G1 F498.7 X62.312 Y79.485 E0.00945
G0 F1320 X38.03 Y79.59
G0 X38.03 Y79.9
G1 F480 X61.97 Y79.9 E0.65611
G1 X62.372 Y79.866 E0.01106
G1 X62.738 Y79.779 E0.01031
G1 X63.095 Y79.631 E0.01059
G1 X63.413 Y79.437 E0.01021
G1 X63.697 Y79.191 E0.0103
G1 F475.2 X63.886 Y78.966 E0.00813
G1 F476.4 X63.601 Y79.1 E0.0087
G1 F480 X36.394 Y79.1 E0.74564
G1 F472.9 X36.114 Y78.967 E0.00862
G1 F470.6 X36.302 Y79.194 E0.00824
G1 F477.6 X36.587 Y79.436 E0.0103
G1 F480 X36.903 Y79.631 E0.01018
G1 X37.258 Y79.778 E0.01053
G1 X37.627 Y79.866 E0.0104
G1 X38.03 Y79.9 E0.01108
G0 F1320 X38.03 Y79.59
G0 X63.124 Y79.337
G0 X63.886 Y78.966
G1 F453.9 X64.114 Y78.581 E0.01297
G1 F375 X64.192 Y78.21 E0.0133
G1 F299.1 X64.25 Y77.464 E0.03291
G1 F274.3 X64.25 Y22.528 E2.63479
G1 F299.1 X64.192 Y21.785 E0.03278
G1 F375 X64.114 Y21.411 E0.0134
G1 F456.1 X63.937 Y21.087 E0.01065
G0 F1320 X63.124 Y20.663
G0 X62.316 Y20.514
G1 F497.4 X61.958 Y20.5 E0.00948
G1 F480 X38.042 Y20.5 E0.65545
G1 F496.1 X37.683 Y20.514 E0.00953
G0 F1320 X62.65 Y20.516
G0 X62.738 Y20.217
G1 F480 X62.375 Y20.132 E0.01022
G1 X61.973 Y20.1 E0.01105
G1 X38.012 Y20.101 E0.65668
G1 X37.624 Y20.131 E0.01067
G1 X37.257 Y20.217 E0.01033
G1 X36.905 Y20.363 E0.01044
G1 X36.587 Y20.562 E0.01028
G1 X36.299 Y20.807 E0.01036
G1 F478.8 X36.063 Y21.087 E0.01006
G1 X36.391 Y20.9 E0.01037
G1 F480 X63.608 Y20.9 E0.74592
G1 F478.8 X63.937 Y21.087 E0.0104
G1 X63.694 Y20.802 E0.01029
G1 F480 X63.413 Y20.563 E0.01011
G1 X63.093 Y20.364 E0.01033
G1 X62.738 Y20.217 E0.01053
G0 F1320 X62.649 Y20.516
G0 X36.876 Y20.663
G0 X36.354 Y21.362
M204 P150
;TYPE:WALL-OUTER
G1 F480 X36.455 Y21.305 E0.00315
G1 X63.545 Y21.304 E0.73523
G1 X63.646 Y21.362 E0.00316
G1 X63.699 Y21.471 E0.00329
G1 X63.699 Y78.527 E1.54852
G1 X63.629 Y78.655 E0.00396
G1 X63.545 Y78.695 E0.00253
G1 X36.454 Y78.695 E0.73526
G1 X36.372 Y78.655 E0.00248
G1 X36.301 Y78.527 E0.00397
G1 X36.301 Y21.472 E1.54849
G1 X36.354 Y21.362 E0.00331
G0 F1320 X36.455 Y21.305
G0 X36.539 Y21.305
G0 X36.876 Y20.663
G0 X36.062 Y21.062
G0 X36.062 Y78.938
G0 X62.322 Y79.563
G0 X62.436 Y80.262
G1 F480 X62.862 Y80.161 E0.01188
G1 X63.277 Y79.989 E0.01219
G1 X63.649 Y79.761 E0.01184
G1 X63.977 Y79.478 E0.01176
G1 X64.261 Y79.146 E0.01186
G1 X64.489 Y78.772 E0.01189
G1 X64.661 Y78.362 E0.01207
G1 X64.761 Y77.932 E0.01198
G1 X64.8 Y77.487 E0.01212
G1 X64.8 Y22.505 E1.49223
G1 X64.762 Y22.064 E0.01201
G1 X64.661 Y21.634 E0.01199
G1 X64.489 Y21.22 E0.01217
G1 X64.261 Y20.851 E0.01177
G1 X63.978 Y20.518 E0.01186
G1 X63.649 Y20.239 E0.01171
G1 X63.276 Y20.007 E0.01192
G1 X62.862 Y19.835 E0.01217
G1 X62.437 Y19.735 E0.01185
G1 X61.988 Y19.7 E0.01222
G1 X38.012 Y19.7 E0.65072
G1 X37.563 Y19.735 E0.01222
G1 X37.134 Y19.835 E0.01196
G1 X36.721 Y20.007 E0.01214
G1 X36.351 Y20.238 E0.01184
G1 X36.019 Y20.519 E0.0118
G1 X35.739 Y20.851 E0.01179
G1 X35.507 Y21.22 E0.01183
G1 X35.335 Y21.634 E0.01217
G1 X35.235 Y22.063 E0.01196
G1 X35.2 Y22.512 E0.01222
G1 X35.2 Y77.496 E1.49228
G1 X35.235 Y77.933 E0.0119
G1 X35.335 Y78.362 E0.01196
G1 X35.507 Y78.773 E0.01209
G1 X35.735 Y79.146 E0.01186
G1 X36.018 Y79.478 E0.01184
G1 X36.351 Y79.761 E0.01186
G1 X36.72 Y79.989 E0.01177
G1 X37.134 Y80.16 E0.01216
G1 X37.564 Y80.262 E0.01199
G1 X38.013 Y80.3 E0.01223
G1 X61.987 Y80.3 E0.65066
G1 X62.436 Y80.262 E0.01223
G0 F1320 X62.63 Y80.216
;MESH:NONMESH
G0 F600 X62.63 Y80.216 Z10.44
G0 F1320 X62.466 Y79.527
G0 X36.062 Y78.938
G0 X36.062 Y21.062
G0 X36.876 Y20.663
G0 X36.063 Y21.087
;TIME_ELAPSED:15407.940054
;LAYER:64
M204 P200
;TYPE:WALL-INNER
;MESH:flasherBot.STL
G1 F452.8 X35.883 Y21.414 E0.01084
G1 F371.4 X35.806 Y21.785 E0.01342
G1 F298.1 X35.75 Y22.533 E0.0331
G1 F274.3 X35.75 Y77.475 E2.63508
G1 F298.1 X35.806 Y78.209 E0.03248
G1 F372.1 X35.883 Y78.581 E0.01343
G1 F448.6 X36.114 Y78.967 E0.01319
G0 F1320 X36.876 Y79.337
G0 X37.687 Y79.485
G1 F498.7 X38.046 Y79.5 E0.00948
G1 F480 X61.954 Y79.5 E0.65523
G1 F498.7 X62.312 Y79.485 E0.00945
G0 F1320 X37.35 Y79.484
G0 X37.258 Y79.778
G1 F480 X37.627 Y79.866 E0.0104
G1 X38.03 Y79.9 E0.01108
G1 X61.97 Y79.9 E0.65611
G1 X62.372 Y79.866 E0.01106
G1 X62.738 Y79.779 E0.01031
G1 X63.095 Y79.631 E0.01059
G1 X63.413 Y79.437 E0.01021
G1 X63.697 Y79.191 E0.0103
G1 F475.2 X63.886 Y78.966 E0.00813
G1 F476.4 X63.601 Y79.1 E0.0087
G1 F480 X36.394 Y79.1 E0.74564
G1 F472.9 X36.114 Y78.967 E0.00862
G1 F470.6 X36.302 Y79.194 E0.00824
G1 F477.6 X36.587 Y79.436 E0.0103
G1 F480 X36.903 Y79.631 E0.01018
G1 X37.258 Y79.778 E0.01053
G0 F1320 X37.351 Y79.484
G0 X63.124 Y79.337
G0 X63.886 Y78.966
G1 F453.9 X64.114 Y78.581 E0.01297
G1 F375 X64.192 Y78.21 E0.0133
G1 F299.1 X64.25 Y77.464 E0.03291
G1 F274.3 X64.25 Y22.528 E2.63479
G1 F299.1 X64.192 Y21.785 E0.03278
G1 F375 X64.114 Y21.411 E0.0134
G1 F456.1 X63.937 Y21.087 E0.01065
G0 F1320 X63.124 Y20.663
G0 X62.316 Y20.514
G1 F497.4 X61.958 Y20.5 E0.00948
G1 F480 X38.042 Y20.5 E0.65545
G1 F496.1 X37.683 Y20.514 E0.00953
G0 F1320 X63.124 Y20.663
G0 X63.413 Y20.563
G1 F480 X63.093 Y20.364 E0.01033
G1 X62.738 Y20.217 E0.01053
G1 X62.375 Y20.132 E0.01022
G1 X61.973 Y20.1 E0.01105
G1 X38.012 Y20.101 E0.65668
G1 X37.624 Y20.131 E0.01067
G1 X37.257 Y20.217 E0.01033
G1 X36.905 Y20.363 E0.01044
G1 X36.587 Y20.562 E0.01028
G1 X36.299 Y20.807 E0.01036
G1 F478.8 X36.063 Y21.087 E0.01006
G1 X36.391 Y20.9 E0.01037
G1 F480 X63.608 Y20.9 E0.74592
G1 F478.8 X63.937 Y21.087 E0.0104
G1 X63.694 Y20.802 E0.01029
G1 F480 X63.413 Y20.563 E0.01011
G0 F1320 X63.646 Y21.362
M204 P150
;TYPE:WALL-OUTER
G1 F480 X63.699 Y21.471 E0.00329
G1 X63.699 Y78.527 E1.54852
G1 X63.629 Y78.655 E0.00396
G1 X63.545 Y78.695 E0.00253
G1 X36.454 Y78.695 E0.73526
G1 X36.372 Y78.655 E0.00248
G1 X36.301 Y78.527 E0.00397
G1 X36.301 Y21.472 E1.54849
G1 X36.354 Y21.362 E0.00331
G1 X36.455 Y21.305 E0.00315
G1 X63.545 Y21.304 E0.73523
G1 X63.646 Y21.362 E0.00316
G0 F1320 X63.699 Y21.471
G0 X63.699 Y21.55
G0 X64.01 Y21.55
G0 X62.322 Y20.437
G0 X62.437 Y19.735
G1 F480 X61.988 Y19.7 E0.01222
G1 X38.012 Y19.7 E0.65072
G1 X37.563 Y19.735 E0.01222
G1 X37.134 Y19.835 E0.01196
G1 X36.721 Y20.007 E0.01214
G1 X36.351 Y20.238 E0.01184
G1 X36.019 Y20.519 E0.0118
G1 X35.739 Y20.851 E0.01179
G1 X35.507 Y21.22 E0.01183
G1 X35.335 Y21.634 E0.01217
G1 X35.235 Y22.063 E0.01196
G1 X35.2 Y22.512 E0.01222
G1 X35.2 Y77.496 E1.49228
G1 X35.235 Y77.933 E0.0119
G1 X35.335 Y78.362 E0.01196
G1 X35.507 Y78.773 E0.01209
G1 X35.735 Y79.146 E0.01186
G1 X36.018 Y79.478 E0.01184
G1 X36.351 Y79.761 E0.01186
G1 X36.72 Y79.989 E0.01177
G1 X37.134 Y80.16 E0.01216
G1 X37.564 Y80.262 E0.01199
G1 X38.013 Y80.3 E0.01223
G1 X61.987 Y80.3 E0.65066
G1 X62.436 Y80.262 E0.01223
G1 X62.862 Y80.161 E0.01188
G1 X63.277 Y79.989 E0.01219
G1 X63.649 Y79.761 E0.01184
G1 X63.977 Y79.478 E0.01176
G1 X64.261 Y79.146 E0.01186
G1 X64.489 Y78.772 E0.01189
G1 X64.661 Y78.362 E0.01207
G1 X64.761 Y77.932 E0.01198
G1 X64.8 Y77.487 E0.01212
G1 X64.8 Y22.505 E1.49223
G1 X64.762 Y22.064 E0.01201
G1 X64.661 Y21.634 E0.01199
G1 X64.489 Y21.22 E0.01217
G1 X64.261 Y20.851 E0.01177
G1 X63.978 Y20.518 E0.01186
G1 X63.649 Y20.239 E0.01171
G1 X63.276 Y20.007 E0.01192
G1 X62.862 Y19.835 E0.01217
G1 X62.437 Y19.735 E0.01185
G0 F1320 X62.238 Y19.72
;MESH:NONMESH
G0 F600 X62.238 Y19.72 Z10.6
G0 F1320 X62.182 Y20.426
G0 X36.876 Y20.663
G0 X36.063 Y21.087
;TIME_ELAPSED:15502.042206
;LAYER:65
M204 P200
;TYPE:WALL-INNER
;MESH:flasherBot.STL
G1 F452.8 X35.883 Y21.414 E0.01084
G1 F371.4 X35.806 Y21.785 E0.01342
G1 F298.1 X35.75 Y22.533 E0.0331
G1 F274.3 X35.75 Y77.475 E2.63508
G1 F298.1 X35.806 Y78.209 E0.03248
G1 F372.1 X35.883 Y78.581 E0.01343
G1 F448.6 X36.114 Y78.967 E0.01319
G0 F1320 X36.876 Y79.337
G0 X37.687 Y79.485
G1 F498.7 X38.046 Y79.5 E0.00948
G1 F480 X61.954 Y79.5 E0.65523
G1 F498.7 X62.312 Y79.485 E0.00945
G0 F1320 X63.124 Y79.337
G0 X63.886 Y78.966
G1 F476.4 X63.601 Y79.1 E0.0087
G1 F480 X36.394 Y79.1 E0.74564
G1 F472.9 X36.114 Y78.967 E0.00862
G1 F470.6 X36.302 Y79.194 E0.00824
G1 F477.6 X36.587 Y79.436 E0.0103
G1 F480 X36.903 Y79.631 E0.01018
G1 X37.258 Y79.778 E0.01053
G1 X37.627 Y79.866 E0.0104
G1 X38.03 Y79.9 E0.01108
G1 X61.97 Y79.9 E0.65611
G1 X62.372 Y79.866 E0.01106
G1 X62.738 Y79.779 E0.01031
G1 X63.095 Y79.631 E0.01059
G1 X63.413 Y79.437 E0.01021
G1 X63.697 Y79.191 E0.0103
G1 F475.2 X63.886 Y78.966 E0.00813
G1 F453.9 X64.114 Y78.581 E0.01297
G1 F375 X64.192 Y78.21 E0.0133
G1 F299.1 X64.25 Y77.464 E0.03291
G1 F274.3 X64.25 Y22.528 E2.63479
G1 F299.1 X64.192 Y21.785 E0.03278
G1 F375 X64.114 Y21.411 E0.0134
G1 F456.1 X63.937 Y21.087 E0.01065
G0 F1320 X63.124 Y20.663
G0 X62.316 Y20.514
G1 F497.4 X61.958 Y20.5 E0.00948
G1 F480 X38.042 Y20.5 E0.65545
G1 F496.1 X37.683 Y20.514 E0.00953
G0 F1320 X36.905 Y20.363
G1 F480 X36.587 Y20.562 E0.01028
G1 X36.299 Y20.807 E0.01036
G1 F478.8 X36.063 Y21.087 E0.01006
G1 X36.391 Y20.9 E0.01037
G1 F480 X63.608 Y20.9 E0.74592
G1 F478.8 X63.937 Y21.087 E0.0104
G1 X63.694 Y20.802 E0.01029
G1 F480 X63.413 Y20.563 E0.01011
G1 X63.093 Y20.364 E0.01033
G1 X62.738 Y20.217 E0.01053
G1 X62.375 Y20.132 E0.01022
G1 X61.973 Y20.1 E0.01105
G1 X38.012 Y20.101 E0.65668
G1 X37.624 Y20.131 E0.01067
G1 X37.257 Y20.217 E0.01033
G1 X36.905 Y20.363 E0.01044
G0 F1320 X37.053 Y20.59
G0 X36.062 Y21.062
G0 X36.301 Y21.472
M204 P150
;TYPE:WALL-OUTER
G1 F480 X36.354 Y21.362 E0.00331
G1 X36.455 Y21.305 E0.00315
G1 X63.545 Y21.304 E0.73523
G1 X63.646 Y21.362 E0.00316
G1 X63.699 Y21.471 E0.00329
G1 X63.699 Y78.527 E1.54852
G1 X63.629 Y78.655 E0.00396
G1 X63.545 Y78.695 E0.00253
G1 X36.454 Y78.695 E0.73526
G1 X36.372 Y78.655 E0.00248
G1 X36.301 Y78.527 E0.00397
G1 X36.301 Y21.472 E1.54849
G0 F1320 X36.354 Y21.362
G0 X36.421 Y21.324
G0 X36.876 Y20.663
G0 X36.062 Y21.062
G0 X36.062 Y78.938
G0 X36.876 Y79.337
G0 X36.351 Y79.761
G1 F480 X36.72 Y79.989 E0.01177
G1 X37.134 Y80.16 E0.01216
G1 X37.564 Y80.262 E0.01199
G1 X38.013 Y80.3 E0.01223
G1 X61.987 Y80.3 E0.65066
G1 X62.436 Y80.262 E0.01223
G1 X62.862 Y80.161 E0.01188
G1 X63.277 Y79.989 E0.01219
G1 X63.649 Y79.761 E0.01184
G1 X63.977 Y79.478 E0.01176
G1 X64.261 Y79.146 E0.01186
G1 X64.489 Y78.772 E0.01189
G1 X64.661 Y78.362 E0.01207
G1 X64.761 Y77.932 E0.01198
G1 X64.8 Y77.487 E0.01212
G1 X64.8 Y22.505 E1.49223
G1 X64.762 Y22.064 E0.01201
G1 X64.661 Y21.634 E0.01199
G1 X64.489 Y21.22 E0.01217
G1 X64.261 Y20.851 E0.01177
G1 X63.978 Y20.518 E0.01186
G1 X63.649 Y20.239 E0.01171
G1 X63.276 Y20.007 E0.01192
G1 X62.862 Y19.835 E0.01217
G1 X62.437 Y19.735 E0.01185
G1 X61.988 Y19.7 E0.01222
G1 X38.012 Y19.7 E0.65072
G1 X37.563 Y19.735 E0.01222
G1 X37.134 Y19.835 E0.01196
G1 X36.721 Y20.007 E0.01214
G1 X36.351 Y20.238 E0.01184
G1 X36.019 Y20.519 E0.0118
G1 X35.739 Y20.851 E0.01179
G1 X35.507 Y21.22 E0.01183
G1 X35.335 Y21.634 E0.01217
G1 X35.235 Y22.063 E0.01196
G1 X35.2 Y22.512 E0.01222
G1 X35.2 Y77.496 E1.49228
G1 X35.235 Y77.933 E0.0119
G1 X35.335 Y78.362 E0.01196
G1 X35.507 Y78.773 E0.01209
G1 X35.735 Y79.146 E0.01186
G1 X36.018 Y79.478 E0.01184
G1 X36.351 Y79.761 E0.01186
G0 F1320 X36.521 Y79.866
;MESH:NONMESH
G0 F600 X36.521 Y79.866 Z10.76
G0 F1320 X36.892 Y79.36
G0 X36.062 Y78.938
G0 X36.062 Y21.062
G0 X36.876 Y20.663
G0 X36.063 Y21.087
;TIME_ELAPSED:15596.977732
;LAYER:66
M204 P200
;TYPE:WALL-INNER
;MESH:flasherBot.STL
G1 F452.8 X35.883 Y21.414 E0.01084
G1 F371.4 X35.806 Y21.785 E0.01342
G1 F298.1 X35.75 Y22.533 E0.0331
G1 F274.3 X35.75 Y77.475 E2.63508
G1 F298.1 X35.806 Y78.209 E0.03248
G1 F372.1 X35.883 Y78.581 E0.01343
G1 F448.6 X36.114 Y78.967 E0.01319
G0 F1320 X36.876 Y79.337
G0 X37.687 Y79.485
G1 F498.7 X38.046 Y79.5 E0.00948
G1 F480 X61.954 Y79.5 E0.65523
G1 F498.7 X62.312 Y79.485 E0.00945
G0 F1320 X37.35 Y79.484
G0 X37.258 Y79.778
G1 F480 X37.627 Y79.866 E0.0104
G1 X38.03 Y79.9 E0.01108
G1 X61.97 Y79.9 E0.65611
G1 X62.372 Y79.866 E0.01106
G1 X62.738 Y79.779 E0.01031
G1 X63.095 Y79.631 E0.01059
G1 X63.413 Y79.437 E0.01021
G1 X63.697 Y79.191 E0.0103
G1 F475.2 X63.886 Y78.966 E0.00813
G1 F476.4 X63.601 Y79.1 E0.0087
G1 F480 X36.394 Y79.1 E0.74564
G1 F472.9 X36.114 Y78.967 E0.00862
G1 F470.6 X36.302 Y79.194 E0.00824
G1 F477.6 X36.587 Y79.436 E0.0103
G1 F480 X36.903 Y79.631 E0.01018
G1 X37.258 Y79.778 E0.01053
G0 F1320 X37.351 Y79.484
G0 X63.124 Y79.337
G0 X63.886 Y78.966
G1 F453.9 X64.114 Y78.581 E0.01297
G1 F375 X64.192 Y78.21 E0.0133
G1 F299.1 X64.25 Y77.464 E0.03291
G1 F274.3 X64.25 Y22.528 E2.63479
G1 F299.1 X64.192 Y21.785 E0.03278
G1 F375 X64.114 Y21.411 E0.0134
G1 F456.1 X63.937 Y21.087 E0.01065
G0 F1320 X63.124 Y20.663
G0 X62.316 Y20.514
G1 F497.4 X61.958 Y20.5 E0.00948
G1 F480 X38.042 Y20.5 E0.65545
G1 F496.1 X37.683 Y20.514 E0.00953
G0 F1320 X61.973 Y20.41
G0 X61.973 Y20.1
G1 F480 X38.012 Y20.101 E0.65668
G1 X37.624 Y20.131 E0.01067
G1 X37.257 Y20.217 E0.01033
G1 X36.905 Y20.363 E0.01044
G1 X36.587 Y20.562 E0.01028
G1 X36.299 Y20.807 E0.01036
G1 F478.8 X36.063 Y21.087 E0.01006
G1 X36.391 Y20.9 E0.01037
G1 F480 X63.608 Y20.9 E0.74592
G1 F478.8 X63.937 Y21.087 E0.0104
G1 X63.694 Y20.802 E0.01029
G1 F480 X63.413 Y20.563 E0.01011
G1 X63.093 Y20.364 E0.01033
G1 X62.738 Y20.217 E0.01053
G1 X62.375 Y20.132 E0.01022
G1 X61.973 Y20.1 E0.01105
G0 F1320 X61.973 Y20.41
G0 X36.062 Y21.062
G0 X36.301 Y21.472
M204 P150
;TYPE:WALL-OUTER
G1 F480 X36.354 Y21.362 E0.00331
G1 X36.455 Y21.305 E0.00315
G1 X63.545 Y21.304 E0.73523
G1 X63.646 Y21.362 E0.00316
G1 X63.699 Y21.471 E0.00329
G1 X63.699 Y78.527 E1.54852
G1 X63.629 Y78.655 E0.00396
G1 X63.545 Y78.695 E0.00253
G1 X36.454 Y78.695 E0.73526
G1 X36.372 Y78.655 E0.00248
G1 X36.301 Y78.527 E0.00397
G1 X36.301 Y21.472 E1.54849
G0 F1320 X36.354 Y21.362
G0 X36.421 Y21.324
G0 X36.876 Y20.663
G0 X36.062 Y21.062
G0 X36.062 Y78.938
G0 X63.124 Y79.337
G0 X63.977 Y79.478
G1 F480 X64.261 Y79.146 E0.01186
G1 X64.489 Y78.772 E0.01189
G1 X64.661 Y78.362 E0.01207
G1 X64.761 Y77.932 E0.01198
G1 X64.8 Y77.487 E0.01212
G1 X64.8 Y22.505 E1.49223
G1 X64.762 Y22.064 E0.01201
G1 X64.661 Y21.634 E0.01199
G1 X64.489 Y21.22 E0.01217
G1 X64.261 Y20.851 E0.01177
G1 X63.978 Y20.518 E0.01186
G1 X63.649 Y20.239 E0.01171
G1 X63.276 Y20.007 E0.01192
G1 X62.862 Y19.835 E0.01217
G1 X62.437 Y19.735 E0.01185
G1 X61.988 Y19.7 E0.01222
G1 X38.012 Y19.7 E0.65072
G1 X37.563 Y19.735 E0.01222
G1 X37.134 Y19.835 E0.01196
G1 X36.721 Y20.007 E0.01214
G1 X36.351 Y20.238 E0.01184
G1 X36.019 Y20.519 E0.0118
G1 X35.739 Y20.851 E0.01179
G1 X35.507 Y21.22 E0.01183
G1 X35.335 Y21.634 E0.01217
G1 X35.235 Y22.063 E0.01196
G1 X35.2 Y22.512 E0.01222
G1 X35.2 Y77.496 E1.49228
G1 X35.235 Y77.933 E0.0119
G1 X35.335 Y78.362 E0.01196
G1 X35.507 Y78.773 E0.01209
G1 X35.735 Y79.146 E0.01186
G1 X36.018 Y79.478 E0.01184
G1 X36.351 Y79.761 E0.01186
G1 X36.72 Y79.989 E0.01177
G1 X37.134 Y80.16 E0.01216
G1 X37.564 Y80.262 E0.01199
G1 X38.013 Y80.3 E0.01223
G1 X61.987 Y80.3 E0.65066
G1 X62.436 Y80.262 E0.01223
G1 X62.862 Y80.161 E0.01188
G1 X63.277 Y79.989 E0.01219
G1 X63.649 Y79.761 E0.01184
G1 X63.977 Y79.478 E0.01176
G0 F1320 X64.106 Y79.327
;MESH:NONMESH
G0 F600 X64.106 Y79.327 Z10.92
G0 F1320 X63.874 Y79.127
G0 X63.938 Y21.062
G0 X36.876 Y20.663
G0 X36.063 Y21.087
;TIME_ELAPSED:15698.797244
;LAYER:67
M204 P200
;TYPE:WALL-INNER
;MESH:flasherBot.STL
G1 F452.8 X35.883 Y21.414 E0.01084
G1 F371.4 X35.806 Y21.785 E0.01342
G1 F298.1 X35.75 Y22.533 E0.0331
G1 F274.3 X35.75 Y77.475 E2.63508
G1 F298.1 X35.806 Y78.209 E0.03248
G1 F372.1 X35.883 Y78.581 E0.01343
G1 F448.6 X36.114 Y78.967 E0.01319
G0 F1320 X36.876 Y79.337
G0 X37.687 Y79.485
G1 F498.7 X38.046 Y79.5 E0.00948
G1 F480 X61.954 Y79.5 E0.65523
G1 F498.7 X62.312 Y79.485 E0.00945
G0 F1320 X63.124 Y79.337
G0 X63.413 Y79.437
G1 F480 X63.697 Y79.191 E0.0103
G1 F475.2 X63.886 Y78.966 E0.00813
G1 F476.4 X63.601 Y79.1 E0.0087
G1 F480 X36.394 Y79.1 E0.74564
G1 F472.9 X36.114 Y78.967 E0.00862
G1 F470.6 X36.302 Y79.194 E0.00824
G1 F477.6 X36.587 Y79.436 E0.0103
G1 F480 X36.903 Y79.631 E0.01018
G1 X37.258 Y79.778 E0.01053
G1 X37.627 Y79.866 E0.0104
G1 X38.03 Y79.9 E0.01108
G1 X61.97 Y79.9 E0.65611
G1 X62.372 Y79.866 E0.01106
G1 X62.738 Y79.779 E0.01031
G1 X63.095 Y79.631 E0.01059
G1 X63.413 Y79.437 E0.01021
G0 F1320 X63.886 Y78.966
G1 F453.9 X64.114 Y78.581 E0.01297
G1 F375 X64.192 Y78.21 E0.0133
G1 F299.1 X64.25 Y77.464 E0.03291
G1 F274.3 X64.25 Y22.528 E2.63479
G1 F299.1 X64.192 Y21.785 E0.03278
G1 F375 X64.114 Y21.411 E0.0134
G1 F456.1 X63.937 Y21.087 E0.01065
G0 F1320 X63.124 Y20.663
G0 X62.316 Y20.514
G1 F497.4 X61.958 Y20.5 E0.00948
G1 F480 X38.042 Y20.5 E0.65545
G1 F496.1 X37.683 Y20.514 E0.00953
G0 F1320 X63.124 Y20.663
G0 X63.694 Y20.802
G1 F480 X63.413 Y20.563 E0.01011
G1 X63.093 Y20.364 E0.01033
G1 X62.738 Y20.217 E0.01053
G1 X62.375 Y20.132 E0.01022
G1 X61.973 Y20.1 E0.01105
G1 X38.012 Y20.101 E0.65668
G1 X37.624 Y20.131 E0.01067
G1 X37.257 Y20.217 E0.01033
G1 X36.905 Y20.363 E0.01044
G1 X36.587 Y20.562 E0.01028
G1 X36.299 Y20.807 E0.01036
G1 F478.8 X36.063 Y21.087 E0.01006
G1 X36.391 Y20.9 E0.01037
G1 F480 X63.608 Y20.9 E0.74592
G1 F478.8 X63.937 Y21.087 E0.0104
G1 X63.694 Y20.802 E0.01029
G0 F1320 X63.646 Y21.362
M204 P150
;TYPE:WALL-OUTER
G1 F480 X63.699 Y21.471 E0.00329
G1 X63.699 Y78.527 E1.54852
G1 X63.629 Y78.655 E0.00396
G1 X63.545 Y78.695 E0.00253
G1 X36.454 Y78.695 E0.73526
G1 X36.372 Y78.655 E0.00248
G1 X36.301 Y78.527 E0.00397
G1 X36.301 Y21.472 E1.54849
G1 X36.354 Y21.362 E0.00331
G1 X36.455 Y21.305 E0.00315
G1 X63.545 Y21.304 E0.73523
G1 X63.646 Y21.362 E0.00316
G0 F1320 X63.699 Y21.471
G0 X63.699 Y21.55
G0 X64.01 Y21.55
G0 X35.983 Y21.04
G0 X35.739 Y20.851
G1 F480 X35.507 Y21.22 E0.01183
G1 X35.335 Y21.634 E0.01217
G1 X35.235 Y22.063 E0.01196
G1 X35.2 Y22.512 E0.01222
G1 X35.2 Y77.496 E1.49228
G1 X35.235 Y77.933 E0.0119
G1 X35.335 Y78.362 E0.01196
G1 X35.507 Y78.773 E0.01209
G1 X35.735 Y79.146 E0.01186
G1 X36.018 Y79.478 E0.01184
G1 X36.351 Y79.761 E0.01186
G1 X36.72 Y79.989 E0.01177
G1 X37.134 Y80.16 E0.01216
G1 X37.564 Y80.262 E0.01199
G1 X38.013 Y80.3 E0.01223
G1 X61.987 Y80.3 E0.65066
G1 X62.436 Y80.262 E0.01223
G1 X62.862 Y80.161 E0.01188
G1 X63.277 Y79.989 E0.01219
G1 X63.649 Y79.761 E0.01184
G1 X63.977 Y79.478 E0.01176
G1 X64.261 Y79.146 E0.01186
G1 X64.489 Y78.772 E0.01189
G1 X64.661 Y78.362 E0.01207
G1 X64.761 Y77.932 E0.01198
G1 X64.8 Y77.487 E0.01212
G1 X64.8 Y22.505 E1.49223
G1 X64.762 Y22.064 E0.01201
G1 X64.661 Y21.634 E0.01199
G1 X64.489 Y21.22 E0.01217
G1 X64.261 Y20.851 E0.01177
G1 X63.978 Y20.518 E0.01186
G1 X63.649 Y20.239 E0.01171
G1 X63.276 Y20.007 E0.01192
G1 X62.862 Y19.835 E0.01217
G1 X62.437 Y19.735 E0.01185
G1 X61.988 Y19.7 E0.01222
G1 X38.012 Y19.7 E0.65072
G1 X37.563 Y19.735 E0.01222
G1 X37.134 Y19.835 E0.01196
G1 X36.721 Y20.007 E0.01214
G1 X36.351 Y20.238 E0.01184
G1 X36.019 Y20.519 E0.0118
G1 X35.739 Y20.851 E0.01179
G0 F1320 X35.633 Y21.02
;MESH:NONMESH
G0 F600 X35.633 Y21.02 Z11.08
G0 F1320 X36.063 Y21.087
;TIME_ELAPSED:15790.500640
;LAYER:68
M204 P200
;TYPE:WALL-INNER
;MESH:flasherBot.STL
G1 F452.8 X35.883 Y21.414 E0.01084
G1 F371.4 X35.806 Y21.785 E0.01342
G1 F298.1 X35.75 Y22.533 E0.0331
G1 F274.3 X35.75 Y77.475 E2.63508
G1 F298.1 X35.806 Y78.209 E0.03248
G1 F372.1 X35.883 Y78.581 E0.01343
G1 F448.6 X36.114 Y78.967 E0.01319
G0 F1320 X36.876 Y79.337
G0 X37.687 Y79.485
G1 F498.7 X38.046 Y79.5 E0.00948
G1 F480 X61.954 Y79.5 E0.65523
G1 F498.7 X62.312 Y79.485 E0.00945
G0 F1320 X62.738 Y79.779
G1 F480 X63.095 Y79.631 E0.01059
G1 X63.413 Y79.437 E0.01021
G1 X63.697 Y79.191 E0.0103
G1 F475.2 X63.886 Y78.966 E0.00813
G1 F476.4 X63.601 Y79.1 E0.0087
G1 F480 X36.394 Y79.1 E0.74564
G1 F472.9 X36.114 Y78.967 E0.00862
G1 F470.6 X36.302 Y79.194 E0.00824
G1 F477.6 X36.587 Y79.436 E0.0103
G1 F480 X36.903 Y79.631 E0.01018
G1 X37.258 Y79.778 E0.01053
G1 X37.627 Y79.866 E0.0104
G1 X38.03 Y79.9 E0.01108
G1 X61.97 Y79.9 E0.65611
G1 X62.372 Y79.866 E0.01106
G1 X62.738 Y79.779 E0.01031
G0 F1320 X62.65 Y79.483
G0 X63.886 Y78.966
G1 F453.9 X64.114 Y78.581 E0.01297
G1 F375 X64.192 Y78.21 E0.0133
G1 F299.1 X64.25 Y77.464 E0.03291
G1 F274.3 X64.25 Y22.528 E2.63479
G1 F299.1 X64.192 Y21.785 E0.03278
G1 F375 X64.114 Y21.411 E0.0134
G1 F456.1 X63.937 Y21.087 E0.01065
G0 F1320 X63.124 Y20.663
G0 X62.316 Y20.514
G1 F497.4 X61.958 Y20.5 E0.00948
G1 F480 X38.042 Y20.5 E0.65545
G1 F496.1 X37.683 Y20.514 E0.00953
G0 F1320 X36.876 Y20.663
G0 X36.299 Y20.807
G1 F478.8 X36.063 Y21.087 E0.01006
G1 X36.391 Y20.9 E0.01037
G1 F480 X63.608 Y20.9 E0.74592
G1 F478.8 X63.937 Y21.087 E0.0104
G1 X63.694 Y20.802 E0.01029
G1 F480 X63.413 Y20.563 E0.01011
G1 X63.093 Y20.364 E0.01033
G1 X62.738 Y20.217 E0.01053
G1 X62.375 Y20.132 E0.01022
G1 X61.973 Y20.1 E0.01105
G1 X38.012 Y20.101 E0.65668
G1 X37.624 Y20.131 E0.01067
G1 X37.257 Y20.217 E0.01033
G1 X36.905 Y20.363 E0.01044
G1 X36.587 Y20.562 E0.01028
G1 X36.299 Y20.807 E0.01036
G0 F1320 X36.354 Y21.362
M204 P150
;TYPE:WALL-OUTER
G1 F480 X36.455 Y21.305 E0.00315
G1 X63.545 Y21.304 E0.73523
G1 X63.646 Y21.362 E0.00316
G1 X63.699 Y21.471 E0.00329
G1 X63.699 Y78.527 E1.54852
G1 X63.629 Y78.655 E0.00396
G1 X63.545 Y78.695 E0.00253
G1 X36.454 Y78.695 E0.73526
G1 X36.372 Y78.655 E0.00248
G1 X36.301 Y78.527 E0.00397
G1 X36.301 Y21.472 E1.54849
G1 X36.354 Y21.362 E0.00331
G0 F1320 X36.455 Y21.305
G0 X36.539 Y21.305
G0 X36.876 Y20.663
G0 X36.062 Y21.062
G0 X36.062 Y78.938
G0 X63.124 Y79.337
G0 X63.977 Y79.478
G1 F480 X64.261 Y79.146 E0.01186
G1 X64.489 Y78.772 E0.01189
G1 X64.661 Y78.362 E0.01207
G1 X64.761 Y77.932 E0.01198
G1 X64.8 Y77.487 E0.01212
G1 X64.8 Y22.505 E1.49223
G1 X64.762 Y22.064 E0.01201
G1 X64.661 Y21.634 E0.01199
G1 X64.489 Y21.22 E0.01217
G1 X64.261 Y20.851 E0.01177
G1 X63.978 Y20.518 E0.01186
G1 X63.649 Y20.239 E0.01171
G1 X63.276 Y20.007 E0.01192
G1 X62.862 Y19.835 E0.01217
G1 X62.437 Y19.735 E0.01185
G1 X61.988 Y19.7 E0.01222
G1 X38.012 Y19.7 E0.65072
G1 X37.563 Y19.735 E0.01222
G1 X37.134 Y19.835 E0.01196
G1 X36.721 Y20.007 E0.01214
G1 X36.351 Y20.238 E0.01184
G1 X36.019 Y20.519 E0.0118
G1 X35.739 Y20.851 E0.01179
G1 X35.507 Y21.22 E0.01183
G1 X35.335 Y21.634 E0.01217
G1 X35.235 Y22.063 E0.01196
G1 X35.2 Y22.512 E0.01222
G1 X35.2 Y77.496 E1.49228
G1 X35.235 Y77.933 E0.0119
G1 X35.335 Y78.362 E0.01196
G1 X35.507 Y78.773 E0.01209
G1 X35.735 Y79.146 E0.01186
G1 X36.018 Y79.478 E0.01184
G1 X36.351 Y79.761 E0.01186
G1 X36.72 Y79.989 E0.01177
G1 X37.134 Y80.16 E0.01216
G1 X37.564 Y80.262 E0.01199
G1 X38.013 Y80.3 E0.01223
G1 X61.987 Y80.3 E0.65066
G1 X62.436 Y80.262 E0.01223
G1 X62.862 Y80.161 E0.01188
G1 X63.277 Y79.989 E0.01219
G1 X63.649 Y79.761 E0.01184
G1 X63.977 Y79.478 E0.01176
G0 F1320 X64.106 Y79.327
;MESH:NONMESH
G0 F600 X64.106 Y79.327 Z11.24
G0 F1320 X63.874 Y79.127
G0 X63.938 Y21.062
G0 X36.876 Y20.663
G0 X36.063 Y21.087
;TIME_ELAPSED:15887.738774
;LAYER:69
M204 P200
;TYPE:WALL-INNER
;MESH:flasherBot.STL
G1 F452.8 X35.883 Y21.414 E0.01084
G1 F371.4 X35.806 Y21.785 E0.01342
G1 F298.1 X35.75 Y22.533 E0.0331
G1 F274.3 X35.75 Y77.475 E2.63508
G1 F298.1 X35.806 Y78.209 E0.03248
G1 F372.1 X35.883 Y78.581 E0.01343
G1 F448.6 X36.114 Y78.967 E0.01319
G0 F1320 X36.876 Y79.337
G0 X37.687 Y79.485
G1 F498.7 X38.046 Y79.5 E0.00948
G1 F480 X61.954 Y79.5 E0.65523
G1 F498.7 X62.312 Y79.485 E0.00945
G0 F1320 X37.053 Y79.361
G0 X36.903 Y79.631
G1 F480 X37.258 Y79.778 E0.01053
G1 X37.627 Y79.866 E0.0104
G1 X38.03 Y79.9 E0.01108
G1 X61.97 Y79.9 E0.65611
G1 X62.372 Y79.866 E0.01106
G1 X62.738 Y79.779 E0.01031
G1 X63.095 Y79.631 E0.01059
G1 X63.413 Y79.437 E0.01021
G1 X63.697 Y79.191 E0.0103
G1 F475.2 X63.886 Y78.966 E0.00813
G1 F476.4 X63.601 Y79.1 E0.0087
G1 F480 X36.394 Y79.1 E0.74564
G1 F472.9 X36.114 Y78.967 E0.00862
G1 F470.6 X36.302 Y79.194 E0.00824
G1 F477.6 X36.587 Y79.436 E0.0103
G1 F480 X36.903 Y79.631 E0.01018
G0 F1320 X37.053 Y79.41
G0 X63.124 Y79.337
G0 X63.886 Y78.966
G1 F453.9 X64.114 Y78.581 E0.01297
G1 F375 X64.192 Y78.21 E0.0133
G1 F299.1 X64.25 Y77.464 E0.03291
G1 F274.3 X64.25 Y22.528 E2.63479
G1 F299.1 X64.192 Y21.785 E0.03278
G1 F375 X64.114 Y21.411 E0.0134
G1 F456.1 X63.937 Y21.087 E0.01065
G0 F1320 X63.124 Y20.663
G0 X62.316 Y20.514
G1 F497.4 X61.958 Y20.5 E0.00948
G1 F480 X38.042 Y20.5 E0.65545
G1 F496.1 X37.683 Y20.514 E0.00953
G0 F1320 X63.124 Y20.663
G0 X63.937 Y21.087
G1 F478.8 X63.694 Y20.802 E0.01029
G1 F480 X63.413 Y20.563 E0.01011
G1 X63.093 Y20.364 E0.01033
G1 X62.738 Y20.217 E0.01053
G1 X62.375 Y20.132 E0.01022
G1 X61.973 Y20.1 E0.01105
G1 X38.012 Y20.101 E0.65668
G1 X37.624 Y20.131 E0.01067
G1 X37.257 Y20.217 E0.01033
G1 X36.905 Y20.363 E0.01044
G1 X36.587 Y20.562 E0.01028
G1 X36.299 Y20.807 E0.01036
G1 F478.8 X36.063 Y21.087 E0.01006
G1 X36.391 Y20.9 E0.01037
G1 F480 X63.608 Y20.9 E0.74592
G1 F478.8 X63.937 Y21.087 E0.0104
G0 F1320 X63.545 Y21.304
M204 P150
;TYPE:WALL-OUTER
G1 F480 X63.646 Y21.362 E0.00316
G1 X63.699 Y21.471 E0.00329
G1 X63.699 Y78.527 E1.54852
G1 X63.629 Y78.655 E0.00396
G1 X63.545 Y78.695 E0.00253
G1 X36.454 Y78.695 E0.73526
G1 X36.372 Y78.655 E0.00248
G1 X36.301 Y78.527 E0.00397
G1 X36.301 Y21.472 E1.54849
G1 X36.354 Y21.362 E0.00331
G1 X36.455 Y21.305 E0.00315
G1 X63.545 Y21.304 E0.73523
G0 F1320 X63.646 Y21.362
G0 X63.682 Y21.437
G0 X64.01 Y21.437
G0 X37.053 Y20.639
G0 X36.721 Y20.007
G1 F480 X36.351 Y20.238 E0.01184
G1 X36.019 Y20.519 E0.0118
G1 X35.739 Y20.851 E0.01179
G1 X35.507 Y21.22 E0.01183
G1 X35.335 Y21.634 E0.01217
G1 X35.235 Y22.063 E0.01196
G1 X35.2 Y22.512 E0.01222
G1 X35.2 Y77.496 E1.49228
G1 X35.235 Y77.933 E0.0119
G1 X35.335 Y78.362 E0.01196
G1 X35.507 Y78.773 E0.01209
G1 X35.735 Y79.146 E0.01186
G1 X36.018 Y79.478 E0.01184
G1 X36.351 Y79.761 E0.01186
G1 X36.72 Y79.989 E0.01177
G1 X37.134 Y80.16 E0.01216
G1 X37.564 Y80.262 E0.01199
G1 X38.013 Y80.3 E0.01223
G1 X61.987 Y80.3 E0.65066
G1 X62.436 Y80.262 E0.01223
G1 X62.862 Y80.161 E0.01188
G1 X63.277 Y79.989 E0.01219
G1 X63.649 Y79.761 E0.01184
G1 X63.977 Y79.478 E0.01176
G1 X64.261 Y79.146 E0.01186
G1 X64.489 Y78.772 E0.01189
G1 X64.661 Y78.362 E0.01207
G1 X64.761 Y77.932 E0.01198
G1 X64.8 Y77.487 E0.01212
G1 X64.8 Y22.505 E1.49223
G1 X64.762 Y22.064 E0.01201
G1 X64.661 Y21.634 E0.01199
G1 X64.489 Y21.22 E0.01217
G1 X64.261 Y20.851 E0.01177
G1 X63.978 Y20.518 E0.01186
G1 X63.649 Y20.239 E0.01171
G1 X63.276 Y20.007 E0.01192
G1 X62.862 Y19.835 E0.01217
G1 X62.437 Y19.735 E0.01185
G1 X61.988 Y19.7 E0.01222
G1 X38.012 Y19.7 E0.65072
G1 X37.563 Y19.735 E0.01222
G1 X37.134 Y19.835 E0.01196
G1 X36.721 Y20.007 E0.01214
G0 F1320 X36.552 Y20.112
;MESH:NONMESH
G0 F600 X36.552 Y20.112 Z11.4
G0 F1320 X36.924 Y20.64
G0 X36.063 Y21.087
;TIME_ELAPSED:15981.856691
;LAYER:70
M204 P200
;TYPE:WALL-INNER
;MESH:flasherBot.STL
G1 F452.8 X35.883 Y21.414 E0.01084
G1 F371.4 X35.806 Y21.785 E0.01342
G1 F298.1 X35.75 Y22.506 E0.03191
G1 F274.3 X35.75 Y77.475 E2.63637
G1 F298.1 X35.806 Y78.209 E0.03248
G1 F372.1 X35.883 Y78.581 E0.01343
G1 F448.6 X36.114 Y78.967 E0.01319
G0 F1320 X36.876 Y79.337
G0 X37.685 Y79.485
G1 F503.9 X38.016 Y79.498 E0.00865
G1 F482.4 X61.954 Y79.5 E0.65277
G1 F498.7 X62.312 Y79.485 E0.00945
G0 F1320 X62.738 Y79.779
G1 F480 X63.095 Y79.631 E0.01059
G1 X63.413 Y79.437 E0.01021
G1 X63.697 Y79.191 E0.0103
G1 F475.2 X63.886 Y78.966 E0.00813
G1 F476.4 X63.601 Y79.1 E0.0087
G1 F480 X36.394 Y79.1 E0.74564
G1 F472.9 X36.114 Y78.967 E0.00862
G1 F470.6 X36.302 Y79.194 E0.00824
G1 F477.6 X36.587 Y79.436 E0.0103
G1 F480 X36.903 Y79.631 E0.01018
G1 X37.258 Y79.778 E0.01053
G1 X37.626 Y79.864 E0.01036
G1 X38.001 Y79.896 E0.01031
G1 X61.97 Y79.9 E0.6569
G1 X62.372 Y79.866 E0.01106
G1 X62.738 Y79.779 E0.01031
G0 F1320 X62.65 Y79.483
G0 X63.886 Y78.966
G1 F453.9 X64.114 Y78.581 E0.01297
G1 F375 X64.192 Y78.21 E0.0133
G1 F300 X64.248 Y77.49 E0.03167
G1 F275.5 X64.25 Y22.528 E2.62474
G1 F299.5 X64.192 Y21.785 E0.03273
G1 F375 X64.114 Y21.411 E0.0134
G1 F456.1 X63.937 Y21.087 E0.01065
G0 F1320 X63.124 Y20.663
G0 X62.314 Y20.513
G1 F498.7 X61.98 Y20.5 E0.00882
G1 F481.2 X38.042 Y20.5 E0.65441
G1 F496.1 X37.683 Y20.514 E0.00953
G0 F1320 X36.876 Y20.663
G0 X36.391 Y20.9
G1 F480 X63.608 Y20.9 E0.74592
G1 F478.8 X63.937 Y21.087 E0.0104
G1 X63.694 Y20.802 E0.01029
G1 F480 X63.413 Y20.563 E0.01011
G1 X63.093 Y20.364 E0.01033
G1 X62.738 Y20.217 E0.01053
G1 X62.374 Y20.131 E0.01025
G1 X61.995 Y20.101 E0.01042
G1 X38.027 Y20.1 E0.65688
G1 X37.624 Y20.131 E0.01108
G1 X37.257 Y20.217 E0.01033
G1 X36.905 Y20.363 E0.01044
G1 X36.587 Y20.562 E0.01028
G1 X36.299 Y20.807 E0.01036
G1 F478.8 X36.063 Y21.087 E0.01006
G1 X36.391 Y20.9 E0.01037
G0 F1320 X36.92 Y20.662
G0 X36.062 Y21.062
G0 X36.062 Y78.938
G0 X36.876 Y79.337
G0 X36.372 Y78.655
M204 P150
;TYPE:WALL-OUTER
G1 F480 X36.301 Y78.527 E0.00397
G1 X36.301 Y21.472 E1.54849
G1 X36.354 Y21.362 E0.00331
G1 X36.455 Y21.305 E0.00315
G1 X63.545 Y21.304 E0.73523
G1 X63.646 Y21.362 E0.00316
G1 X63.699 Y21.471 E0.00329
G1 X63.699 Y78.527 E1.54852
G1 X63.629 Y78.655 E0.00396
G1 X63.545 Y78.695 E0.00253
G1 X36.454 Y78.695 E0.73526
G1 X36.372 Y78.655 E0.00248
G0 F1320 X36.301 Y78.527
G0 X36.301 Y78.473
G0 X35.99 Y78.473
G0 X36.876 Y79.337
G0 X36.018 Y79.478
G1 F480 X36.351 Y79.761 E0.01186
G1 X36.72 Y79.989 E0.01177
G1 X37.134 Y80.16 E0.01216
G1 X37.564 Y80.261 E0.01199
G1 X37.985 Y80.296 E0.01147
G1 X61.987 Y80.3 E0.65142
G1 X62.436 Y80.262 E0.01223
G1 X62.862 Y80.161 E0.01188
G1 X63.277 Y79.989 E0.01219
G1 X63.649 Y79.761 E0.01184
G1 X63.977 Y79.478 E0.01176
G1 X64.261 Y79.146 E0.01186
G1 X64.489 Y78.772 E0.01189
G1 X64.661 Y78.362 E0.01207
G1 X64.761 Y77.932 E0.01198
G1 X64.796 Y77.511 E0.01147
G1 X64.799 Y22.505 E1.49288
G1 X64.762 Y22.064 E0.01201
G1 X64.661 Y21.634 E0.01199
G1 X64.489 Y21.22 E0.01217
G1 X64.261 Y20.851 E0.01177
G1 X63.978 Y20.518 E0.01186
G1 X63.649 Y20.239 E0.01171
G1 X63.276 Y20.007 E0.01192
G1 X62.862 Y19.835 E0.01217
G1 X62.436 Y19.735 E0.01188
G1 X62.011 Y19.701 E0.01157
G1 X38.012 Y19.7 E0.65134
G1 X37.563 Y19.735 E0.01222
G1 X37.134 Y19.835 E0.01196
G1 X36.721 Y20.007 E0.01214
G1 X36.351 Y20.238 E0.01184
G1 X36.019 Y20.519 E0.0118
G1 X35.739 Y20.851 E0.01179
G1 X35.507 Y21.22 E0.01183
G1 X35.335 Y21.634 E0.01217
G1 X35.235 Y22.064 E0.01198
G1 X35.2 Y22.484 E0.01144
G1 X35.2 Y77.496 E1.49304
G1 X35.235 Y77.933 E0.0119
G1 X35.335 Y78.362 E0.01196
G1 X35.507 Y78.773 E0.01209
G1 X35.735 Y79.146 E0.01186
G1 X36.018 Y79.478 E0.01184
G0 F1320 X36.17 Y79.607
;MESH:NONMESH
G0 F600 X36.17 Y79.607 Z11.56
G0 F1320 X36.876 Y79.337
G0 X36.062 Y78.938
G0 X36.062 Y21.062
G0 X36.876 Y20.663
G0 X36.063 Y21.087
;TIME_ELAPSED:16076.866485
;LAYER:71
M204 P200
;TYPE:WALL-INNER
;MESH:flasherBot.STL
G1 F452.8 X35.883 Y21.414 E0.01084
G1 F371.4 X35.806 Y21.785 E0.01342
G1 F298.1 X35.75 Y22.514 E0.03226
G1 F274.3 X35.75 Y77.475 E2.63599
G1 F298.1 X35.806 Y78.209 E0.03248
G1 F372.1 X35.883 Y78.581 E0.01343
G1 F448.6 X36.114 Y78.967 E0.01319
G0 F1320 X36.876 Y79.337
G0 X37.684 Y79.485
G1 F503.9 X38.024 Y79.498 E0.00888
G1 F482.4 X61.954 Y79.5 E0.65255
G1 F498.7 X62.312 Y79.485 E0.00945
G0 F1320 X36.876 Y79.337
G0 X36.394 Y79.1
G1 F472.9 X36.114 Y78.967 E0.00862
G1 F470.6 X36.302 Y79.194 E0.00824
G1 F477.6 X36.587 Y79.436 E0.0103
G1 F480 X36.903 Y79.631 E0.01018
G1 X37.258 Y79.778 E0.01053
G1 X37.625 Y79.864 E0.01033
G1 X38.009 Y79.896 E0.01056
G1 X61.97 Y79.9 E0.65668
G1 X62.372 Y79.866 E0.01106
G1 X62.738 Y79.779 E0.01031
G1 X63.095 Y79.631 E0.01059
G1 X63.413 Y79.437 E0.01021
G1 X63.697 Y79.191 E0.0103
G1 F475.2 X63.886 Y78.966 E0.00813
G1 F476.4 X63.601 Y79.1 E0.0087
G1 F480 X36.394 Y79.1 E0.74564
G0 F1320 X36.921 Y79.339
G0 X63.124 Y79.337
G0 X63.886 Y78.966
G1 F453.9 X64.114 Y78.581 E0.01297
G1 F375 X64.192 Y78.21 E0.0133
G1 F300 X64.248 Y77.486 E0.03184
G1 F275.5 X64.25 Y22.528 E2.62455
G1 F299.5 X64.192 Y21.785 E0.03273
G1 F375 X64.114 Y21.411 E0.0134
G1 F456.1 X63.937 Y21.087 E0.01065
G0 F1320 X63.124 Y20.663
G0 X62.314 Y20.513
G1 F498.7 X61.976 Y20.5 E0.00892
G1 F481.2 X38.042 Y20.5 E0.6543
G1 F496.1 X37.683 Y20.514 E0.00953
G0 F1320 X38.027 Y20.1
G1 F480 X37.624 Y20.131 E0.01108
G1 X37.257 Y20.217 E0.01033
G1 X36.905 Y20.363 E0.01044
G1 X36.587 Y20.562 E0.01028
G1 X36.299 Y20.807 E0.01036
G1 F478.8 X36.063 Y21.087 E0.01006
G1 X36.391 Y20.9 E0.01037
G1 F480 X63.608 Y20.9 E0.74592
G1 F478.8 X63.937 Y21.087 E0.0104
G1 X63.694 Y20.802 E0.01029
G1 F480 X63.413 Y20.563 E0.01011
G1 X63.093 Y20.364 E0.01033
G1 X62.738 Y20.217 E0.01053
G1 X62.374 Y20.131 E0.01025
G1 X61.991 Y20.101 E0.01053
G1 X38.027 Y20.1 E0.65677
G0 F1320 X38.028 Y20.41
G0 X61.988 Y20.41
G0 X62.007 Y19.701
M204 P150
;TYPE:WALL-OUTER
G1 F480 X38.012 Y19.7 E0.65123
G1 X37.563 Y19.735 E0.01222
G1 X37.134 Y19.835 E0.01196
G1 X36.721 Y20.007 E0.01214
G1 X36.351 Y20.238 E0.01184
G1 X36.019 Y20.519 E0.0118
G1 X35.739 Y20.851 E0.01179
G1 X35.507 Y21.22 E0.01183
G1 X35.335 Y21.634 E0.01217
G1 X35.235 Y22.064 E0.01198
G1 X35.2 Y22.492 E0.01165
G1 X35.2 Y77.496 E1.49282
G1 X35.235 Y77.933 E0.0119
G1 X35.335 Y78.362 E0.01196
G1 X35.507 Y78.773 E0.01209
G1 X35.735 Y79.146 E0.01186
G1 X36.018 Y79.478 E0.01184
G1 X36.351 Y79.761 E0.01186
G1 X36.72 Y79.989 E0.01177
G1 X37.134 Y80.16 E0.01216
G1 X37.563 Y80.261 E0.01196
G1 X37.993 Y80.296 E0.01171
G1 X61.987 Y80.3 E0.6512
G1 X62.436 Y80.262 E0.01223
G1 X62.862 Y80.161 E0.01188
G1 X63.277 Y79.989 E0.01219
G1 X63.649 Y79.761 E0.01184
G1 X63.977 Y79.478 E0.01176
G1 X64.261 Y79.146 E0.01186
G1 X64.489 Y78.772 E0.01189
G1 X64.661 Y78.362 E0.01207
G1 X64.761 Y77.932 E0.01198
G1 X64.796 Y77.507 E0.01157
G1 X64.799 Y22.505 E1.49277
G1 X64.762 Y22.064 E0.01201
G1 X64.661 Y21.634 E0.01199
G1 X64.489 Y21.22 E0.01217
G1 X64.261 Y20.851 E0.01177
G1 X63.978 Y20.518 E0.01186
G1 X63.649 Y20.239 E0.01171
G1 X63.276 Y20.007 E0.01192
G1 X62.862 Y19.835 E0.01217
G1 X62.436 Y19.735 E0.01188
G1 X62.007 Y19.701 E0.01168
G0 F1320 X61.807 Y19.701
G0 X61.806 Y20.41
G0 X63.124 Y20.663
G0 X63.646 Y21.362
G1 F480 X63.699 Y21.471 E0.00329
G1 X63.699 Y78.527 E1.54852
G1 X63.629 Y78.655 E0.00396
G1 X63.545 Y78.695 E0.00253
G1 X36.454 Y78.695 E0.73526
G1 X36.372 Y78.655 E0.00248
G1 X36.301 Y78.527 E0.00397
G1 X36.301 Y21.472 E1.54849
G1 X36.354 Y21.362 E0.00331
G1 X36.455 Y21.305 E0.00315
G1 X63.545 Y21.304 E0.73523
G1 X63.646 Y21.362 E0.00316
G0 F1320 X63.699 Y21.471
G0 X63.699 Y21.55
;MESH:NONMESH
G0 F600 X63.699 Y21.55 Z11.72
G0 F1320 X64.01 Y21.55
G0 X36.876 Y20.663
G0 X36.063 Y21.087
;TIME_ELAPSED:16170.952740
;LAYER:72
M204 P200
;TYPE:WALL-INNER
;MESH:flasherBot.STL
G1 F452.8 X35.883 Y21.414 E0.01084
G1 F371.4 X35.806 Y21.785 E0.01342
G1 F298.1 X35.75 Y22.518 E0.03244
G1 F274.3 X35.75 Y77.475 E2.6358
G1 F298.1 X35.806 Y78.209 E0.03248
G1 F372.1 X35.883 Y78.581 E0.01343
G1 F448.6 X36.114 Y78.967 E0.01319
G0 F1320 X36.876 Y79.337
G0 X37.688 Y79.485
G1 F498.7 X38.032 Y79.5 E0.00908
G1 F480 X61.954 Y79.5 E0.65561
G1 F498.7 X62.312 Y79.485 E0.00945
G0 F1320 X37.35 Y79.484
G0 X37.258 Y79.778
G1 F480 X37.628 Y79.866 E0.01042
G1 X38.015 Y79.9 E0.01065
G1 X61.97 Y79.9 E0.65652
G1 X62.372 Y79.866 E0.01106
G1 X62.738 Y79.779 E0.01031
G1 X63.095 Y79.631 E0.01059
G1 X63.413 Y79.437 E0.01021
G1 X63.697 Y79.191 E0.0103
G1 F475.2 X63.886 Y78.966 E0.00813
G1 F476.4 X63.601 Y79.1 E0.0087
G1 F480 X36.394 Y79.1 E0.74564
G1 F472.9 X36.114 Y78.967 E0.00862
G1 F470.6 X36.302 Y79.194 E0.00824
G1 F477.6 X36.587 Y79.436 E0.0103
G1 F480 X36.903 Y79.631 E0.01018
G1 X37.258 Y79.778 E0.01053
G0 F1320 X37.351 Y79.484
G0 X63.124 Y79.337
G0 X63.886 Y78.966
G1 F453.9 X64.114 Y78.581 E0.01297
G1 F375 X64.192 Y78.21 E0.0133
G1 F299.1 X64.25 Y77.475 E0.03243
G1 F274.3 X64.25 Y22.528 E2.63532
G1 F299.1 X64.192 Y21.785 E0.03278
G1 F375 X64.114 Y21.411 E0.0134
G1 F456.1 X63.937 Y21.087 E0.01065
G0 F1320 X63.124 Y20.663
G0 X62.315 Y20.514
G1 F497.4 X61.969 Y20.5 E0.00916
G1 F481.2 X38.042 Y20.5 E0.65411
G1 F496.1 X37.683 Y20.514 E0.00953
G0 F1320 X63.124 Y20.663
G0 X63.937 Y21.087
G1 F478.8 X63.694 Y20.802 E0.01029
G1 F480 X63.413 Y20.563 E0.01011
G1 X63.093 Y20.364 E0.01033
G1 X62.738 Y20.217 E0.01053
G1 X62.374 Y20.131 E0.01025
G1 X61.984 Y20.101 E0.01072
G1 X38.027 Y20.1 E0.65657
G1 X37.624 Y20.131 E0.01108
G1 X37.257 Y20.217 E0.01033
G1 X36.905 Y20.363 E0.01044
G1 X36.587 Y20.562 E0.01028
G1 X36.299 Y20.807 E0.01036
G1 F478.8 X36.063 Y21.087 E0.01006
G1 X36.391 Y20.9 E0.01037
G1 F480 X63.608 Y20.9 E0.74592
G1 F478.8 X63.937 Y21.087 E0.0104
G0 F1320 X63.545 Y21.304
M204 P150
;TYPE:WALL-OUTER
G1 F480 X63.646 Y21.362 E0.00316
G1 X63.699 Y21.471 E0.00329
G1 X63.699 Y78.527 E1.54852
G1 X63.629 Y78.655 E0.00396
G1 X63.545 Y78.695 E0.00253
G1 X36.454 Y78.695 E0.73526
G1 X36.372 Y78.655 E0.00248
G1 X36.301 Y78.527 E0.00397
G1 X36.301 Y21.472 E1.54849
G1 X36.354 Y21.362 E0.00331
G1 X36.455 Y21.305 E0.00315
G1 X63.545 Y21.304 E0.73523
G0 F1320 X63.646 Y21.362
G0 X63.682 Y21.437
G0 X64.01 Y21.437
G0 X36.062 Y21.062
G0 X35.541 Y22.111
G0 X35.235 Y22.064
G1 F480 X35.2 Y22.496 E0.01176
G1 X35.2 Y77.496 E1.49271
G1 X35.235 Y77.933 E0.0119
G1 X35.335 Y78.362 E0.01196
G1 X35.507 Y78.773 E0.01209
G1 X35.735 Y79.146 E0.01186
G1 X36.018 Y79.478 E0.01184
G1 X36.351 Y79.761 E0.01186
G1 X36.72 Y79.989 E0.01177
G1 X37.134 Y80.16 E0.01216
G1 X37.564 Y80.262 E0.01199
G1 X37.997 Y80.3 E0.0118
G1 X61.987 Y80.3 E0.6511
G1 X62.436 Y80.262 E0.01223
G1 X62.862 Y80.161 E0.01188
G1 X63.277 Y79.989 E0.01219
G1 X63.649 Y79.761 E0.01184
G1 X63.977 Y79.478 E0.01176
G1 X64.261 Y79.146 E0.01186
G1 X64.489 Y78.772 E0.01189
G1 X64.661 Y78.362 E0.01207
G1 X64.761 Y77.932 E0.01198
G1 X64.8 Y77.499 E0.0118
G1 X64.8 Y22.505 E1.49255
G1 X64.762 Y22.064 E0.01201
G1 X64.661 Y21.634 E0.01199
G1 X64.489 Y21.22 E0.01217
G1 X64.261 Y20.851 E0.01177
G1 X63.978 Y20.518 E0.01186
G1 X63.649 Y20.239 E0.01171
G1 X63.276 Y20.007 E0.01192
G1 X62.862 Y19.835 E0.01217
G1 X62.436 Y19.735 E0.01188
G1 X62 Y19.701 E0.01187
G1 X38.012 Y19.7 E0.65104
G1 X37.563 Y19.735 E0.01222
G1 X37.134 Y19.835 E0.01196
G1 X36.721 Y20.007 E0.01214
G1 X36.351 Y20.238 E0.01184
G1 X36.019 Y20.519 E0.0118
G1 X35.739 Y20.851 E0.01179
G1 X35.507 Y21.22 E0.01183
G1 X35.335 Y21.634 E0.01217
G1 X35.235 Y22.064 E0.01198
G0 F1320 X35.219 Y22.263
;MESH:NONMESH
G0 F600 X35.219 Y22.263 Z11.88
G0 F1320 X35.527 Y22.287
G0 X36.062 Y21.062
G0 X36.876 Y20.663
G0 X36.068 Y21.08
;TIME_ELAPSED:16265.226928
;LAYER:73
M204 P200
;TYPE:WALL-INNER
;MESH:flasherBot.STL
G1 F452.8 X35.886 Y21.409 E0.01092
G1 F374.3 X35.808 Y21.779 E0.01329
G1 F299.1 X35.75 Y22.525 E0.03291
G1 F274.3 X35.75 Y77.475 E2.63546
G1 F298.1 X35.806 Y78.209 E0.03248
G1 F372.1 X35.883 Y78.581 E0.01343
G1 F448.6 X36.114 Y78.967 E0.01319
G0 F1320 X36.877 Y79.337
G0 X37.683 Y79.485
G1 F498.7 X38.038 Y79.5 E0.00937
G1 F480 X61.954 Y79.5 E0.65545
G1 F498.7 X62.312 Y79.485 E0.00945
G0 F1320 X63.124 Y79.337
G0 X63.693 Y79.196
G1 F475.2 X63.886 Y78.965 E0.00833
G1 X63.598 Y79.1 E0.0088
G1 F478.8 X36.392 Y79.1 E0.74748
G1 F472.9 X36.114 Y78.967 E0.00857
G1 F470.6 X36.307 Y79.198 E0.00841
G1 F477.6 X36.579 Y79.434 E0.00992
G1 F480 X36.902 Y79.631 E0.01037
G1 X37.251 Y79.775 E0.01035
G1 X37.621 Y79.866 E0.01044
G1 X38.022 Y79.9 E0.01103
G1 X61.97 Y79.9 E0.65633
G1 X62.372 Y79.866 E0.01106
G1 X62.738 Y79.779 E0.01031
G1 X63.095 Y79.631 E0.01059
G1 X63.413 Y79.437 E0.01021
G1 X63.693 Y79.196 E0.01012
G0 F1320 X63.886 Y78.965
G1 F453.9 X64.114 Y78.581 E0.01294
G1 F376.5 X64.19 Y78.217 E0.01299
G1 F300 X64.25 Y77.468 E0.03295
G1 F274.3 X64.25 Y22.528 E2.63498
G1 F299.1 X64.192 Y21.785 E0.03278
G1 F375 X64.114 Y21.411 E0.0134
G1 F456.1 X63.937 Y21.087 E0.01065
G0 F1320 X63.123 Y20.663
G0 X62.317 Y20.514
G1 F496.1 X61.962 Y20.5 E0.00942
G1 F480 X38.042 Y20.5 E0.65556
G1 F496.1 X37.683 Y20.514 E0.00953
G0 F1320 X63.123 Y20.663
G0 X63.695 Y20.802
G1 F480 X63.418 Y20.567 E0.00996
G1 X63.092 Y20.368 E0.01047
G1 X62.742 Y20.22 E0.01041
G1 X62.377 Y20.131 E0.0103
G1 X61.977 Y20.1 E0.011
G1 X38.012 Y20.101 E0.65679
G1 X37.624 Y20.131 E0.01067
G1 X37.257 Y20.217 E0.01033
G1 X36.905 Y20.363 E0.01044
G1 X36.3 Y20.802 E0.02049
G1 F476.4 X36.068 Y21.08 E0.01
G1 X36.392 Y20.9 E0.01023
G1 F480 X63.605 Y20.9 E0.74581
G1 F478.8 X63.937 Y21.087 E0.01047
G1 X63.695 Y20.802 E0.01027
G0 F1320 X63.078 Y20.661
G0 X63.938 Y21.062
G0 X63.938 Y78.938
G0 X63.124 Y79.337
G0 X63.629 Y78.655
M204 P150
;TYPE:WALL-OUTER
G1 F480 X63.544 Y78.695 E0.00255
G1 X36.454 Y78.695 E0.73523
G1 X36.372 Y78.655 E0.00248
G1 X36.301 Y78.527 E0.00397
G1 X36.302 Y21.47 E1.54854
G1 X36.356 Y21.36 E0.00333
G1 X36.454 Y21.305 E0.00305
G1 X63.545 Y21.305 E0.73526
G1 X63.646 Y21.362 E0.00315
G1 X63.699 Y21.471 E0.00329
G1 X63.699 Y78.527 E1.54852
G1 X63.629 Y78.655 E0.00396
G0 F1320 X63.544 Y78.695
G0 X63.438 Y78.695
G0 X63.124 Y79.337
G0 X36.062 Y78.938
G0 X35.509 Y77.478
G0 X35.2 Y77.496
G1 F480 X35.235 Y77.933 E0.0119
G1 X35.335 Y78.362 E0.01196
G1 X35.507 Y78.773 E0.01209
G1 X35.735 Y79.146 E0.01186
G1 X36.019 Y79.478 E0.01186
G1 X36.343 Y79.758 E0.01162
G1 X36.72 Y79.989 E0.012
G1 X37.127 Y80.157 E0.01195
G1 X37.557 Y80.262 E0.01201
G1 X38.005 Y80.3 E0.0122
G1 X61.987 Y80.3 E0.65088
G1 X62.436 Y80.262 E0.01223
G1 X62.862 Y80.161 E0.01188
G1 X63.277 Y79.989 E0.01219
G1 X63.649 Y79.761 E0.01184
G1 X63.977 Y79.478 E0.01176
G1 X64.257 Y79.15 E0.0117
G1 X64.489 Y78.772 E0.01204
G1 X64.657 Y78.369 E0.01185
G1 X64.761 Y77.935 E0.01211
G1 X64.8 Y77.491 E0.0121
G1 X64.8 Y22.505 E1.49233
G1 X64.762 Y22.064 E0.01201
G1 X64.661 Y21.634 E0.01199
G1 X64.489 Y21.22 E0.01217
G1 X64.261 Y20.851 E0.01177
G1 X63.978 Y20.518 E0.01186
G1 X63.654 Y20.243 E0.01153
G1 X63.276 Y20.011 E0.01204
G1 X62.868 Y19.839 E0.01202
G1 X62.44 Y19.735 E0.01195
G1 X61.992 Y19.7 E0.0122
G1 X38.012 Y19.7 E0.65082
G1 X37.563 Y19.735 E0.01222
G1 X37.134 Y19.835 E0.01196
G1 X36.721 Y20.007 E0.01214
G1 X36.351 Y20.238 E0.01184
G1 X36.018 Y20.518 E0.01181
G1 X35.742 Y20.843 E0.01157
G1 X35.511 Y21.216 E0.01191
G1 X35.339 Y21.627 E0.01209
G1 X35.235 Y22.064 E0.01219
G1 X35.2 Y22.504 E0.01198
G1 X35.2 Y77.496 E1.4925
G0 F1320 X35.215 Y77.695
;MESH:NONMESH
G0 F600 X35.215 Y77.695 Z12.04
G0 F1320 X35.525 Y77.672
G0 X36.062 Y21.062
G0 X36.876 Y20.663
G0 X36.063 Y21.087
;TIME_ELAPSED:16362.498485
;LAYER:74
M204 P200
;TYPE:WALL-INNER
;MESH:flasherBot.STL
G1 F452.8 X35.883 Y21.414 E0.01084
G1 F371.4 X35.806 Y21.786 E0.01346
G1 F298.1 X35.75 Y22.529 E0.03288
G1 F274.3 X35.75 Y77.475 E2.63527
G1 F298.1 X35.806 Y78.206 E0.03235
G1 F372.8 X35.884 Y78.581 E0.01352
G1 F449.6 X36.114 Y78.967 E0.01315
G1 F1500 E-6.5
G0 F1320 X37.684 Y79.485
G1 F1500 E6.5
G1 F498.7 X38.042 Y79.5 E0.00945
G1 F478.8 X61.953 Y79.5 E0.65695
G1 F497.4 X62.309 Y79.485 E0.00942
G1 F1500 E-6.5
G0 F1320 X37.624 Y79.866
G1 F1500 E6.5
G1 F480 X38.026 Y79.9 E0.01106
G1 X61.986 Y79.899 E0.65666
G1 X62.369 Y79.866 E0.01054
G1 X62.739 Y79.779 E0.01042
G1 X63.094 Y79.632 E0.01053
G1 X63.41 Y79.437 E0.01018
G1 X63.694 Y79.194 E0.01024
G1 F475.2 X63.886 Y78.966 E0.00825
G1 X63.6 Y79.101 E0.00875
G1 F478.8 X36.394 Y79.1 E0.74748
G1 F472.9 X36.114 Y78.967 E0.00862
G1 F470.6 X36.302 Y79.194 E0.00824
G1 F477.6 X36.587 Y79.436 E0.0103
G1 F480 X36.903 Y79.631 E0.01018
G1 X37.258 Y79.779 E0.01054
G1 X37.624 Y79.866 E0.01031
G1 F1500 E-6.5
G0 F1320 X63.886 Y78.966
G1 F1500 E6.5
G1 F453.9 X64.114 Y78.581 E0.01297
G1 F375 X64.192 Y78.21 E0.0133
G1 F299.1 X64.25 Y77.464 E0.03291
G1 F274.3 X64.25 Y22.524 E2.63498
G1 F298.6 X64.193 Y21.791 E0.03239
G1 F374.3 X64.114 Y21.415 E0.0135
G1 F456.1 X63.936 Y21.086 E0.01079
G1 F1500 E-6.5
G0 F1320 X62.316 Y20.514
G1 F1500 E6.5
G1 F497.4 X61.958 Y20.5 E0.00948
G1 F480 X38.042 Y20.5 E0.65545
G1 F496.1 X37.683 Y20.514 E0.00953
G0 F1320 X36.908 Y20.363
G1 F480 X36.586 Y20.564 E0.0104
G1 X36.299 Y20.807 E0.01031
G1 F478.8 X36.063 Y21.087 E0.01006
G1 X36.391 Y20.9 E0.01037
G1 F480 X63.608 Y20.9 E0.74592
G1 F478.8 X63.936 Y21.086 E0.01036
G1 X63.694 Y20.802 E0.01025
G1 F480 X63.413 Y20.563 E0.01011
G1 X63.093 Y20.364 E0.01033
G1 X62.738 Y20.217 E0.01053
G1 X62.375 Y20.132 E0.01022
G1 X61.973 Y20.1 E0.01105
G1 X38.012 Y20.101 E0.65668
G1 X37.624 Y20.131 E0.01067
G1 X37.258 Y20.217 E0.0103
G1 X36.908 Y20.363 E0.01039
G1 F1500 E-6.5
G0 F1320 X36.301 Y78.527
M204 P150
;TYPE:WALL-OUTER
G1 F1500 E6.5
G1 F480 X36.301 Y21.472 E1.54849
G1 X36.354 Y21.362 E0.00331
G1 X36.455 Y21.305 E0.00315
G1 X63.545 Y21.304 E0.73523
G1 X63.646 Y21.362 E0.00316
G1 X63.699 Y21.472 E0.00331
G1 X63.699 Y78.527 E1.54849
G1 X63.629 Y78.655 E0.00396
G1 X63.532 Y78.701 E0.00291
G1 X36.454 Y78.695 E0.7349
G1 X36.372 Y78.655 E0.00248
G1 X36.301 Y78.527 E0.00397
G0 F1320 X36.301 Y78.327
G1 F1500 E-6.5
G0 F1320 X64.8 Y77.487
G1 F1500 E6.5
G1 F480 X64.8 Y22.504 E1.49225
G1 X64.765 Y22.053 E0.01228
G1 X64.661 Y21.636 E0.01166
G1 X64.489 Y21.224 E0.01212
G1 X64.261 Y20.85 E0.01189
G1 X63.978 Y20.518 E0.01184
G1 X63.649 Y20.239 E0.01171
G1 X63.276 Y20.007 E0.01192
G1 X62.862 Y19.835 E0.01217
G1 X62.437 Y19.735 E0.01185
G1 X61.988 Y19.7 E0.01222
G1 X38.012 Y19.7 E0.65072
G1 X37.563 Y19.735 E0.01222
G1 X37.134 Y19.835 E0.01196
G1 X36.724 Y20.007 E0.01207
G1 X36.35 Y20.239 E0.01194
G1 X36.019 Y20.519 E0.01177
G1 X35.739 Y20.851 E0.01179
G1 X35.507 Y21.22 E0.01183
G1 X35.335 Y21.634 E0.01217
G1 X35.235 Y22.059 E0.01185
G1 X35.2 Y22.508 E0.01222
G1 X35.2 Y77.496 E1.49239
G1 X35.235 Y77.932 E0.01187
G1 X35.335 Y78.358 E0.01188
G1 X35.508 Y78.772 E0.01218
G1 X35.735 Y79.146 E0.01187
G1 X36.018 Y79.478 E0.01184
G1 X36.351 Y79.761 E0.01186
G1 X36.72 Y79.989 E0.01177
G1 X37.134 Y80.161 E0.01217
G1 X37.56 Y80.262 E0.01188
G1 X38.009 Y80.3 E0.01223
G1 X61.987 Y80.3 E0.65077
G1 X62.432 Y80.262 E0.01212
G1 X62.862 Y80.161 E0.01199
G1 X63.276 Y79.989 E0.01217
G1 X63.646 Y79.761 E0.0118
G1 X63.978 Y79.478 E0.01184
G1 X64.261 Y79.146 E0.01184
G1 X64.489 Y78.772 E0.01189
G1 X64.661 Y78.362 E0.01207
G1 X64.761 Y77.932 E0.01198
G1 X64.8 Y77.487 E0.01212
G0 F1320 X64.8 Y77.287
G0 X64.888 Y77.287
M204 P120
;TYPE:SKIN
G1 F360 X64.888 Y77.489 E0.00011
G1 X64.852 Y77.946 E0.00026
G1 X64.746 Y78.393 E0.00026
G1 X64.574 Y78.812 E0.00025
G1 X64.331 Y79.2 E0.00026
G1 X64.041 Y79.541 E0.00025
G1 X63.704 Y79.831 E0.00025
G1 X63.312 Y80.07 E0.00026
G1 X62.893 Y80.246 E0.00025
G1 X62.446 Y80.352 E0.00026
G1 X61.989 Y80.388 E0.00026
G1 X38.007 Y80.388 E0.0134
G1 X37.55 Y80.352 E0.00026
G1 X37.103 Y80.246 E0.00026
G1 X36.684 Y80.074 E0.00025
G1 X36.292 Y79.831 E0.00026
G1 X35.955 Y79.541 E0.00025
G1 X35.665 Y79.2 E0.00025
G1 X35.426 Y78.812 E0.00025
G1 X35.25 Y78.389 E0.00026
G1 X35.148 Y77.946 E0.00025
G1 X35.108 Y77.501 E0.00025
G1 X35.108 Y22.507 E0.03073
G1 X35.144 Y22.054 E0.00025
G1 X35.254 Y21.603 E0.00026
G1 X35.426 Y21.184 E0.00025
G1 X35.665 Y20.792 E0.00026
G1 X35.955 Y20.455 E0.00025
G1 X36.292 Y20.165 E0.00025
G1 X36.684 Y19.926 E0.00026
G1 X37.107 Y19.754 E0.00026
G1 X37.55 Y19.648 E0.00025
G1 X38.011 Y19.608 E0.00026
G1 X61.989 Y19.608 E0.0134
G1 X62.45 Y19.648 E0.00026
G1 X62.893 Y19.754 E0.00025
G1 X63.316 Y19.926 E0.00026
G1 X63.704 Y20.165 E0.00025
G1 X64.041 Y20.455 E0.00025
G1 X64.331 Y20.792 E0.00025
G1 X64.57 Y21.184 E0.00026
G1 X64.746 Y21.603 E0.00025
G1 X64.852 Y22.042 E0.00025
G1 X64.888 Y22.499 E0.00026
G1 X64.888 Y77.287 E0.03061
G1 F1500 E-6.5
G0 F1320 X64.113 Y78.572
G1 F1500 E6.5
G1 F257.1 X64.111 Y78.577 E0
G0 F1320 X63.739 Y79.084
G1 F360 X63.411 Y79.435 E0.00027
G1 X62.758 Y79.771 E0.00041
G1 X62.354 Y79.872 E0.00023
G1 X61.962 Y79.907 E0.00022
G1 X38.039 Y79.908 E0.01337
G1 X37.618 Y79.872 E0.00024
G1 X37.235 Y79.778 E0.00022
G1 X36.9 Y79.638 E0.0002
G1 X36.568 Y79.431 E0.00022
G1 X36.294 Y79.192 E0.0002
G1 X36.162 Y78.988 E0.00014
G1 X36.355 Y79.072 E0.00012
G1 X63.739 Y79.084 E0.0153
G0 F1320 X63.455 Y79.208
G1 F360 X63.335 Y79.335 E0.0001
G1 X62.714 Y79.655 E0.00039
G1 X62.33 Y79.752 E0.00022
G1 X61.96 Y79.783 E0.00021
G1 X38.047 Y79.788 E0.01336
G1 X37.638 Y79.752 E0.00023
G1 X37.271 Y79.662 E0.00021
G1 X36.952 Y79.526 E0.00019
G1 X36.482 Y79.193 E0.00032
G1 X63.455 Y79.208 E0.01507
G0 F1320 X63.082 Y79.328
G1 F360 X62.67 Y79.539 E0.00026
G1 X62.306 Y79.632 E0.00021
G1 X61.95 Y79.66 E0.0002
G1 X38.07 Y79.668 E0.01334
G1 X37.659 Y79.632 E0.00023
G1 X37.302 Y79.543 E0.00021
G1 X36.861 Y79.313 E0.00028
G1 X63.082 Y79.328 E0.01465
G0 F1320 X62.275 Y79.48
G1 F217.1 X61.936 Y79.494 E0.00031
G1 F200 X53.983 Y79.493 E0.008
G1 F192.9 X46.03 Y79.491 E0.0083
G1 F186.2 X38.077 Y79.49 E0.00859
G1 F198.2 X37.691 Y79.473 E0.00039
G1 F1500 E-6.5
G0 F1320 X35.748 Y22.262
G1 F1500 E6.5
G1 F219.3 X35.746 Y77.717 E0.05087
G0 F1320 X35.907 Y77.287
G1 F345.6 X35.907 Y78.193 E0.00053
G1 F360 X35.885 Y78.568 E0.00021
G1 X35.705 Y78.23 E0.00021
G1 X35.588 Y77.728 E0.00029
G1 X35.588 Y22.244 E0.031
G1 X35.708 Y21.753 E0.00028
G1 F342.9 X35.907 Y21.307 E0.00029
G1 F329.8 X35.907 Y77.287 E0.03415
G1 F1500 E-6.5
G0 F1320 X35.907 Y21.307
G1 F1500 E6.5
G1 F238.7 X36.282 Y20.884 E0.00048
G1 F1500 E-6.5
G0 F1320 X37.29 Y20.552
G1 F1500 E6.5
G1 F155.4 X38.092 Y20.496 E0.00104
G1 F200.9 X61.876 Y20.496 E0.02381
G1 F156 X62.674 Y20.552 E0.00103
G0 F1320 X63.138 Y20.668
G1 F360 X36.845 Y20.664 E0.01469
G1 X37.305 Y20.438 E0.00029
G1 X38.077 Y20.328 E0.00044
G1 X61.903 Y20.329 E0.01331
G1 X62.679 Y20.439 E0.00044
G1 X63.138 Y20.668 E0.00029
G0 F1320 X63.505 Y20.788
G1 F360 X36.483 Y20.787 E0.0151
G1 X36.936 Y20.466 E0.00031
G1 X37.277 Y20.323 E0.00021
G1 X38.065 Y20.208 E0.00044
G1 X61.919 Y20.208 E0.01333
G1 X62.707 Y20.323 E0.00044
G1 X63.048 Y20.466 E0.00021
G1 X63.505 Y20.788 E0.00031
G0 F1320 X63.964 Y21.119
G1 F360 X63.634 Y20.908 E0.00022
G1 X36.7 Y20.908 E0.01505
G1 F246.9 X36.282 Y20.884 E0.00034
G1 X36.58 Y20.541 E0.00037
G1 F360 X36.884 Y20.358 E0.0002
G1 X37.249 Y20.207 E0.00022
G1 X38.049 Y20.088 E0.00045
G1 X61.935 Y20.089 E0.01335
G1 X62.739 Y20.207 E0.00045
G1 X63.104 Y20.358 E0.00022
G1 X63.428 Y20.561 E0.00021
G1 X63.69 Y20.788 E0.00019
G1 X63.964 Y21.119 E0.00024
G1 F1500 E-6.5
G0 F1320 X64.242 Y22.261
G1 F1500 E6.5
G1 F217.1 X64.248 Y77.42 E0.05111
G1 F238.7 X64.231 Y77.828 E0.00034
G0 F1320 X63.608 Y77.287
G1 F360 X63.604 Y21.425 E0.03121
G1 X63.559 Y21.388 E0.00003
G1 X36.437 Y21.388 E0.01515
G1 X36.388 Y21.448 E0.00004
G1 X36.388 Y78.575 E0.03192
G1 X36.438 Y78.608 E0.00003
G1 X63.581 Y78.608 E0.01517
G1 X63.609 Y78.548 E0.00004
G1 X63.608 Y77.287 E0.0007
G0 F1320 X63.724 Y77.286
G1 F360 X63.729 Y21.437 E0.03121
G1 X63.687 Y21.338 E0.00006
G1 X63.578 Y21.268 E0.00007
G1 X36.414 Y21.268 E0.01518
G1 X36.268 Y21.417 E0.00012
G1 X36.268 Y78.627 E0.03197
G1 X36.414 Y78.724 E0.0001
G1 X63.644 Y78.724 E0.01522
G1 X63.723 Y78.57 E0.0001
G1 X63.724 Y77.286 E0.00072
G0 F1320 X63.848 Y77.287
G1 F360 X63.844 Y21.409 E0.03122
G1 X63.765 Y21.249 E0.0001
G1 X63.598 Y21.148 E0.00011
G1 X36.394 Y21.148 E0.0152
G1 X36.148 Y21.38 E0.00019
G1 X36.148 Y78.679 E0.03202
G1 X36.393 Y78.84 E0.00016
G1 X63.709 Y78.844 E0.01526
G1 X63.849 Y78.552 E0.00018
G1 X63.848 Y77.287 E0.00071
G0 F1320 X63.968 Y77.287
G1 F360 X63.968 Y21.418 E0.03122
G1 X63.884 Y21.203 E0.00013
G1 X63.615 Y21.028 E0.00018
G1 X36.372 Y21.028 E0.01522
G1 X36.032 Y21.345 E0.00026
G1 X36.028 Y78.201 E0.03177
G1 F313 X36.014 Y78.673 E0.0003
G1 F266.7 X36.053 Y78.787 E0.00009
G1 F300 X36.37 Y78.956 E0.00024
G1 F351.2 X40.288 Y78.958 E0.00224
G1 F332.3 X44.206 Y78.96 E0.00237
G1 F317.6 X48.124 Y78.962 E0.00248
G1 F302.1 X52.042 Y78.963 E0.00261
G1 F288 X55.96 Y78.965 E0.00274
G1 F276.9 X59.878 Y78.967 E0.00285
G1 F265 X63.796 Y78.969 E0.00297
G1 F302.1 X63.969 Y78.56 E0.0003
G1 F360 X63.968 Y77.287 E0.00071
G0 F1320 X64.408 Y77.288
G1 F360 X64.408 Y77.431 E0.00008
G1 X64.372 Y77.85 E0.00023
G1 F357 X64.281 Y78.228 E0.00022
G1 F297.9 X64.113 Y78.572 E0.00026
G1 X64.089 Y78.198 E0.00025
G1 F357 X64.084 Y21.398 E0.032
G1 F360 X63.999 Y21.176 E0.00013
G1 X64.265 Y21.714 E0.00034
G1 X64.4 Y22.24 E0.0003
G1 X64.408 Y77.288 E0.03076
G0 F1320 X64.528 Y77.288
G1 F360 X64.528 Y77.446 E0.00009
G1 X64.492 Y77.874 E0.00024
G1 X64.398 Y78.265 E0.00022
G1 X64.238 Y78.648 E0.00023
G1 F332.3 X63.774 Y79.266 E0.00047
G1 X63.484 Y79.535 E0.00024
G1 F360 X63.136 Y79.742 E0.00023
G1 X62.796 Y79.886 E0.00021
G1 X62.378 Y79.992 E0.00024
G1 X61.957 Y80.028 E0.00024
G1 X38.031 Y80.028 E0.01337
G1 X37.598 Y79.992 E0.00024
G1 X37.199 Y79.894 E0.00023
G1 X36.852 Y79.75 E0.00021
G1 X36.492 Y79.527 E0.00024
G1 X36.207 Y79.277 E0.00021
G1 F329.8 X35.765 Y78.656 E0.00046
G1 X35.59 Y78.269 E0.00026
G1 F360 X35.496 Y77.863 E0.00023
G1 X35.468 Y77.486 E0.00021
G1 X35.468 Y22.228 E0.03088
G1 X35.598 Y21.711 E0.0003
G1 X35.75 Y21.328 E0.00023
G1 X35.957 Y20.996 E0.00022
G1 X36.203 Y20.711 E0.00021
G1 X36.508 Y20.445 E0.00023
G1 X36.832 Y20.25 E0.00021
G1 X37.218 Y20.09 E0.00023
G1 X38.035 Y19.968 E0.00046
G1 X61.953 Y19.969 E0.01336
G1 X62.774 Y20.09 E0.00046
G1 X63.16 Y20.25 E0.00023
G1 X63.496 Y20.461 E0.00022
G1 X63.781 Y20.707 E0.00021
G1 X64.021 Y20.989 E0.00021
G1 X64.248 Y21.352 E0.00024
G1 X64.492 Y22.114 E0.00045
G1 X64.52 Y22.462 E0.0002
G1 X64.528 Y77.288 E0.03064
G0 F1320 X64.648 Y77.288
G1 F360 X64.648 Y77.469 E0.0001
G1 X64.612 Y77.898 E0.00024
G1 X64.514 Y78.305 E0.00023
G1 X64.35 Y78.704 E0.00024
G1 X64.131 Y79.056 E0.00023
G1 X63.865 Y79.365 E0.00023
G1 X63.556 Y79.635 E0.00023
G1 X63.2 Y79.85 E0.00023
G1 X62.829 Y80.006 E0.00022
G1 X62.402 Y80.112 E0.00025
G1 X61.969 Y80.148 E0.00024
G1 X38.023 Y80.148 E0.01338
G1 X37.582 Y80.112 E0.00025
G1 X37.171 Y80.014 E0.00024
G1 X36.792 Y79.854 E0.00023
G1 X36.428 Y79.627 E0.00024
G1 X36.123 Y79.365 E0.00022
G1 X35.853 Y79.052 E0.00023
G1 X35.646 Y78.712 E0.00022
G1 X35.474 Y78.301 E0.00025
G1 X35.38 Y77.89 E0.00024
G1 X35.349 Y77.508 E0.00021
G1 X35.348 Y22.522 E0.03072
G1 X35.376 Y22.102 E0.00024
G1 X35.486 Y21.667 E0.00025
G1 X35.642 Y21.28 E0.00023
G1 X35.857 Y20.932 E0.00023
G1 X36.123 Y20.623 E0.00023
G1 X36.436 Y20.349 E0.00023
G1 X36.779 Y20.142 E0.00022
G1 X37.182 Y19.978 E0.00024
G1 X37.586 Y19.888 E0.00023
G1 X38.027 Y19.848 E0.00025
G1 X61.965 Y19.848 E0.01338
G1 X62.41 Y19.888 E0.00025
G1 X62.813 Y19.978 E0.00023
G1 X63.212 Y20.142 E0.00024
G1 X63.564 Y20.361 E0.00023
G1 X63.869 Y20.623 E0.00022
G1 X64.131 Y20.932 E0.00023
G1 X64.354 Y21.292 E0.00024
G1 X64.506 Y21.667 E0.00023
G1 X64.612 Y22.09 E0.00024
G1 X64.643 Y22.468 E0.00021
G1 X64.648 Y77.288 E0.03063
G0 F1320 X64.768 Y77.288
G1 F360 X64.768 Y77.481 E0.00011
G1 X64.732 Y77.918 E0.00025
G1 X64.63 Y78.349 E0.00025
G1 X64.462 Y78.756 E0.00025
G1 X64.231 Y79.128 E0.00024
G1 X63.953 Y79.453 E0.00024
G1 X63.628 Y79.735 E0.00024
G1 X63.26 Y79.958 E0.00024
G1 X62.861 Y80.126 E0.00024
G1 X62.426 Y80.232 E0.00025
G1 X61.981 Y80.268 E0.00025
G1 X38.015 Y80.268 E0.01339
G1 X37.566 Y80.232 E0.00025
G1 X37.139 Y80.13 E0.00025
G1 X36.736 Y79.962 E0.00024
G1 X36.356 Y79.727 E0.00025
G1 X36.039 Y79.453 E0.00023
G1 X35.761 Y79.132 E0.00024
G1 X35.534 Y78.76 E0.00024
G1 X35.362 Y78.345 E0.00025
G1 X35.264 Y77.918 E0.00024
G1 X35.228 Y77.497 E0.00024
G1 X35.228 Y22.515 E0.03072
G1 X35.26 Y22.078 E0.00024
G1 X35.37 Y21.635 E0.00026
G1 X35.534 Y21.232 E0.00024
G1 X35.757 Y20.868 E0.00024
G1 X36.039 Y20.539 E0.00024
G1 X36.364 Y20.257 E0.00024
G1 X36.732 Y20.034 E0.00024
G1 X37.143 Y19.866 E0.00025
G1 X37.57 Y19.768 E0.00024
G1 X38.019 Y19.728 E0.00025
G1 X61.977 Y19.729 E0.01339
G1 X62.43 Y19.768 E0.00025
G1 X62.853 Y19.866 E0.00024
G1 X63.264 Y20.034 E0.00025
G1 X63.636 Y20.265 E0.00024
G1 X63.953 Y20.539 E0.00023
G1 X64.235 Y20.868 E0.00024
G1 X64.466 Y21.244 E0.00025
G1 X64.626 Y21.635 E0.00024
G1 X64.732 Y22.066 E0.00025
G1 X64.767 Y22.479 E0.00023
G1 X64.768 Y77.288 E0.03063
;TIME_ELAPSED:16843.055119
G1 F1500 E-6.5
M204 P4000
M204 T4000
M82 ;absolute extrusion mode
M204 P250 T120 ;Gentle final presentation moves for the small Y-bed
M104 S0 ;Hotend off
M140 S0 ;Bed off in G-code even though bed is external
G91
G1 E-1 F1800
G1 Z10 F1200
G90
G1 X95 F900
G1 Y95 F240 ;Move bed toward the operator
M83 ;relative extrusion mode
M104 S0
;End of Gcode
;SETTING_3 {"global_quality": "[general]\\nversion = 4\\nname = codex - K9 warm 
;SETTING_3 mat cautious\\ndefinition = custom\\n\\n[metadata]\\ntype = quality_c
;SETTING_3 hanges\\nquality_type = draft\\nsetting_version = 25\\n\\n[values]\\n
;SETTING_3 acceleration_enabled = True\\nacceleration_infill = 250\\nacceleratio
;SETTING_3 n_ironing = 120\\nacceleration_layer_0 = 150\\nacceleration_print = 2
;SETTING_3 50\\nacceleration_skirt_brim = 150\\nacceleration_support = 220\\nacc
;SETTING_3 eleration_support_bottom = 160\\nacceleration_support_infill = 220\\n
;SETTING_3 acceleration_support_interface = 160\\nacceleration_support_roof = 16
;SETTING_3 0\\nacceleration_topbottom = 180\\nacceleration_travel = 200\\naccele
;SETTING_3 ration_travel_enabled = True\\nacceleration_wall = 180\\nacceleration
;SETTING_3 _wall_0 = 150\\nacceleration_wall_x = 200\\nadhesion_type = brim\\nbo
;SETTING_3 ttom_layers = 7\\nbrim_width = 14\\ninfill_before_walls = False\\ninf
;SETTING_3 ill_pattern = lines\\ninfill_sparse_density = 20\\nironing_enabled = 
;SETTING_3 True\\nironing_flow = 7\\nironing_line_spacing = 0.12\\nironing_only_
;SETTING_3 highest_layer = True\\nironing_pattern = concentric\\nlayer_height = 
;SETTING_3 0.16\\nlayer_height_0 = 0.2\\nmaterial_bed_temperature = 0\\nskin_ove
;SETTING_3 rlap = 10\\nskirt_brim_speed = 21\\nspeed = 11\\nspeed_infill = 11\\n
;SETTING_3 speed_ironing = 6\\nspeed_layer_0 = 6\\nspeed_print = 11\\nspeed_prin
;SETTING_3 t_layer_0 = 6\\nspeed_support = 11\\nspeed_support_bottom = 8\\nspeed
;SETTING_3 _support_infill = 11\\nspeed_support_interface = 8\\nspeed_support_ro
;SETTING_3 of = 8\\nspeed_topbottom = 8\\nspeed_travel = 25\\nspeed_travel_layer
;SETTING_3 _0 = 25\\nspeed_wall = 8\\nspeed_wall_0 = 8\\nspeed_wall_x = 8\\nsupp
;SETTING_3 ort_angle = 35\\nsupport_enable = False\\nsupport_infill_rate = 10\\n
;SETTING_3 support_interface_density = 65\\nsupport_interface_enable = True\\nsu
;SETTING_3 pport_interface_height = 0.48\\nsupport_interface_pattern = lines\\ns
;SETTING_3 upport_pattern = zigzag\\nsupport_roof_density = 65\\nsupport_roof_en
;SETTING_3 able = True\\nsupport_roof_height = 0.48\\nsupport_structure = normal
;SETTING_3 \\nsupport_top_distance = 0.16\\nsupport_type = everywhere\\nsupport_
;SETTING_3 xy_distance = 0.3\\nsupport_z_distance = 0.16\\ntop_bottom_pattern = 
;SETTING_3 lines\\ntop_bottom_pattern_0 = concentric\\ntop_layers = 7\\nwall_lin
;SETTING_3 e_count = 5\\nz_seam_type = random\\n\\n", "extruder_quality": ["[gen
;SETTING_3 eral]\\nversion = 4\\nname = codex - K9 warm mat cautious\\ndefinitio
;SETTING_3 n = custom\\n\\n[metadata]\\ntype = quality_changes\\nquality_type = 
;SETTING_3 draft\\nintent_category = default\\nposition = 0\\nsetting_version = 
;SETTING_3 25\\n\\n[values]\\nacceleration_enabled = True\\nacceleration_infill 
;SETTING_3 = 250\\nacceleration_ironing = 120\\nacceleration_layer_0 = 150\\nacc
;SETTING_3 eleration_print = 250\\nacceleration_skirt_brim = 150\\nacceleration_
;SETTING_3 support = 220\\nacceleration_support_bottom = 160\\nacceleration_supp
;SETTING_3 ort_infill = 220\\nacceleration_support_interface = 160\\nacceleratio
;SETTING_3 n_support_roof = 160\\nacceleration_topbottom = 180\\nacceleration_tr
;SETTING_3 avel = 200\\nacceleration_travel_enabled = True\\nacceleration_wall =
;SETTING_3  180\\nacceleration_wall_0 = 150\\nacceleration_wall_x = 200\\nbridge
;SETTING_3 _fan_speed = 0\\nbridge_settings_enabled = True\\nbridge_skin_materia
;SETTING_3 l_flow = 100\\nbridge_skin_speed = 7\\nbridge_wall_material_flow = 10
;SETTING_3 0\\nbridge_wall_speed = 7\\ncool_fan_enabled = False\\ncool_fan_speed
;SETTING_3  = 0\\ncool_fan_speed_0 = 0\\ncool_fan_speed_max = 0\\ncool_fan_speed
;SETTING_3 _min = 0\\ncool_min_layer_time = 10\\ninfill_material_flow = 101\\nin
;SETTING_3 itial_layer_line_width_factor = 155\\nironing_enabled = True\\nironin
;SETTING_3 g_flow = 7\\nironing_line_spacing = 0.12\\nironing_only_highest_layer
;SETTING_3  = True\\nironing_pattern = concentric\\nmaterial_bed_temperature = 0
;SETTING_3 \\nmaterial_flow = 103\\nmaterial_flow_layer_0 = 103\\nmaterial_print
;SETTING_3 _temperature = 224\\nmaterial_print_temperature_layer_0 = 226\\nretra
;SETTING_3 ction_amount = 6.5\\nretraction_enable = True\\nretraction_prime_spee
;SETTING_3 d = 25\\nretraction_retract_speed = 25\\nskin_material_flow = 104\\ns
;SETTING_3 kirt_brim_speed = 21\\nspeed = 11\\nspeed_infill = 11\\nspeed_ironing
;SETTING_3  = 6\\nspeed_layer_0 = 6\\nspeed_print = 11\\nspeed_print_layer_0 = 6
;SETTING_3 \\nspeed_support = 11\\nspeed_support_bottom = 8\\nspeed_support_infi
;SETTING_3 ll = 11\\nspeed_support_interface = 8\\nspeed_support_roof = 8\\nspee
;SETTING_3 d_topbottom = 8\\nspeed_travel = 22.0\\nspeed_travel_layer_0 = 25\\ns
;SETTING_3 peed_wall = 8\\nspeed_wall_0 = 8\\nspeed_wall_x = 8\\nwall_0_material
;SETTING_3 _flow = 102\\nwall_material_flow = 103\\nwall_x_material_flow = 103\\
;SETTING_3 n\\n"]}
