;FLAVOR:RepRap
;TIME:12563
;Filament used: 2.38556m
;Layer height: 0.16
;MINX:3.75
;MINY:21.25
;MINZ:0.2
;MAXX:96.25
;MAXY:78.75
;MAXZ:2.92
;TARGET_MACHINE.NAME:Unknown
;Generated with Cura_SteamEngine 5.11.0
T0
M104 S226
M109 S226
; Little Hands manual-zero workflow for EasyThreed K9 / K9 Plus
; Expected fixed start pose on this printer:
; X = fully left, Y = bed fully back (away from operator), Z = nozzle touching bed
; This pose is treated as logical 0,0,0. Do not G28 before print.
G92 X0 Y0 Z0
G1 Z10.0 F600
G92 E0
;LH_EXPERIMENTAL_HOTBED_TARGET:60
M140 S60 ;Experimental controlled hotbed target; Little Hands preheats before M24
M82 ;absolute extrusion mode
M83 ;relative extrusion mode
G1 F1500 E-6.5
;LAYER_COUNT:18
;LAYER:0
M107
M204 T120
G0 F1320 X11.79 Y22.472 Z0.2
M204 P150
;TYPE:SKIRT
G1 F1500 E6.5
G1 F1260 X14.355 Y21.638 E0.14752
G1 X16.733 Y21.25 E0.13178
G1 X83.588 Y21.322 E3.65649
G1 X85.5 Y21.62 E0.10584
G1 X86.943 Y21.998 E0.08158
G1 X89.768 Y23.349 E0.17127
G1 X91.895 Y25.104 E0.15082
G1 X93.254 Y26.497 E0.10644
G1 X95.028 Y29.29 E0.18097
G1 X95.862 Y31.851 E0.14731
G1 X96.25 Y34.248 E0.13281
G1 X96.142 Y66.33 E1.75466
G1 X95.874 Y68.274 E0.10733
G1 X95.278 Y69.917 E0.09559
G1 X94.344 Y71.796 E0.11476
G1 X93.259 Y73.496 E0.1103
G1 X91.221 Y75.596 E0.16005
G1 X89.133 Y76.929 E0.13549
G1 X87.186 Y77.914 E0.11934
G1 X83.77 Y78.75 E0.19234
G1 X16.857 Y78.75 E3.65966
G1 X13.626 Y78.268 E0.17867
G1 X10.251 Y76.655 E0.20459
G1 X8.172 Y75.022 E0.14459
G1 X6.672 Y73.382 E0.12156
G1 X4.978 Y70.716 E0.17276
G1 X4.136 Y68.137 E0.14838
G1 X3.75 Y65.752 E0.13214
G1 X3.843 Y33.855 E1.74454
G1 X4.126 Y31.704 E0.11866
G1 X4.663 Y30.195 E0.0876
G1 X5.841 Y27.744 E0.14873
G1 X7.604 Y25.605 E0.1516
G1 X8.997 Y24.246 E0.10644
G1 X11.79 Y22.472 E0.18097
G0 F1320 X12.053 Y23.039
G1 F1260 X14.504 Y22.242 E0.14096
G1 X16.784 Y21.87 E0.12635
G1 X83.539 Y21.942 E3.65102
G1 X85.343 Y22.22 E0.09983
G1 X86.73 Y22.583 E0.07841
G1 X89.431 Y23.875 E0.16376
G1 X91.451 Y25.537 E0.14307
G1 X92.767 Y26.886 E0.10307
G1 X94.461 Y29.553 E0.1728
G1 X95.258 Y32.001 E0.14081
G1 X95.63 Y34.297 E0.12721
G1 X95.528 Y66.245 E1.74733
G1 X95.269 Y68.125 E0.10379
G1 X94.722 Y69.642 E0.0882
G1 X93.821 Y71.463 E0.11112
G1 X92.771 Y73.109 E0.10678
G1 X90.827 Y75.111 E0.15262
G1 X88.799 Y76.406 E0.1316
G1 X86.971 Y77.329 E0.112
G1 X83.697 Y78.13 E0.18435
G1 X16.901 Y78.13 E3.65326
G1 X13.809 Y77.669 E0.17098
G1 X10.583 Y76.127 E0.19556
G1 X8.594 Y74.565 E0.13832
G1 X7.166 Y73.003 E0.11575
G1 X5.542 Y70.448 E0.16558
G1 X4.741 Y67.993 E0.14124
G1 X4.37 Y65.703 E0.12688
G1 X4.458 Y33.936 E1.73743
G1 X4.732 Y31.851 E0.11501
G1 X5.222 Y30.464 E0.08045
G1 X6.368 Y28.08 E0.14467
G1 X8.037 Y26.049 E0.14378
G1 X9.386 Y24.733 E0.10307
G1 X12.053 Y23.039 E0.1728
G0 F1320 X12.316 Y23.606
G1 F1260 X14.653 Y22.846 E0.13441
G1 X16.835 Y22.49 E0.12092
G1 X83.491 Y22.562 E3.64561
G1 X85.186 Y22.82 E0.09377
G1 X86.517 Y23.168 E0.07524
G1 X89.097 Y24.402 E0.15642
G1 X91.007 Y25.97 E0.13516
G1 X92.28 Y27.275 E0.09971
G1 X93.894 Y29.816 E0.16464
G1 X94.654 Y32.151 E0.1343
G1 X95.01 Y34.346 E0.12162
G1 X94.914 Y66.16 E1.74
G1 X94.664 Y67.974 E0.10015
G1 X94.166 Y69.367 E0.08091
G1 X93.265 Y71.188 E0.11112
G1 X92.284 Y72.72 E0.0995
G1 X90.433 Y74.626 E0.14531
G1 X88.465 Y75.883 E0.12772
G1 X86.752 Y76.745 E0.10488
G1 X83.624 Y77.51 E0.17612
G1 X16.946 Y77.51 E3.64681
G1 X13.991 Y77.069 E0.16341
G1 X10.915 Y75.599 E0.18646
G1 X9.016 Y74.107 E0.13208
G1 X7.66 Y72.625 E0.10986
G1 X6.106 Y70.18 E0.15845
G1 X5.346 Y67.849 E0.13409
G1 X4.99 Y65.654 E0.12162
G1 X5.073 Y34.017 E1.73032
G1 X5.339 Y31.994 E0.1116
G1 X5.781 Y30.733 E0.07308
G1 X6.895 Y28.416 E0.14061
G1 X8.47 Y26.493 E0.13595
G1 X9.775 Y25.22 E0.09971
G1 X12.316 Y23.606 E0.16464
G0 F1320 X12.579 Y24.173
G1 F1260 X14.802 Y23.45 E0.12785
G1 X16.886 Y23.11 E0.11549
G1 X83.445 Y23.182 E3.6403
G1 X85.029 Y23.42 E0.08761
G1 X86.306 Y23.754 E0.07219
G1 X88.759 Y24.927 E0.14871
G1 X90.563 Y26.403 E0.12748
G1 X91.793 Y27.664 E0.09634
G1 X93.327 Y30.079 E0.15648
G1 X94.05 Y32.301 E0.1278
G1 X94.39 Y34.395 E0.11603
G1 X94.3 Y66.075 E1.73267
G1 X94.059 Y67.824 E0.09656
G1 X93.582 Y69.158 E0.07748
G1 X92.71 Y70.912 E0.10713
G1 X91.798 Y72.33 E0.09221
G1 X90.038 Y74.142 E0.13816
G1 X88.186 Y75.329 E0.12031
G1 X86.534 Y76.16 E0.10114
G1 X83.551 Y76.89 E0.16796
G1 X16.99 Y76.89 E3.64041
G1 X14.174 Y76.47 E0.15572
G1 X11.247 Y75.071 E0.17743
G1 X9.434 Y73.647 E0.12609
G1 X8.156 Y72.25 E0.10355
G1 X6.672 Y69.915 E0.15132
G1 X5.95 Y67.699 E0.12747
G1 X5.61 Y65.605 E0.11603
G1 X5.688 Y34.098 E1.72321
G1 X5.946 Y32.138 E0.10812
G1 X6.34 Y31.002 E0.06576
G1 X7.422 Y28.752 E0.13655
G1 X8.95 Y26.886 E0.13191
G1 X10.164 Y25.707 E0.09256
G1 X12.579 Y24.173 E0.15648
G0 F1320 X12.842 Y24.74
G1 F1260 X14.951 Y24.054 E0.1213
G1 X16.937 Y23.73 E0.11006
G1 X83.4 Y23.802 E3.63505
G1 X84.872 Y24.02 E0.08139
G1 X86.095 Y24.34 E0.06914
G1 X88.421 Y25.452 E0.14101
G1 X90.17 Y26.883 E0.1236
G1 X91.306 Y28.053 E0.08919
G1 X92.76 Y30.342 E0.14831
G1 X93.446 Y32.451 E0.1213
G1 X93.77 Y34.444 E0.11043
G1 X93.686 Y65.99 E1.72535
G1 X93.454 Y67.674 E0.09297
G1 X92.998 Y68.949 E0.07406
G1 X92.188 Y70.577 E0.09945
G1 X91.31 Y71.943 E0.08881
G1 X89.643 Y73.658 E0.13081
G1 X87.851 Y74.807 E0.11643
G1 X86.318 Y75.575 E0.09378
G1 X83.478 Y76.27 E0.15991
G1 X17.035 Y76.27 E3.63395
G1 X14.356 Y75.87 E0.14815
G1 X11.579 Y74.543 E0.16833
G1 X9.852 Y73.187 E0.12009
G1 X8.65 Y71.873 E0.0974
G1 X7.239 Y69.652 E0.14391
G1 X6.554 Y67.549 E0.12097
G1 X6.23 Y65.556 E0.11043
G1 X6.308 Y34.1 E1.72042
G1 X6.552 Y32.282 E0.10032
G1 X6.899 Y31.271 E0.05846
G1 X7.95 Y29.085 E0.13266
G1 X9.382 Y27.331 E0.12384
G1 X10.553 Y26.194 E0.08927
G1 X12.842 Y24.74 E0.14831
G0 F1320 X13.105 Y25.307
G1 F1260 X15.1 Y24.658 E0.11474
G1 X16.988 Y24.35 E0.10463
G1 X83.311 Y24.416 E3.62739
G1 X84.715 Y24.62 E0.0776
G1 X85.885 Y24.926 E0.06614
G1 X88.086 Y25.978 E0.13342
G1 X89.725 Y27.315 E0.11568
G1 X90.819 Y28.442 E0.0859
G1 X92.193 Y30.605 E0.14015
G1 X92.842 Y32.6 E0.11474
G1 X93.15 Y34.494 E0.10495
G1 X93.072 Y65.905 E1.71796
G1 X92.849 Y67.522 E0.08928
G1 X92.442 Y68.674 E0.06682
G1 X91.666 Y70.242 E0.09569
G1 X90.822 Y71.556 E0.08541
G1 X89.246 Y73.177 E0.12365
G1 X87.573 Y74.253 E0.10879
G1 X86.102 Y74.99 E0.08999
G1 X83.405 Y75.65 E0.15186
G1 X17.079 Y75.65 E3.62755
G1 X14.539 Y75.271 E0.14046
G1 X11.911 Y74.015 E0.1593
G1 X10.274 Y72.729 E0.11386
G1 X9.142 Y71.492 E0.09171
G1 X7.806 Y69.389 E0.13627
G1 X7.158 Y67.4 E0.11441
G1 X6.85 Y65.506 E0.10495
G1 X6.928 Y34.102 E1.71758
G1 X7.158 Y32.426 E0.09252
G1 X7.458 Y31.54 E0.05116
G1 X8.478 Y29.418 E0.12877
G1 X9.814 Y27.776 E0.11578
G1 X10.942 Y26.681 E0.08598
G1 X13.105 Y25.307 E0.14015
G0 F1320 X13.368 Y25.874
G1 F1260 X15.249 Y25.262 E0.10819
G1 X17.039 Y24.97 E0.09919
G1 X83.222 Y25.03 E3.61974
G1 X84.626 Y25.234 E0.0776
G1 X85.671 Y25.51 E0.05911
G1 X87.75 Y26.504 E0.12603
G1 X89.28 Y27.747 E0.10781
G1 X90.332 Y28.831 E0.08262
G1 X91.626 Y30.868 E0.13199
G1 X92.238 Y32.749 E0.10819
G1 X92.53 Y34.544 E0.09946
G1 X92.458 Y65.82 E1.71058
G1 X92.244 Y67.375 E0.08585
G1 X91.886 Y68.399 E0.05933
G1 X91.11 Y69.967 E0.09569
G1 X90.333 Y71.171 E0.07837
G1 X88.853 Y72.693 E0.11611
G1 X87.295 Y73.699 E0.10143
G1 X85.886 Y74.405 E0.08619
G1 X83.332 Y75.03 E0.14381
G1 X17.123 Y75.03 E3.62116
G1 X14.722 Y74.672 E0.13277
G1 X12.243 Y73.487 E0.15028
G1 X10.696 Y72.272 E0.10759
G1 X9.636 Y71.113 E0.0859
G1 X8.372 Y69.124 E0.12889
G1 X7.762 Y67.251 E0.10774
G1 X7.47 Y65.456 E0.09946
G1 X7.542 Y34.186 E1.71025
G1 X7.764 Y32.569 E0.08927
G1 X8.017 Y31.809 E0.04381
G1 X9.006 Y29.751 E0.12488
G1 X10.246 Y28.221 E0.10771
G1 X11.331 Y27.168 E0.08269
G1 X13.368 Y25.874 E0.13199
G0 F1320 X13.633 Y26.44
G1 F1260 X15.398 Y25.866 E0.10151
G1 X17.09 Y25.59 E0.09376
G1 X83.133 Y25.644 E3.61208
G1 X84.537 Y25.848 E0.0776
G1 X85.458 Y26.095 E0.05215
G1 X87.416 Y27.032 E0.11872
G1 X88.889 Y28.228 E0.10377
G1 X89.841 Y29.215 E0.075
G1 X91.06 Y31.133 E0.12429
G1 X91.634 Y32.898 E0.10151
G1 X91.91 Y34.594 E0.09398
G1 X91.844 Y65.735 E1.70319
G1 X91.638 Y67.229 E0.08248
G1 X91.33 Y68.124 E0.05177
G1 X90.554 Y69.692 E0.09569
G1 X89.843 Y70.786 E0.07136
G1 X88.458 Y72.21 E0.10864
G1 X87.017 Y73.145 E0.09395
G1 X85.67 Y73.82 E0.0824
G1 X83.259 Y74.41 E0.13576
G1 X17.168 Y74.41 E3.6147
G1 X14.904 Y74.072 E0.1252
G1 X12.575 Y72.959 E0.14118
G1 X11.118 Y71.815 E0.10132
G1 X10.13 Y70.734 E0.0801
G1 X8.938 Y68.859 E0.12152
G1 X8.366 Y67.102 E0.10106
G1 X8.09 Y65.406 E0.09398
G1 X8.156 Y34.27 E1.70292
G1 X8.37 Y32.709 E0.08617
G1 X8.576 Y32.077 E0.03636
G1 X9.533 Y30.085 E0.12087
G1 X10.728 Y28.611 E0.10378
G1 X11.715 Y27.659 E0.075
G1 X13.633 Y26.44 E0.12429
G0 F1320 X13.898 Y27.006
G1 F1260 X15.547 Y26.47 E0.09483
G1 X17.141 Y26.21 E0.08833
G1 X83.044 Y26.258 E3.60442
G1 X84.448 Y26.462 E0.0776
G1 X85.242 Y26.679 E0.04502
G1 X87.082 Y27.559 E0.11155
G1 X88.443 Y28.659 E0.09571
G1 X89.352 Y29.601 E0.0716
G1 X90.494 Y31.398 E0.11645
G1 X91.03 Y33.047 E0.09483
G1 X91.29 Y34.644 E0.08849
G1 X91.23 Y65.65 E1.69581
G1 X91.032 Y67.086 E0.07928
G1 X90.774 Y67.85 E0.0441
G1 X90.034 Y69.354 E0.09168
G1 X89.356 Y70.397 E0.06804
G1 X88.061 Y71.729 E0.10161
G1 X86.739 Y72.591 E0.08632
G1 X85.454 Y73.235 E0.07861
G1 X83.186 Y73.79 E0.1277
G1 X17.212 Y73.79 E3.6083
G1 X15.087 Y73.473 E0.11751
G1 X12.907 Y72.431 E0.13215
G1 X11.54 Y71.357 E0.09508
G1 X10.624 Y70.356 E0.07421
G1 X9.504 Y68.594 E0.11419
G1 X8.97 Y66.953 E0.09438
G1 X8.71 Y65.356 E0.08849
G1 X8.77 Y34.354 E1.69559
G1 X8.977 Y32.847 E0.0832
G1 X9.135 Y32.345 E0.02878
G1 X10.061 Y30.417 E0.11698
G1 X11.159 Y29.057 E0.0956
G1 X12.101 Y28.148 E0.0716
G1 X13.898 Y27.006 E0.11645
G0 F1320 X14.161 Y27.573
G1 F1260 X15.696 Y27.074 E0.08828
G1 X17.192 Y26.83 E0.0829
G1 X82.957 Y26.872 E3.59687
G1 X84.285 Y27.06 E0.07336
G1 X85.024 Y27.262 E0.0419
G1 X86.75 Y28.088 E0.10465
G1 X87.997 Y29.09 E0.08749
G1 X88.865 Y29.989 E0.06835
G1 X89.927 Y31.661 E0.10833
G1 X90.426 Y33.196 E0.08828
G1 X90.67 Y34.694 E0.08301
G1 X90.616 Y65.565 E1.68842
G1 X90.426 Y66.942 E0.07603
G1 X90.217 Y67.578 E0.03661
G1 X89.514 Y69.016 E0.08754
G1 X88.867 Y70.011 E0.06491
G1 X87.665 Y71.247 E0.0943
G1 X86.461 Y72.037 E0.07876
G1 X85.238 Y72.65 E0.07482
G1 X83.113 Y73.17 E0.11965
G1 X17.256 Y73.17 E3.6019
G1 X15.27 Y72.874 E0.10982
G1 X13.239 Y71.903 E0.12312
G1 X11.958 Y70.897 E0.08908
G1 X11.12 Y69.981 E0.0679
G1 X10.07 Y68.329 E0.10706
G1 X9.574 Y66.804 E0.08771
G1 X9.33 Y65.306 E0.08301
G1 X9.384 Y34.438 E1.68826
G1 X9.584 Y32.981 E0.08043
G1 X9.694 Y32.613 E0.02101
G1 X10.589 Y30.749 E0.11309
G1 X11.59 Y29.503 E0.08741
G1 X12.489 Y28.635 E0.06835
G1 X14.161 Y27.573 E0.10833
G0 F1320 X14.424 Y28.14
G1 F1260 X15.845 Y27.678 E0.08172
G1 X17.243 Y27.45 E0.07747
G1 X82.87 Y27.486 E3.58932
G1 X84.198 Y27.674 E0.07336
G1 X84.808 Y27.846 E0.03466
G1 X86.419 Y28.617 E0.09768
G1 X87.551 Y29.521 E0.07923
G1 X88.378 Y30.377 E0.0651
G1 X89.36 Y31.924 E0.10022
G1 X89.822 Y33.345 E0.08172
G1 X90.05 Y34.744 E0.07752
G1 X90.002 Y65.48 E1.68104
G1 X89.82 Y66.8 E0.07288
G1 X89.659 Y67.307 E0.02909
G1 X88.994 Y68.678 E0.08334
G1 X88.38 Y69.622 E0.06159
G1 X87.265 Y70.769 E0.08749
G1 X86.183 Y71.483 E0.0709
G1 X85.022 Y72.065 E0.07103
G1 X83.04 Y72.55 E0.1116
G1 X17.301 Y72.55 E3.59545
G1 X15.452 Y72.274 E0.10225
G1 X13.571 Y71.375 E0.11402
G1 X12.376 Y70.437 E0.08309
G1 X11.614 Y69.604 E0.06175
G1 X10.637 Y68.066 E0.09965
G1 X10.178 Y66.655 E0.08115
G1 X9.95 Y65.256 E0.07752
G1 X9.998 Y34.522 E1.68093
G1 X10.198 Y33.065 E0.08043
G1 X10.253 Y32.881 E0.0105
G1 X11.117 Y31.081 E0.1092
G1 X12.021 Y29.949 E0.07923
G1 X12.877 Y29.122 E0.0651
G1 X14.424 Y28.14 E0.10022
G0 F1320 X14.69 Y28.706
G1 F1260 X15.994 Y28.282 E0.07499
G1 X17.294 Y28.07 E0.07204
G1 X82.786 Y28.1 E3.58194
G1 X84.03 Y28.271 E0.06868
G1 X84.59 Y28.429 E0.03182
G1 X86.087 Y29.145 E0.09076
G1 X87.105 Y29.952 E0.07105
G1 X87.888 Y30.762 E0.06162
G1 X88.794 Y32.19 E0.09249
G1 X89.218 Y33.494 E0.07499
G1 X89.43 Y34.794 E0.07204
G1 X89.388 Y65.395 E1.67366
G1 X89.213 Y66.664 E0.07006
G1 X89.101 Y67.036 E0.02125
G1 X88.436 Y68.407 E0.08334
G1 X87.895 Y69.231 E0.05391
G1 X86.867 Y70.289 E0.08068
G1 X85.842 Y70.965 E0.06715
G1 X84.807 Y71.479 E0.0632
G1 X82.966 Y71.93 E0.10367
G1 X17.345 Y71.93 E3.589
G1 X15.635 Y71.675 E0.09456
G1 X13.903 Y70.847 E0.105
G1 X12.798 Y69.98 E0.07682
G1 X12.106 Y69.223 E0.05609
G1 X11.204 Y67.803 E0.09201
G1 X10.782 Y66.506 E0.0746
G1 X10.57 Y65.206 E0.07204
G1 X10.612 Y34.606 E1.6736
G1 X10.812 Y33.149 E0.08043
G1 X11.645 Y31.413 E0.10531
G1 X12.452 Y30.395 E0.07105
G1 X13.262 Y29.612 E0.06162
G1 X14.69 Y28.706 E0.09249
G0 F1320 X14.956 Y29.272
G1 F1260 X13.647 Y30.102 E0.08477
G1 X12.883 Y30.841 E0.05813
G1 X12.175 Y31.742 E0.06267
G1 X11.413 Y33.33 E0.09633
G1 X11.226 Y34.69 E0.07508
G1 X11.19 Y65.155 E1.66622
G1 X11.386 Y66.357 E0.06661
G1 X11.77 Y67.538 E0.06792
G1 X12.6 Y68.844 E0.08463
G1 X13.22 Y69.523 E0.05029
G1 X14.235 Y70.319 E0.07055
G1 X15.818 Y71.076 E0.09597
G1 X17.389 Y71.31 E0.08687
G1 X82.891 Y71.31 E3.58249
G1 X84.593 Y70.893 E0.09584
G1 X85.566 Y70.41 E0.05941
G1 X86.469 Y69.809 E0.05933
G1 X87.411 Y68.839 E0.07395
G1 X87.878 Y68.136 E0.04616
G1 X88.543 Y66.765 E0.08334
G1 X88.599 Y66.579 E0.01062
G1 X88.774 Y65.31 E0.07006
G1 X88.81 Y34.845 E1.66622
G1 X88.614 Y33.643 E0.06661
G1 X88.228 Y32.456 E0.06827
G1 X87.398 Y31.147 E0.08477
G1 X86.659 Y30.383 E0.05813
G1 X85.758 Y29.675 E0.06267
G1 X84.372 Y29.012 E0.08403
G1 X83.862 Y28.868 E0.02898
G1 X82.705 Y28.715 E0.06383
G1 X17.345 Y28.69 E3.57472
G1 X16.143 Y28.886 E0.06661
G1 X14.956 Y29.272 E0.06827
G0 F1320 X15.222 Y29.838
G1 F1260 X14.03 Y30.594 E0.0772
G1 X13.371 Y31.224 E0.04986
G1 X12.704 Y32.073 E0.05905
G1 X12.014 Y33.511 E0.08723
G1 X11.84 Y34.775 E0.06978
G1 X11.81 Y65.104 E1.65878
G1 X11.99 Y66.208 E0.06118
G1 X12.337 Y67.275 E0.06137
G1 X13.092 Y68.464 E0.07703
G1 X13.642 Y69.065 E0.04456
G1 X14.567 Y69.791 E0.06431
G1 X16 Y70.476 E0.08687
G1 X17.434 Y70.69 E0.0793
G1 X82.817 Y70.69 E3.57598
G1 X84.378 Y70.308 E0.08789
G1 X85.29 Y69.855 E0.05569
G1 X86.068 Y69.331 E0.0513
G1 X86.926 Y68.448 E0.06734
G1 X87.32 Y67.865 E0.03848
G1 X87.985 Y66.494 E0.08334
G1 X88.16 Y65.225 E0.07006
G1 X88.19 Y34.896 E1.65878
G1 X88.01 Y33.792 E0.06118
G1 X87.662 Y32.722 E0.06154
G1 X86.906 Y31.53 E0.0772
G1 X86.276 Y30.871 E0.04986
G1 X85.427 Y30.204 E0.05905
G1 X84.104 Y29.571 E0.08021
G1 X83.781 Y29.483 E0.01831
G1 X82.624 Y29.33 E0.06383
G1 X17.396 Y29.31 E3.5675
G1 X16.292 Y29.49 E0.06118
G1 X15.222 Y29.838 E0.06154
G0 F1320 X15.488 Y30.404
G1 F1260 X16.441 Y30.094 E0.05481
G1 X17.447 Y29.93 E0.05575
G1 X82.543 Y29.945 E3.56028
G1 X83.7 Y30.098 E0.06383
G1 X83.887 Y30.154 E0.01068
G1 X85.096 Y30.733 E0.07332
G1 X85.893 Y31.359 E0.05543
G1 X86.413 Y31.911 E0.04148
G1 X87.096 Y32.988 E0.06975
G1 X87.406 Y33.941 E0.05481
G1 X87.57 Y34.947 E0.05575
G1 X87.546 Y65.14 E1.65134
G1 X87.385 Y66.31 E0.06459
G1 X86.762 Y67.594 E0.07806
G1 X86.445 Y68.053 E0.03051
G1 X85.668 Y68.853 E0.06099
G1 X85.014 Y69.3 E0.04333
G1 X84.163 Y69.723 E0.05198
G1 X82.744 Y70.07 E0.0799
G1 X17.478 Y70.07 E3.56958
G1 X16.183 Y69.877 E0.07161
G1 X14.899 Y69.263 E0.07784
G1 X14.064 Y68.607 E0.05808
G1 X13.584 Y68.083 E0.03887
G1 X12.904 Y67.012 E0.06939
G1 X12.594 Y66.059 E0.05481
G1 X12.43 Y65.053 E0.05575
G1 X12.454 Y34.86 E1.65134
G1 X12.615 Y33.692 E0.06449
G1 X13.233 Y32.404 E0.07813
G1 X13.859 Y31.607 E0.05543
G1 X14.411 Y31.087 E0.04148
G1 X15.488 Y30.404 E0.06975
G0 F1320 X15.754 Y30.97
G1 F1260 X16.59 Y30.698 E0.04808
G1 X17.498 Y30.55 E0.05032
G1 X82.462 Y30.56 E3.55306
G1 X83.619 Y30.713 E0.06383
G1 X84.768 Y31.263 E0.06967
G1 X85.473 Y31.817 E0.04904
G1 X85.919 Y32.29 E0.03556
G1 X86.53 Y33.254 E0.06242
G1 X86.802 Y34.09 E0.04808
G1 X86.95 Y34.998 E0.05032
G1 X86.932 Y65.055 E1.6439
G1 X86.784 Y66.128 E0.05924
G1 X86.226 Y67.279 E0.06996
G1 X85.964 Y67.658 E0.0252
G1 X85.267 Y68.376 E0.05473
G1 X84.664 Y68.788 E0.03994
G1 X83.948 Y69.138 E0.04359
G1 X82.671 Y69.45 E0.0719
G1 X17.523 Y69.45 E3.56313
G1 X16.365 Y69.277 E0.06404
G1 X15.231 Y68.735 E0.06874
G1 X14.485 Y68.149 E0.05188
G1 X14.079 Y67.706 E0.03287
G1 X13.47 Y66.746 E0.06218
G1 X13.198 Y65.91 E0.04808
G1 X13.05 Y65.002 E0.05032
G1 X13.068 Y34.945 E1.6439
G1 X13.216 Y33.873 E0.05919
G1 X13.763 Y32.732 E0.06921
G1 X14.317 Y32.027 E0.04904
G1 X14.79 Y31.581 E0.03556
G1 X15.754 Y30.97 E0.06242
G0 F1320 X16.02 Y31.536
G1 F1260 X16.739 Y31.302 E0.04135
G1 X17.549 Y31.17 E0.04489
G1 X82.381 Y31.175 E3.54584
G1 X83.441 Y31.315 E0.05848
G1 X84.437 Y31.792 E0.0604
G1 X85.09 Y32.305 E0.04542
G1 X85.426 Y32.671 E0.02717
G1 X85.964 Y33.52 E0.05497
G1 X86.198 Y34.239 E0.04135
G1 X86.33 Y35.049 E0.04489
G1 X86.318 Y64.97 E1.63646
G1 X86.183 Y65.946 E0.05389
G1 X85.707 Y66.939 E0.06023
G1 X85.519 Y67.226 E0.01876
G1 X84.864 Y67.901 E0.05144
G1 X84.391 Y68.231 E0.03154
G1 X83.733 Y68.553 E0.04007
G1 X82.598 Y68.83 E0.0639
G1 X17.567 Y68.83 E3.55673
G1 X16.548 Y68.678 E0.05635
G1 X15.56 Y68.206 E0.05989
G1 X14.91 Y67.695 E0.04522
G1 X14.574 Y67.329 E0.02717
G1 X14.036 Y66.48 E0.05497
G1 X13.802 Y65.761 E0.04135
G1 X13.67 Y64.951 E0.04489
G1 X13.682 Y35.03 E1.63646
G1 X13.817 Y34.054 E0.05389
G1 X14.292 Y33.063 E0.06011
G1 X14.805 Y32.41 E0.04542
G1 X15.171 Y32.074 E0.02717
G1 X16.02 Y31.536 E0.05497
G0 F1320 X16.286 Y32.102
G1 F1260 X16.888 Y31.906 E0.03463
G1 X17.6 Y31.79 E0.03945
G1 X82.3 Y31.79 E3.53862
G1 X83.263 Y31.917 E0.05313
G1 X84.106 Y32.321 E0.05113
G1 X84.644 Y32.736 E0.03716
G1 X84.902 Y33.003 E0.02031
G1 X85.398 Y33.786 E0.05069
G1 X85.594 Y34.388 E0.03463
G1 X85.71 Y35.1 E0.03945
G1 X85.704 Y64.885 E1.62903
G1 X85.582 Y65.765 E0.04859
G1 X85.148 Y66.671 E0.05494
G1 X85.034 Y66.835 E0.01092
G1 X84.419 Y67.469 E0.04831
G1 X84.118 Y67.674 E0.01992
G1 X83.518 Y67.968 E0.03654
G1 X82.525 Y68.21 E0.0559
G1 X17.611 Y68.21 E3.55033
G1 X16.731 Y68.079 E0.04866
G1 X15.892 Y67.678 E0.05086
G1 X15.356 Y67.264 E0.03704
G1 X15.098 Y66.997 E0.02031
G1 X14.602 Y66.214 E0.05069
G1 X14.406 Y65.612 E0.03463
G1 X14.29 Y64.9 E0.03945
G1 X14.296 Y35.115 E1.62903
G1 X14.418 Y34.235 E0.04859
G1 X14.821 Y33.394 E0.051
G1 X15.236 Y32.856 E0.03716
G1 X15.503 Y32.598 E0.02031
G1 X16.286 Y32.102 E0.05069
G0 F1320 X16.554 Y32.667
G1 F1260 X17.034 Y32.51 E0.02762
G1 X17.65 Y32.41 E0.03413
G1 X82.3 Y32.41 E3.53589
G1 X83.084 Y32.519 E0.04329
G1 X83.778 Y32.851 E0.04208
G1 X84.265 Y33.227 E0.03365
G1 X84.41 Y33.386 E0.01177
G1 X84.833 Y34.054 E0.04324
G1 X84.99 Y34.534 E0.02762
G1 X85.09 Y35.15 E0.03413
G1 X85.09 Y64.8 E1.62164
G1 X84.981 Y65.584 E0.04329
G1 X84.589 Y66.403 E0.04966
G1 X84.016 Y66.993 E0.04498
G1 X83.845 Y67.117 E0.01155
G1 X83.303 Y67.383 E0.03302
G1 X82.452 Y67.59 E0.0479
G1 X17.656 Y67.59 E3.54387
G1 X16.913 Y67.479 E0.04109
G1 X16.222 Y67.149 E0.04188
G1 X15.735 Y66.773 E0.03365
G1 X15.59 Y66.614 E0.01177
G1 X15.167 Y65.946 E0.04324
G1 X15.01 Y65.466 E0.02762
G1 X14.91 Y64.85 E0.03413
G1 X14.91 Y35.2 E1.62164
G1 X15.019 Y34.416 E0.04329
G1 X15.351 Y33.722 E0.04208
G1 X15.727 Y33.235 E0.03365
G1 X15.886 Y33.09 E0.01177
G1 X16.554 Y32.667 E0.04324
G0 F1320 X16.822 Y33.231
G1 F1260 X17.133 Y33.122 E0.01802
G1 X17.7 Y33.03 E0.03142
G1 X82.3 Y33.03 E3.53315
G1 X82.904 Y33.12 E0.0334
G1 X83.448 Y33.38 E0.03298
G1 X83.886 Y33.718 E0.03026
G1 X84.269 Y34.322 E0.03912
G1 X84.378 Y34.633 E0.01802
G1 X84.47 Y35.2 E0.03142
G1 X84.47 Y64.8 E1.61891
G1 X84.38 Y65.404 E0.0334
G1 X84.075 Y66.042 E0.03868
G1 X83.571 Y66.561 E0.03957
G1 X83.093 Y66.796 E0.02913
G1 X82.376 Y66.97 E0.04035
G1 X17.7 Y66.97 E3.53731
G1 X17.096 Y66.88 E0.0334
G1 X16.552 Y66.62 E0.03298
G1 X16.114 Y66.282 E0.03026
G1 X15.731 Y65.678 E0.03912
G1 X15.622 Y65.367 E0.01802
G1 X15.53 Y64.8 E0.03142
G1 X15.53 Y35.2 E1.61891
G1 X15.62 Y34.596 E0.0334
G1 X15.88 Y34.052 E0.03298
G1 X16.218 Y33.614 E0.03026
G1 X16.822 Y33.231 E0.03912
G0 F1320 X17.049 Y33.808
G1 F1260 X17.242 Y33.732 E0.01134
G1 X17.7 Y33.65 E0.02545
G1 X82.3 Y33.65 E3.53315
G1 X82.723 Y33.72 E0.02345
G1 X83.181 Y33.939 E0.02777
G1 X83.42 Y34.141 E0.01712
G1 X83.692 Y34.549 E0.02682
G1 X83.768 Y34.742 E0.01134
G1 X83.85 Y35.2 E0.02545
G1 X83.85 Y64.8 E1.61891
G1 X83.78 Y65.223 E0.02345
G1 X83.561 Y65.681 E0.02777
G1 X83.199 Y66.054 E0.02843
G1 X82.947 Y66.193 E0.01574
G1 X82.3 Y66.35 E0.03641
G1 X17.7 Y66.35 E3.53315
G1 X17.277 Y66.28 E0.02345
G1 X16.819 Y66.061 E0.02777
G1 X16.58 Y65.859 E0.01712
G1 X16.308 Y65.451 E0.02682
G1 X16.232 Y65.258 E0.01134
G1 X16.15 Y64.8 E0.02545
G1 X16.15 Y35.2 E1.61891
G1 X16.22 Y34.777 E0.02345
G1 X16.439 Y34.319 E0.02777
G1 X16.641 Y34.08 E0.01712
G1 X17.049 Y33.808 E0.02682
G1 F1500 E-6.5
G0 F1320 X17.537 Y34.936
G1 F1500 E6.5
G1 F1260 X17.7 Y34.89 E0.00926
G1 X82.3 Y34.89 E3.53315
G1 X82.451 Y34.929 E0.00853
G1 X82.564 Y35.037 E0.00855
G1 X82.61 Y35.2 E0.00926
G1 X82.61 Y64.8 E1.61891
G1 X82.571 Y64.951 E0.00853
G1 X82.463 Y65.064 E0.00855
G1 X82.3 Y65.11 E0.00926
G1 X17.7 Y65.11 E3.53315
G1 X17.549 Y65.071 E0.00853
G1 X17.436 Y64.963 E0.00855
G1 X17.39 Y64.8 E0.00926
G1 X17.39 Y35.2 E1.61891
G1 X17.429 Y35.049 E0.00853
G1 X17.537 Y34.936 E0.00855
G0 F1320 X17.089 Y34.508
G1 F1260 X17.369 Y34.339 E0.01789
G1 X17.7 Y34.27 E0.01849
G1 X82.3 Y34.27 E3.53315
G1 X82.606 Y34.329 E0.01704
G1 X82.879 Y34.481 E0.01709
G1 X82.992 Y34.589 E0.00855
G1 X83.161 Y34.869 E0.01789
G1 X83.23 Y35.2 E0.01849
G1 X83.23 Y64.8 E1.61891
G1 X83.171 Y65.106 E0.01704
G1 X83.019 Y65.379 E0.01709
G1 X82.781 Y65.596 E0.01762
G1 X82.3 Y65.73 E0.02731
G1 X17.7 Y65.73 E3.53315
G1 X17.394 Y65.671 E0.01704
G1 X17.121 Y65.519 E0.01709
G1 X17.008 Y65.411 E0.00855
G1 X16.839 Y65.131 E0.01789
G1 X16.77 Y64.8 E0.01849
G1 X16.77 Y35.2 E1.61891
G1 X16.829 Y34.894 E0.01704
G1 X16.981 Y34.621 E0.01709
G1 X17.089 Y34.508 E0.00855
G1 F1500 E-6.5
;MESH:LoRAtop.STL
G0 F1320 X36.066 Y34.535
G0 X36.066 Y38.049
;TYPE:WALL-INNER
G1 F1500 E6.5
G1 F316.1 X35.148 Y38.016 E0.05721
G1 F323.5 X34.082 Y38.032 E0.06489
G1 F336.1 X33.39 Y37.99 E0.04061
G1 F360 X20.49 Y37.99 E0.70554
G1 X20.49 Y62.01 E1.31372
G1 X79.51 Y62.01 E3.22797
G1 X79.51 Y37.99 E1.31372
G1 X36.571 Y37.99 E2.34845
G1 F328.2 X36.066 Y38.049 E0.0305
G1 F1500 E-6.5
G0 F1320 X36.066 Y34.535
G0 X82.953 Y34.547
G0 X82.953 Y65.453
G0 X80.13 Y65.465
G0 X80.13 Y62.63
G1 F1500 E6.5
G1 F360 X80.13 Y37.37 E1.38154
G1 X19.87 Y37.37 E3.29579
G1 X19.87 Y62.63 E1.38154
G1 X80.13 Y62.63 E3.29579
G1 F1500 E-6.5
G0 F1320 X80.13 Y65.465
G0 X19.25 Y65.465
G0 X19.25 Y63.25
G1 F1500 E6.5
G1 F360 X80.75 Y63.25 E3.36361
G1 X80.75 Y36.75 E1.44936
G1 X19.25 Y36.75 E3.36361
G1 X19.25 Y63.25 E1.44936
G0 F1320 X18.63 Y63.87
G1 F360 X81.37 Y63.87 E3.43143
G1 X81.37 Y36.13 E1.51718
G1 X18.63 Y36.13 E3.43143
G1 X18.63 Y63.87 E1.51718
G1 F1500 E-6.5
G0 F1320 X38.88 Y41.251
G1 F1500 E6.5
G1 F360 X39.027 Y41.679 E0.02475
G1 X39.24 Y42.606 E0.05202
G1 X39.233 Y43.35 E0.04069
G1 X39.19 Y43.682 E0.01831
G1 X38.969 Y44.498 E0.04624
G1 X38.716 Y45.046 E0.03301
G1 X38.194 Y45.82 E0.05106
G1 X37.843 Y46.162 E0.0268
G1 X37.161 Y46.669 E0.04648
G1 X36.6 Y46.951 E0.03434
G1 X35.818 Y47.189 E0.04471
G1 X35.274 Y47.264 E0.03003
G1 X34.385 Y47.24 E0.04864
G1 X34.063 Y47.186 E0.01786
G1 X33.372 Y46.978 E0.03947
G1 X33.083 Y46.85 E0.01729
G1 X32.374 Y46.411 E0.04561
G1 X31.898 Y45.995 E0.03457
G1 X31.381 Y45.355 E0.045
G1 X31.08 Y44.825 E0.03334
G1 X30.779 Y43.992 E0.04844
G1 X30.686 Y43.46 E0.02954
G1 X30.686 Y42.535 E0.05059
G1 X30.773 Y42.008 E0.02921
G1 X31.107 Y41.082 E0.05384
G1 X31.484 Y40.48 E0.03885
G1 X31.944 Y39.957 E0.03809
G1 X32.323 Y39.621 E0.0277
G1 F347.7 X33.192 Y39.082 E0.05791
G1 F330.2 X34.2 Y38.712 E0.06403
G1 F328.2 X35.148 Y38.688 E0.05688
G1 F316.1 X35.961 Y38.773 E0.05091
G1 F328.2 X36.428 Y38.974 E0.0305
G1 F360 X37.299 Y39.41 E0.05327
G1 X37.708 Y39.714 E0.02787
G1 X38.181 Y40.136 E0.03467
G1 X38.636 Y40.809 E0.04443
G1 X38.88 Y41.251 E0.02761
G1 F1500 E-6.5
G0 F1320 X35.608 Y46.597
G1 F1500 E6.5
G1 F360 X35.189 Y46.651 E0.02311
G1 X34.275 Y46.605 E0.05005
G1 X33.467 Y46.362 E0.04615
G1 X32.681 Y45.864 E0.05089
G1 X32.365 Y45.587 E0.02298
G1 X31.855 Y44.944 E0.04489
G1 X31.677 Y44.63 E0.01974
G1 X31.38 Y43.835 E0.04642
G1 X31.306 Y43.418 E0.02316
G1 X31.306 Y42.575 E0.04611
G1 X31.374 Y42.168 E0.02257
G1 X31.672 Y41.342 E0.04803
G1 X31.997 Y40.828 E0.03326
G1 X32.354 Y40.422 E0.02957
G1 X32.734 Y40.086 E0.02774
G1 X33.351 Y39.703 E0.03972
G1 X33.811 Y39.515 E0.02718
G1 X34.339 Y39.362 E0.03007
G1 X35.148 Y39.334 E0.04427
G1 X35.767 Y39.424 E0.03421
G1 X36.251 Y39.568 E0.02762
G1 X36.929 Y39.907 E0.04146
G1 X37.337 Y40.211 E0.02783
G1 X37.706 Y40.54 E0.02704
G1 X38.268 Y41.372 E0.05491
G1 X38.427 Y41.833 E0.02667
G1 X38.601 Y42.581 E0.042
G1 X38.617 Y43.424 E0.04611
G1 X38.381 Y44.3 E0.04962
G1 X38.185 Y44.726 E0.02565
G1 X37.759 Y45.357 E0.04164
G1 X37.442 Y45.689 E0.02511
G1 X36.723 Y46.221 E0.04892
G1 X36.267 Y46.404 E0.02687
G1 X35.608 Y46.597 E0.03756
G1 F1500 E-6.5
G0 F1320 X32.24 Y44.37
G1 F1500 E6.5
G1 F360 X31.977 Y43.662 E0.04131
G1 X31.926 Y43.368 E0.01632
G1 X31.926 Y42.623 E0.04075
G1 X31.974 Y42.331 E0.01618
G1 X32.234 Y41.612 E0.04182
G1 X32.509 Y41.177 E0.02815
G1 X32.765 Y40.886 E0.0212
G1 X33.145 Y40.55 E0.02774
G1 X33.585 Y40.277 E0.02832
G1 X34.426 Y39.979 E0.0488
G1 X35.148 Y39.954 E0.03951
G1 X35.591 Y40.018 E0.02448
G1 X36.074 Y40.162 E0.02757
G1 X36.558 Y40.405 E0.02962
G1 X37.173 Y40.861 E0.04187
G1 X37.712 Y41.657 E0.05258
G1 X37.826 Y41.987 E0.0191
G1 X37.986 Y42.659 E0.03778
G1 X37.999 Y43.336 E0.03703
G1 X37.794 Y44.103 E0.04342
G1 X37.673 Y44.381 E0.01658
G1 X37.268 Y44.979 E0.0395
G1 X37.042 Y45.216 E0.01791
G1 X36.543 Y45.583 E0.03388
G1 X36.21 Y45.767 E0.02081
G1 X35.477 Y45.991 E0.04192
G1 X35.218 Y46.025 E0.01429
G1 X34.384 Y45.993 E0.04565
G1 X33.732 Y45.797 E0.03724
G1 X33.049 Y45.365 E0.0442
G1 X32.853 Y45.194 E0.01423
G1 X32.367 Y44.595 E0.04219
G1 X32.24 Y44.37 E0.01413
G1 F1500 E-6.5
G0 F1320 X34.235 Y43.394
G0 X35.555 Y43.564
G0 X36.714 Y44.693
G1 F1500 E6.5
G1 F360 X36.053 Y45.169 E0.04455
G1 X35.281 Y45.409 E0.04422
G1 X34.513 Y45.383 E0.04203
G1 X34.002 Y45.233 E0.02913
G1 X33.341 Y44.822 E0.04257
G1 X32.83 Y44.184 E0.04471
G1 X32.545 Y43.41 E0.04511
G1 X32.551 Y42.581 E0.04534
G1 X32.799 Y41.869 E0.04124
G1 X33.079 Y41.437 E0.02816
G1 X33.555 Y41.015 E0.03479
G1 X33.82 Y40.851 E0.01704
G1 X34.509 Y40.597 E0.04016
G1 X35.271 Y40.57 E0.0417
G1 X35.898 Y40.756 E0.03577
G1 X36.188 Y40.902 E0.01776
G1 X36.722 Y41.3 E0.03643
G1 X37.187 Y41.987 E0.04537
G1 X37.371 Y42.738 E0.04229
G1 X37.369 Y43.277 E0.02948
G1 X37.187 Y43.992 E0.04035
G1 X36.714 Y44.693 E0.04625
G1 F1500 E-6.5
G0 F1320 X35.555 Y43.564
G0 X34.245 Y42.563
G0 X33.371 Y42.12
;TYPE:WALL-OUTER
G1 F1500 E6.5
G1 F360 X33.586 Y41.815 E0.02021
G1 X34.005 Y41.444 E0.03031
G1 X34.578 Y41.218 E0.03336
G1 X35.191 Y41.192 E0.03323
G1 X35.774 Y41.366 E0.03295
G1 X36.266 Y41.739 E0.03344
G1 X36.608 Y42.247 E0.03317
G1 X36.756 Y42.816 E0.03184
G1 X36.761 Y43.142 E0.01766
G1 X36.614 Y43.731 E0.03288
G1 X36.263 Y44.254 E0.03411
G1 X35.772 Y44.606 E0.03272
G1 X35.189 Y44.784 E0.03302
G1 X34.575 Y44.76 E0.03328
G1 X34.285 Y44.673 E0.0164
G1 X33.764 Y44.356 E0.03303
G1 X33.378 Y43.874 E0.03345
G1 X33.17 Y43.298 E0.03317
G1 X33.167 Y42.677 E0.03363
G1 X33.371 Y42.12 E0.03213
G0 F1320 X33.486 Y41.957
G1 F1500 E-6.5
G0 F1320 X81.99 Y64.49
G1 F1500 E6.5
G1 F360 X81.99 Y35.51 E1.56961
G1 X18.01 Y35.51 E3.46527
G1 X18.01 Y64.49 E1.56961
G1 X81.99 Y64.49 E3.46527
G0 F1320 X81.99 Y64.29
G1 F1500 E-6.5
G0 F1320 X30.501 Y39.782
;TYPE:SKIN
G1 F1500 E6.5
G1 F360 X30.016 Y40.553 E0.0503
G1 X29.612 Y41.67 E0.0656
G1 X29.489 Y42.403 E0.04104
G1 X29.49 Y43.584 E0.06522
G1 X29.606 Y44.268 E0.03831
G1 X29.99 Y45.338 E0.06278
G1 X30.374 Y46.014 E0.04293
G1 X31.006 Y46.807 E0.056
G1 X31.64 Y47.366 E0.04668
G1 X32.478 Y47.886 E0.05446
G1 X33.026 Y48.138 E0.03331
G1 X34.034 Y48.422 E0.05783
G1 X35.266 Y48.468 E0.06808
G1 X36.03 Y48.364 E0.04258
G1 X37.031 Y48.073 E0.05757
G1 X37.783 Y47.693 E0.04653
G1 X38.701 Y47.018 E0.06292
G1 X39.268 Y46.383 E0.04701
G1 X39.744 Y45.659 E0.04785
G1 X40.061 Y45.021 E0.03934
G1 X40.351 Y43.975 E0.05994
G1 X40.423 Y43.493 E0.02691
G1 X40.439 Y42.483 E0.05578
G1 X40.161 Y41.293 E0.06749
G1 X39.985 Y40.789 E0.02948
G1 X39.668 Y40.202 E0.03684
G1 X39.295 Y39.646 E0.03697
G1 X38.927 Y39.191 E0.03232
G1 X78.31 Y39.19 E2.17488
G1 X78.31 Y60.81 E1.19394
G1 X21.69 Y60.81 E3.12677
G1 X21.69 Y39.19 E1.19394
G1 X31.021 Y39.19 E0.51529
G1 X30.501 Y39.782 E0.04351
G1 F1500 E-6.5
G0 F1320 X24.171 Y41.671
G1 F1500 E6.5
G1 F360 X27.085 Y41.67 E0.16092
G1 X27.013 Y42.158 E0.02724
G1 X27.006 Y43.743 E0.08753
G1 X27.203 Y44.94 E0.06699
G1 X27.695 Y46.328 E0.08132
G1 X28.315 Y47.412 E0.06896
G1 X29.232 Y48.559 E0.0811
G1 X30.164 Y49.367 E0.06812
G1 X31.351 Y50.09 E0.07675
G1 X32.154 Y50.459 E0.0488
G1 X33.631 Y50.88 E0.08481
G1 X35.262 Y50.95 E0.09015
G1 X36.47 Y50.802 E0.06721
G1 X37.914 Y50.391 E0.08291
G1 X39.068 Y49.813 E0.07128
G1 X40.342 Y48.865 E0.0877
G1 X41.265 Y47.853 E0.07564
G1 X41.889 Y46.889 E0.06342
G1 X42.355 Y45.945 E0.05814
G1 X42.751 Y44.556 E0.07976
G1 X42.878 Y43.786 E0.0431
G1 X42.919 Y42.22 E0.08651
G1 X42.791 Y41.67 E0.03118
G1 X75.83 Y41.67 E1.82454
G1 X75.83 Y58.33 E0.92003
G1 X24.17 Y58.326 E2.85286
G1 X24.171 Y41.671 E0.91975
G1 F1500 E-6.5
G0 F1320 X25.588 Y43.088
G1 F1500 E6.5
G1 F227.8 X25.591 Y43.919 E0.07254
G1 F221 X25.616 Y44.236 E0.02861
G1 F1500 E-6.5
G0 F1320 X29.4 Y45.553
G1 F1500 E6.5
G1 F360 X29.859 Y46.363 E0.05141
G1 X30.554 Y47.235 E0.06158
G1 X31.268 Y47.862 E0.05247
G1 X32.219 Y48.451 E0.06177
G1 X32.807 Y48.719 E0.03569
G1 X33.934 Y49.038 E0.06468
G1 X35.211 Y49.09 E0.07058
G1 X36.137 Y48.972 E0.05155
G1 X37.231 Y48.658 E0.06285
G1 X38.089 Y48.229 E0.05297
G1 X39.114 Y47.477 E0.0702
G1 X39.76 Y46.755 E0.0535
G1 X40.259 Y46.003 E0.04984
G1 X40.637 Y45.245 E0.04678
G1 X40.955 Y44.096 E0.06584
G1 X41.035 Y43.584 E0.02862
G1 X41.059 Y42.414 E0.06463
G1 X40.745 Y41.08 E0.07568
G1 X40.553 Y40.536 E0.03186
G1 X40.158 Y39.81 E0.04564
G1 X77.69 Y39.81 E2.07266
G1 X77.69 Y60.19 E1.12546
G1 X22.311 Y60.189 E3.05824
G1 X22.31 Y39.81 E1.12541
G1 X29.749 Y39.81 E0.41081
G1 X29.456 Y40.273 E0.03026
G1 X29.004 Y41.518 E0.07314
G1 X28.869 Y42.348 E0.04644
G1 X28.87 Y43.64 E0.07135
G1 X29.002 Y44.424 E0.0439
G1 X29.4 Y45.553 E0.06611
G1 F1500 E-6.5
G0 F1320 X31.066 Y53.367
G1 F1500 E6.5
G1 F360 X33.135 Y53.961 E0.11887
G1 X35.468 Y54.048 E0.12893
G1 X36.942 Y53.858 E0.08207
G1 X39.039 Y53.284 E0.12006
G1 X40.704 Y52.453 E0.10276
G1 X42.419 Y51.168 E0.11834
G1 X43.698 Y49.773 E0.10452
G1 X44.533 Y48.48 E0.085
G1 X45.249 Y47.064 E0.08763
G1 X45.755 Y45.268 E0.10304
G1 X45.844 Y44.77 E0.02794
G1 X72.73 Y44.77 E1.48475
G1 X72.73 Y55.226 E0.57742
G1 X27.27 Y55.222 E2.51047
G1 X27.27 Y50.965 E0.23509
G1 X28.38 Y51.919 E0.08083
G1 X29.848 Y52.798 E0.09449
G1 X31.066 Y53.367 E0.07424
G1 F1500 E-6.5
G0 F1320 X28.83 Y53.785
G1 F1500 E6.5
G1 F221.4 X28.767 Y53.894 E0.0113
G1 X28.641 Y53.894 E0.01131
G1 X28.578 Y53.785 E0.0113
G1 X28.641 Y53.676 E0.0113
G1 X28.767 Y53.676 E0.01131
G1 X28.83 Y53.785 E0.0113
G1 F1500 E-6.5
G0 F1320 X27.891 Y52.354
G1 F1500 E6.5
G1 F360 X29.581 Y53.359 E0.10858
G1 X30.801 Y53.93 E0.07439
G1 F353.7 X33.076 Y54.59 E0.13314
G1 X30.754 Y54.602 E0.13051
G1 F360 X27.891 Y54.601 E0.15811
G1 X27.891 Y52.354 E0.12409
G1 F1500 E-6.5
G0 F1320 X33.076 Y54.59
G1 F1500 E6.5
G1 F360 X34.268 Y54.614 E0.06584
G1 F387.5 X35.46 Y54.637 E0.06117
G1 F370.8 X36.236 Y54.588 E0.04169
G1 F318.9 X37.011 Y54.539 E0.04842
G1 F1500 E-6.5
G0 F1320 X42.835 Y51.628
G1 F1500 E6.5
G1 F360 X44.226 Y50.104 E0.11395
G1 X45.09 Y48.756 E0.08842
G1 X45.829 Y47.288 E0.09076
G1 X46.364 Y45.39 E0.1089
G1 X72.11 Y45.39 E1.42179
G1 X72.11 Y54.606 E0.50894
G1 X39.357 Y54.602 E1.80875
G1 F342.3 X36.987 Y54.546 E0.13767
G1 X39.315 Y53.842 E0.14124
G1 F360 X41.031 Y52.982 E0.106
G1 X42.835 Y51.628 E0.12456
G1 F1500 E-6.5
G0 F1320 X41.179 Y49.785
G1 F1500 E6.5
G1 F360 X42.214 Y48.653 E0.0847
G1 X42.965 Y47.492 E0.07636
G1 X43.531 Y46.341 E0.07083
G1 X43.943 Y44.881 E0.08378
G1 X44.102 Y43.986 E0.0502
G1 X44.141 Y42.91 E0.05946
G1 X74.59 Y42.91 E1.68151
G1 X74.59 Y57.089 E0.78302
G1 X25.41 Y57.082 E2.71591
G1 X25.41 Y47.212 E0.54506
G1 F364.7 X25.401 Y45.352 E0.10139
G1 F387.5 X25.374 Y44.634 E0.03686
G1 F281.5 X25.616 Y44.236 E0.0329
G1 X25.919 Y44.591 E0.03297
G1 F387.5 X26.004 Y45.249 E0.03404
G1 F364.7 X26.559 Y46.844 E0.09206
G1 F360 X27.316 Y48.153 E0.08351
G1 X28.284 Y49.377 E0.08618
G1 X29.429 Y50.371 E0.08373
G1 X30.76 Y51.178 E0.08596
G1 X31.718 Y51.623 E0.05833
G1 X33.431 Y52.112 E0.09838
G1 X35.319 Y52.19 E0.10435
G1 X36.639 Y52.028 E0.07344
G1 X38.364 Y51.547 E0.0989
G1 X39.724 Y50.869 E0.08392
G1 X41.179 Y49.785 E0.1002
G1 F1500 E-6.5
G0 F1320 X40.743 Y47.512
G1 F1500 E6.5
G1 F360 X41.332 Y46.618 E0.05912
G1 X41.789 Y45.697 E0.05678
G1 X42.139 Y44.456 E0.07121
G1 X42.258 Y43.777 E0.03807
G1 X42.299 Y42.284 E0.08248
G1 X42.011 Y41.05 E0.06998
G1 X76.45 Y41.05 E1.90185
G1 X76.45 Y58.95 E0.98851
G1 X23.55 Y58.946 E2.92134
G1 X23.55 Y41.05 E0.98829
G1 X27.848 Y41.05 E0.23735
G1 X27.788 Y41.213 E0.00959
G1 X27.629 Y42.25 E0.05794
G1 X27.63 Y43.743 E0.08245
G1 X27.807 Y44.784 E0.05831
G1 X28.263 Y46.068 E0.07525
G1 X28.831 Y47.063 E0.06327
G1 X29.684 Y48.127 E0.07531
G1 X30.536 Y48.867 E0.06232
G1 X31.675 Y49.562 E0.07368
G1 X32.372 Y49.879 E0.04228
G1 X33.729 Y50.264 E0.0779
G1 X35.234 Y50.33 E0.08319
G1 X36.35 Y50.194 E0.06209
G1 X37.686 Y49.81 E0.07677
G1 X38.74 Y49.285 E0.06503
G1 X39.95 Y48.389 E0.08315
G1 X40.743 Y47.512 E0.06529
G1 F1500 E-6.5
G0 F1320 X40.798 Y46.307
G1 F1500 E6.5
G1 F360 X41.213 Y45.474 E0.05139
G1 X41.543 Y44.296 E0.06756
G1 X41.646 Y43.679 E0.03454
G1 X41.679 Y42.347 E0.07358
G1 X41.354 Y40.964 E0.07846
G1 X41.171 Y40.43 E0.03117
G1 X77.07 Y40.43 E1.98248
G1 X77.07 Y59.57 E1.05698
G1 X22.93 Y59.566 E2.98982
G1 X22.93 Y40.43 E1.05676
G1 X28.737 Y40.43 E0.32068
G1 X28.396 Y41.365 E0.05496
G1 X28.249 Y42.297 E0.0521
G1 X28.25 Y43.692 E0.07704
G1 X28.411 Y44.628 E0.05245
G1 X28.831 Y45.812 E0.06938
G1 X29.347 Y46.716 E0.05748
G1 X30.136 Y47.698 E0.06957
G1 X30.942 Y48.393 E0.05877
G1 X31.963 Y49.015 E0.06602
G1 X32.587 Y49.299 E0.03786
G1 X33.826 Y49.646 E0.07106
G1 X35.21 Y49.71 E0.07651
G1 X36.236 Y49.584 E0.05709
G1 X37.459 Y49.234 E0.07025
G1 X38.416 Y48.757 E0.05905
G1 X39.551 Y47.912 E0.07814
G1 X40.266 Y47.118 E0.05901
G1 X40.798 Y46.307 E0.05356
G1 F1500 E-6.5
G0 F1320 X39.755 Y43.815
G1 F1500 E6.5
G1 F360 X39.808 Y43.41 E0.02256
G1 X39.818 Y42.552 E0.04739
G1 X39.578 Y41.502 E0.05948
G1 X39.418 Y41.038 E0.0271
G1 X39.128 Y40.505 E0.03351
G1 X38.815 Y40.038 E0.03105
G1 X38.474 Y39.62 E0.02979
G1 X38.053 Y39.246 E0.0311
G1 X37.6 Y38.919 E0.03085
G1 X36.908 Y38.57 E0.0428
G1 X78.93 Y38.57 E2.32061
G1 X78.93 Y61.43 E1.26242
G1 X21.07 Y61.43 E3.19525
G1 X21.07 Y38.57 E1.26242
G1 X32.916 Y38.571 E0.65418
G1 X31.934 Y39.187 E0.06402
G1 X31.558 Y39.519 E0.0277
G1 X31.026 Y40.123 E0.04445
G1 X30.579 Y40.827 E0.04605
G1 X30.216 Y41.834 E0.05911
G1 X30.109 Y42.458 E0.03496
G1 X30.11 Y43.533 E0.05937
G1 X30.21 Y44.113 E0.0325
G1 X30.558 Y45.082 E0.05686
G1 X30.89 Y45.666 E0.0371
G1 X31.458 Y46.375 E0.05017
G1 X32.011 Y46.866 E0.04084
G1 X32.772 Y47.344 E0.04963
G1 X33.242 Y47.556 E0.02847
G1 X34.134 Y47.806 E0.05116
G1 X35.183 Y47.85 E0.05798
G1 X35.926 Y47.756 E0.04136
G1 X36.823 Y47.482 E0.0518
G1 X37.462 Y47.161 E0.03949
G1 X38.285 Y46.562 E0.05621
G1 X38.763 Y46.025 E0.0397
G1 X39.217 Y45.335 E0.04561
G1 X39.481 Y44.801 E0.0329
G1 X39.755 Y43.815 E0.05651
G1 F1500 E-6.5
G0 F1320 X43.538 Y42.29
G1 F1500 E6.5
G1 F360 X75.21 Y42.29 E1.74905
G1 X75.21 Y57.71 E0.85155
G1 X24.791 Y57.705 E2.78433
G1 X24.791 Y42.291 E0.85122
G1 X26.389 Y42.291 E0.08825
G1 X26.39 Y43.842 E0.08565
G1 X26.599 Y45.096 E0.07021
G1 X27.127 Y46.584 E0.08719
G1 X27.803 Y47.764 E0.0751
G1 X28.741 Y48.949 E0.08346
G1 X29.835 Y49.898 E0.07998
G1 X31.027 Y50.618 E0.0769
G1 X31.939 Y51.043 E0.05556
G1 X33.532 Y51.496 E0.09146
G1 X35.291 Y51.57 E0.09722
G1 X36.527 Y51.42 E0.06876
G1 X38.136 Y50.971 E0.09225
G1 X39.396 Y50.341 E0.0778
G1 X40.759 Y49.324 E0.09391
G1 X41.753 Y48.236 E0.08138
G1 X42.445 Y47.16 E0.07065
G1 X42.951 Y46.117 E0.06402
G1 X43.347 Y44.717 E0.08035
G1 X43.49 Y43.884 E0.04667
G1 X43.538 Y42.29 E0.08807
G1 F1500 E-6.5
G0 F1320 X44.737 Y43.53
G1 F1500 E6.5
G1 F360 X73.97 Y43.53 E1.61436
G1 X73.97 Y56.466 E0.71438
G1 X26.03 Y56.462 E2.64743
G1 X26.03 Y47.177 E0.51275
G1 X26.751 Y48.424 E0.07955
G1 X27.832 Y49.804 E0.09681
G1 X29.069 Y50.879 E0.0905
G1 X30.44 Y51.71 E0.08853
G1 X31.498 Y52.203 E0.06446
G1 X33.335 Y52.729 E0.10552
G1 X35.403 Y52.808 E0.11429
G1 X36.711 Y52.644 E0.0728
G1 X38.592 Y52.123 E0.10779
G1 X40.094 Y51.369 E0.09281
G1 X41.59 Y50.249 E0.1032
G1 X42.71 Y49.025 E0.09162
G1 X43.502 Y47.795 E0.08079
G1 X44.09 Y46.615 E0.07281
G1 X44.551 Y44.988 E0.09339
G1 X44.71 Y44.09 E0.05036
G1 X44.737 Y43.53 E0.03096
G1 F1500 E-6.5
G0 F1320 X44.67 Y46.839
G1 F1500 E6.5
G1 F360 X45.147 Y45.156 E0.0966
G1 X45.328 Y44.153 E0.05628
G1 X73.35 Y44.15 E1.54748
G1 X73.35 Y55.846 E0.6459
G1 X26.651 Y55.842 E2.5789
G1 X26.65 Y49.304 E0.36105
G1 X27.38 Y50.236 E0.06538
G1 X28.705 Y51.384 E0.09682
G1 X30.201 Y52.286 E0.09647
G1 X31.237 Y52.766 E0.06305
G1 X33.239 Y53.345 E0.11509
G1 X35.435 Y53.428 E0.12136
G1 X36.842 Y53.25 E0.07832
G1 X38.815 Y52.703 E0.11307
G1 X40.376 Y51.925 E0.09632
G1 X42.007 Y50.708 E0.11238
G1 X43.202 Y49.401 E0.0978
G1 X44.026 Y48.123 E0.08397
G1 X44.67 Y46.839 E0.07933
G1 F1500 E-6.5
G0 F1320 X45.614 Y49.083
G1 F1500 E6.5
G1 F360 X46.409 Y47.508 E0.09743
G1 X46.835 Y46.01 E0.08601
G1 X71.49 Y46.01 E1.36154
G1 X71.49 Y53.986 E0.44047
G1 X40.416 Y53.982 E1.71602
G1 X41.355 Y53.514 E0.05794
G1 X43.289 Y52.054 E0.13382
G1 X44.689 Y50.522 E0.11461
G1 X45.614 Y49.083 E0.09447
G1 F1500 E-6.5
G0 F1320 X47.77 Y47.25
G1 F1500 E6.5
G1 F360 X70.25 Y47.25 E1.24143
G1 X70.25 Y52.746 E0.30351
G1 X44.334 Y52.741 E1.43118
G1 X45.701 Y51.236 E0.11228
G1 X46.661 Y49.74 E0.09816
G1 X47.583 Y47.91 E0.11316
G1 X47.77 Y47.25 E0.03788
G1 F1500 E-6.5
G0 F1320 X48.113 Y48.244
G1 F1500 E6.5
G1 F360 X48.231 Y47.87 E0.02166
G1 X69.63 Y47.87 E1.18173
G1 X69.63 Y52.126 E0.23503
G1 X45.738 Y52.118 E1.31941
G1 X46.198 Y51.608 E0.03793
G1 X47.218 Y50.016 E0.10441
G1 X48.113 Y48.244 E0.10963
G1 F1500 E-6.5
G0 F1320 X48.297 Y50.621
G1 F1500 E6.5
G1 F360 X49.063 Y49.11 E0.09355
G1 X68.39 Y49.11 E1.06731
G1 X68.39 Y50.886 E0.09808
G1 X48.131 Y50.878 E1.11878
G1 X48.297 Y50.621 E0.0169
G1 F1500 E-6.5
G0 F1320 X49.429 Y49.707
G1 F1500 E6.5
G1 F387.5 X67.791 Y49.709 E0.94206
G1 F386.2 X67.791 Y50.287 E0.02976
G1 F387.5 X49.139 Y50.281 E0.95694
G1 F388.9 X49.429 Y49.707 E0.03288
G1 F1500 E-6.5
G0 F1320 X69.01 Y51.506
G1 F1500 E6.5
G1 F360 X46.998 Y51.498 E1.21559
G1 X47.757 Y50.317 E0.07753
G1 X48.679 Y48.49 E0.11301
G1 X69.01 Y48.49 E1.12276
G1 X69.01 Y51.506 E0.16655
G1 F1500 E-6.5
G0 F1320 X70.87 Y53.366
M104 S224
G1 F1500 E6.5
G1 F360 X42.587 Y53.362 E1.56189
G1 X43.709 Y52.51 E0.0778
G1 X45.181 Y50.898 E0.12055
G1 X46.138 Y49.412 E0.09761
G1 X46.985 Y47.736 E0.1037
G1 X47.303 Y46.63 E0.06355
G1 X70.87 Y46.63 E1.30146
G1 X70.87 Y53.366 E0.37199
G1 F1500 E-6.5
;MESH:NONMESH
G0 F600 X70.87 Y53.366 Z0.36
G0 F1320 X32.592 Y40.705
;TIME_ELAPSED:826.060882
;LAYER:1
M204 P175
;TYPE:WALL-INNER
;MESH:LoRAtop.STL
G1 F1500 E6.5
G1 F420 X33.121 Y40.232 E0.01945
G1 X33.502 Y40.039 E0.01171
G1 X33.974 Y39.851 E0.01392
G1 X34.399 Y39.731 E0.0121
G1 X35.148 Y39.704 E0.02054
G1 X35.675 Y39.782 E0.0146
G1 X36.159 Y39.93 E0.01387
G1 X36.579 Y40.12 E0.01263
G1 X37.147 Y40.536 E0.0193
G1 X37.495 Y40.896 E0.01372
G1 X37.762 Y41.229 E0.0117
G1 X38.111 Y42.01 E0.02344
G1 X38.193 Y42.34 E0.00932
G1 X38.253 Y43.1 E0.02089
G1 X38.22 Y43.439 E0.00933
G1 X38.032 Y44.201 E0.02151
G1 X37.885 Y44.515 E0.0095
G1 X37.466 Y45.131 E0.02042
G1 X37.232 Y45.395 E0.00967
G1 X36.572 Y45.864 E0.02219
G1 X36.312 Y45.995 E0.00798
G1 X35.488 Y46.263 E0.02375
G1 X34.691 Y46.29 E0.02186
G1 X33.868 Y46.1 E0.02315
G1 X33.594 Y45.99 E0.00809
G1 X32.908 Y45.572 E0.02202
G1 X32.636 Y45.336 E0.00987
G1 X32.161 Y44.736 E0.02097
G1 X32.013 Y44.475 E0.00822
G1 X31.737 Y43.732 E0.02172
G1 X31.676 Y43.386 E0.00963
G1 X31.676 Y42.602 E0.02149
G1 X31.732 Y42.265 E0.00936
G1 X32.01 Y41.497 E0.02238
G1 X32.303 Y41.036 E0.01497
G1 X32.592 Y40.705 E0.01204
M204 T160
G0 F1320 X34.456 Y40.129
G1 F420 X35.148 Y40.104 E0.01898
G1 X35.558 Y40.165 E0.01136
G1 X36.042 Y40.313 E0.01387
G1 X36.589 Y40.597 E0.01689
G1 X36.859 Y40.814 E0.00949
G1 X37.377 Y41.35 E0.02043
G1 X37.774 Y42.237 E0.02663
G1 X37.852 Y43.098 E0.02369
G1 X37.827 Y43.368 E0.00743
G1 X37.653 Y44.05 E0.01929
G1 X37.558 Y44.271 E0.00659
G1 X37.139 Y44.911 E0.02096
G1 X36.945 Y45.101 E0.00744
G1 X36.363 Y45.523 E0.0197
G1 X36.161 Y45.625 E0.0062
G1 X35.382 Y45.868 E0.02236
G1 X34.765 Y45.889 E0.01692
G1 X33.867 Y45.699 E0.02516
G1 X33.144 Y45.248 E0.02335
G1 X32.963 Y45.091 E0.00657
G1 X32.491 Y44.51 E0.02052
G1 X32.376 Y44.307 E0.00639
G1 X32.122 Y43.621 E0.02005
G1 X32.075 Y43.348 E0.00759
G1 X32.084 Y42.465 E0.0242
G1 X32.371 Y41.672 E0.02311
G1 X32.634 Y41.261 E0.01337
G1 X32.859 Y41.004 E0.00936
G1 X33.42 Y40.503 E0.02061
G1 X34.122 Y40.223 E0.02071
G1 X34.456 Y40.129 E0.00951
G0 F1320 X36.071 Y40.74
G1 F420 X36.571 Y41.092 E0.01676
G1 X37.041 Y41.579 E0.01855
G1 X37.385 Y42.345 E0.02301
G1 X37.454 Y43.212 E0.02384
G1 X37.254 Y44.017 E0.02273
G1 X36.767 Y44.741 E0.02391
G1 X36.085 Y45.236 E0.0231
G1 X35.361 Y45.458 E0.02075
G1 X34.758 Y45.48 E0.01654
G1 X34.022 Y45.318 E0.02065
G1 X33.293 Y44.873 E0.02341
G1 X32.762 Y44.216 E0.02315
G1 X32.482 Y43.418 E0.02318
G1 X32.481 Y42.54 E0.02406
G1 X32.755 Y41.809 E0.0214
G1 X33.125 Y41.302 E0.0172
G1 X33.633 Y40.849 E0.01865
G1 X34.434 Y40.53 E0.02363
G1 X35.148 Y40.504 E0.01958
G1 X35.441 Y40.547 E0.00812
G1 X36.071 Y40.74 E0.01806
G0 F1320 X35.894 Y41.104
G1 F420 X36.284 Y41.37 E0.01294
G1 X36.703 Y41.804 E0.01653
G1 X36.995 Y42.453 E0.0195
G1 X37.052 Y43.177 E0.0199
G1 X36.878 Y43.859 E0.01929
G1 X36.475 Y44.46 E0.01983
G1 X35.883 Y44.879 E0.01988
G1 X35.276 Y45.067 E0.01742
G1 X34.828 Y45.09 E0.01229
G1 X34.174 Y44.943 E0.01837
G1 X33.571 Y44.576 E0.01935
G1 X33.121 Y44.02 E0.0196
G1 X32.875 Y43.349 E0.01959
G1 X32.879 Y42.618 E0.02003
G1 X33.112 Y41.989 E0.01838
G1 X33.332 Y41.654 E0.01098
G1 X33.846 Y41.194 E0.0189
G1 X34.496 Y40.935 E0.01918
G1 X35.227 Y40.9 E0.02006
G1 X35.894 Y41.104 E0.01912
G0 F1320 X36.055 Y40.844
G0 X80.5 Y63
G1 F420 X80.5 Y37 E0.71257
G1 X19.5 Y37 E1.67179
G1 X19.5 Y63 E0.71257
G1 X80.5 Y63 E1.67179
G0 F1320 X19.1 Y63.4
G1 F420 X80.9 Y63.4 E1.69371
G1 X80.9 Y36.6 E0.73449
G1 X19.1 Y36.6 E1.69371
G1 X19.1 Y63.4 E0.73449
G0 F1320 X18.7 Y36.2
G1 F420 X18.7 Y63.8 E0.75642
G1 X81.3 Y63.8 E1.71564
G1 X81.3 Y36.2 E0.75642
G1 X18.7 Y36.2 E1.71564
G0 F1320 X18.58 Y63.92
G0 X18.3 Y64.2
G1 F420 X81.7 Y64.2 E1.73756
G1 X81.7 Y35.8 E0.77834
G1 X18.3 Y35.8 E1.73756
G1 X18.3 Y64.2 E0.77834
G0 F1320 X18.61 Y63.92
G0 X35.916 Y45.196
G0 X35.708 Y44.514
M204 P150
;TYPE:WALL-OUTER
G1 F420 X35.173 Y44.679 E0.01519
G1 X34.865 Y44.687 E0.00836
G1 X34.34 Y44.572 E0.01459
G1 X33.824 Y44.256 E0.01642
G1 X33.47 Y43.818 E0.01528
G1 X33.278 Y43.279 E0.01553
G1 X33.28 Y42.692 E0.01593
G1 X33.469 Y42.169 E0.01509
G1 X33.658 Y41.898 E0.00897
G1 X34.059 Y41.54 E0.01459
G1 X34.605 Y41.327 E0.01591
G1 X35.178 Y41.303 E0.01557
G1 X35.738 Y41.481 E0.01595
G1 X35.996 Y41.648 E0.00834
G1 X36.368 Y42.033 E0.01453
G1 X36.6 Y42.553 E0.01545
G1 X36.651 Y43.136 E0.01588
G1 X36.51 Y43.684 E0.01536
G1 X36.187 Y44.173 E0.01591
G1 X35.708 Y44.514 E0.01596
G0 F1320 X35.517 Y44.572
G0 X35.725 Y45.254
G0 X34.379 Y44.852
G0 X18.18 Y35.68
G0 X17.9 Y35.4
G1 F420 X17.9 Y64.6 E0.7925
G1 X82.1 Y64.6 E1.74241
G1 X82.1 Y35.4 E0.7925
G1 X17.9 Y35.4 E1.74241
G0 F1320 X17.9 Y35.6
G0 X18.58 Y36.08
G0 X19.86 Y62.64
M204 P165
;TYPE:SKIN
G1 F420 X19.86 Y37.36 E0.69956
G1 X80.14 Y37.36 E1.66809
G1 X80.14 Y62.64 E0.69956
G1 X19.86 Y62.64 E1.66809
G0 F1320 X38.365 Y44.342
G1 F420 X38.571 Y43.516 E0.02356
G1 X38.608 Y43.101 E0.01153
G1 X38.552 Y42.301 E0.02219
G1 X38.459 Y41.908 E0.01118
G1 X38.083 Y41.062 E0.02562
G1 X37.756 Y40.648 E0.0146
G1 X37.4 Y40.28 E0.01417
G1 X36.783 Y39.822 E0.02126
G1 X36.287 Y39.593 E0.01512
G1 X35.788 Y39.437 E0.01447
G1 X35.173 Y39.346 E0.0172
G1 X34.341 Y39.374 E0.02304
G1 X33.857 Y39.511 E0.01392
G1 X32.918 Y39.925 E0.0284
G1 X32.35 Y40.435 E0.02112
G1 X31.998 Y40.836 E0.01477
G1 X31.676 Y41.355 E0.0169
G1 X31.384 Y42.159 E0.02367
G1 X31.316 Y42.588 E0.01202
G1 X31.318 Y43.434 E0.02341
G1 X31.382 Y43.81 E0.01055
G1 X31.676 Y44.607 E0.02351
G1 X31.87 Y44.948 E0.01086
G1 X32.358 Y45.568 E0.02183
G1 X32.689 Y45.862 E0.01225
G1 X33.377 Y46.287 E0.02238
G1 X33.822 Y46.464 E0.01325
G1 X34.589 Y46.626 E0.02169
G1 X35.235 Y46.639 E0.01788
G1 X35.668 Y46.58 E0.01209
G1 X36.515 Y46.311 E0.02459
G1 X36.907 Y46.07 E0.01273
G1 X37.419 Y45.694 E0.01758
G1 X37.749 Y45.35 E0.01319
G1 X38.17 Y44.729 E0.02076
G1 X38.365 Y44.342 E0.01199
G0 F1320 X35.291 Y45.324
G0 X34.153 Y45.2
G0 X20.06 Y37.64
G1 F420 X20.141 Y37.559 E0.00317
G0 F1320 X20.706 Y37.559
G1 F420 X20.06 Y38.206 E0.0253
G0 F1320 X20.06 Y38.771
G1 F420 X21.272 Y37.559 E0.04743
G0 F1320 X21.838 Y37.559
G1 F420 X20.06 Y39.337 E0.06958
G0 F1320 X20.06 Y39.903
G1 F420 X22.403 Y37.559 E0.09171
G0 F1320 X22.969 Y37.559
G1 F420 X20.06 Y40.468 E0.11384
G0 F1320 X20.06 Y41.034
G1 F420 X23.535 Y37.559 E0.13599
G0 F1320 X24.1 Y37.559
G1 F420 X20.06 Y41.6 E0.15812
G0 F1320 X20.06 Y42.165
G1 F420 X24.666 Y37.559 E0.18025
G0 F1320 X25.232 Y37.559
G1 F420 X20.06 Y42.731 E0.2024
G0 F1320 X20.06 Y43.297
G1 F420 X25.797 Y37.559 E0.22454
G0 F1320 X26.363 Y37.559
G1 F420 X20.06 Y43.863 E0.24669
G0 F1320 X20.06 Y44.428
G1 F420 X26.929 Y37.559 E0.26882
G0 F1320 X27.494 Y37.559
G1 F420 X20.06 Y44.994 E0.29095
G0 F1320 X20.06 Y45.56
G1 F420 X28.06 Y37.559 E0.3131
G0 F1320 X28.626 Y37.559
G1 F420 X20.06 Y46.125 E0.33523
G0 F1320 X20.06 Y46.691
G1 F420 X29.191 Y37.559 E0.35736
G0 F1320 X29.757 Y37.559
G1 F420 X20.06 Y47.257 E0.37951
G0 F1320 X20.06 Y47.822
G1 F420 X30.323 Y37.559 E0.40164
G0 F1320 X30.889 Y37.559
G1 F420 X20.06 Y48.388 E0.42379
G0 F1320 X20.06 Y48.954
G1 F420 X31.454 Y37.559 E0.44592
G0 F1320 X32.02 Y37.559
G1 F420 X20.06 Y49.519 E0.46805
G0 F1320 X20.06 Y50.085
G1 F420 X32.586 Y37.559 E0.4902
G0 F1320 X33.151 Y37.559
G1 F420 X20.06 Y50.651 E0.51233
G0 F1320 X20.06 Y51.216
G1 F420 X33.717 Y37.559 E0.53446
G0 F1320 X34.283 Y37.559
G1 F420 X20.06 Y51.782 E0.55661
G0 F1320 X20.06 Y52.348
G1 F420 X34.848 Y37.559 E0.57874
G0 F1320 X35.414 Y37.559
G1 F420 X33.539 Y39.434 E0.07338
G1 X33.469 Y39.504
G0 F1320 X34.364 Y39.175
G1 F420 X35.98 Y37.559 E0.06324
G0 F1320 X36.545 Y37.559
G1 F420 X34.953 Y39.152 E0.06232
G0 F1320 X35.48 Y39.191
G1 F420 X37.111 Y37.559 E0.06385
G0 F1320 X37.677 Y37.559
G1 F420 X35.954 Y39.283 E0.06745
G0 F1320 X36.382 Y39.42
G1 F420 X38.242 Y37.559 E0.07281
G0 F1320 X38.808 Y37.559
G1 F420 X36.773 Y39.594 E0.07964
G0 F1320 X37.115 Y39.819
G1 F420 X39.374 Y37.559 E0.08842
G0 F1320 X39.94 Y37.559
G1 F420 X37.441 Y40.058 E0.0978
G0 F1320 X37.729 Y40.335
G1 F420 X40.505 Y37.559 E0.10864
G0 F1320 X41.071 Y37.559
G1 F420 X38 Y40.63 E0.12018
G0 F1320 X38.25 Y40.946
G1 F420 X41.637 Y37.559 E0.13255
G0 F1320 X42.202 Y37.559
G1 F420 X38.423 Y41.338 E0.14789
G0 F1320 X38.597 Y41.731
G1 F420 X42.768 Y37.559 E0.16325
G0 F1320 X43.334 Y37.559
G1 F420 X38.724 Y42.169 E0.18041
G0 F1320 X38.778 Y42.681
G1 F420 X43.899 Y37.559 E0.20043
G0 F1320 X44.465 Y37.559
G1 F420 X38.798 Y43.227 E0.2218
G0 F1320 X38.679 Y43.911
G1 F420 X45.031 Y37.559 E0.24858
G0 F1320 X45.596 Y37.559
G1 F420 X38.363 Y44.793 E0.28308
G1 X38.293 Y44.863
G0 F1320 X36.762 Y46.393
G1 F420 X20.715 Y62.44 E0.62799
G0 F1320 X20.15 Y62.44
G1 F420 X35.864 Y46.726 E0.61496
G0 F1320 X35.186 Y46.839
G1 F420 X20.06 Y61.964 E0.59193
G0 F1320 X20.06 Y61.399
G1 F420 X34.632 Y46.827 E0.57027
G0 F1320 X34.155 Y46.738
G1 F420 X20.06 Y60.833 E0.5516
G0 F1320 X20.06 Y60.267
G1 F420 X33.701 Y46.626 E0.53384
G0 F1320 X33.293 Y46.468
G1 F420 X20.06 Y59.702 E0.51789
G0 F1320 X20.06 Y59.136
G1 F420 X32.943 Y46.253 E0.50417
G0 F1320 X32.593 Y46.037
G1 F420 X20.06 Y58.57 E0.49048
G0 F1320 X20.06 Y58.005
G1 F420 X32.289 Y45.775 E0.4786
G0 F1320 X32.028 Y45.471
G1 F420 X20.06 Y57.439 E0.46836
G0 F1320 X20.06 Y56.873
G1 F420 X31.778 Y45.155 E0.45858
G0 F1320 X31.562 Y44.806
G1 F420 X20.06 Y56.308 E0.45013
G0 F1320 X20.06 Y55.742
G1 F420 X31.39 Y44.412 E0.4434
G0 F1320 X31.236 Y44
G1 F420 X20.06 Y55.176 E0.43737
G0 F1320 X20.06 Y54.611
G1 F420 X31.132 Y43.538 E0.43332
G0 F1320 X31.12 Y42.984
G1 F420 X20.06 Y54.045 E0.43285
G0 F1320 X20.06 Y53.479
G1 F420 X31.143 Y42.396 E0.43373
G1 X31.213 Y42.326
G0 F1320 X31.374 Y41.599
G1 F420 X20.06 Y52.914 E0.44279
G1 X19.99 Y52.984
G0 F1320 X21.281 Y62.44
G1 F420 X46.162 Y37.559 E0.97371
G0 F1320 X46.728 Y37.559
G1 F420 X21.847 Y62.44 E0.97371
G0 F1320 X22.412 Y62.44
G1 F420 X47.293 Y37.559 E0.97371
G0 F1320 X47.859 Y37.559
G1 F420 X22.978 Y62.44 E0.97371
G0 F1320 X23.544 Y62.44
G1 F420 X48.425 Y37.559 E0.97371
G0 F1320 X48.99 Y37.559
G1 F420 X24.11 Y62.44 E0.97369
G0 F1320 X24.675 Y62.44
G1 F420 X49.556 Y37.559 E0.97371
G0 F1320 X50.122 Y37.559
G1 F420 X25.241 Y62.44 E0.97371
G0 F1320 X25.807 Y62.44
G1 F420 X50.688 Y37.559 E0.97371
G0 F1320 X51.253 Y37.559
G1 F420 X26.372 Y62.44 E0.97371
G0 F1320 X26.938 Y62.44
G1 F420 X51.819 Y37.559 E0.97371
G0 F1320 X52.385 Y37.559
G1 F420 X27.504 Y62.44 E0.97371
G0 F1320 X28.069 Y62.44
G1 F420 X52.95 Y37.559 E0.97371
G0 F1320 X53.516 Y37.559
G1 F420 X28.635 Y62.44 E0.97371
G0 F1320 X29.201 Y62.44
G1 F420 X54.082 Y37.559 E0.97371
G0 F1320 X54.647 Y37.559
G1 F420 X29.766 Y62.44 E0.97371
G0 F1320 X30.332 Y62.44
G1 F420 X55.213 Y37.559 E0.97371
G0 F1320 X55.779 Y37.559
G1 F420 X30.898 Y62.44 E0.97371
G0 F1320 X31.463 Y62.44
G1 F420 X56.344 Y37.559 E0.97371
G0 F1320 X56.91 Y37.559
G1 F420 X32.029 Y62.44 E0.97371
G0 F1320 X32.595 Y62.44
G1 F420 X57.476 Y37.559 E0.97371
G0 F1320 X58.041 Y37.559
G1 F420 X33.16 Y62.44 E0.97371
G0 F1320 X33.726 Y62.44
G1 F420 X58.607 Y37.559 E0.97371
G0 F1320 X59.173 Y37.559
G1 F420 X34.292 Y62.44 E0.97371
G0 F1320 X34.858 Y62.44
G1 F420 X59.739 Y37.559 E0.97371
G0 F1320 X60.304 Y37.559
G1 F420 X35.423 Y62.44 E0.97371
G0 F1320 X35.989 Y62.44
G1 F420 X60.87 Y37.559 E0.97371
G0 F1320 X61.436 Y37.559
G1 F420 X36.555 Y62.44 E0.97371
G0 F1320 X37.12 Y62.44
G1 F420 X62.001 Y37.559 E0.97371
G0 F1320 X62.567 Y37.559
G1 F420 X37.686 Y62.44 E0.97371
G0 F1320 X38.252 Y62.44
G1 F420 X63.133 Y37.559 E0.97371
G0 F1320 X63.698 Y37.559
G1 F420 X38.817 Y62.44 E0.97371
G0 F1320 X39.383 Y62.44
G1 F420 X64.264 Y37.559 E0.97371
G0 F1320 X64.83 Y37.559
G1 F420 X39.949 Y62.44 E0.97371
G0 F1320 X40.514 Y62.44
G1 F420 X65.395 Y37.559 E0.97371
G0 F1320 X65.961 Y37.559
G1 F420 X41.08 Y62.44 E0.97371
G0 F1320 X41.646 Y62.44
G1 F420 X66.527 Y37.559 E0.97371
G0 F1320 X67.092 Y37.559
G1 F420 X42.211 Y62.44 E0.97371
G0 F1320 X42.777 Y62.44
G1 F420 X67.658 Y37.559 E0.97371
G0 F1320 X68.224 Y37.559
G1 F420 X43.343 Y62.44 E0.97371
G0 F1320 X43.909 Y62.44
G1 F420 X68.789 Y37.559 E0.97369
G0 F1320 X69.355 Y37.559
G1 F420 X44.474 Y62.44 E0.97371
G0 F1320 X45.04 Y62.44
G1 F420 X69.921 Y37.559 E0.97371
G0 F1320 X70.487 Y37.559
G1 F420 X45.606 Y62.44 E0.97371
G0 F1320 X46.171 Y62.44
G1 F420 X71.052 Y37.559 E0.97371
G0 F1320 X71.618 Y37.559
G1 F420 X46.737 Y62.44 E0.97371
G0 F1320 X47.303 Y62.44
G1 F420 X72.184 Y37.559 E0.97371
G0 F1320 X72.749 Y37.559
G1 F420 X47.868 Y62.44 E0.97371
G0 F1320 X48.434 Y62.44
G1 F420 X73.315 Y37.559 E0.97371
G0 F1320 X73.881 Y37.559
G1 F420 X49 Y62.44 E0.97371
G0 F1320 X49.565 Y62.44
G1 F420 X74.446 Y37.559 E0.97371
G0 F1320 X75.012 Y37.559
G1 F420 X50.131 Y62.44 E0.97371
G0 F1320 X50.697 Y62.44
G1 F420 X75.578 Y37.559 E0.97371
G0 F1320 X76.143 Y37.559
G1 F420 X51.262 Y62.44 E0.97371
G0 F1320 X51.828 Y62.44
G1 F420 X76.709 Y37.559 E0.97371
G0 F1320 X77.275 Y37.559
G1 F420 X52.394 Y62.44 E0.97371
G0 F1320 X52.959 Y62.44
G1 F420 X77.84 Y37.559 E0.97371
G0 F1320 X78.406 Y37.559
G1 F420 X53.525 Y62.44 E0.97371
G0 F1320 X54.091 Y62.44
G1 F420 X78.972 Y37.559 E0.97371
G0 F1320 X79.537 Y37.559
G1 F420 X54.657 Y62.44 E0.97369
G0 F1320 X55.222 Y62.44
G1 F420 X79.94 Y37.723 E0.96731
G0 F1320 X79.94 Y38.288
G1 F420 X55.788 Y62.44 E0.94518
G0 F1320 X56.354 Y62.44
G1 F420 X79.94 Y38.854 E0.92303
G0 F1320 X79.94 Y39.42
G1 F420 X56.919 Y62.44 E0.9009
G0 F1320 X57.485 Y62.44
G1 F420 X79.94 Y39.985 E0.87877
G0 F1320 X79.94 Y40.551
G1 F420 X58.051 Y62.44 E0.85662
G0 F1320 X58.616 Y62.44
G1 F420 X79.94 Y41.117 E0.83449
G0 F1320 X79.94 Y41.683
G1 F420 X59.182 Y62.44 E0.81234
G0 F1320 X59.748 Y62.44
G1 F420 X79.94 Y42.248 E0.79021
G0 F1320 X79.94 Y42.814
G1 F420 X60.313 Y62.44 E0.76808
G0 F1320 X60.879 Y62.44
G1 F420 X79.94 Y43.38 E0.74593
G0 F1320 X79.94 Y43.945
G1 F420 X61.445 Y62.44 E0.7238
G0 F1320 X62.01 Y62.44
G1 F420 X79.94 Y44.511 E0.70167
G0 F1320 X79.94 Y45.077
G1 F420 X62.576 Y62.44 E0.67952
G0 F1320 X63.142 Y62.44
G1 F420 X79.94 Y45.642 E0.65739
G0 F1320 X79.94 Y46.208
G1 F420 X63.707 Y62.44 E0.63525
G0 F1320 X64.273 Y62.44
G1 F420 X79.94 Y46.774 E0.6131
G0 F1320 X79.94 Y47.339
G1 F420 X64.839 Y62.44 E0.59097
G0 F1320 X65.405 Y62.44
G1 F420 X79.94 Y47.905 E0.56882
G0 F1320 X79.94 Y48.471
G1 F420 X65.97 Y62.44 E0.54669
G0 F1320 X66.536 Y62.44
G1 F420 X79.94 Y49.036 E0.52456
G0 F1320 X79.94 Y49.602
G1 F420 X67.102 Y62.44 E0.50241
G0 F1320 X67.667 Y62.44
G1 F420 X79.94 Y50.168 E0.48028
G0 F1320 X79.94 Y50.733
G1 F420 X68.233 Y62.44 E0.45815
G0 F1320 X68.799 Y62.44
G1 F420 X79.94 Y51.299 E0.436
G0 F1320 X79.94 Y51.865
G1 F420 X69.364 Y62.44 E0.41387
G0 F1320 X69.93 Y62.44
G1 F420 X79.94 Y52.431 E0.39172
G0 F1320 X79.94 Y52.996
G1 F420 X70.496 Y62.44 E0.36959
G0 F1320 X71.061 Y62.44
G1 F420 X79.94 Y53.562 E0.34746
G0 F1320 X79.94 Y54.128
G1 F420 X71.627 Y62.44 E0.32531
G0 F1320 X72.193 Y62.44
G1 F420 X79.94 Y54.693 E0.30318
G0 F1320 X79.94 Y55.259
G1 F420 X72.758 Y62.44 E0.28105
G0 F1320 X73.324 Y62.44
G1 F420 X79.94 Y55.825 E0.2589
G0 F1320 X79.94 Y56.39
G1 F420 X73.89 Y62.44 E0.23677
G0 F1320 X74.456 Y62.44
G1 F420 X79.94 Y56.956 E0.21461
G0 F1320 X79.94 Y57.522
G1 F420 X75.021 Y62.44 E0.19248
G0 F1320 X75.587 Y62.44
G1 F420 X79.94 Y58.087 E0.17035
G0 F1320 X79.94 Y58.653
G1 F420 X76.153 Y62.44 E0.1482
G0 F1320 X76.718 Y62.44
G1 F420 X79.94 Y59.219 E0.12607
G0 F1320 X79.94 Y59.784
G1 F420 X77.284 Y62.44 E0.10394
G0 F1320 X77.85 Y62.44
G1 F420 X79.94 Y60.35 E0.08179
G0 F1320 X79.94 Y60.916
G1 F420 X78.415 Y62.44 E0.05966
G0 F1320 X78.981 Y62.44
G1 F420 X79.94 Y61.482 E0.03751
G0 F1320 X79.94 Y62.047
G1 F420 X79.547 Y62.44 E0.01538
;MESH:NONMESH
G0 F600 X79.547 Y62.44 Z0.52
G0 F1320 X37.147 Y40.536
;TIME_ELAPSED:1537.417738
;LAYER:2
M204 P200
;TYPE:WALL-INNER
;MESH:LoRAtop.STL
G1 F480 X37.495 Y40.896 E0.01372
G1 X37.762 Y41.229 E0.0117
G1 X38.111 Y42.01 E0.02344
G1 X38.193 Y42.34 E0.00932
G1 X38.253 Y43.1 E0.02089
G1 X38.22 Y43.439 E0.00933
G1 X38.032 Y44.201 E0.02151
G1 X37.885 Y44.515 E0.0095
G1 X37.466 Y45.131 E0.02042
G1 X37.232 Y45.395 E0.00967
G1 X36.572 Y45.864 E0.02219
G1 X36.312 Y45.995 E0.00798
G1 X35.488 Y46.263 E0.02375
G1 X34.691 Y46.29 E0.02186
G1 X33.868 Y46.1 E0.02315
G1 X33.594 Y45.99 E0.00809
G1 X32.908 Y45.572 E0.02202
G1 X32.636 Y45.336 E0.00987
G1 X32.161 Y44.736 E0.02097
G1 X32.013 Y44.475 E0.00822
G1 X31.737 Y43.732 E0.02172
G1 X31.676 Y43.386 E0.00963
G1 X31.676 Y42.602 E0.02149
G1 X31.732 Y42.265 E0.00936
G1 X32.01 Y41.497 E0.02238
G1 X32.303 Y41.036 E0.01497
G1 X32.592 Y40.705 E0.01204
G1 X33.121 Y40.232 E0.01945
G1 X33.502 Y40.039 E0.01171
G1 X33.974 Y39.851 E0.01392
G1 X34.399 Y39.731 E0.0121
G1 X35.148 Y39.704 E0.02054
G1 X35.675 Y39.782 E0.0146
G1 X36.159 Y39.93 E0.01387
G1 X36.579 Y40.12 E0.01263
G1 X37.147 Y40.536 E0.0193
M204 T200
G0 F1320 X34.461 Y40.682
G0 X33.148 Y41.483
G0 X32.678 Y42.456
G0 X32.376 Y44.307
G1 F480 X32.122 Y43.621 E0.02005
G1 X32.075 Y43.348 E0.00759
G1 X32.084 Y42.465 E0.0242
G1 X32.371 Y41.672 E0.02311
G1 X32.634 Y41.261 E0.01337
G1 X32.859 Y41.004 E0.00936
G1 X33.42 Y40.503 E0.02061
G1 X34.122 Y40.223 E0.02071
G1 X34.456 Y40.129 E0.00951
G1 X35.148 Y40.104 E0.01898
G1 X35.558 Y40.165 E0.01136
G1 X36.042 Y40.313 E0.01387
G1 X36.589 Y40.597 E0.01689
G1 X36.859 Y40.814 E0.00949
G1 X37.377 Y41.35 E0.02043
G1 X37.774 Y42.237 E0.02663
G1 X37.852 Y43.098 E0.02369
G1 X37.827 Y43.368 E0.00743
G1 X37.653 Y44.05 E0.01929
G1 X37.558 Y44.271 E0.00659
G1 X37.139 Y44.911 E0.02096
G1 X36.945 Y45.101 E0.00744
G1 X36.363 Y45.523 E0.0197
G1 X36.161 Y45.625 E0.0062
G1 X35.382 Y45.868 E0.02236
G1 X34.765 Y45.889 E0.01692
G1 X33.867 Y45.699 E0.02516
G1 X33.144 Y45.248 E0.02335
G1 X32.963 Y45.091 E0.00657
G1 X32.491 Y44.51 E0.02052
G1 X32.376 Y44.307 E0.00639
G0 F1320 X32.63 Y42.593
G0 X33.148 Y41.483
G0 X34.434 Y40.53
G1 F480 X35.148 Y40.504 E0.01958
G1 X35.441 Y40.547 E0.00812
G1 X36.071 Y40.74 E0.01806
G1 X36.571 Y41.092 E0.01676
G1 X37.041 Y41.579 E0.01855
G1 X37.385 Y42.345 E0.02301
G1 X37.454 Y43.212 E0.02384
G1 X37.254 Y44.017 E0.02273
G1 X36.767 Y44.741 E0.02391
G1 X36.085 Y45.236 E0.0231
G1 X35.361 Y45.458 E0.02075
G1 X34.758 Y45.48 E0.01654
G1 X34.022 Y45.318 E0.02065
G1 X33.293 Y44.873 E0.02341
G1 X32.762 Y44.216 E0.02315
G1 X32.482 Y43.418 E0.02318
G1 X32.481 Y42.54 E0.02406
G1 X32.755 Y41.809 E0.0214
G1 X33.125 Y41.302 E0.0172
G1 X33.633 Y40.849 E0.01865
G1 X34.434 Y40.53 E0.02363
G0 F1320 X33.72 Y40.98
G0 X32.884 Y41.874
G0 X32.63 Y43.39
G0 X33.398 Y44.765
G0 X34.5 Y45.274
G0 X35.366 Y45.364
G0 X35.276 Y45.067
G1 F480 X34.828 Y45.09 E0.01229
G1 X34.174 Y44.943 E0.01837
G1 X33.571 Y44.576 E0.01935
G1 X33.121 Y44.02 E0.0196
G1 X32.875 Y43.349 E0.01959
G1 X32.879 Y42.618 E0.02003
G1 X33.112 Y41.989 E0.01838
G1 X33.332 Y41.654 E0.01098
G1 X33.846 Y41.194 E0.0189
G1 X34.496 Y40.935 E0.01918
G1 X35.227 Y40.9 E0.02006
G1 X35.894 Y41.104 E0.01912
G1 X36.284 Y41.37 E0.01294
G1 X36.703 Y41.804 E0.01653
G1 X36.995 Y42.453 E0.0195
G1 X37.052 Y43.177 E0.0199
G1 X36.878 Y43.859 E0.01929
G1 X36.475 Y44.46 E0.01983
G1 X35.883 Y44.879 E0.01988
G1 X35.276 Y45.067 E0.01742
G0 F1320 X35.366 Y45.364
G0 X19.5 Y63
G1 F480 X80.5 Y63 E1.67179
G1 X80.5 Y37 E0.71257
G1 X19.5 Y37 E1.67179
G1 X19.5 Y63 E0.71257
G0 F1320 X80.9 Y63.4
G1 F480 X80.9 Y36.6 E0.73449
G1 X19.1 Y36.6 E1.69371
G1 X19.1 Y63.4 E0.73449
G1 X80.9 Y63.4 E1.69371
G0 F1320 X18.7 Y63.8
G1 F480 X81.3 Y63.8 E1.71564
G1 X81.3 Y36.2 E0.75642
G1 X18.7 Y36.2 E1.71564
G1 X18.7 Y63.8 E0.75642
G0 F1320 X18.3 Y64.2
G1 F480 X81.7 Y64.2 E1.73756
G1 X81.7 Y35.8 E0.77834
G1 X18.3 Y35.8 E1.73756
G1 X18.3 Y64.2 E0.77834
G0 F1320 X18.61 Y63.92
G0 X33.148 Y41.483
G0 X34.461 Y40.682
G0 X36.111 Y40.878
G0 X35.738 Y41.481
M204 P150
;TYPE:WALL-OUTER
G1 F480 X35.996 Y41.648 E0.00834
G1 X36.368 Y42.033 E0.01453
G1 X36.6 Y42.553 E0.01545
G1 X36.651 Y43.136 E0.01588
G1 X36.51 Y43.684 E0.01536
G1 X36.187 Y44.173 E0.01591
G1 X35.708 Y44.514 E0.01596
G1 X35.173 Y44.679 E0.01519
G1 X34.865 Y44.687 E0.00836
G1 X34.34 Y44.572 E0.01459
G1 X33.824 Y44.256 E0.01642
G1 X33.47 Y43.818 E0.01528
G1 X33.278 Y43.279 E0.01553
G1 X33.28 Y42.692 E0.01593
G1 X33.469 Y42.169 E0.01509
G1 X33.658 Y41.898 E0.00897
G1 X34.059 Y41.54 E0.01459
G1 X34.605 Y41.327 E0.01591
G1 X35.178 Y41.303 E0.01557
G1 X35.738 Y41.481 E0.01595
G0 F1320 X35.906 Y41.589
G0 X36.281 Y40.983
G0 X81.82 Y35.68
G0 X82.1 Y35.4
G1 F480 X17.9 Y35.4 E1.74241
G1 X17.9 Y64.6 E0.7925
G1 X82.1 Y64.6 E1.74241
G1 X82.1 Y35.4 E0.7925
G0 F1320 X81.9 Y35.4
G0 X81.42 Y36.08
G0 X19.86 Y62.64
M204 P180
;TYPE:SKIN
G1 F480 X19.86 Y37.36 E0.69956
G1 X80.14 Y37.36 E1.66809
G1 X80.14 Y62.64 E0.69956
G1 X19.86 Y62.64 E1.66809
G0 F1320 X33.377 Y46.287
G1 F480 X33.822 Y46.464 E0.01325
G1 X34.589 Y46.626 E0.02169
G1 X35.235 Y46.639 E0.01788
G1 X35.668 Y46.58 E0.01209
G1 X36.515 Y46.311 E0.02459
G1 X36.907 Y46.07 E0.01273
G1 X37.419 Y45.694 E0.01758
G1 X37.749 Y45.35 E0.01319
G1 X38.17 Y44.729 E0.02076
G1 X38.365 Y44.342 E0.01199
G1 X38.571 Y43.516 E0.02356
G1 X38.608 Y43.101 E0.01153
G1 X38.552 Y42.301 E0.02219
G1 X38.459 Y41.908 E0.01118
G1 X38.083 Y41.062 E0.02562
G1 X37.756 Y40.648 E0.0146
G1 X37.4 Y40.28 E0.01417
G1 X36.783 Y39.822 E0.02126
G1 X36.287 Y39.593 E0.01512
G1 X35.788 Y39.437 E0.01447
G1 X35.173 Y39.346 E0.0172
G1 X34.341 Y39.374 E0.02304
G1 X33.857 Y39.511 E0.01392
G1 X32.918 Y39.925 E0.0284
G1 X32.35 Y40.435 E0.02112
G1 X31.998 Y40.836 E0.01477
G1 X31.676 Y41.355 E0.0169
G1 X31.384 Y42.159 E0.02367
G1 X31.316 Y42.588 E0.01202
G1 X31.318 Y43.434 E0.02341
G1 X31.382 Y43.81 E0.01055
G1 X31.676 Y44.607 E0.02351
G1 X31.87 Y44.948 E0.01086
G1 X32.358 Y45.568 E0.02183
G1 X32.689 Y45.862 E0.01225
G1 X33.377 Y46.287 E0.02238
G0 F1320 X20.06 Y61.921
G1 F480 X20.579 Y62.44 E0.02031
G0 F1320 X21.145 Y62.44
G1 F480 X20.06 Y61.355 E0.04246
G0 F1320 X20.06 Y60.789
G1 F480 X21.71 Y62.44 E0.06459
G0 F1320 X22.276 Y62.44
G1 F480 X20.06 Y60.224 E0.08672
G0 F1320 X20.06 Y59.658
G1 F480 X22.842 Y62.44 E0.10887
G0 F1320 X23.407 Y62.44
G1 F480 X20.06 Y59.092 E0.131
G0 F1320 X20.06 Y58.527
G1 F480 X23.973 Y62.44 E0.15313
G0 F1320 X24.539 Y62.44
G1 F480 X20.06 Y57.961 E0.17528
G0 F1320 X20.06 Y57.395
G1 F480 X25.104 Y62.44 E0.19742
G0 F1320 X25.67 Y62.44
G1 F480 X20.06 Y56.829 E0.21957
G0 F1320 X20.06 Y56.264
G1 F480 X26.236 Y62.44 E0.2417
G0 F1320 X26.801 Y62.44
G1 F480 X20.06 Y55.698 E0.26383
G0 F1320 X20.06 Y55.132
G1 F480 X27.367 Y62.44 E0.28598
G0 F1320 X27.933 Y62.44
G1 F480 X20.06 Y54.567 E0.30811
G0 F1320 X20.06 Y54.001
G1 F480 X28.499 Y62.44 E0.33026
G0 F1320 X29.064 Y62.44
G1 F480 X20.06 Y53.435 E0.35239
G0 F1320 X20.06 Y52.87
G1 F480 X29.63 Y62.44 E0.37452
G0 F1320 X30.196 Y62.44
G1 F480 X20.06 Y52.304 E0.39667
G0 F1320 X20.06 Y51.738
G1 F480 X30.761 Y62.44 E0.4188
G0 F1320 X31.327 Y62.44
G1 F480 X20.06 Y51.173 E0.44093
G0 F1320 X20.06 Y50.607
G1 F480 X31.893 Y62.44 E0.46308
G0 F1320 X32.458 Y62.44
G1 F480 X20.06 Y50.041 E0.48521
G0 F1320 X20.06 Y49.476
G1 F480 X33.024 Y62.44 E0.50734
G0 F1320 X33.59 Y62.44
G1 F480 X20.06 Y48.91 E0.52949
G0 F1320 X20.06 Y48.344
G1 F480 X34.155 Y62.44 E0.55162
G0 F1320 X34.721 Y62.44
G1 F480 X20.06 Y47.778 E0.57377
G0 F1320 X20.06 Y47.213
G1 F480 X35.287 Y62.44 E0.5959
G0 F1320 X35.852 Y62.44
G1 F480 X20.06 Y46.647 E0.61804
G0 F1320 X20.06 Y46.081
G1 F480 X36.418 Y62.44 E0.64019
G0 F1320 X36.984 Y62.44
G1 F480 X20.06 Y45.516 E0.66232
G0 F1320 X20.06 Y44.95
G1 F480 X37.549 Y62.44 E0.68445
G0 F1320 X38.115 Y62.44
G1 F480 X20.06 Y44.384 E0.7066
G0 F1320 X20.06 Y43.819
G1 F480 X38.681 Y62.44 E0.72873
G0 F1320 X39.247 Y62.44
G1 F480 X20.06 Y43.253 E0.75088
G0 F1320 X20.06 Y42.687
G1 F480 X39.812 Y62.44 E0.77301
G0 F1320 X40.378 Y62.44
G1 F480 X20.06 Y42.122 E0.79514
G0 F1320 X20.06 Y41.556
G1 F480 X40.944 Y62.44 E0.81729
G0 F1320 X41.509 Y62.44
G1 F480 X20.06 Y40.99 E0.83942
G0 F1320 X20.06 Y40.425
G1 F480 X42.075 Y62.44 E0.86155
G0 F1320 X42.641 Y62.44
G1 F480 X20.06 Y39.859 E0.8837
G0 F1320 X20.06 Y39.293
G1 F480 X43.206 Y62.44 E0.90583
G0 F1320 X43.772 Y62.44
G1 F480 X20.06 Y38.728 E0.92796
G0 F1320 X20.06 Y38.162
G1 F480 X44.338 Y62.44 E0.95011
G0 F1320 X44.903 Y62.44
G1 F480 X20.06 Y37.596 E0.97224
G0 F1320 X20.59 Y37.56
G1 F480 X45.469 Y62.44 E0.97365
G0 F1320 X46.035 Y62.44
G1 F480 X21.155 Y37.56 E0.97367
G0 F1320 X21.721 Y37.56
G1 F480 X46.6 Y62.44 E0.97365
G0 F1320 X47.166 Y62.44
G1 F480 X22.287 Y37.56 E0.97365
G0 F1320 X22.852 Y37.56
G1 F480 X47.732 Y62.44 E0.97367
G0 F1320 X48.298 Y62.44
G1 F480 X23.418 Y37.56 E0.97367
G0 F1320 X23.984 Y37.56
G1 F480 X48.863 Y62.44 E0.97365
G0 F1320 X49.429 Y62.44
G1 F480 X33.562 Y46.573 E0.62095
G0 F1320 X34.33 Y46.775
G1 F480 X49.995 Y62.44 E0.61305
G0 F1320 X50.56 Y62.44
G1 F480 X34.955 Y46.835 E0.6107
G0 F1320 X35.492 Y46.806
G1 F480 X51.126 Y62.44 E0.61183
G0 F1320 X51.692 Y62.44
G1 F480 X35.951 Y46.699 E0.61602
G0 F1320 X36.379 Y46.562
G1 F480 X52.257 Y62.44 E0.62138
G0 F1320 X52.823 Y62.44
G1 F480 X36.772 Y46.388 E0.62817
G0 F1320 X37.114 Y46.165
G1 F480 X53.389 Y62.44 E0.63692
G0 F1320 X53.954 Y62.44
G1 F480 X37.44 Y45.925 E0.64629
G0 F1320 X37.735 Y45.654
G1 F480 X54.52 Y62.44 E0.6569
G0 F1320 X55.086 Y62.44
G1 F480 X37.992 Y45.346 E0.66897
G0 F1320 X38.221 Y45.009
G1 F480 X55.651 Y62.44 E0.68214
G0 F1320 X56.217 Y62.44
G1 F480 X38.431 Y44.653 E0.69607
G0 F1320 X38.595 Y44.251
G1 F480 X56.783 Y62.44 E0.7118
G0 F1320 X57.348 Y62.44
G1 F480 X38.707 Y43.798 E0.72953
G0 F1320 X38.788 Y43.314
G1 F480 X57.914 Y62.44 E0.74849
G0 F1320 X58.48 Y62.44
G1 F480 X38.781 Y42.741 E0.77092
G0 F1320 X38.708 Y42.103
G1 F480 X59.046 Y62.44 E0.7959
G0 F1320 X59.611 Y62.44
G1 F480 X38.354 Y41.183 E0.83189
G1 X38.284 Y41.113
G0 F1320 X36.76 Y39.588
G1 F480 X34.732 Y37.56 E0.07937
G0 F1320 X35.297 Y37.56
G1 F480 X60.177 Y62.44 E0.97367
G0 F1320 X60.743 Y62.44
G1 F480 X35.863 Y37.56 E0.97367
G0 F1320 X36.429 Y37.56
G1 F480 X61.308 Y62.44 E0.97365
G0 F1320 X61.874 Y62.44
G1 F480 X36.994 Y37.56 E0.97367
G0 F1320 X37.56 Y37.56
G1 F480 X62.44 Y62.44 E0.97367
G0 F1320 X63.005 Y62.44
G1 F480 X38.126 Y37.56 E0.97365
G0 F1320 X38.691 Y37.56
G1 F480 X63.571 Y62.44 E0.97367
G0 F1320 X64.137 Y62.44
G1 F480 X39.257 Y37.56 E0.97367
G0 F1320 X39.823 Y37.56
G1 F480 X64.702 Y62.44 E0.97365
G0 F1320 X65.268 Y62.44
G1 F480 X40.389 Y37.56 E0.97365
G0 F1320 X40.954 Y37.56
G1 F480 X65.834 Y62.44 E0.97367
G0 F1320 X66.399 Y62.44
G1 F480 X41.52 Y37.56 E0.97365
G0 F1320 X42.086 Y37.56
G1 F480 X66.965 Y62.44 E0.97365
G0 F1320 X67.531 Y62.44
G1 F480 X42.651 Y37.56 E0.97367
G0 F1320 X43.217 Y37.56
G1 F480 X68.097 Y62.44 E0.97367
G0 F1320 X68.662 Y62.44
G1 F480 X43.783 Y37.56 E0.97365
G0 F1320 X44.348 Y37.56
G1 F480 X69.228 Y62.44 E0.97367
G0 F1320 X69.794 Y62.44
G1 F480 X44.914 Y37.56 E0.97367
G0 F1320 X45.48 Y37.56
G1 F480 X70.359 Y62.44 E0.97365
G0 F1320 X70.925 Y62.44
G1 F480 X46.045 Y37.56 E0.97367
G0 F1320 X46.611 Y37.56
G1 F480 X71.491 Y62.44 E0.97367
G0 F1320 X72.056 Y62.44
G1 F480 X47.177 Y37.56 E0.97365
G0 F1320 X47.742 Y37.56
G1 F480 X72.622 Y62.44 E0.97367
G0 F1320 X73.188 Y62.44
G1 F480 X48.308 Y37.56 E0.97367
G0 F1320 X48.874 Y37.56
G1 F480 X73.753 Y62.44 E0.97365
G0 F1320 X74.319 Y62.44
G1 F480 X49.439 Y37.56 E0.97367
G0 F1320 X50.005 Y37.56
G1 F480 X74.885 Y62.44 E0.97367
G0 F1320 X75.45 Y62.44
G1 F480 X50.571 Y37.56 E0.97365
G0 F1320 X51.137 Y37.56
G1 F480 X76.016 Y62.44 E0.97365
G0 F1320 X76.582 Y62.44
G1 F480 X51.702 Y37.56 E0.97367
G0 F1320 X52.268 Y37.56
G1 F480 X77.147 Y62.44 E0.97365
G0 F1320 X77.713 Y62.44
G1 F480 X52.834 Y37.56 E0.97365
G0 F1320 X53.399 Y37.56
G1 F480 X78.279 Y62.44 E0.97367
G0 F1320 X78.845 Y62.44
G1 F480 X53.965 Y37.56 E0.97367
G0 F1320 X54.531 Y37.56
G1 F480 X79.41 Y62.44 E0.97365
G0 F1320 X79.94 Y62.404
G1 F480 X55.096 Y37.56 E0.97226
G0 F1320 X55.662 Y37.56
G1 F480 X79.94 Y61.838 E0.95011
G0 F1320 X79.94 Y61.272
G1 F480 X56.228 Y37.56 E0.92796
G0 F1320 X56.793 Y37.56
G1 F480 X79.94 Y60.707 E0.90585
G0 F1320 X79.94 Y60.141
G1 F480 X57.359 Y37.56 E0.8837
G0 F1320 X57.925 Y37.56
G1 F480 X79.94 Y59.575 E0.86155
G0 F1320 X79.94 Y59.009
G1 F480 X58.49 Y37.56 E0.83942
G0 F1320 X59.056 Y37.56
G1 F480 X79.94 Y58.444 E0.81729
G0 F1320 X79.94 Y57.878
G1 F480 X59.622 Y37.56 E0.79514
G0 F1320 X60.188 Y37.56
G1 F480 X79.94 Y57.312 E0.77299
G0 F1320 X79.94 Y56.747
G1 F480 X60.753 Y37.56 E0.75088
G0 F1320 X61.319 Y37.56
G1 F480 X79.94 Y56.181 E0.72873
G0 F1320 X79.94 Y55.615
G1 F480 X61.885 Y37.56 E0.70658
G0 F1320 X62.45 Y37.56
G1 F480 X79.94 Y55.05 E0.68447
G0 F1320 X79.94 Y54.484
G1 F480 X63.016 Y37.56 E0.66232
G0 F1320 X63.582 Y37.56
G1 F480 X79.94 Y53.918 E0.64017
G0 F1320 X79.94 Y53.353
G1 F480 X64.147 Y37.56 E0.61805
G0 F1320 X64.713 Y37.56
G1 F480 X79.94 Y52.787 E0.5959
G0 F1320 X79.94 Y52.221
G1 F480 X65.279 Y37.56 E0.57375
G0 F1320 X65.844 Y37.56
G1 F480 X79.94 Y51.656 E0.55164
G0 F1320 X79.94 Y51.09
G1 F480 X66.41 Y37.56 E0.52949
G0 F1320 X66.976 Y37.56
G1 F480 X79.94 Y50.524 E0.50734
G0 F1320 X79.94 Y49.959
G1 F480 X67.541 Y37.56 E0.48523
G0 F1320 X68.107 Y37.56
G1 F480 X79.94 Y49.393 E0.46308
G0 F1320 X79.94 Y48.827
G1 F480 X68.673 Y37.56 E0.44093
G0 F1320 X69.238 Y37.56
G1 F480 X79.94 Y48.261 E0.4188
G0 F1320 X79.94 Y47.696
G1 F480 X69.804 Y37.56 E0.39667
G0 F1320 X70.37 Y37.56
G1 F480 X79.94 Y47.13 E0.37452
G0 F1320 X79.94 Y46.564
G1 F480 X70.936 Y37.56 E0.35237
G0 F1320 X71.501 Y37.56
G1 F480 X79.94 Y45.999 E0.33026
G0 F1320 X79.94 Y45.433
G1 F480 X72.067 Y37.56 E0.30811
G0 F1320 X72.633 Y37.56
G1 F480 X79.94 Y44.867 E0.28596
G0 F1320 X79.94 Y44.302
G1 F480 X73.198 Y37.56 E0.26385
G0 F1320 X73.764 Y37.56
G1 F480 X79.94 Y43.736 E0.2417
G0 F1320 X79.94 Y43.17
G1 F480 X74.33 Y37.56 E0.21955
G0 F1320 X74.895 Y37.56
G1 F480 X79.94 Y42.605 E0.19743
G0 F1320 X79.94 Y42.039
G1 F480 X75.461 Y37.56 E0.17528
G0 F1320 X76.027 Y37.56
G1 F480 X79.94 Y41.473 E0.15313
G0 F1320 X79.94 Y40.908
G1 F480 X76.592 Y37.56 E0.13102
G0 F1320 X77.158 Y37.56
G1 F480 X79.94 Y40.342 E0.10887
G0 F1320 X79.94 Y39.776
G1 F480 X77.724 Y37.56 E0.08672
G0 F1320 X78.289 Y37.56
G1 F480 X79.94 Y39.21 E0.06459
G0 F1320 X79.94 Y38.645
G1 F480 X78.855 Y37.56 E0.04246
G0 F1320 X79.421 Y37.56
G1 F480 X79.94 Y38.079 E0.02031
G0 F1320 X35.86 Y39.254
G1 F480 X34.166 Y37.56 E0.06629
G0 F1320 X33.6 Y37.56
G1 F480 X35.19 Y39.15 E0.06222
G0 F1320 X34.638 Y39.164
G1 F480 X33.035 Y37.56 E0.06275
G0 F1320 X32.469 Y37.56
G1 F480 X34.134 Y39.225 E0.06516
G0 F1320 X33.704 Y39.361
G1 F480 X31.903 Y37.56 E0.07048
G0 F1320 X31.338 Y37.56
G1 F480 X33.311 Y39.534 E0.07723
G0 F1320 X32.918 Y39.706
G1 F480 X30.772 Y37.56 E0.08398
G0 F1320 X30.206 Y37.56
G1 F480 X32.593 Y39.947 E0.09341
G0 F1320 X32.295 Y40.215
G1 F480 X29.641 Y37.56 E0.10388
G0 F1320 X29.075 Y37.56
G1 F480 X32.023 Y40.508 E0.11537
G0 F1320 X31.771 Y40.822
G1 F480 X28.509 Y37.56 E0.12766
G0 F1320 X27.943 Y37.56
G1 F480 X31.553 Y41.169 E0.14126
G0 F1320 X31.386 Y41.569
G1 F480 X27.378 Y37.56 E0.15687
G0 F1320 X26.812 Y37.56
G1 F480 X31.236 Y41.984 E0.17313
G0 F1320 X31.135 Y42.448
G1 F480 X26.246 Y37.56 E0.19131
G0 F1320 X25.681 Y37.56
G1 F480 X31.12 Y43 E0.21287
G0 F1320 X31.141 Y43.586
G1 F480 X25.115 Y37.56 E0.23583
G0 F1320 X24.549 Y37.56
G1 F480 X31.384 Y44.394 E0.26747
G1 X31.454 Y44.464
;MESH:NONMESH
G0 F600 X31.454 Y44.464 Z0.68
G0 F1320 X33.148 Y41.483
G0 X34.14 Y40.811
G0 X36.579 Y40.12
;TIME_ELAPSED:2164.091389
;LAYER:3
M204 P200
;TYPE:WALL-INNER
;MESH:LoRAtop.STL
G1 F480 X37.147 Y40.536 E0.0193
G1 X37.495 Y40.896 E0.01372
G1 X37.762 Y41.229 E0.0117
G1 X38.111 Y42.01 E0.02344
G1 X38.193 Y42.34 E0.00932
G1 X38.253 Y43.1 E0.02089
G1 X38.22 Y43.439 E0.00933
G1 X38.032 Y44.201 E0.02151
G1 X37.885 Y44.515 E0.0095
G1 X37.466 Y45.131 E0.02042
G1 X37.232 Y45.395 E0.00967
G1 X36.572 Y45.864 E0.02219
G1 X36.312 Y45.995 E0.00798
G1 X35.488 Y46.263 E0.02375
G1 X34.691 Y46.29 E0.02186
G1 X33.868 Y46.1 E0.02315
G1 X33.594 Y45.99 E0.00809
G1 X32.908 Y45.572 E0.02202
G1 X32.636 Y45.336 E0.00987
G1 X32.161 Y44.736 E0.02097
G1 X32.013 Y44.475 E0.00822
G1 X31.737 Y43.732 E0.02172
G1 X31.676 Y43.386 E0.00963
G1 X31.676 Y42.602 E0.02149
G1 X31.732 Y42.265 E0.00936
G1 X32.01 Y41.497 E0.02238
G1 X32.303 Y41.036 E0.01497
G1 X32.592 Y40.705 E0.01204
G1 X33.121 Y40.232 E0.01945
G1 X33.502 Y40.039 E0.01171
G1 X33.974 Y39.851 E0.01392
G1 X34.399 Y39.731 E0.0121
G1 X35.148 Y39.704 E0.02054
G1 X35.675 Y39.782 E0.0146
G1 X36.159 Y39.93 E0.01387
G1 X36.579 Y40.12 E0.01263
G0 F1320 X37.377 Y41.35
G1 F480 X37.774 Y42.237 E0.02663
G1 X37.852 Y43.098 E0.02369
G1 X37.827 Y43.368 E0.00743
G1 X37.653 Y44.05 E0.01929
G1 X37.558 Y44.271 E0.00659
G1 X37.139 Y44.911 E0.02096
G1 X36.945 Y45.101 E0.00744
G1 X36.363 Y45.523 E0.0197
G1 X36.161 Y45.625 E0.0062
G1 X35.382 Y45.868 E0.02236
G1 X34.765 Y45.889 E0.01692
G1 X33.867 Y45.699 E0.02516
G1 X33.144 Y45.248 E0.02335
G1 X32.963 Y45.091 E0.00657
G1 X32.491 Y44.51 E0.02052
G1 X32.376 Y44.307 E0.00639
G1 X32.122 Y43.621 E0.02005
G1 X32.075 Y43.348 E0.00759
G1 X32.084 Y42.465 E0.0242
G1 X32.371 Y41.672 E0.02311
G1 X32.634 Y41.261 E0.01337
G1 X32.859 Y41.004 E0.00936
G1 X33.42 Y40.503 E0.02061
G1 X34.122 Y40.223 E0.02071
G1 X34.456 Y40.129 E0.00951
G1 X35.148 Y40.104 E0.01898
G1 X35.558 Y40.165 E0.01136
G1 X36.042 Y40.313 E0.01387
G1 X36.589 Y40.597 E0.01689
G1 X36.859 Y40.814 E0.00949
G1 X37.377 Y41.35 E0.02043
G0 F1320 X35.257 Y40.65
G0 X34.251 Y40.766
G0 X33.125 Y41.302
G1 F480 X33.633 Y40.849 E0.01865
G1 X34.434 Y40.53 E0.02363
G1 X35.148 Y40.504 E0.01958
G1 X35.441 Y40.547 E0.00812
G1 X36.071 Y40.74 E0.01806
G1 X36.571 Y41.092 E0.01676
G1 X37.041 Y41.579 E0.01855
G1 X37.385 Y42.345 E0.02301
G1 X37.454 Y43.212 E0.02384
G1 X37.254 Y44.017 E0.02273
G1 X36.767 Y44.741 E0.02391
G1 X36.085 Y45.236 E0.0231
G1 X35.361 Y45.458 E0.02075
G1 X34.758 Y45.48 E0.01654
G1 X34.022 Y45.318 E0.02065
G1 X33.293 Y44.873 E0.02341
G1 X32.762 Y44.216 E0.02315
G1 X32.482 Y43.418 E0.02318
G1 X32.481 Y42.54 E0.02406
G1 X32.755 Y41.809 E0.0214
G1 X33.125 Y41.302 E0.0172
G0 F1320 X33.112 Y41.989
G1 F480 X33.332 Y41.654 E0.01098
G1 X33.846 Y41.194 E0.0189
G1 X34.496 Y40.935 E0.01918
G1 X35.227 Y40.9 E0.02006
G1 X35.894 Y41.104 E0.01912
G1 X36.284 Y41.37 E0.01294
G1 X36.703 Y41.804 E0.01653
G1 X36.995 Y42.453 E0.0195
G1 X37.052 Y43.177 E0.0199
G1 X36.878 Y43.859 E0.01929
G1 X36.475 Y44.46 E0.01983
G1 X35.883 Y44.879 E0.01988
G1 X35.276 Y45.067 E0.01742
G1 X34.828 Y45.09 E0.01229
G1 X34.174 Y44.943 E0.01837
G1 X33.571 Y44.576 E0.01935
G1 X33.121 Y44.02 E0.0196
G1 X32.875 Y43.349 E0.01959
G1 X32.879 Y42.618 E0.02003
G1 X33.112 Y41.989 E0.01838
G0 F1320 X32.853 Y41.813
G0 X33.72 Y40.98
G0 X80.5 Y37
G1 F480 X19.5 Y37 E1.67179
G1 X19.5 Y63 E0.71257
G1 X80.5 Y63 E1.67179
G1 X80.5 Y37 E0.71257
G0 F1320 X19.1 Y63.4
G1 F480 X80.9 Y63.4 E1.69371
G1 X80.9 Y36.6 E0.73449
G1 X19.1 Y36.6 E1.69371
G1 X19.1 Y63.4 E0.73449
G0 F1320 X18.7 Y63.8
G1 F480 X81.3 Y63.8 E1.71564
G1 X81.3 Y36.2 E0.75642
G1 X18.7 Y36.2 E1.71564
G1 X18.7 Y63.8 E0.75642
G0 F1320 X81.42 Y63.92
G0 X81.7 Y64.2
G1 F480 X81.7 Y35.8 E0.77834
G1 X18.3 Y35.8 E1.73756
G1 X18.3 Y64.2 E0.77834
G1 X81.7 Y64.2 E1.73756
G0 F1320 X81.39 Y63.92
G0 X35.916 Y45.196
G0 X35.708 Y44.514
M204 P150
;TYPE:WALL-OUTER
G1 F480 X35.173 Y44.679 E0.01519
G1 X34.865 Y44.687 E0.00836
G1 X34.34 Y44.572 E0.01459
G1 X33.824 Y44.256 E0.01642
G1 X33.47 Y43.818 E0.01528
G1 X33.278 Y43.279 E0.01553
G1 X33.28 Y42.692 E0.01593
G1 X33.469 Y42.169 E0.01509
G1 X33.658 Y41.898 E0.00897
G1 X34.059 Y41.54 E0.01459
G1 X34.605 Y41.327 E0.01591
G1 X35.178 Y41.303 E0.01557
G1 X35.738 Y41.481 E0.01595
G1 X35.996 Y41.648 E0.00834
G1 X36.368 Y42.033 E0.01453
G1 X36.6 Y42.553 E0.01545
G1 X36.651 Y43.136 E0.01588
G1 X36.51 Y43.684 E0.01536
G1 X36.187 Y44.173 E0.01591
G1 X35.708 Y44.514 E0.01596
G0 F1320 X35.517 Y44.572
G0 X35.725 Y45.254
G0 X18.18 Y64.32
G0 X17.9 Y64.6
G1 F480 X82.1 Y64.6 E1.74241
G1 X82.1 Y35.4 E0.7925
G1 X17.9 Y35.4 E1.74241
G1 X17.9 Y64.6 E0.7925
G0 F1320 X18.1 Y64.6
G0 X18.58 Y63.92
G0 X80.14 Y37.36
M204 P180
;TYPE:SKIN
G1 F480 X80.14 Y62.64 E0.69956
G1 X19.86 Y62.64 E1.66809
G1 X19.86 Y37.36 E0.69956
G1 X80.14 Y37.36 E1.66809
G0 F1320 X38.365 Y44.342
G1 F480 X38.571 Y43.516 E0.02356
G1 X38.608 Y43.101 E0.01153
G1 X38.552 Y42.301 E0.02219
G1 X38.459 Y41.908 E0.01118
G1 X38.083 Y41.062 E0.02562
G1 X37.756 Y40.648 E0.0146
G1 X37.4 Y40.28 E0.01417
G1 X36.783 Y39.822 E0.02126
G1 X36.287 Y39.593 E0.01512
G1 X35.788 Y39.437 E0.01447
G1 X35.173 Y39.346 E0.0172
G1 X34.341 Y39.374 E0.02304
G1 X33.857 Y39.511 E0.01392
G1 X32.918 Y39.925 E0.0284
G1 X32.35 Y40.435 E0.02112
G1 X31.998 Y40.836 E0.01477
G1 X31.676 Y41.355 E0.0169
G1 X31.384 Y42.159 E0.02367
G1 X31.316 Y42.588 E0.01202
G1 X31.318 Y43.434 E0.02341
G1 X31.382 Y43.81 E0.01055
G1 X31.676 Y44.607 E0.02351
G1 X31.87 Y44.948 E0.01086
G1 X32.358 Y45.568 E0.02183
G1 X32.689 Y45.862 E0.01225
G1 X33.377 Y46.287 E0.02238
G1 X33.822 Y46.464 E0.01325
G1 X34.589 Y46.626 E0.02169
G1 X35.235 Y46.639 E0.01788
G1 X35.668 Y46.58 E0.01209
G1 X36.515 Y46.311 E0.02459
G1 X36.907 Y46.07 E0.01273
G1 X37.419 Y45.694 E0.01758
G1 X37.749 Y45.35 E0.01319
G1 X38.17 Y44.729 E0.02076
G1 X38.365 Y44.342 E0.01199
G0 F1320 X35.291 Y45.324
G0 X34.153 Y45.2
G0 X20.06 Y37.64
G1 F480 X20.141 Y37.559 E0.00317
G0 F1320 X20.706 Y37.559
G1 F480 X20.06 Y38.206 E0.0253
G0 F1320 X20.06 Y38.771
G1 F480 X21.272 Y37.559 E0.04743
G0 F1320 X21.838 Y37.559
G1 F480 X20.06 Y39.337 E0.06958
G0 F1320 X20.06 Y39.903
G1 F480 X22.403 Y37.559 E0.09171
G0 F1320 X22.969 Y37.559
G1 F480 X20.06 Y40.468 E0.11384
G0 F1320 X20.06 Y41.034
G1 F480 X23.535 Y37.559 E0.13599
G0 F1320 X24.1 Y37.559
G1 F480 X20.06 Y41.6 E0.15812
G0 F1320 X20.06 Y42.165
G1 F480 X24.666 Y37.559 E0.18025
G0 F1320 X25.232 Y37.559
G1 F480 X20.06 Y42.731 E0.2024
G0 F1320 X20.06 Y43.297
G1 F480 X25.797 Y37.559 E0.22454
G0 F1320 X26.363 Y37.559
G1 F480 X20.06 Y43.863 E0.24669
G0 F1320 X20.06 Y44.428
G1 F480 X26.929 Y37.559 E0.26882
G0 F1320 X27.494 Y37.559
G1 F480 X20.06 Y44.994 E0.29095
G0 F1320 X20.06 Y45.56
G1 F480 X28.06 Y37.559 E0.3131
G0 F1320 X28.626 Y37.559
G1 F480 X20.06 Y46.125 E0.33523
G0 F1320 X20.06 Y46.691
G1 F480 X29.191 Y37.559 E0.35736
G0 F1320 X29.757 Y37.559
G1 F480 X20.06 Y47.257 E0.37951
G0 F1320 X20.06 Y47.822
G1 F480 X30.323 Y37.559 E0.40164
G0 F1320 X30.889 Y37.559
G1 F480 X20.06 Y48.388 E0.42379
G0 F1320 X20.06 Y48.954
G1 F480 X31.454 Y37.559 E0.44592
G0 F1320 X32.02 Y37.559
G1 F480 X20.06 Y49.519 E0.46805
G0 F1320 X20.06 Y50.085
G1 F480 X32.586 Y37.559 E0.4902
G0 F1320 X33.151 Y37.559
G1 F480 X20.06 Y50.651 E0.51233
G0 F1320 X20.06 Y51.216
G1 F480 X33.717 Y37.559 E0.53446
G0 F1320 X34.283 Y37.559
G1 F480 X20.06 Y51.782 E0.55661
G0 F1320 X20.06 Y52.348
G1 F480 X34.848 Y37.559 E0.57874
G0 F1320 X35.414 Y37.559
G1 F480 X33.539 Y39.434 E0.07338
G1 X33.469 Y39.504
G0 F1320 X34.364 Y39.175
G1 F480 X35.98 Y37.559 E0.06324
G0 F1320 X36.545 Y37.559
G1 F480 X34.953 Y39.152 E0.06232
G0 F1320 X35.48 Y39.191
G1 F480 X37.111 Y37.559 E0.06385
G0 F1320 X37.677 Y37.559
G1 F480 X35.954 Y39.283 E0.06745
G0 F1320 X36.382 Y39.42
G1 F480 X38.242 Y37.559 E0.07281
G0 F1320 X38.808 Y37.559
G1 F480 X36.773 Y39.594 E0.07964
G0 F1320 X37.115 Y39.819
G1 F480 X39.374 Y37.559 E0.08842
G0 F1320 X39.94 Y37.559
G1 F480 X37.441 Y40.058 E0.0978
G0 F1320 X37.729 Y40.335
G1 F480 X40.505 Y37.559 E0.10864
G0 F1320 X41.071 Y37.559
G1 F480 X38 Y40.63 E0.12018
G0 F1320 X38.25 Y40.946
G1 F480 X41.637 Y37.559 E0.13255
G0 F1320 X42.202 Y37.559
G1 F480 X38.423 Y41.338 E0.14789
G0 F1320 X38.597 Y41.731
G1 F480 X42.768 Y37.559 E0.16325
G0 F1320 X43.334 Y37.559
G1 F480 X38.724 Y42.169 E0.18041
G0 F1320 X38.778 Y42.681
G1 F480 X43.899 Y37.559 E0.20043
G0 F1320 X44.465 Y37.559
G1 F480 X38.798 Y43.227 E0.2218
G0 F1320 X38.679 Y43.911
G1 F480 X45.031 Y37.559 E0.24858
G0 F1320 X45.596 Y37.559
G1 F480 X38.363 Y44.793 E0.28308
G1 X38.293 Y44.863
G0 F1320 X36.762 Y46.393
G1 F480 X20.715 Y62.44 E0.62799
G0 F1320 X20.15 Y62.44
G1 F480 X35.864 Y46.726 E0.61496
G0 F1320 X35.186 Y46.839
G1 F480 X20.06 Y61.964 E0.59193
G0 F1320 X20.06 Y61.399
G1 F480 X34.632 Y46.827 E0.57027
G0 F1320 X34.155 Y46.738
G1 F480 X20.06 Y60.833 E0.5516
G0 F1320 X20.06 Y60.267
G1 F480 X33.701 Y46.626 E0.53384
G0 F1320 X33.293 Y46.468
G1 F480 X20.06 Y59.702 E0.51789
G0 F1320 X20.06 Y59.136
G1 F480 X32.943 Y46.253 E0.50417
G0 F1320 X32.593 Y46.037
G1 F480 X20.06 Y58.57 E0.49048
G0 F1320 X20.06 Y58.005
G1 F480 X32.289 Y45.775 E0.4786
G0 F1320 X32.028 Y45.471
G1 F480 X20.06 Y57.439 E0.46836
G0 F1320 X20.06 Y56.873
G1 F480 X31.778 Y45.155 E0.45858
G0 F1320 X31.562 Y44.806
G1 F480 X20.06 Y56.308 E0.45013
G0 F1320 X20.06 Y55.742
G1 F480 X31.39 Y44.412 E0.4434
G0 F1320 X31.236 Y44
G1 F480 X20.06 Y55.176 E0.43737
G0 F1320 X20.06 Y54.611
G1 F480 X31.132 Y43.538 E0.43332
G0 F1320 X31.12 Y42.984
G1 F480 X20.06 Y54.045 E0.43285
G0 F1320 X20.06 Y53.479
G1 F480 X31.143 Y42.396 E0.43373
G1 X31.213 Y42.326
G0 F1320 X31.374 Y41.599
G1 F480 X20.06 Y52.914 E0.44279
G1 X19.99 Y52.984
G0 F1320 X21.281 Y62.44
G1 F480 X46.162 Y37.559 E0.97371
G0 F1320 X46.728 Y37.559
G1 F480 X21.847 Y62.44 E0.97371
G0 F1320 X22.412 Y62.44
G1 F480 X47.293 Y37.559 E0.97371
G0 F1320 X47.859 Y37.559
G1 F480 X22.978 Y62.44 E0.97371
G0 F1320 X23.544 Y62.44
G1 F480 X48.425 Y37.559 E0.97371
G0 F1320 X48.99 Y37.559
G1 F480 X24.11 Y62.44 E0.97369
G0 F1320 X24.675 Y62.44
G1 F480 X49.556 Y37.559 E0.97371
G0 F1320 X50.122 Y37.559
G1 F480 X25.241 Y62.44 E0.97371
G0 F1320 X25.807 Y62.44
G1 F480 X50.688 Y37.559 E0.97371
G0 F1320 X51.253 Y37.559
G1 F480 X26.372 Y62.44 E0.97371
G0 F1320 X26.938 Y62.44
G1 F480 X51.819 Y37.559 E0.97371
G0 F1320 X52.385 Y37.559
G1 F480 X27.504 Y62.44 E0.97371
G0 F1320 X28.069 Y62.44
G1 F480 X52.95 Y37.559 E0.97371
G0 F1320 X53.516 Y37.559
G1 F480 X28.635 Y62.44 E0.97371
G0 F1320 X29.201 Y62.44
G1 F480 X54.082 Y37.559 E0.97371
G0 F1320 X54.647 Y37.559
G1 F480 X29.766 Y62.44 E0.97371
G0 F1320 X30.332 Y62.44
G1 F480 X55.213 Y37.559 E0.97371
G0 F1320 X55.779 Y37.559
G1 F480 X30.898 Y62.44 E0.97371
G0 F1320 X31.463 Y62.44
G1 F480 X56.344 Y37.559 E0.97371
G0 F1320 X56.91 Y37.559
G1 F480 X32.029 Y62.44 E0.97371
G0 F1320 X32.595 Y62.44
G1 F480 X57.476 Y37.559 E0.97371
G0 F1320 X58.041 Y37.559
G1 F480 X33.16 Y62.44 E0.97371
G0 F1320 X33.726 Y62.44
G1 F480 X58.607 Y37.559 E0.97371
G0 F1320 X59.173 Y37.559
G1 F480 X34.292 Y62.44 E0.97371
G0 F1320 X34.858 Y62.44
G1 F480 X59.739 Y37.559 E0.97371
G0 F1320 X60.304 Y37.559
G1 F480 X35.423 Y62.44 E0.97371
G0 F1320 X35.989 Y62.44
G1 F480 X60.87 Y37.559 E0.97371
G0 F1320 X61.436 Y37.559
G1 F480 X36.555 Y62.44 E0.97371
G0 F1320 X37.12 Y62.44
G1 F480 X62.001 Y37.559 E0.97371
G0 F1320 X62.567 Y37.559
G1 F480 X37.686 Y62.44 E0.97371
G0 F1320 X38.252 Y62.44
G1 F480 X63.133 Y37.559 E0.97371
G0 F1320 X63.698 Y37.559
G1 F480 X38.817 Y62.44 E0.97371
G0 F1320 X39.383 Y62.44
G1 F480 X64.264 Y37.559 E0.97371
G0 F1320 X64.83 Y37.559
G1 F480 X39.949 Y62.44 E0.97371
G0 F1320 X40.514 Y62.44
G1 F480 X65.395 Y37.559 E0.97371
G0 F1320 X65.961 Y37.559
G1 F480 X41.08 Y62.44 E0.97371
G0 F1320 X41.646 Y62.44
G1 F480 X66.527 Y37.559 E0.97371
G0 F1320 X67.092 Y37.559
G1 F480 X42.211 Y62.44 E0.97371
G0 F1320 X42.777 Y62.44
G1 F480 X67.658 Y37.559 E0.97371
G0 F1320 X68.224 Y37.559
G1 F480 X43.343 Y62.44 E0.97371
G0 F1320 X43.909 Y62.44
G1 F480 X68.789 Y37.559 E0.97369
G0 F1320 X69.355 Y37.559
G1 F480 X44.474 Y62.44 E0.97371
G0 F1320 X45.04 Y62.44
G1 F480 X69.921 Y37.559 E0.97371
G0 F1320 X70.487 Y37.559
G1 F480 X45.606 Y62.44 E0.97371
G0 F1320 X46.171 Y62.44
G1 F480 X71.052 Y37.559 E0.97371
G0 F1320 X71.618 Y37.559
G1 F480 X46.737 Y62.44 E0.97371
G0 F1320 X47.303 Y62.44
G1 F480 X72.184 Y37.559 E0.97371
G0 F1320 X72.749 Y37.559
G1 F480 X47.868 Y62.44 E0.97371
G0 F1320 X48.434 Y62.44
G1 F480 X73.315 Y37.559 E0.97371
G0 F1320 X73.881 Y37.559
G1 F480 X49 Y62.44 E0.97371
G0 F1320 X49.565 Y62.44
G1 F480 X74.446 Y37.559 E0.97371
G0 F1320 X75.012 Y37.559
G1 F480 X50.131 Y62.44 E0.97371
G0 F1320 X50.697 Y62.44
G1 F480 X75.578 Y37.559 E0.97371
G0 F1320 X76.143 Y37.559
G1 F480 X51.262 Y62.44 E0.97371
G0 F1320 X51.828 Y62.44
G1 F480 X76.709 Y37.559 E0.97371
G0 F1320 X77.275 Y37.559
G1 F480 X52.394 Y62.44 E0.97371
G0 F1320 X52.959 Y62.44
G1 F480 X77.84 Y37.559 E0.97371
G0 F1320 X78.406 Y37.559
G1 F480 X53.525 Y62.44 E0.97371
G0 F1320 X54.091 Y62.44
G1 F480 X78.972 Y37.559 E0.97371
G0 F1320 X79.537 Y37.559
G1 F480 X54.657 Y62.44 E0.97369
G0 F1320 X55.222 Y62.44
G1 F480 X79.94 Y37.723 E0.96731
G0 F1320 X79.94 Y38.288
G1 F480 X55.788 Y62.44 E0.94518
G0 F1320 X56.354 Y62.44
G1 F480 X79.94 Y38.854 E0.92303
G0 F1320 X79.94 Y39.42
G1 F480 X56.919 Y62.44 E0.9009
G0 F1320 X57.485 Y62.44
G1 F480 X79.94 Y39.985 E0.87877
G0 F1320 X79.94 Y40.551
G1 F480 X58.051 Y62.44 E0.85662
G0 F1320 X58.616 Y62.44
G1 F480 X79.94 Y41.117 E0.83449
G0 F1320 X79.94 Y41.683
G1 F480 X59.182 Y62.44 E0.81234
G0 F1320 X59.748 Y62.44
G1 F480 X79.94 Y42.248 E0.79021
G0 F1320 X79.94 Y42.814
G1 F480 X60.313 Y62.44 E0.76808
G0 F1320 X60.879 Y62.44
G1 F480 X79.94 Y43.38 E0.74593
G0 F1320 X79.94 Y43.945
G1 F480 X61.445 Y62.44 E0.7238
G0 F1320 X62.01 Y62.44
G1 F480 X79.94 Y44.511 E0.70167
G0 F1320 X79.94 Y45.077
G1 F480 X62.576 Y62.44 E0.67952
G0 F1320 X63.142 Y62.44
G1 F480 X79.94 Y45.642 E0.65739
G0 F1320 X79.94 Y46.208
G1 F480 X63.707 Y62.44 E0.63525
G0 F1320 X64.273 Y62.44
G1 F480 X79.94 Y46.774 E0.6131
G0 F1320 X79.94 Y47.339
G1 F480 X64.839 Y62.44 E0.59097
G0 F1320 X65.405 Y62.44
G1 F480 X79.94 Y47.905 E0.56882
G0 F1320 X79.94 Y48.471
G1 F480 X65.97 Y62.44 E0.54669
G0 F1320 X66.536 Y62.44
G1 F480 X79.94 Y49.036 E0.52456
G0 F1320 X79.94 Y49.602
G1 F480 X67.102 Y62.44 E0.50241
G0 F1320 X67.667 Y62.44
G1 F480 X79.94 Y50.168 E0.48028
G0 F1320 X79.94 Y50.733
G1 F480 X68.233 Y62.44 E0.45815
G0 F1320 X68.799 Y62.44
G1 F480 X79.94 Y51.299 E0.436
G0 F1320 X79.94 Y51.865
G1 F480 X69.364 Y62.44 E0.41387
G0 F1320 X69.93 Y62.44
G1 F480 X79.94 Y52.431 E0.39172
G0 F1320 X79.94 Y52.996
G1 F480 X70.496 Y62.44 E0.36959
G0 F1320 X71.061 Y62.44
G1 F480 X79.94 Y53.562 E0.34746
G0 F1320 X79.94 Y54.128
G1 F480 X71.627 Y62.44 E0.32531
G0 F1320 X72.193 Y62.44
G1 F480 X79.94 Y54.693 E0.30318
G0 F1320 X79.94 Y55.259
G1 F480 X72.758 Y62.44 E0.28105
G0 F1320 X73.324 Y62.44
G1 F480 X79.94 Y55.825 E0.2589
G0 F1320 X79.94 Y56.39
G1 F480 X73.89 Y62.44 E0.23677
G0 F1320 X74.456 Y62.44
G1 F480 X79.94 Y56.956 E0.21461
G0 F1320 X79.94 Y57.522
G1 F480 X75.021 Y62.44 E0.19248
G0 F1320 X75.587 Y62.44
G1 F480 X79.94 Y58.087 E0.17035
G0 F1320 X79.94 Y58.653
G1 F480 X76.153 Y62.44 E0.1482
G0 F1320 X76.718 Y62.44
G1 F480 X79.94 Y59.219 E0.12607
G0 F1320 X79.94 Y59.784
G1 F480 X77.284 Y62.44 E0.10394
G0 F1320 X77.85 Y62.44
G1 F480 X79.94 Y60.35 E0.08179
G0 F1320 X79.94 Y60.916
G1 F480 X78.415 Y62.44 E0.05966
G0 F1320 X78.981 Y62.44
G1 F480 X79.94 Y61.482 E0.03751
G0 F1320 X79.94 Y62.047
G1 F480 X79.547 Y62.44 E0.01538
;MESH:NONMESH
G0 F600 X79.547 Y62.44 Z0.84
G0 F1320 X35.986 Y40.872
G0 X34.806 Y40.668
G0 X32.303 Y41.036
;TIME_ELAPSED:2793.019874
;LAYER:4
M204 P200
;TYPE:WALL-INNER
;MESH:LoRAtop.STL
G1 F480 X32.592 Y40.705 E0.01204
G1 X33.121 Y40.232 E0.01945
G1 X33.502 Y40.039 E0.01171
G1 X33.974 Y39.851 E0.01392
G1 X34.399 Y39.731 E0.0121
G1 X35.148 Y39.704 E0.02054
G1 X35.675 Y39.782 E0.0146
G1 X36.159 Y39.93 E0.01387
G1 X36.579 Y40.12 E0.01263
G1 X37.147 Y40.536 E0.0193
G1 X37.495 Y40.896 E0.01372
G1 X37.762 Y41.229 E0.0117
G1 X38.111 Y42.01 E0.02344
G1 X38.193 Y42.34 E0.00932
G1 X38.253 Y43.1 E0.02089
G1 X38.22 Y43.439 E0.00933
G1 X38.032 Y44.201 E0.02151
G1 X37.885 Y44.515 E0.0095
G1 X37.466 Y45.131 E0.02042
G1 X37.232 Y45.395 E0.00967
G1 X36.572 Y45.864 E0.02219
G1 X36.312 Y45.995 E0.00798
G1 X35.488 Y46.263 E0.02375
G1 X34.691 Y46.29 E0.02186
G1 X33.868 Y46.1 E0.02315
G1 X33.594 Y45.99 E0.00809
G1 X32.908 Y45.572 E0.02202
G1 X32.636 Y45.336 E0.00987
G1 X32.161 Y44.736 E0.02097
G1 X32.013 Y44.475 E0.00822
G1 X31.737 Y43.732 E0.02172
G1 X31.676 Y43.386 E0.00963
G1 X31.676 Y42.602 E0.02149
G1 X31.732 Y42.265 E0.00936
G1 X32.01 Y41.497 E0.02238
G1 X32.303 Y41.036 E0.01497
G0 F1320 X33.42 Y40.503
G1 F480 X34.122 Y40.223 E0.02071
G1 X34.456 Y40.129 E0.00951
G1 X35.148 Y40.104 E0.01898
G1 X35.558 Y40.165 E0.01136
G1 X36.042 Y40.313 E0.01387
G1 X36.589 Y40.597 E0.01689
G1 X36.859 Y40.814 E0.00949
G1 X37.377 Y41.35 E0.02043
G1 X37.774 Y42.237 E0.02663
G1 X37.852 Y43.098 E0.02369
G1 X37.827 Y43.368 E0.00743
G1 X37.653 Y44.05 E0.01929
G1 X37.558 Y44.271 E0.00659
G1 X37.139 Y44.911 E0.02096
G1 X36.945 Y45.101 E0.00744
G1 X36.363 Y45.523 E0.0197
G1 X36.161 Y45.625 E0.0062
G1 X35.382 Y45.868 E0.02236
G1 X34.765 Y45.889 E0.01692
G1 X33.867 Y45.699 E0.02516
G1 X33.144 Y45.248 E0.02335
G1 X32.963 Y45.091 E0.00657
G1 X32.491 Y44.51 E0.02052
G1 X32.376 Y44.307 E0.00639
G1 X32.122 Y43.621 E0.02005
G1 X32.075 Y43.348 E0.00759
G1 X32.084 Y42.465 E0.0242
G1 X32.371 Y41.672 E0.02311
G1 X32.634 Y41.261 E0.01337
G1 X32.859 Y41.004 E0.00936
G1 X33.42 Y40.503 E0.02061
G0 F1320 X32.63 Y42.593
G0 X32.762 Y44.216
G1 F480 X32.482 Y43.418 E0.02318
G1 X32.481 Y42.54 E0.02406
G1 X32.755 Y41.809 E0.0214
G1 X33.125 Y41.302 E0.0172
G1 X33.633 Y40.849 E0.01865
G1 X34.434 Y40.53 E0.02363
G1 X35.148 Y40.504 E0.01958
G1 X35.441 Y40.547 E0.00812
G1 X36.071 Y40.74 E0.01806
G1 X36.571 Y41.092 E0.01676
G1 X37.041 Y41.579 E0.01855
G1 X37.385 Y42.345 E0.02301
G1 X37.454 Y43.212 E0.02384
G1 X37.254 Y44.017 E0.02273
G1 X36.767 Y44.741 E0.02391
G1 X36.085 Y45.236 E0.0231
G1 X35.361 Y45.458 E0.02075
G1 X34.758 Y45.48 E0.01654
G1 X34.022 Y45.318 E0.02065
G1 X33.293 Y44.873 E0.02341
G1 X32.762 Y44.216 E0.02315
G0 F1320 X32.63 Y43.39
G0 X32.884 Y41.874
G0 X33.72 Y40.98
G0 X35.257 Y40.65
G0 X36.1 Y40.942
G0 X36.925 Y41.592
G0 X36.703 Y41.804
G1 F480 X36.995 Y42.453 E0.0195
G1 X37.052 Y43.177 E0.0199
G1 X36.878 Y43.859 E0.01929
G1 X36.475 Y44.46 E0.01983
G1 X35.883 Y44.879 E0.01988
G1 X35.276 Y45.067 E0.01742
G1 X34.828 Y45.09 E0.01229
G1 X34.174 Y44.943 E0.01837
G1 X33.571 Y44.576 E0.01935
G1 X33.121 Y44.02 E0.0196
G1 X32.875 Y43.349 E0.01959
G1 X32.879 Y42.618 E0.02003
G1 X33.112 Y41.989 E0.01838
G1 X33.332 Y41.654 E0.01098
G1 X33.846 Y41.194 E0.0189
G1 X34.496 Y40.935 E0.01918
G1 X35.227 Y40.9 E0.02006
G1 X35.894 Y41.104 E0.01912
G1 X36.284 Y41.37 E0.01294
G1 X36.703 Y41.804 E0.01653
G0 F1320 X36.925 Y41.592
G0 X80.5 Y37
G1 F480 X19.5 Y37 E1.67179
G1 X19.5 Y63 E0.71257
G1 X80.5 Y63 E1.67179
G1 X80.5 Y37 E0.71257
G0 F1320 X19.1 Y36.6
G1 F480 X19.1 Y63.4 E0.73449
G1 X80.9 Y63.4 E1.69371
G1 X80.9 Y36.6 E0.73449
G1 X19.1 Y36.6 E1.69371
G0 F1320 X18.7 Y63.8
G1 F480 X81.3 Y63.8 E1.71564
G1 X81.3 Y36.2 E0.75642
G1 X18.7 Y36.2 E1.71564
G1 X18.7 Y63.8 E0.75642
G0 F1320 X18.3 Y64.2
G1 F480 X81.7 Y64.2 E1.73756
G1 X81.7 Y35.8 E0.77834
G1 X18.3 Y35.8 E1.73756
G1 X18.3 Y64.2 E0.77834
G0 F1320 X18.61 Y63.92
G0 X36.662 Y44.626
G0 X37.34 Y43.315
G0 X36.651 Y43.136
M204 P150
;TYPE:WALL-OUTER
G1 F480 X36.51 Y43.684 E0.01536
G1 X36.187 Y44.173 E0.01591
G1 X35.708 Y44.514 E0.01596
G1 X35.173 Y44.679 E0.01519
G1 X34.865 Y44.687 E0.00836
G1 X34.34 Y44.572 E0.01459
G1 X33.824 Y44.256 E0.01642
G1 X33.47 Y43.818 E0.01528
G1 X33.278 Y43.279 E0.01553
G1 X33.28 Y42.692 E0.01593
G1 X33.469 Y42.169 E0.01509
G1 X33.658 Y41.898 E0.00897
G1 X34.059 Y41.54 E0.01459
G1 X34.605 Y41.327 E0.01591
G1 X35.178 Y41.303 E0.01557
G1 X35.738 Y41.481 E0.01595
G1 X35.996 Y41.648 E0.00834
G1 X36.368 Y42.033 E0.01453
G1 X36.6 Y42.553 E0.01545
G1 X36.651 Y43.136 E0.01588
G0 F1320 X36.602 Y43.329
G0 X37.29 Y43.508
G0 X36.579 Y41.897
G0 X35.879 Y41.276
G0 X18.18 Y35.68
G0 X17.9 Y35.4
G1 F480 X17.9 Y64.6 E0.7925
G1 X82.1 Y64.6 E1.74241
G1 X82.1 Y35.4 E0.7925
G1 X17.9 Y35.4 E1.74241
G0 F1320 X17.9 Y35.6
G0 X18.58 Y36.08
G0 X80.14 Y37.36
M204 P180
;TYPE:SKIN
G1 F480 X80.14 Y62.64 E0.69956
G1 X19.86 Y62.64 E1.66809
G1 X19.86 Y37.36 E0.69956
G1 X80.14 Y37.36 E1.66809
G0 F1320 X37.756 Y40.648
G1 F480 X37.4 Y40.28 E0.01417
G1 X36.783 Y39.822 E0.02126
G1 X36.287 Y39.593 E0.01512
G1 X35.788 Y39.437 E0.01447
G1 X35.173 Y39.346 E0.0172
G1 X34.341 Y39.374 E0.02304
G1 X33.857 Y39.511 E0.01392
G1 X32.918 Y39.925 E0.0284
G1 X32.35 Y40.435 E0.02112
G1 X31.998 Y40.836 E0.01477
G1 X31.676 Y41.355 E0.0169
G1 X31.384 Y42.159 E0.02367
G1 X31.316 Y42.588 E0.01202
G1 X31.318 Y43.434 E0.02341
G1 X31.382 Y43.81 E0.01055
G1 X31.676 Y44.607 E0.02351
G1 X31.87 Y44.948 E0.01086
G1 X32.358 Y45.568 E0.02183
G1 X32.689 Y45.862 E0.01225
G1 X33.377 Y46.287 E0.02238
G1 X33.822 Y46.464 E0.01325
G1 X34.589 Y46.626 E0.02169
G1 X35.235 Y46.639 E0.01788
G1 X35.668 Y46.58 E0.01209
G1 X36.515 Y46.311 E0.02459
G1 X36.907 Y46.07 E0.01273
G1 X37.419 Y45.694 E0.01758
G1 X37.749 Y45.35 E0.01319
G1 X38.17 Y44.729 E0.02076
G1 X38.365 Y44.342 E0.01199
G1 X38.571 Y43.516 E0.02356
G1 X38.608 Y43.101 E0.01153
G1 X38.552 Y42.301 E0.02219
G1 X38.459 Y41.908 E0.01118
G1 X38.083 Y41.062 E0.02562
G1 X37.756 Y40.648 E0.0146
G0 F1320 X37.31 Y43.191
G0 X36.747 Y44.5
G0 X20.06 Y61.921
G1 F480 X20.579 Y62.44 E0.02031
G0 F1320 X21.145 Y62.44
G1 F480 X20.06 Y61.355 E0.04246
G0 F1320 X20.06 Y60.789
G1 F480 X21.71 Y62.44 E0.06459
G0 F1320 X22.276 Y62.44
G1 F480 X20.06 Y60.224 E0.08672
G0 F1320 X20.06 Y59.658
G1 F480 X22.842 Y62.44 E0.10887
G0 F1320 X23.407 Y62.44
G1 F480 X20.06 Y59.092 E0.131
G0 F1320 X20.06 Y58.527
G1 F480 X23.973 Y62.44 E0.15313
G0 F1320 X24.539 Y62.44
G1 F480 X20.06 Y57.961 E0.17528
G0 F1320 X20.06 Y57.395
G1 F480 X25.104 Y62.44 E0.19742
G0 F1320 X25.67 Y62.44
G1 F480 X20.06 Y56.829 E0.21957
G0 F1320 X20.06 Y56.264
G1 F480 X26.236 Y62.44 E0.2417
G0 F1320 X26.801 Y62.44
G1 F480 X20.06 Y55.698 E0.26383
G0 F1320 X20.06 Y55.132
G1 F480 X27.367 Y62.44 E0.28598
G0 F1320 X27.933 Y62.44
G1 F480 X20.06 Y54.567 E0.30811
G0 F1320 X20.06 Y54.001
G1 F480 X28.499 Y62.44 E0.33026
G0 F1320 X29.064 Y62.44
G1 F480 X20.06 Y53.435 E0.35239
G0 F1320 X20.06 Y52.87
G1 F480 X29.63 Y62.44 E0.37452
G0 F1320 X30.196 Y62.44
G1 F480 X20.06 Y52.304 E0.39667
G0 F1320 X20.06 Y51.738
G1 F480 X30.761 Y62.44 E0.4188
G0 F1320 X31.327 Y62.44
G1 F480 X20.06 Y51.173 E0.44093
G0 F1320 X20.06 Y50.607
G1 F480 X31.893 Y62.44 E0.46308
G0 F1320 X32.458 Y62.44
G1 F480 X20.06 Y50.041 E0.48521
G0 F1320 X20.06 Y49.476
G1 F480 X33.024 Y62.44 E0.50734
G0 F1320 X33.59 Y62.44
G1 F480 X20.06 Y48.91 E0.52949
G0 F1320 X20.06 Y48.344
G1 F480 X34.155 Y62.44 E0.55162
G0 F1320 X34.721 Y62.44
G1 F480 X20.06 Y47.778 E0.57377
G0 F1320 X20.06 Y47.213
G1 F480 X35.287 Y62.44 E0.5959
G0 F1320 X35.852 Y62.44
G1 F480 X20.06 Y46.647 E0.61804
G0 F1320 X20.06 Y46.081
G1 F480 X36.418 Y62.44 E0.64019
G0 F1320 X36.984 Y62.44
G1 F480 X20.06 Y45.516 E0.66232
G0 F1320 X20.06 Y44.95
G1 F480 X37.549 Y62.44 E0.68445
G0 F1320 X38.115 Y62.44
G1 F480 X20.06 Y44.384 E0.7066
G0 F1320 X20.06 Y43.819
G1 F480 X38.681 Y62.44 E0.72873
G0 F1320 X39.247 Y62.44
G1 F480 X20.06 Y43.253 E0.75088
G0 F1320 X20.06 Y42.687
G1 F480 X39.812 Y62.44 E0.77301
G0 F1320 X40.378 Y62.44
G1 F480 X20.06 Y42.122 E0.79514
G0 F1320 X20.06 Y41.556
G1 F480 X40.944 Y62.44 E0.81729
G0 F1320 X41.509 Y62.44
G1 F480 X20.06 Y40.99 E0.83942
G0 F1320 X20.06 Y40.425
G1 F480 X42.075 Y62.44 E0.86155
G0 F1320 X42.641 Y62.44
G1 F480 X20.06 Y39.859 E0.8837
G0 F1320 X20.06 Y39.293
G1 F480 X43.206 Y62.44 E0.90583
G0 F1320 X43.772 Y62.44
G1 F480 X20.06 Y38.728 E0.92796
G0 F1320 X20.06 Y38.162
G1 F480 X44.338 Y62.44 E0.95011
G0 F1320 X44.903 Y62.44
G1 F480 X20.06 Y37.596 E0.97224
G0 F1320 X20.59 Y37.56
G1 F480 X45.469 Y62.44 E0.97365
G0 F1320 X46.035 Y62.44
G1 F480 X21.155 Y37.56 E0.97367
G0 F1320 X21.721 Y37.56
G1 F480 X46.6 Y62.44 E0.97365
G0 F1320 X47.166 Y62.44
G1 F480 X22.287 Y37.56 E0.97365
G0 F1320 X22.852 Y37.56
G1 F480 X47.732 Y62.44 E0.97367
G0 F1320 X48.298 Y62.44
G1 F480 X23.418 Y37.56 E0.97367
G0 F1320 X23.984 Y37.56
G1 F480 X48.863 Y62.44 E0.97365
G0 F1320 X49.429 Y62.44
G1 F480 X33.562 Y46.573 E0.62095
G0 F1320 X34.33 Y46.775
G1 F480 X49.995 Y62.44 E0.61305
G0 F1320 X50.56 Y62.44
G1 F480 X34.955 Y46.835 E0.6107
G0 F1320 X35.492 Y46.806
G1 F480 X51.126 Y62.44 E0.61183
G0 F1320 X51.692 Y62.44
G1 F480 X35.951 Y46.699 E0.61602
G0 F1320 X36.379 Y46.562
G1 F480 X52.257 Y62.44 E0.62138
G0 F1320 X52.823 Y62.44
G1 F480 X36.772 Y46.388 E0.62817
G0 F1320 X37.114 Y46.165
G1 F480 X53.389 Y62.44 E0.63692
G0 F1320 X53.954 Y62.44
G1 F480 X37.44 Y45.925 E0.64629
G0 F1320 X37.735 Y45.654
G1 F480 X54.52 Y62.44 E0.6569
G0 F1320 X55.086 Y62.44
G1 F480 X37.992 Y45.346 E0.66897
G0 F1320 X38.221 Y45.009
G1 F480 X55.651 Y62.44 E0.68214
G0 F1320 X56.217 Y62.44
G1 F480 X38.431 Y44.653 E0.69607
G0 F1320 X38.595 Y44.251
G1 F480 X56.783 Y62.44 E0.7118
G0 F1320 X57.348 Y62.44
G1 F480 X38.707 Y43.798 E0.72953
G0 F1320 X38.788 Y43.314
G1 F480 X57.914 Y62.44 E0.74849
G0 F1320 X58.48 Y62.44
G1 F480 X38.781 Y42.741 E0.77092
G0 F1320 X38.708 Y42.103
G1 F480 X59.046 Y62.44 E0.7959
G0 F1320 X59.611 Y62.44
G1 F480 X38.354 Y41.183 E0.83189
G1 X38.284 Y41.113
G0 F1320 X36.76 Y39.588
G1 F480 X34.732 Y37.56 E0.07937
G0 F1320 X35.297 Y37.56
G1 F480 X60.177 Y62.44 E0.97367
G0 F1320 X60.743 Y62.44
G1 F480 X35.863 Y37.56 E0.97367
G0 F1320 X36.429 Y37.56
G1 F480 X61.308 Y62.44 E0.97365
G0 F1320 X61.874 Y62.44
G1 F480 X36.994 Y37.56 E0.97367
G0 F1320 X37.56 Y37.56
G1 F480 X62.44 Y62.44 E0.97367
G0 F1320 X63.005 Y62.44
G1 F480 X38.126 Y37.56 E0.97365
G0 F1320 X38.691 Y37.56
G1 F480 X63.571 Y62.44 E0.97367
G0 F1320 X64.137 Y62.44
G1 F480 X39.257 Y37.56 E0.97367
G0 F1320 X39.823 Y37.56
G1 F480 X64.702 Y62.44 E0.97365
G0 F1320 X65.268 Y62.44
G1 F480 X40.389 Y37.56 E0.97365
G0 F1320 X40.954 Y37.56
G1 F480 X65.834 Y62.44 E0.97367
G0 F1320 X66.399 Y62.44
G1 F480 X41.52 Y37.56 E0.97365
G0 F1320 X42.086 Y37.56
G1 F480 X66.965 Y62.44 E0.97365
G0 F1320 X67.531 Y62.44
G1 F480 X42.651 Y37.56 E0.97367
G0 F1320 X43.217 Y37.56
G1 F480 X68.097 Y62.44 E0.97367
G0 F1320 X68.662 Y62.44
G1 F480 X43.783 Y37.56 E0.97365
G0 F1320 X44.348 Y37.56
G1 F480 X69.228 Y62.44 E0.97367
G0 F1320 X69.794 Y62.44
G1 F480 X44.914 Y37.56 E0.97367
G0 F1320 X45.48 Y37.56
G1 F480 X70.359 Y62.44 E0.97365
G0 F1320 X70.925 Y62.44
G1 F480 X46.045 Y37.56 E0.97367
G0 F1320 X46.611 Y37.56
G1 F480 X71.491 Y62.44 E0.97367
G0 F1320 X72.056 Y62.44
G1 F480 X47.177 Y37.56 E0.97365
G0 F1320 X47.742 Y37.56
G1 F480 X72.622 Y62.44 E0.97367
G0 F1320 X73.188 Y62.44
G1 F480 X48.308 Y37.56 E0.97367
G0 F1320 X48.874 Y37.56
G1 F480 X73.753 Y62.44 E0.97365
G0 F1320 X74.319 Y62.44
G1 F480 X49.439 Y37.56 E0.97367
G0 F1320 X50.005 Y37.56
G1 F480 X74.885 Y62.44 E0.97367
G0 F1320 X75.45 Y62.44
G1 F480 X50.571 Y37.56 E0.97365
G0 F1320 X51.137 Y37.56
G1 F480 X76.016 Y62.44 E0.97365
G0 F1320 X76.582 Y62.44
G1 F480 X51.702 Y37.56 E0.97367
G0 F1320 X52.268 Y37.56
G1 F480 X77.147 Y62.44 E0.97365
G0 F1320 X77.713 Y62.44
G1 F480 X52.834 Y37.56 E0.97365
G0 F1320 X53.399 Y37.56
G1 F480 X78.279 Y62.44 E0.97367
G0 F1320 X78.845 Y62.44
G1 F480 X53.965 Y37.56 E0.97367
G0 F1320 X54.531 Y37.56
G1 F480 X79.41 Y62.44 E0.97365
G0 F1320 X79.94 Y62.404
G1 F480 X55.096 Y37.56 E0.97226
G0 F1320 X55.662 Y37.56
G1 F480 X79.94 Y61.838 E0.95011
G0 F1320 X79.94 Y61.272
G1 F480 X56.228 Y37.56 E0.92796
G0 F1320 X56.793 Y37.56
G1 F480 X79.94 Y60.707 E0.90585
G0 F1320 X79.94 Y60.141
G1 F480 X57.359 Y37.56 E0.8837
G0 F1320 X57.925 Y37.56
G1 F480 X79.94 Y59.575 E0.86155
G0 F1320 X79.94 Y59.009
G1 F480 X58.49 Y37.56 E0.83942
G0 F1320 X59.056 Y37.56
G1 F480 X79.94 Y58.444 E0.81729
G0 F1320 X79.94 Y57.878
G1 F480 X59.622 Y37.56 E0.79514
G0 F1320 X60.188 Y37.56
G1 F480 X79.94 Y57.312 E0.77299
G0 F1320 X79.94 Y56.747
G1 F480 X60.753 Y37.56 E0.75088
G0 F1320 X61.319 Y37.56
G1 F480 X79.94 Y56.181 E0.72873
G0 F1320 X79.94 Y55.615
G1 F480 X61.885 Y37.56 E0.70658
G0 F1320 X62.45 Y37.56
G1 F480 X79.94 Y55.05 E0.68447
G0 F1320 X79.94 Y54.484
G1 F480 X63.016 Y37.56 E0.66232
G0 F1320 X63.582 Y37.56
G1 F480 X79.94 Y53.918 E0.64017
G0 F1320 X79.94 Y53.353
G1 F480 X64.147 Y37.56 E0.61805
G0 F1320 X64.713 Y37.56
G1 F480 X79.94 Y52.787 E0.5959
G0 F1320 X79.94 Y52.221
G1 F480 X65.279 Y37.56 E0.57375
G0 F1320 X65.844 Y37.56
G1 F480 X79.94 Y51.656 E0.55164
G0 F1320 X79.94 Y51.09
G1 F480 X66.41 Y37.56 E0.52949
G0 F1320 X66.976 Y37.56
G1 F480 X79.94 Y50.524 E0.50734
G0 F1320 X79.94 Y49.959
G1 F480 X67.541 Y37.56 E0.48523
G0 F1320 X68.107 Y37.56
G1 F480 X79.94 Y49.393 E0.46308
G0 F1320 X79.94 Y48.827
G1 F480 X68.673 Y37.56 E0.44093
G0 F1320 X69.238 Y37.56
G1 F480 X79.94 Y48.261 E0.4188
G0 F1320 X79.94 Y47.696
G1 F480 X69.804 Y37.56 E0.39667
G0 F1320 X70.37 Y37.56
G1 F480 X79.94 Y47.13 E0.37452
G0 F1320 X79.94 Y46.564
G1 F480 X70.936 Y37.56 E0.35237
G0 F1320 X71.501 Y37.56
G1 F480 X79.94 Y45.999 E0.33026
G0 F1320 X79.94 Y45.433
G1 F480 X72.067 Y37.56 E0.30811
G0 F1320 X72.633 Y37.56
G1 F480 X79.94 Y44.867 E0.28596
G0 F1320 X79.94 Y44.302
G1 F480 X73.198 Y37.56 E0.26385
G0 F1320 X73.764 Y37.56
G1 F480 X79.94 Y43.736 E0.2417
G0 F1320 X79.94 Y43.17
G1 F480 X74.33 Y37.56 E0.21955
G0 F1320 X74.895 Y37.56
G1 F480 X79.94 Y42.605 E0.19743
G0 F1320 X79.94 Y42.039
G1 F480 X75.461 Y37.56 E0.17528
G0 F1320 X76.027 Y37.56
G1 F480 X79.94 Y41.473 E0.15313
G0 F1320 X79.94 Y40.908
G1 F480 X76.592 Y37.56 E0.13102
G0 F1320 X77.158 Y37.56
G1 F480 X79.94 Y40.342 E0.10887
G0 F1320 X79.94 Y39.776
G1 F480 X77.724 Y37.56 E0.08672
G0 F1320 X78.289 Y37.56
G1 F480 X79.94 Y39.21 E0.06459
G0 F1320 X79.94 Y38.645
G1 F480 X78.855 Y37.56 E0.04246
G0 F1320 X79.421 Y37.56
G1 F480 X79.94 Y38.079 E0.02031
G0 F1320 X35.86 Y39.254
G1 F480 X34.166 Y37.56 E0.06629
G0 F1320 X33.6 Y37.56
G1 F480 X35.19 Y39.15 E0.06222
G0 F1320 X34.638 Y39.164
G1 F480 X33.035 Y37.56 E0.06275
G0 F1320 X32.469 Y37.56
G1 F480 X34.134 Y39.225 E0.06516
G0 F1320 X33.704 Y39.361
G1 F480 X31.903 Y37.56 E0.07048
G0 F1320 X31.338 Y37.56
G1 F480 X33.311 Y39.534 E0.07723
G0 F1320 X32.918 Y39.706
G1 F480 X30.772 Y37.56 E0.08398
G0 F1320 X30.206 Y37.56
G1 F480 X32.593 Y39.947 E0.09341
G0 F1320 X32.295 Y40.215
G1 F480 X29.641 Y37.56 E0.10388
G0 F1320 X29.075 Y37.56
G1 F480 X32.023 Y40.508 E0.11537
G0 F1320 X31.771 Y40.822
G1 F480 X28.509 Y37.56 E0.12766
G0 F1320 X27.943 Y37.56
G1 F480 X31.553 Y41.169 E0.14126
G0 F1320 X31.386 Y41.569
G1 F480 X27.378 Y37.56 E0.15687
G0 F1320 X26.812 Y37.56
G1 F480 X31.236 Y41.984 E0.17313
G0 F1320 X31.135 Y42.448
G1 F480 X26.246 Y37.56 E0.19131
G0 F1320 X25.681 Y37.56
G1 F480 X31.12 Y43 E0.21287
G0 F1320 X31.141 Y43.586
G1 F480 X25.115 Y37.56 E0.23583
G0 F1320 X24.549 Y37.56
G1 F480 X31.384 Y44.394 E0.26747
G1 X31.454 Y44.464
;MESH:NONMESH
G0 F600 X31.454 Y44.464 Z1
G0 F1320 X33.502 Y40.039
;TIME_ELAPSED:3418.458113
;LAYER:5
M204 P200
;TYPE:WALL-INNER
;MESH:LoRAtop.STL
G1 F480 X33.974 Y39.851 E0.01392
G1 X34.399 Y39.731 E0.0121
G1 X35.148 Y39.704 E0.02054
G1 X35.675 Y39.782 E0.0146
G1 X36.159 Y39.93 E0.01387
G1 X36.579 Y40.12 E0.01263
G1 X37.147 Y40.536 E0.0193
G1 X37.495 Y40.896 E0.01372
G1 X37.762 Y41.229 E0.0117
G1 X38.111 Y42.01 E0.02344
G1 X38.193 Y42.34 E0.00932
G1 X38.253 Y43.1 E0.02089
G1 X38.22 Y43.439 E0.00933
G1 X38.032 Y44.201 E0.02151
G1 X37.885 Y44.515 E0.0095
G1 X37.466 Y45.131 E0.02042
G1 X37.232 Y45.395 E0.00967
G1 X36.572 Y45.864 E0.02219
G1 X36.312 Y45.995 E0.00798
G1 X35.488 Y46.263 E0.02375
G1 X34.691 Y46.29 E0.02186
G1 X33.868 Y46.1 E0.02315
G1 X33.594 Y45.99 E0.00809
G1 X32.908 Y45.572 E0.02202
G1 X32.636 Y45.336 E0.00987
G1 X32.161 Y44.736 E0.02097
G1 X32.013 Y44.475 E0.00822
G1 X31.737 Y43.732 E0.02172
G1 X31.676 Y43.386 E0.00963
G1 X31.676 Y42.602 E0.02149
G1 X31.732 Y42.265 E0.00936
G1 X32.01 Y41.497 E0.02238
G1 X32.303 Y41.036 E0.01497
G1 X32.592 Y40.705 E0.01204
G1 X33.121 Y40.232 E0.01945
G1 X33.502 Y40.039 E0.01171
G0 F1320 X35.986 Y40.872
G0 X36.915 Y41.67
G0 X37.297 Y43.041
G0 X37.139 Y44.911
G1 F480 X36.945 Y45.101 E0.00744
G1 X36.363 Y45.523 E0.0197
G1 X36.161 Y45.625 E0.0062
G1 X35.382 Y45.868 E0.02236
G1 X34.765 Y45.889 E0.01692
G1 X33.867 Y45.699 E0.02516
G1 X33.144 Y45.248 E0.02335
G1 X32.963 Y45.091 E0.00657
G1 X32.491 Y44.51 E0.02052
G1 X32.376 Y44.307 E0.00639
G1 X32.122 Y43.621 E0.02005
G1 X32.075 Y43.348 E0.00759
G1 X32.084 Y42.465 E0.0242
G1 X32.371 Y41.672 E0.02311
G1 X32.634 Y41.261 E0.01337
G1 X32.859 Y41.004 E0.00936
G1 X33.42 Y40.503 E0.02061
G1 X34.122 Y40.223 E0.02071
G1 X34.456 Y40.129 E0.00951
G1 X35.148 Y40.104 E0.01898
G1 X35.558 Y40.165 E0.01136
G1 X36.042 Y40.313 E0.01387
G1 X36.589 Y40.597 E0.01689
G1 X36.859 Y40.814 E0.00949
G1 X37.377 Y41.35 E0.02043
G1 X37.774 Y42.237 E0.02663
G1 X37.852 Y43.098 E0.02369
G1 X37.827 Y43.368 E0.00743
G1 X37.653 Y44.05 E0.01929
G1 X37.558 Y44.271 E0.00659
G1 X37.139 Y44.911 E0.02096
G0 F1320 X35.291 Y45.324
G0 X34.079 Y45.184
G0 X32.897 Y44.143
G0 X32.63 Y42.939
G0 X32.755 Y41.809
G1 F480 X33.125 Y41.302 E0.0172
G1 X33.633 Y40.849 E0.01865
G1 X34.434 Y40.53 E0.02363
G1 X35.148 Y40.504 E0.01958
G1 X35.441 Y40.547 E0.00812
G1 X36.071 Y40.74 E0.01806
G1 X36.571 Y41.092 E0.01676
G1 X37.041 Y41.579 E0.01855
G1 X37.385 Y42.345 E0.02301
G1 X37.454 Y43.212 E0.02384
G1 X37.254 Y44.017 E0.02273
G1 X36.767 Y44.741 E0.02391
G1 X36.085 Y45.236 E0.0231
G1 X35.361 Y45.458 E0.02075
G1 X34.758 Y45.48 E0.01654
G1 X34.022 Y45.318 E0.02065
G1 X33.293 Y44.873 E0.02341
G1 X32.762 Y44.216 E0.02315
G1 X32.482 Y43.418 E0.02318
G1 X32.481 Y42.54 E0.02406
G1 X32.755 Y41.809 E0.0214
G0 F1320 X33.332 Y41.654
G1 F480 X33.846 Y41.194 E0.0189
G1 X34.496 Y40.935 E0.01918
G1 X35.227 Y40.9 E0.02006
G1 X35.894 Y41.104 E0.01912
G1 X36.284 Y41.37 E0.01294
G1 X36.703 Y41.804 E0.01653
G1 X36.995 Y42.453 E0.0195
G1 X37.052 Y43.177 E0.0199
G1 X36.878 Y43.859 E0.01929
G1 X36.475 Y44.46 E0.01983
G1 X35.883 Y44.879 E0.01988
G1 X35.276 Y45.067 E0.01742
G1 X34.828 Y45.09 E0.01229
G1 X34.174 Y44.943 E0.01837
G1 X33.571 Y44.576 E0.01935
G1 X33.121 Y44.02 E0.0196
G1 X32.875 Y43.349 E0.01959
G1 X32.879 Y42.618 E0.02003
G1 X33.112 Y41.989 E0.01838
G1 X33.332 Y41.654 E0.01098
G0 F1320 X33.078 Y41.481
G0 X33.72 Y40.98
G0 X35.257 Y40.65
G0 X80.5 Y63
G1 F480 X80.5 Y37 E0.71257
G1 X19.5 Y37 E1.67179
G1 X19.5 Y63 E0.71257
G1 X80.5 Y63 E1.67179
G0 F1320 X34.079 Y45.184
G0 X19.1 Y36.6
G1 F480 X19.1 Y63.4 E0.73449
G1 X80.9 Y63.4 E1.69371
G1 X80.9 Y36.6 E0.73449
G1 X19.1 Y36.6 E1.69371
G0 F1320 X18.7 Y63.8
G1 F480 X81.3 Y63.8 E1.71564
G1 X81.3 Y36.2 E0.75642
G1 X18.7 Y36.2 E1.71564
G1 X18.7 Y63.8 E0.75642
G0 F1320 X18.3 Y64.2
G1 F480 X81.7 Y64.2 E1.73756
G1 X81.7 Y35.8 E0.77834
G1 X18.3 Y35.8 E1.73756
G1 X18.3 Y64.2 E0.77834
G0 F1320 X17.9 Y64.6
M204 P150
;TYPE:WALL-OUTER
G1 F480 X82.1 Y64.6 E1.74241
G1 X82.1 Y35.4 E0.7925
G1 X17.9 Y35.4 E1.74241
G1 X17.9 Y64.6 E0.7925
G0 F1320 X18.1 Y64.6
G0 X18.58 Y63.92
G0 X36.662 Y44.626
G0 X37.31 Y43.191
G0 X36.879 Y41.544
G0 X36.368 Y42.033
G1 F480 X36.6 Y42.553 E0.01545
G1 X36.651 Y43.136 E0.01588
G1 X36.51 Y43.684 E0.01536
G1 X36.187 Y44.173 E0.01591
G1 X35.708 Y44.514 E0.01596
G1 X35.173 Y44.679 E0.01519
G1 X34.865 Y44.687 E0.00836
G1 X34.34 Y44.572 E0.01459
G1 X33.824 Y44.256 E0.01642
G1 X33.47 Y43.818 E0.01528
G1 X33.278 Y43.279 E0.01553
G1 X33.28 Y42.692 E0.01593
G1 X33.469 Y42.169 E0.01509
G1 X33.658 Y41.898 E0.00897
G1 X34.059 Y41.54 E0.01459
G1 X34.605 Y41.327 E0.01591
G1 X35.178 Y41.303 E0.01557
G1 X35.738 Y41.481 E0.01595
G1 X35.996 Y41.648 E0.00834
G1 X36.368 Y42.033 E0.01453
G0 F1320 X36.449 Y42.215
G0 X37.096 Y41.925
G0 X36.388 Y41.12
G0 X35.573 Y40.746
G0 X19.86 Y37.36
M204 P180
;TYPE:SKIN
G1 F480 X80.14 Y37.36 E1.66809
G1 X80.14 Y62.64 E0.69956
G1 X19.86 Y62.64 E1.66809
G1 X19.86 Y37.36 E0.69956
G0 F1320 X36.783 Y39.822
G1 F480 X36.287 Y39.593 E0.01512
G1 X35.788 Y39.437 E0.01447
G1 X35.173 Y39.346 E0.0172
G1 X34.341 Y39.374 E0.02304
G1 X33.857 Y39.511 E0.01392
G1 X32.918 Y39.925 E0.0284
G1 X32.35 Y40.435 E0.02112
G1 X31.998 Y40.836 E0.01477
G1 X31.676 Y41.355 E0.0169
G1 X31.384 Y42.159 E0.02367
G1 X31.316 Y42.588 E0.01202
G1 X31.318 Y43.434 E0.02341
G1 X31.382 Y43.81 E0.01055
G1 X31.676 Y44.607 E0.02351
G1 X31.87 Y44.948 E0.01086
G1 X32.358 Y45.568 E0.02183
G1 X32.689 Y45.862 E0.01225
G1 X33.377 Y46.287 E0.02238
G1 X33.822 Y46.464 E0.01325
G1 X34.589 Y46.626 E0.02169
G1 X35.235 Y46.639 E0.01788
G1 X35.668 Y46.58 E0.01209
G1 X36.515 Y46.311 E0.02459
G1 X36.907 Y46.07 E0.01273
G1 X37.419 Y45.694 E0.01758
G1 X37.749 Y45.35 E0.01319
G1 X38.17 Y44.729 E0.02076
G1 X38.365 Y44.342 E0.01199
G1 X38.571 Y43.516 E0.02356
G1 X38.608 Y43.101 E0.01153
G1 X38.552 Y42.301 E0.02219
G1 X38.459 Y41.908 E0.01118
G1 X38.083 Y41.062 E0.02562
G1 X37.756 Y40.648 E0.0146
G1 X37.4 Y40.28 E0.01417
G1 X36.783 Y39.822 E0.02126
G0 F1320 X20.06 Y37.64
G1 F480 X20.141 Y37.559 E0.00317
G0 F1320 X20.706 Y37.559
G1 F480 X20.06 Y38.206 E0.0253
G0 F1320 X20.06 Y38.771
G1 F480 X21.272 Y37.559 E0.04743
G0 F1320 X21.838 Y37.559
G1 F480 X20.06 Y39.337 E0.06958
G0 F1320 X20.06 Y39.903
G1 F480 X22.403 Y37.559 E0.09171
G0 F1320 X22.969 Y37.559
G1 F480 X20.06 Y40.468 E0.11384
G0 F1320 X20.06 Y41.034
G1 F480 X23.535 Y37.559 E0.13599
G0 F1320 X24.1 Y37.559
G1 F480 X20.06 Y41.6 E0.15812
G0 F1320 X20.06 Y42.165
G1 F480 X24.666 Y37.559 E0.18025
G0 F1320 X25.232 Y37.559
G1 F480 X20.06 Y42.731 E0.2024
G0 F1320 X20.06 Y43.297
G1 F480 X25.797 Y37.559 E0.22454
G0 F1320 X26.363 Y37.559
G1 F480 X20.06 Y43.863 E0.24669
G0 F1320 X20.06 Y44.428
G1 F480 X26.929 Y37.559 E0.26882
G0 F1320 X27.494 Y37.559
G1 F480 X20.06 Y44.994 E0.29095
G0 F1320 X20.06 Y45.56
G1 F480 X28.06 Y37.559 E0.3131
G0 F1320 X28.626 Y37.559
G1 F480 X20.06 Y46.125 E0.33523
G0 F1320 X20.06 Y46.691
G1 F480 X29.191 Y37.559 E0.35736
G0 F1320 X29.757 Y37.559
G1 F480 X20.06 Y47.257 E0.37951
G0 F1320 X20.06 Y47.822
G1 F480 X30.323 Y37.559 E0.40164
G0 F1320 X30.889 Y37.559
G1 F480 X20.06 Y48.388 E0.42379
G0 F1320 X20.06 Y48.954
G1 F480 X31.454 Y37.559 E0.44592
G0 F1320 X32.02 Y37.559
G1 F480 X20.06 Y49.519 E0.46805
G0 F1320 X20.06 Y50.085
G1 F480 X32.586 Y37.559 E0.4902
G0 F1320 X33.151 Y37.559
G1 F480 X20.06 Y50.651 E0.51233
G0 F1320 X20.06 Y51.216
G1 F480 X33.717 Y37.559 E0.53446
G0 F1320 X34.283 Y37.559
G1 F480 X20.06 Y51.782 E0.55661
G0 F1320 X20.06 Y52.348
G1 F480 X34.848 Y37.559 E0.57874
G0 F1320 X35.414 Y37.559
G1 F480 X33.539 Y39.434 E0.07338
G1 X33.469 Y39.504
G0 F1320 X34.364 Y39.175
G1 F480 X35.98 Y37.559 E0.06324
G0 F1320 X36.545 Y37.559
G1 F480 X34.953 Y39.152 E0.06232
G0 F1320 X35.48 Y39.191
G1 F480 X37.111 Y37.559 E0.06385
G0 F1320 X37.677 Y37.559
G1 F480 X35.954 Y39.283 E0.06745
G0 F1320 X36.382 Y39.42
G1 F480 X38.242 Y37.559 E0.07281
G0 F1320 X38.808 Y37.559
G1 F480 X36.773 Y39.594 E0.07964
G0 F1320 X37.115 Y39.819
G1 F480 X39.374 Y37.559 E0.08842
G0 F1320 X39.94 Y37.559
G1 F480 X37.441 Y40.058 E0.0978
G0 F1320 X37.729 Y40.335
G1 F480 X40.505 Y37.559 E0.10864
G0 F1320 X41.071 Y37.559
G1 F480 X38 Y40.63 E0.12018
G0 F1320 X38.25 Y40.946
G1 F480 X41.637 Y37.559 E0.13255
G0 F1320 X42.202 Y37.559
G1 F480 X38.423 Y41.338 E0.14789
G0 F1320 X38.597 Y41.731
G1 F480 X42.768 Y37.559 E0.16325
G0 F1320 X43.334 Y37.559
G1 F480 X38.724 Y42.169 E0.18041
G0 F1320 X38.778 Y42.681
G1 F480 X43.899 Y37.559 E0.20043
G0 F1320 X44.465 Y37.559
G1 F480 X38.798 Y43.227 E0.2218
G0 F1320 X38.679 Y43.911
G1 F480 X45.031 Y37.559 E0.24858
G0 F1320 X45.596 Y37.559
G1 F480 X38.363 Y44.793 E0.28308
G1 X38.293 Y44.863
G0 F1320 X36.762 Y46.393
G1 F480 X20.715 Y62.44 E0.62799
G0 F1320 X20.15 Y62.44
G1 F480 X35.864 Y46.726 E0.61496
G0 F1320 X35.186 Y46.839
G1 F480 X20.06 Y61.964 E0.59193
G0 F1320 X20.06 Y61.399
G1 F480 X34.632 Y46.827 E0.57027
G0 F1320 X34.155 Y46.738
G1 F480 X20.06 Y60.833 E0.5516
G0 F1320 X20.06 Y60.267
G1 F480 X33.701 Y46.626 E0.53384
G0 F1320 X33.293 Y46.468
G1 F480 X20.06 Y59.702 E0.51789
G0 F1320 X20.06 Y59.136
G1 F480 X32.943 Y46.253 E0.50417
G0 F1320 X32.593 Y46.037
G1 F480 X20.06 Y58.57 E0.49048
G0 F1320 X20.06 Y58.005
G1 F480 X32.289 Y45.775 E0.4786
G0 F1320 X32.028 Y45.471
G1 F480 X20.06 Y57.439 E0.46836
G0 F1320 X20.06 Y56.873
G1 F480 X31.778 Y45.155 E0.45858
G0 F1320 X31.562 Y44.806
G1 F480 X20.06 Y56.308 E0.45013
G0 F1320 X20.06 Y55.742
G1 F480 X31.39 Y44.412 E0.4434
G0 F1320 X31.236 Y44
G1 F480 X20.06 Y55.176 E0.43737
G0 F1320 X20.06 Y54.611
G1 F480 X31.132 Y43.538 E0.43332
G0 F1320 X31.12 Y42.984
G1 F480 X20.06 Y54.045 E0.43285
G0 F1320 X20.06 Y53.479
G1 F480 X31.143 Y42.396 E0.43373
G1 X31.213 Y42.326
G0 F1320 X31.374 Y41.599
G1 F480 X20.06 Y52.914 E0.44279
G1 X19.99 Y52.984
G0 F1320 X21.281 Y62.44
G1 F480 X46.162 Y37.559 E0.97371
G0 F1320 X46.728 Y37.559
G1 F480 X21.847 Y62.44 E0.97371
G0 F1320 X22.412 Y62.44
G1 F480 X47.293 Y37.559 E0.97371
G0 F1320 X47.859 Y37.559
G1 F480 X22.978 Y62.44 E0.97371
G0 F1320 X23.544 Y62.44
G1 F480 X48.425 Y37.559 E0.97371
G0 F1320 X48.99 Y37.559
G1 F480 X24.11 Y62.44 E0.97369
G0 F1320 X24.675 Y62.44
G1 F480 X49.556 Y37.559 E0.97371
G0 F1320 X50.122 Y37.559
G1 F480 X25.241 Y62.44 E0.97371
G0 F1320 X25.807 Y62.44
G1 F480 X50.688 Y37.559 E0.97371
G0 F1320 X51.253 Y37.559
G1 F480 X26.372 Y62.44 E0.97371
G0 F1320 X26.938 Y62.44
G1 F480 X51.819 Y37.559 E0.97371
G0 F1320 X52.385 Y37.559
G1 F480 X27.504 Y62.44 E0.97371
G0 F1320 X28.069 Y62.44
G1 F480 X52.95 Y37.559 E0.97371
G0 F1320 X53.516 Y37.559
G1 F480 X28.635 Y62.44 E0.97371
G0 F1320 X29.201 Y62.44
G1 F480 X54.082 Y37.559 E0.97371
G0 F1320 X54.647 Y37.559
G1 F480 X29.766 Y62.44 E0.97371
G0 F1320 X30.332 Y62.44
G1 F480 X55.213 Y37.559 E0.97371
G0 F1320 X55.779 Y37.559
G1 F480 X30.898 Y62.44 E0.97371
G0 F1320 X31.463 Y62.44
G1 F480 X56.344 Y37.559 E0.97371
G0 F1320 X56.91 Y37.559
G1 F480 X32.029 Y62.44 E0.97371
G0 F1320 X32.595 Y62.44
G1 F480 X57.476 Y37.559 E0.97371
G0 F1320 X58.041 Y37.559
G1 F480 X33.16 Y62.44 E0.97371
G0 F1320 X33.726 Y62.44
G1 F480 X58.607 Y37.559 E0.97371
G0 F1320 X59.173 Y37.559
G1 F480 X34.292 Y62.44 E0.97371
G0 F1320 X34.858 Y62.44
G1 F480 X59.739 Y37.559 E0.97371
G0 F1320 X60.304 Y37.559
G1 F480 X35.423 Y62.44 E0.97371
G0 F1320 X35.989 Y62.44
G1 F480 X60.87 Y37.559 E0.97371
G0 F1320 X61.436 Y37.559
G1 F480 X36.555 Y62.44 E0.97371
G0 F1320 X37.12 Y62.44
G1 F480 X62.001 Y37.559 E0.97371
G0 F1320 X62.567 Y37.559
G1 F480 X37.686 Y62.44 E0.97371
G0 F1320 X38.252 Y62.44
G1 F480 X63.133 Y37.559 E0.97371
G0 F1320 X63.698 Y37.559
G1 F480 X38.817 Y62.44 E0.97371
G0 F1320 X39.383 Y62.44
G1 F480 X64.264 Y37.559 E0.97371
G0 F1320 X64.83 Y37.559
G1 F480 X39.949 Y62.44 E0.97371
G0 F1320 X40.514 Y62.44
G1 F480 X65.395 Y37.559 E0.97371
G0 F1320 X65.961 Y37.559
G1 F480 X41.08 Y62.44 E0.97371
G0 F1320 X41.646 Y62.44
G1 F480 X66.527 Y37.559 E0.97371
G0 F1320 X67.092 Y37.559
G1 F480 X42.211 Y62.44 E0.97371
G0 F1320 X42.777 Y62.44
G1 F480 X67.658 Y37.559 E0.97371
G0 F1320 X68.224 Y37.559
G1 F480 X43.343 Y62.44 E0.97371
G0 F1320 X43.909 Y62.44
G1 F480 X68.789 Y37.559 E0.97369
G0 F1320 X69.355 Y37.559
G1 F480 X44.474 Y62.44 E0.97371
G0 F1320 X45.04 Y62.44
G1 F480 X69.921 Y37.559 E0.97371
G0 F1320 X70.487 Y37.559
G1 F480 X45.606 Y62.44 E0.97371
G0 F1320 X46.171 Y62.44
G1 F480 X71.052 Y37.559 E0.97371
G0 F1320 X71.618 Y37.559
G1 F480 X46.737 Y62.44 E0.97371
G0 F1320 X47.303 Y62.44
G1 F480 X72.184 Y37.559 E0.97371
G0 F1320 X72.749 Y37.559
G1 F480 X47.868 Y62.44 E0.97371
G0 F1320 X48.434 Y62.44
G1 F480 X73.315 Y37.559 E0.97371
G0 F1320 X73.881 Y37.559
G1 F480 X49 Y62.44 E0.97371
G0 F1320 X49.565 Y62.44
G1 F480 X74.446 Y37.559 E0.97371
G0 F1320 X75.012 Y37.559
G1 F480 X50.131 Y62.44 E0.97371
G0 F1320 X50.697 Y62.44
G1 F480 X75.578 Y37.559 E0.97371
G0 F1320 X76.143 Y37.559
G1 F480 X51.262 Y62.44 E0.97371
G0 F1320 X51.828 Y62.44
G1 F480 X76.709 Y37.559 E0.97371
G0 F1320 X77.275 Y37.559
G1 F480 X52.394 Y62.44 E0.97371
G0 F1320 X52.959 Y62.44
G1 F480 X77.84 Y37.559 E0.97371
G0 F1320 X78.406 Y37.559
G1 F480 X53.525 Y62.44 E0.97371
G0 F1320 X54.091 Y62.44
G1 F480 X78.972 Y37.559 E0.97371
G0 F1320 X79.537 Y37.559
G1 F480 X54.657 Y62.44 E0.97369
G0 F1320 X55.222 Y62.44
G1 F480 X79.94 Y37.723 E0.96731
G0 F1320 X79.94 Y38.288
G1 F480 X55.788 Y62.44 E0.94518
G0 F1320 X56.354 Y62.44
G1 F480 X79.94 Y38.854 E0.92303
G0 F1320 X79.94 Y39.42
G1 F480 X56.919 Y62.44 E0.9009
G0 F1320 X57.485 Y62.44
G1 F480 X79.94 Y39.985 E0.87877
G0 F1320 X79.94 Y40.551
G1 F480 X58.051 Y62.44 E0.85662
G0 F1320 X58.616 Y62.44
G1 F480 X79.94 Y41.117 E0.83449
G0 F1320 X79.94 Y41.683
G1 F480 X59.182 Y62.44 E0.81234
G0 F1320 X59.748 Y62.44
G1 F480 X79.94 Y42.248 E0.79021
G0 F1320 X79.94 Y42.814
G1 F480 X60.313 Y62.44 E0.76808
G0 F1320 X60.879 Y62.44
G1 F480 X79.94 Y43.38 E0.74593
G0 F1320 X79.94 Y43.945
G1 F480 X61.445 Y62.44 E0.7238
G0 F1320 X62.01 Y62.44
G1 F480 X79.94 Y44.511 E0.70167
G0 F1320 X79.94 Y45.077
G1 F480 X62.576 Y62.44 E0.67952
G0 F1320 X63.142 Y62.44
G1 F480 X79.94 Y45.642 E0.65739
G0 F1320 X79.94 Y46.208
G1 F480 X63.707 Y62.44 E0.63525
G0 F1320 X64.273 Y62.44
G1 F480 X79.94 Y46.774 E0.6131
G0 F1320 X79.94 Y47.339
G1 F480 X64.839 Y62.44 E0.59097
G0 F1320 X65.405 Y62.44
G1 F480 X79.94 Y47.905 E0.56882
G0 F1320 X79.94 Y48.471
G1 F480 X65.97 Y62.44 E0.54669
G0 F1320 X66.536 Y62.44
G1 F480 X79.94 Y49.036 E0.52456
G0 F1320 X79.94 Y49.602
G1 F480 X67.102 Y62.44 E0.50241
G0 F1320 X67.667 Y62.44
G1 F480 X79.94 Y50.168 E0.48028
G0 F1320 X79.94 Y50.733
G1 F480 X68.233 Y62.44 E0.45815
G0 F1320 X68.799 Y62.44
G1 F480 X79.94 Y51.299 E0.436
G0 F1320 X79.94 Y51.865
G1 F480 X69.364 Y62.44 E0.41387
G0 F1320 X69.93 Y62.44
G1 F480 X79.94 Y52.431 E0.39172
G0 F1320 X79.94 Y52.996
G1 F480 X70.496 Y62.44 E0.36959
G0 F1320 X71.061 Y62.44
G1 F480 X79.94 Y53.562 E0.34746
G0 F1320 X79.94 Y54.128
G1 F480 X71.627 Y62.44 E0.32531
G0 F1320 X72.193 Y62.44
G1 F480 X79.94 Y54.693 E0.30318
G0 F1320 X79.94 Y55.259
G1 F480 X72.758 Y62.44 E0.28105
G0 F1320 X73.324 Y62.44
G1 F480 X79.94 Y55.825 E0.2589
G0 F1320 X79.94 Y56.39
G1 F480 X73.89 Y62.44 E0.23677
G0 F1320 X74.456 Y62.44
G1 F480 X79.94 Y56.956 E0.21461
G0 F1320 X79.94 Y57.522
G1 F480 X75.021 Y62.44 E0.19248
G0 F1320 X75.587 Y62.44
G1 F480 X79.94 Y58.087 E0.17035
G0 F1320 X79.94 Y58.653
G1 F480 X76.153 Y62.44 E0.1482
G0 F1320 X76.718 Y62.44
G1 F480 X79.94 Y59.219 E0.12607
G0 F1320 X79.94 Y59.784
G1 F480 X77.284 Y62.44 E0.10394
G0 F1320 X77.85 Y62.44
G1 F480 X79.94 Y60.35 E0.08179
G0 F1320 X79.94 Y60.916
G1 F480 X78.415 Y62.44 E0.05966
G0 F1320 X78.981 Y62.44
G1 F480 X79.94 Y61.482 E0.03751
G0 F1320 X79.94 Y62.047
G1 F480 X79.547 Y62.44 E0.01538
;MESH:NONMESH
G0 F600 X79.547 Y62.44 Z1.16
G0 F1320 X37.885 Y44.515
;TIME_ELAPSED:4040.405701
;LAYER:6
M204 P200
;TYPE:WALL-INNER
;MESH:LoRAtop.STL
G1 F480 X37.466 Y45.131 E0.02042
G1 X37.232 Y45.395 E0.00967
G1 X36.572 Y45.864 E0.02219
G1 X36.312 Y45.995 E0.00798
G1 X35.488 Y46.263 E0.02375
G1 X34.691 Y46.29 E0.02186
G1 X33.868 Y46.1 E0.02315
G1 X33.594 Y45.99 E0.00809
G1 X32.908 Y45.572 E0.02202
G1 X32.636 Y45.336 E0.00987
G1 X32.161 Y44.736 E0.02097
G1 X32.013 Y44.475 E0.00822
G1 X31.737 Y43.732 E0.02172
G1 X31.676 Y43.386 E0.00963
G1 X31.676 Y42.602 E0.02149
G1 X31.732 Y42.265 E0.00936
G1 X32.01 Y41.497 E0.02238
G1 X32.303 Y41.036 E0.01497
G1 X32.592 Y40.705 E0.01204
G1 X33.121 Y40.232 E0.01945
G1 X33.502 Y40.039 E0.01171
G1 X33.974 Y39.851 E0.01392
G1 X34.399 Y39.731 E0.0121
G1 X35.148 Y39.704 E0.02054
G1 X35.675 Y39.782 E0.0146
G1 X36.159 Y39.93 E0.01387
G1 X36.579 Y40.12 E0.01263
G1 X37.147 Y40.536 E0.0193
G1 X37.495 Y40.896 E0.01372
G1 X37.762 Y41.229 E0.0117
G1 X38.111 Y42.01 E0.02344
G1 X38.193 Y42.34 E0.00932
G1 X38.253 Y43.1 E0.02089
G1 X38.22 Y43.439 E0.00933
G1 X38.032 Y44.201 E0.02151
G1 X37.885 Y44.515 E0.0095
G0 F1320 X35.291 Y45.324
G0 X34.079 Y45.184
G0 X32.122 Y43.621
G1 F480 X32.075 Y43.348 E0.00759
G1 X32.084 Y42.465 E0.0242
G1 X32.371 Y41.672 E0.02311
G1 X32.634 Y41.261 E0.01337
G1 X32.859 Y41.004 E0.00936
G1 X33.42 Y40.503 E0.02061
G1 X34.122 Y40.223 E0.02071
G1 X34.456 Y40.129 E0.00951
G1 X35.148 Y40.104 E0.01898
G1 X35.558 Y40.165 E0.01136
G1 X36.042 Y40.313 E0.01387
G1 X36.589 Y40.597 E0.01689
G1 X36.859 Y40.814 E0.00949
G1 X37.377 Y41.35 E0.02043
G1 X37.774 Y42.237 E0.02663
G1 X37.852 Y43.098 E0.02369
G1 X37.827 Y43.368 E0.00743
G1 X37.653 Y44.05 E0.01929
G1 X37.558 Y44.271 E0.00659
G1 X37.139 Y44.911 E0.02096
G1 X36.945 Y45.101 E0.00744
G1 X36.363 Y45.523 E0.0197
G1 X36.161 Y45.625 E0.0062
G1 X35.382 Y45.868 E0.02236
G1 X34.765 Y45.889 E0.01692
G1 X33.867 Y45.699 E0.02516
G1 X33.144 Y45.248 E0.02335
G1 X32.963 Y45.091 E0.00657
G1 X32.491 Y44.51 E0.02052
G1 X32.376 Y44.307 E0.00639
G1 X32.122 Y43.621 E0.02005
G0 F1320 X32.884 Y41.874
G0 X33.72 Y40.98
G0 X35.177 Y40.653
G0 X36.571 Y41.092
G1 F480 X37.041 Y41.579 E0.01855
G1 X37.385 Y42.345 E0.02301
G1 X37.454 Y43.212 E0.02384
G1 X37.254 Y44.017 E0.02273
G1 X36.767 Y44.741 E0.02391
G1 X36.085 Y45.236 E0.0231
G1 X35.361 Y45.458 E0.02075
G1 X34.758 Y45.48 E0.01654
G1 X34.022 Y45.318 E0.02065
G1 X33.293 Y44.873 E0.02341
G1 X32.762 Y44.216 E0.02315
G1 X32.482 Y43.418 E0.02318
G1 X32.481 Y42.54 E0.02406
G1 X32.755 Y41.809 E0.0214
G1 X33.125 Y41.302 E0.0172
G1 X33.633 Y40.849 E0.01865
G1 X34.434 Y40.53 E0.02363
G1 X35.148 Y40.504 E0.01958
G1 X35.441 Y40.547 E0.00812
G1 X36.071 Y40.74 E0.01806
G1 X36.571 Y41.092 E0.01676
G0 F1320 X35.894 Y41.104
G1 F480 X36.284 Y41.37 E0.01294
G1 X36.703 Y41.804 E0.01653
G1 X36.995 Y42.453 E0.0195
G1 X37.052 Y43.177 E0.0199
G1 X36.878 Y43.859 E0.01929
G1 X36.475 Y44.46 E0.01983
G1 X35.883 Y44.879 E0.01988
G1 X35.276 Y45.067 E0.01742
G1 X34.828 Y45.09 E0.01229
G1 X34.174 Y44.943 E0.01837
G1 X33.571 Y44.576 E0.01935
G1 X33.121 Y44.02 E0.0196
G1 X32.875 Y43.349 E0.01959
G1 X32.879 Y42.618 E0.02003
G1 X33.112 Y41.989 E0.01838
G1 X33.332 Y41.654 E0.01098
G1 X33.846 Y41.194 E0.0189
G1 X34.496 Y40.935 E0.01918
G1 X35.227 Y40.9 E0.02006
G1 X35.894 Y41.104 E0.01912
G0 F1320 X36.055 Y40.844
G0 X80.5 Y63
G1 F480 X80.5 Y37 E0.71257
G1 X19.5 Y37 E1.67179
G1 X19.5 Y63 E0.71257
G1 X80.5 Y63 E1.67179
G0 F1320 X80.9 Y36.6
G1 F480 X19.1 Y36.6 E1.69371
G1 X19.1 Y63.4 E0.73449
G1 X80.9 Y63.4 E1.69371
G1 X80.9 Y36.6 E0.73449
G0 F1320 X81.3 Y36.2
G1 F480 X18.7 Y36.2 E1.71564
G1 X18.7 Y63.8 E0.75642
G1 X81.3 Y63.8 E1.71564
G1 X81.3 Y36.2 E0.75642
G0 F1320 X81.42 Y63.92
G0 X81.7 Y64.2
G1 F480 X81.7 Y35.8 E0.77834
G1 X18.3 Y35.8 E1.73756
G1 X18.3 Y64.2 E0.77834
G1 X81.7 Y64.2 E1.73756
G0 F1320 X81.39 Y63.92
G0 X81.82 Y35.68
G0 X82.1 Y35.4
M204 P150
;TYPE:WALL-OUTER
G1 F480 X17.9 Y35.4 E1.74241
G1 X17.9 Y64.6 E0.7925
G1 X82.1 Y64.6 E1.74241
G1 X82.1 Y35.4 E0.7925
G0 F1320 X81.9 Y35.4
G0 X81.42 Y36.08
G0 X37.34 Y43.315
G0 X36.651 Y43.136
G1 F480 X36.51 Y43.684 E0.01536
G1 X36.187 Y44.173 E0.01591
G1 X35.708 Y44.514 E0.01596
G1 X35.173 Y44.679 E0.01519
G1 X34.865 Y44.687 E0.00836
G1 X34.34 Y44.572 E0.01459
G1 X33.824 Y44.256 E0.01642
G1 X33.47 Y43.818 E0.01528
G1 X33.278 Y43.279 E0.01553
G1 X33.28 Y42.692 E0.01593
G1 X33.469 Y42.169 E0.01509
G1 X33.658 Y41.898 E0.00897
G1 X34.059 Y41.54 E0.01459
G1 X34.605 Y41.327 E0.01591
G1 X35.178 Y41.303 E0.01557
G1 X35.738 Y41.481 E0.01595
G1 X35.996 Y41.648 E0.00834
G1 X36.368 Y42.033 E0.01453
G1 X36.6 Y42.553 E0.01545
G1 X36.651 Y43.136 E0.01588
G0 F1320 X36.602 Y43.329
G0 X37.29 Y43.508
G0 X80.14 Y62.64
M204 P180
;TYPE:SKIN
G1 F480 X19.86 Y62.64 E1.66809
G1 X19.86 Y37.36 E0.69956
G1 X80.14 Y37.36 E1.66809
G1 X80.14 Y62.64 E0.69956
G0 F1320 X34.079 Y45.184
G0 X31.382 Y43.81
G1 F480 X31.676 Y44.607 E0.02351
G1 X31.87 Y44.948 E0.01086
G1 X32.358 Y45.568 E0.02183
G1 X32.689 Y45.862 E0.01225
G1 X33.377 Y46.287 E0.02238
G1 X33.822 Y46.464 E0.01325
G1 X34.589 Y46.626 E0.02169
G1 X35.235 Y46.639 E0.01788
G1 X35.668 Y46.58 E0.01209
G1 X36.515 Y46.311 E0.02459
G1 X36.907 Y46.07 E0.01273
G1 X37.419 Y45.694 E0.01758
G1 X37.749 Y45.35 E0.01319
G1 X38.17 Y44.729 E0.02076
G1 X38.365 Y44.342 E0.01199
G1 X38.571 Y43.516 E0.02356
G1 X38.608 Y43.101 E0.01153
G1 X38.552 Y42.301 E0.02219
G1 X38.459 Y41.908 E0.01118
G1 X38.083 Y41.062 E0.02562
G1 X37.756 Y40.648 E0.0146
G1 X37.4 Y40.28 E0.01417
G1 X36.783 Y39.822 E0.02126
G1 X36.287 Y39.593 E0.01512
G1 X35.788 Y39.437 E0.01447
G1 X35.173 Y39.346 E0.0172
G1 X34.341 Y39.374 E0.02304
G1 X33.857 Y39.511 E0.01392
G1 X32.918 Y39.925 E0.0284
G1 X32.35 Y40.435 E0.02112
G1 X31.998 Y40.836 E0.01477
G1 X31.676 Y41.355 E0.0169
G1 X31.384 Y42.159 E0.02367
G1 X31.316 Y42.588 E0.01202
G1 X31.318 Y43.434 E0.02341
G1 X31.382 Y43.81 E0.01055
G0 F1320 X20.06 Y61.921
G1 F480 X20.579 Y62.44 E0.02031
G0 F1320 X21.145 Y62.44
G1 F480 X20.06 Y61.355 E0.04246
G0 F1320 X20.06 Y60.789
G1 F480 X21.71 Y62.44 E0.06459
G0 F1320 X22.276 Y62.44
G1 F480 X20.06 Y60.224 E0.08672
G0 F1320 X20.06 Y59.658
G1 F480 X22.842 Y62.44 E0.10887
G0 F1320 X23.407 Y62.44
G1 F480 X20.06 Y59.092 E0.131
G0 F1320 X20.06 Y58.527
G1 F480 X23.973 Y62.44 E0.15313
G0 F1320 X24.539 Y62.44
G1 F480 X20.06 Y57.961 E0.17528
G0 F1320 X20.06 Y57.395
G1 F480 X25.104 Y62.44 E0.19742
G0 F1320 X25.67 Y62.44
G1 F480 X20.06 Y56.829 E0.21957
G0 F1320 X20.06 Y56.264
G1 F480 X26.236 Y62.44 E0.2417
G0 F1320 X26.801 Y62.44
G1 F480 X20.06 Y55.698 E0.26383
G0 F1320 X20.06 Y55.132
G1 F480 X27.367 Y62.44 E0.28598
G0 F1320 X27.933 Y62.44
G1 F480 X20.06 Y54.567 E0.30811
G0 F1320 X20.06 Y54.001
G1 F480 X28.499 Y62.44 E0.33026
G0 F1320 X29.064 Y62.44
G1 F480 X20.06 Y53.435 E0.35239
G0 F1320 X20.06 Y52.87
G1 F480 X29.63 Y62.44 E0.37452
G0 F1320 X30.196 Y62.44
G1 F480 X20.06 Y52.304 E0.39667
G0 F1320 X20.06 Y51.738
G1 F480 X30.761 Y62.44 E0.4188
G0 F1320 X31.327 Y62.44
G1 F480 X20.06 Y51.173 E0.44093
G0 F1320 X20.06 Y50.607
G1 F480 X31.893 Y62.44 E0.46308
G0 F1320 X32.458 Y62.44
G1 F480 X20.06 Y50.041 E0.48521
G0 F1320 X20.06 Y49.476
G1 F480 X33.024 Y62.44 E0.50734
G0 F1320 X33.59 Y62.44
G1 F480 X20.06 Y48.91 E0.52949
G0 F1320 X20.06 Y48.344
G1 F480 X34.155 Y62.44 E0.55162
G0 F1320 X34.721 Y62.44
G1 F480 X20.06 Y47.778 E0.57377
G0 F1320 X20.06 Y47.213
G1 F480 X35.287 Y62.44 E0.5959
G0 F1320 X35.852 Y62.44
G1 F480 X20.06 Y46.647 E0.61804
G0 F1320 X20.06 Y46.081
G1 F480 X36.418 Y62.44 E0.64019
G0 F1320 X36.984 Y62.44
G1 F480 X20.06 Y45.516 E0.66232
G0 F1320 X20.06 Y44.95
G1 F480 X37.549 Y62.44 E0.68445
G0 F1320 X38.115 Y62.44
G1 F480 X20.06 Y44.384 E0.7066
G0 F1320 X20.06 Y43.819
G1 F480 X38.681 Y62.44 E0.72873
G0 F1320 X39.247 Y62.44
G1 F480 X20.06 Y43.253 E0.75088
G0 F1320 X20.06 Y42.687
G1 F480 X39.812 Y62.44 E0.77301
G0 F1320 X40.378 Y62.44
G1 F480 X20.06 Y42.122 E0.79514
G0 F1320 X20.06 Y41.556
G1 F480 X40.944 Y62.44 E0.81729
G0 F1320 X41.509 Y62.44
G1 F480 X20.06 Y40.99 E0.83942
G0 F1320 X20.06 Y40.425
G1 F480 X42.075 Y62.44 E0.86155
G0 F1320 X42.641 Y62.44
G1 F480 X20.06 Y39.859 E0.8837
G0 F1320 X20.06 Y39.293
G1 F480 X43.206 Y62.44 E0.90583
G0 F1320 X43.772 Y62.44
G1 F480 X20.06 Y38.728 E0.92796
G0 F1320 X20.06 Y38.162
G1 F480 X44.338 Y62.44 E0.95011
G0 F1320 X44.903 Y62.44
G1 F480 X20.06 Y37.596 E0.97224
G0 F1320 X20.59 Y37.56
G1 F480 X45.469 Y62.44 E0.97365
G0 F1320 X46.035 Y62.44
G1 F480 X21.155 Y37.56 E0.97367
G0 F1320 X21.721 Y37.56
G1 F480 X46.6 Y62.44 E0.97365
G0 F1320 X47.166 Y62.44
G1 F480 X22.287 Y37.56 E0.97365
G0 F1320 X22.852 Y37.56
G1 F480 X47.732 Y62.44 E0.97367
G0 F1320 X48.298 Y62.44
G1 F480 X23.418 Y37.56 E0.97367
G0 F1320 X23.984 Y37.56
G1 F480 X48.863 Y62.44 E0.97365
G0 F1320 X49.429 Y62.44
G1 F480 X33.562 Y46.573 E0.62095
G0 F1320 X34.33 Y46.775
G1 F480 X49.995 Y62.44 E0.61305
G0 F1320 X50.56 Y62.44
G1 F480 X34.955 Y46.835 E0.6107
G0 F1320 X35.492 Y46.806
G1 F480 X51.126 Y62.44 E0.61183
G0 F1320 X51.692 Y62.44
G1 F480 X35.951 Y46.699 E0.61602
G0 F1320 X36.379 Y46.562
G1 F480 X52.257 Y62.44 E0.62138
G0 F1320 X52.823 Y62.44
G1 F480 X36.772 Y46.388 E0.62817
G0 F1320 X37.114 Y46.165
G1 F480 X53.389 Y62.44 E0.63692
G0 F1320 X53.954 Y62.44
G1 F480 X37.44 Y45.925 E0.64629
G0 F1320 X37.735 Y45.654
G1 F480 X54.52 Y62.44 E0.6569
G0 F1320 X55.086 Y62.44
G1 F480 X37.992 Y45.346 E0.66897
G0 F1320 X38.221 Y45.009
G1 F480 X55.651 Y62.44 E0.68214
G0 F1320 X56.217 Y62.44
G1 F480 X38.431 Y44.653 E0.69607
G0 F1320 X38.595 Y44.251
G1 F480 X56.783 Y62.44 E0.7118
G0 F1320 X57.348 Y62.44
G1 F480 X38.707 Y43.798 E0.72953
G0 F1320 X38.788 Y43.314
G1 F480 X57.914 Y62.44 E0.74849
G0 F1320 X58.48 Y62.44
G1 F480 X38.781 Y42.741 E0.77092
G0 F1320 X38.708 Y42.103
G1 F480 X59.046 Y62.44 E0.7959
G0 F1320 X59.611 Y62.44
G1 F480 X38.354 Y41.183 E0.83189
G1 X38.284 Y41.113
G0 F1320 X36.76 Y39.588
G1 F480 X34.732 Y37.56 E0.07937
G0 F1320 X35.297 Y37.56
G1 F480 X60.177 Y62.44 E0.97367
G0 F1320 X60.743 Y62.44
G1 F480 X35.863 Y37.56 E0.97367
G0 F1320 X36.429 Y37.56
G1 F480 X61.308 Y62.44 E0.97365
G0 F1320 X61.874 Y62.44
G1 F480 X36.994 Y37.56 E0.97367
G0 F1320 X37.56 Y37.56
G1 F480 X62.44 Y62.44 E0.97367
G0 F1320 X63.005 Y62.44
G1 F480 X38.126 Y37.56 E0.97365
G0 F1320 X38.691 Y37.56
G1 F480 X63.571 Y62.44 E0.97367
G0 F1320 X64.137 Y62.44
G1 F480 X39.257 Y37.56 E0.97367
G0 F1320 X39.823 Y37.56
G1 F480 X64.702 Y62.44 E0.97365
G0 F1320 X65.268 Y62.44
G1 F480 X40.389 Y37.56 E0.97365
G0 F1320 X40.954 Y37.56
G1 F480 X65.834 Y62.44 E0.97367
G0 F1320 X66.399 Y62.44
G1 F480 X41.52 Y37.56 E0.97365
G0 F1320 X42.086 Y37.56
G1 F480 X66.965 Y62.44 E0.97365
G0 F1320 X67.531 Y62.44
G1 F480 X42.651 Y37.56 E0.97367
G0 F1320 X43.217 Y37.56
G1 F480 X68.097 Y62.44 E0.97367
G0 F1320 X68.662 Y62.44
G1 F480 X43.783 Y37.56 E0.97365
G0 F1320 X44.348 Y37.56
G1 F480 X69.228 Y62.44 E0.97367
G0 F1320 X69.794 Y62.44
G1 F480 X44.914 Y37.56 E0.97367
G0 F1320 X45.48 Y37.56
G1 F480 X70.359 Y62.44 E0.97365
G0 F1320 X70.925 Y62.44
G1 F480 X46.045 Y37.56 E0.97367
G0 F1320 X46.611 Y37.56
G1 F480 X71.491 Y62.44 E0.97367
G0 F1320 X72.056 Y62.44
G1 F480 X47.177 Y37.56 E0.97365
G0 F1320 X47.742 Y37.56
G1 F480 X72.622 Y62.44 E0.97367
G0 F1320 X73.188 Y62.44
G1 F480 X48.308 Y37.56 E0.97367
G0 F1320 X48.874 Y37.56
G1 F480 X73.753 Y62.44 E0.97365
G0 F1320 X74.319 Y62.44
G1 F480 X49.439 Y37.56 E0.97367
G0 F1320 X50.005 Y37.56
G1 F480 X74.885 Y62.44 E0.97367
G0 F1320 X75.45 Y62.44
G1 F480 X50.571 Y37.56 E0.97365
G0 F1320 X51.137 Y37.56
G1 F480 X76.016 Y62.44 E0.97365
G0 F1320 X76.582 Y62.44
G1 F480 X51.702 Y37.56 E0.97367
G0 F1320 X52.268 Y37.56
G1 F480 X77.147 Y62.44 E0.97365
G0 F1320 X77.713 Y62.44
G1 F480 X52.834 Y37.56 E0.97365
G0 F1320 X53.399 Y37.56
G1 F480 X78.279 Y62.44 E0.97367
G0 F1320 X78.845 Y62.44
G1 F480 X53.965 Y37.56 E0.97367
G0 F1320 X54.531 Y37.56
G1 F480 X79.41 Y62.44 E0.97365
G0 F1320 X79.94 Y62.404
G1 F480 X55.096 Y37.56 E0.97226
G0 F1320 X55.662 Y37.56
G1 F480 X79.94 Y61.838 E0.95011
G0 F1320 X79.94 Y61.272
G1 F480 X56.228 Y37.56 E0.92796
G0 F1320 X56.793 Y37.56
G1 F480 X79.94 Y60.707 E0.90585
G0 F1320 X79.94 Y60.141
G1 F480 X57.359 Y37.56 E0.8837
G0 F1320 X57.925 Y37.56
G1 F480 X79.94 Y59.575 E0.86155
G0 F1320 X79.94 Y59.009
G1 F480 X58.49 Y37.56 E0.83942
G0 F1320 X59.056 Y37.56
G1 F480 X79.94 Y58.444 E0.81729
G0 F1320 X79.94 Y57.878
G1 F480 X59.622 Y37.56 E0.79514
G0 F1320 X60.188 Y37.56
G1 F480 X79.94 Y57.312 E0.77299
G0 F1320 X79.94 Y56.747
G1 F480 X60.753 Y37.56 E0.75088
G0 F1320 X61.319 Y37.56
G1 F480 X79.94 Y56.181 E0.72873
G0 F1320 X79.94 Y55.615
G1 F480 X61.885 Y37.56 E0.70658
G0 F1320 X62.45 Y37.56
G1 F480 X79.94 Y55.05 E0.68447
G0 F1320 X79.94 Y54.484
G1 F480 X63.016 Y37.56 E0.66232
G0 F1320 X63.582 Y37.56
G1 F480 X79.94 Y53.918 E0.64017
G0 F1320 X79.94 Y53.353
G1 F480 X64.147 Y37.56 E0.61805
G0 F1320 X64.713 Y37.56
G1 F480 X79.94 Y52.787 E0.5959
G0 F1320 X79.94 Y52.221
G1 F480 X65.279 Y37.56 E0.57375
G0 F1320 X65.844 Y37.56
G1 F480 X79.94 Y51.656 E0.55164
G0 F1320 X79.94 Y51.09
G1 F480 X66.41 Y37.56 E0.52949
G0 F1320 X66.976 Y37.56
G1 F480 X79.94 Y50.524 E0.50734
G0 F1320 X79.94 Y49.959
G1 F480 X67.541 Y37.56 E0.48523
G0 F1320 X68.107 Y37.56
G1 F480 X79.94 Y49.393 E0.46308
G0 F1320 X79.94 Y48.827
G1 F480 X68.673 Y37.56 E0.44093
G0 F1320 X69.238 Y37.56
G1 F480 X79.94 Y48.261 E0.4188
G0 F1320 X79.94 Y47.696
G1 F480 X69.804 Y37.56 E0.39667
G0 F1320 X70.37 Y37.56
G1 F480 X79.94 Y47.13 E0.37452
G0 F1320 X79.94 Y46.564
G1 F480 X70.936 Y37.56 E0.35237
G0 F1320 X71.501 Y37.56
G1 F480 X79.94 Y45.999 E0.33026
G0 F1320 X79.94 Y45.433
G1 F480 X72.067 Y37.56 E0.30811
G0 F1320 X72.633 Y37.56
G1 F480 X79.94 Y44.867 E0.28596
G0 F1320 X79.94 Y44.302
G1 F480 X73.198 Y37.56 E0.26385
G0 F1320 X73.764 Y37.56
G1 F480 X79.94 Y43.736 E0.2417
G0 F1320 X79.94 Y43.17
G1 F480 X74.33 Y37.56 E0.21955
G0 F1320 X74.895 Y37.56
G1 F480 X79.94 Y42.605 E0.19743
G0 F1320 X79.94 Y42.039
G1 F480 X75.461 Y37.56 E0.17528
G0 F1320 X76.027 Y37.56
G1 F480 X79.94 Y41.473 E0.15313
G0 F1320 X79.94 Y40.908
G1 F480 X76.592 Y37.56 E0.13102
G0 F1320 X77.158 Y37.56
G1 F480 X79.94 Y40.342 E0.10887
G0 F1320 X79.94 Y39.776
G1 F480 X77.724 Y37.56 E0.08672
G0 F1320 X78.289 Y37.56
G1 F480 X79.94 Y39.21 E0.06459
G0 F1320 X79.94 Y38.645
G1 F480 X78.855 Y37.56 E0.04246
G0 F1320 X79.421 Y37.56
G1 F480 X79.94 Y38.079 E0.02031
G0 F1320 X35.86 Y39.254
G1 F480 X34.166 Y37.56 E0.06629
G0 F1320 X33.6 Y37.56
G1 F480 X35.19 Y39.15 E0.06222
G0 F1320 X34.638 Y39.164
G1 F480 X33.035 Y37.56 E0.06275
G0 F1320 X32.469 Y37.56
G1 F480 X34.134 Y39.225 E0.06516
G0 F1320 X33.704 Y39.361
G1 F480 X31.903 Y37.56 E0.07048
G0 F1320 X31.338 Y37.56
G1 F480 X33.311 Y39.534 E0.07723
G0 F1320 X32.918 Y39.706
G1 F480 X30.772 Y37.56 E0.08398
G0 F1320 X30.206 Y37.56
G1 F480 X32.593 Y39.947 E0.09341
G0 F1320 X32.295 Y40.215
G1 F480 X29.641 Y37.56 E0.10388
G0 F1320 X29.075 Y37.56
G1 F480 X32.023 Y40.508 E0.11537
G0 F1320 X31.771 Y40.822
G1 F480 X28.509 Y37.56 E0.12766
G0 F1320 X27.943 Y37.56
G1 F480 X31.553 Y41.169 E0.14126
G0 F1320 X31.386 Y41.569
G1 F480 X27.378 Y37.56 E0.15687
G0 F1320 X26.812 Y37.56
G1 F480 X31.236 Y41.984 E0.17313
G0 F1320 X31.135 Y42.448
G1 F480 X26.246 Y37.56 E0.19131
G0 F1320 X25.681 Y37.56
G1 F480 X31.12 Y43 E0.21287
G0 F1320 X31.141 Y43.586
G1 F480 X25.115 Y37.56 E0.23583
G0 F1320 X24.549 Y37.56
G1 F480 X31.384 Y44.394 E0.26747
G1 X31.454 Y44.464
;MESH:NONMESH
G0 F600 X31.454 Y44.464 Z1.32
G0 F1320 X34.821 Y45.342
G0 X37.232 Y45.395
;TIME_ELAPSED:4665.159963
;LAYER:7
M204 P200
;TYPE:WALL-INNER
;MESH:LoRAtop.STL
G1 F480 X36.572 Y45.864 E0.02219
G1 X36.312 Y45.995 E0.00798
G1 X35.488 Y46.263 E0.02375
G1 X34.691 Y46.29 E0.02186
G1 X33.868 Y46.1 E0.02315
G1 X33.594 Y45.99 E0.00809
G1 X32.908 Y45.572 E0.02202
G1 X32.636 Y45.336 E0.00987
G1 X32.161 Y44.736 E0.02097
G1 X32.013 Y44.475 E0.00822
G1 X31.737 Y43.732 E0.02172
G1 X31.676 Y43.386 E0.00963
G1 X31.676 Y42.602 E0.02149
G1 X31.732 Y42.265 E0.00936
G1 X32.01 Y41.497 E0.02238
G1 X32.303 Y41.036 E0.01497
G1 X32.592 Y40.705 E0.01204
G1 X33.121 Y40.232 E0.01945
G1 X33.502 Y40.039 E0.01171
G1 X33.974 Y39.851 E0.01392
G1 X34.399 Y39.731 E0.0121
G1 X35.148 Y39.704 E0.02054
G1 X35.675 Y39.782 E0.0146
G1 X36.159 Y39.93 E0.01387
G1 X36.579 Y40.12 E0.01263
G1 X37.147 Y40.536 E0.0193
G1 X37.495 Y40.896 E0.01372
G1 X37.762 Y41.229 E0.0117
G1 X38.111 Y42.01 E0.02344
G1 X38.193 Y42.34 E0.00932
G1 X38.253 Y43.1 E0.02089
G1 X38.22 Y43.439 E0.00933
G1 X38.032 Y44.201 E0.02151
G1 X37.885 Y44.515 E0.0095
G1 X37.466 Y45.131 E0.02042
G1 X37.232 Y45.395 E0.00967
G0 F1320 X37.852 Y43.098
G1 F480 X37.827 Y43.368 E0.00743
G1 X37.653 Y44.05 E0.01929
G1 X37.558 Y44.271 E0.00659
G1 X37.139 Y44.911 E0.02096
G1 X36.945 Y45.101 E0.00744
G1 X36.363 Y45.523 E0.0197
G1 X36.161 Y45.625 E0.0062
G1 X35.382 Y45.868 E0.02236
G1 X34.765 Y45.889 E0.01692
G1 X33.867 Y45.699 E0.02516
G1 X33.144 Y45.248 E0.02335
G1 X32.963 Y45.091 E0.00657
G1 X32.491 Y44.51 E0.02052
G1 X32.376 Y44.307 E0.00639
G1 X32.122 Y43.621 E0.02005
G1 X32.075 Y43.348 E0.00759
G1 X32.084 Y42.465 E0.0242
G1 X32.371 Y41.672 E0.02311
G1 X32.634 Y41.261 E0.01337
G1 X32.859 Y41.004 E0.00936
G1 X33.42 Y40.503 E0.02061
G1 X34.122 Y40.223 E0.02071
G1 X34.456 Y40.129 E0.00951
G1 X35.148 Y40.104 E0.01898
G1 X35.558 Y40.165 E0.01136
G1 X36.042 Y40.313 E0.01387
G1 X36.589 Y40.597 E0.01689
G1 X36.859 Y40.814 E0.00949
G1 X37.377 Y41.35 E0.02043
G1 X37.774 Y42.237 E0.02663
G1 X37.852 Y43.098 E0.02369
G0 F1320 X36.915 Y41.67
G0 X35.441 Y40.547
G1 F480 X36.071 Y40.74 E0.01806
G1 X36.571 Y41.092 E0.01676
G1 X37.041 Y41.579 E0.01855
G1 X37.385 Y42.345 E0.02301
G1 X37.454 Y43.212 E0.02384
G1 X37.254 Y44.017 E0.02273
G1 X36.767 Y44.741 E0.02391
G1 X36.085 Y45.236 E0.0231
G1 X35.361 Y45.458 E0.02075
G1 X34.758 Y45.48 E0.01654
G1 X34.022 Y45.318 E0.02065
G1 X33.293 Y44.873 E0.02341
G1 X32.762 Y44.216 E0.02315
G1 X32.482 Y43.418 E0.02318
G1 X32.481 Y42.54 E0.02406
G1 X32.755 Y41.809 E0.0214
G1 X33.125 Y41.302 E0.0172
G1 X33.633 Y40.849 E0.01865
G1 X34.434 Y40.53 E0.02363
G1 X35.148 Y40.504 E0.01958
G1 X35.441 Y40.547 E0.00812
G0 F1320 X36.388 Y41.12
G0 X37.242 Y42.398
G0 X37.11 Y43.964
G0 X35.974 Y45.178
G0 X35.883 Y44.879
G1 F480 X35.276 Y45.067 E0.01742
G1 X34.828 Y45.09 E0.01229
G1 X34.174 Y44.943 E0.01837
G1 X33.571 Y44.576 E0.01935
G1 X33.121 Y44.02 E0.0196
G1 X32.875 Y43.349 E0.01959
G1 X32.879 Y42.618 E0.02003
G1 X33.112 Y41.989 E0.01838
G1 X33.332 Y41.654 E0.01098
G1 X33.846 Y41.194 E0.0189
G1 X34.496 Y40.935 E0.01918
G1 X35.227 Y40.9 E0.02006
G1 X35.894 Y41.104 E0.01912
G1 X36.284 Y41.37 E0.01294
G1 X36.703 Y41.804 E0.01653
G1 X36.995 Y42.453 E0.0195
G1 X37.052 Y43.177 E0.0199
G1 X36.878 Y43.859 E0.01929
G1 X36.475 Y44.46 E0.01983
G1 X35.883 Y44.879 E0.01988
G0 F1320 X35.974 Y45.178
G0 X19.5 Y63
G1 F480 X80.5 Y63 E1.67179
G1 X80.5 Y37 E0.71257
G1 X19.5 Y37 E1.67179
G1 X19.5 Y63 E0.71257
G0 F1320 X80.9 Y63.4
G1 F480 X80.9 Y36.6 E0.73449
G1 X19.1 Y36.6 E1.69371
G1 X19.1 Y63.4 E0.73449
G1 X80.9 Y63.4 E1.69371
G0 F1320 X18.7 Y63.8
G1 F480 X81.3 Y63.8 E1.71564
G1 X81.3 Y36.2 E0.75642
G1 X18.7 Y36.2 E1.71564
G1 X18.7 Y63.8 E0.75642
G0 F1320 X18.3 Y64.2
G1 F480 X81.7 Y64.2 E1.73756
G1 X81.7 Y35.8 E0.77834
G1 X18.3 Y35.8 E1.73756
G1 X18.3 Y64.2 E0.77834
G0 F1320 X18.61 Y63.92
G0 X36.773 Y44.569
G0 X36.187 Y44.173
M204 P150
;TYPE:WALL-OUTER
G1 F480 X35.708 Y44.514 E0.01596
G1 X35.173 Y44.679 E0.01519
G1 X34.865 Y44.687 E0.00836
G1 X34.34 Y44.572 E0.01459
G1 X33.824 Y44.256 E0.01642
G1 X33.47 Y43.818 E0.01528
G1 X33.278 Y43.279 E0.01553
G1 X33.28 Y42.692 E0.01593
G1 X33.469 Y42.169 E0.01509
G1 X33.658 Y41.898 E0.00897
G1 X34.059 Y41.54 E0.01459
G1 X34.605 Y41.327 E0.01591
G1 X35.178 Y41.303 E0.01557
G1 X35.738 Y41.481 E0.01595
G1 X35.996 Y41.648 E0.00834
G1 X36.368 Y42.033 E0.01453
G1 X36.6 Y42.553 E0.01545
G1 X36.651 Y43.136 E0.01588
G1 X36.51 Y43.684 E0.01536
G1 X36.187 Y44.173 E0.01591
G0 F1320 X36.025 Y44.288
G0 X36.447 Y44.861
G0 X34.856 Y44.941
G0 X18.18 Y35.68
G0 X17.9 Y35.4
G1 F480 X17.9 Y64.6 E0.7925
G1 X82.1 Y64.6 E1.74241
G1 X82.1 Y35.4 E0.7925
G1 X17.9 Y35.4 E1.74241
G0 F1320 X17.9 Y35.6
G0 X18.58 Y36.08
G0 X19.66 Y37.912
M204 P250
;TYPE:FILL
G1 F660 X20.413 Y37.16 E0.0286
G1 X20.483 Y37.09
G0 F1320 X23.241 Y37.16
G1 F660 X19.66 Y40.741 E0.1361
G1 X19.59 Y40.811
G0 F1320 X19.66 Y43.569
G1 F660 X26.07 Y37.16 E0.2436
G1 X26.14 Y37.09
G0 F1320 X28.898 Y37.16
G1 F660 X19.66 Y46.398 E0.3511
G1 X19.59 Y46.468
G0 F1320 X19.66 Y49.226
G1 F660 X31.726 Y37.16 E0.45858
G1 X31.796 Y37.09
G0 F1320 X34.555 Y37.16
G1 F660 X19.66 Y52.054 E0.56608
G1 X19.59 Y52.124
G0 F1320 X19.66 Y54.883
G1 F660 X31.516 Y43.027 E0.4506
G1 X31.586 Y42.957
G0 F1320 X32.257 Y45.115
G1 F660 X19.66 Y57.711 E0.47874
G1 X19.59 Y57.781
G0 F1320 X19.66 Y60.54
G1 F660 X33.918 Y46.282 E0.54189
G1 X33.988 Y46.212
G0 F1320 X36.02 Y45.1
G0 X36.789 Y44.438
G0 X38.257 Y41.943
G1 F660 X43.04 Y37.16 E0.18178
G1 X43.11 Y37.09
G0 F1320 X40.212 Y37.16
G1 F660 X37.08 Y40.292 E0.11903
G1 X37.01 Y40.362
G0 F1320 X34.993 Y39.55
G1 F660 X37.383 Y37.16 E0.09083
G1 X37.453 Y37.09
G0 F1320 X45.869 Y37.16
G1 F660 X20.188 Y62.841 E0.97603
G1 X20.118 Y62.911
G0 F1320 X23.016 Y62.841
G1 F660 X48.697 Y37.16 E0.97603
G1 X48.767 Y37.09
G0 F1320 X51.525 Y37.16
G1 F660 X25.845 Y62.841 E0.97601
G1 X25.775 Y62.911
G0 F1320 X28.673 Y62.841
G1 F660 X54.354 Y37.16 E0.97603
G1 X54.424 Y37.09
G0 F1320 X57.182 Y37.16
G1 F660 X31.502 Y62.841 E0.97601
G1 X31.432 Y62.911
G0 F1320 X34.33 Y62.841
G1 F660 X60.011 Y37.16 E0.97603
G1 X60.081 Y37.09
G0 F1320 X62.839 Y37.16
G1 F660 X37.158 Y62.841 E0.97603
G1 X37.088 Y62.911
G0 F1320 X39.987 Y62.841
G1 F660 X65.668 Y37.16 E0.97603
G1 X65.738 Y37.09
G0 F1320 X68.496 Y37.16
G1 F660 X42.815 Y62.841 E0.97603
G1 X42.745 Y62.911
G0 F1320 X45.644 Y62.841
G1 F660 X71.324 Y37.16 E0.97601
G1 X71.394 Y37.09
G0 F1320 X74.153 Y37.16
G1 F660 X48.472 Y62.841 E0.97603
G1 X48.402 Y62.911
G0 F1320 X51.301 Y62.841
G1 F660 X76.981 Y37.16 E0.97601
G1 X77.051 Y37.09
G0 F1320 X79.81 Y37.16
G1 F660 X54.129 Y62.841 E0.97603
G1 X54.059 Y62.911
G0 F1320 X56.957 Y62.841
G1 F660 X80.34 Y39.458 E0.88869
G1 X80.41 Y39.388
G0 F1320 X80.34 Y42.286
G1 F660 X59.786 Y62.841 E0.78119
G1 X59.716 Y62.911
G0 F1320 X62.614 Y62.841
G1 F660 X80.34 Y45.115 E0.67369
G1 X80.41 Y45.045
G0 F1320 X80.34 Y47.943
G1 F660 X65.443 Y62.841 E0.56619
G1 X65.373 Y62.911
G0 F1320 X68.271 Y62.841
G1 F660 X80.34 Y50.772 E0.45869
G1 X80.41 Y50.702
G0 F1320 X80.34 Y53.6
G1 F660 X71.1 Y62.841 E0.35119
G1 X71.03 Y62.911
G0 F1320 X73.928 Y62.841
G1 F660 X80.34 Y56.429 E0.24369
G1 X80.41 Y56.359
G0 F1320 X80.34 Y59.257
G1 F660 X76.756 Y62.841 E0.13621
G1 X76.686 Y62.911
G0 F1320 X79.585 Y62.841
G1 F660 X80.34 Y62.085 E0.02871
G1 X80.41 Y62.015
;MESH:NONMESH
G0 F600 X80.41 Y62.015 Z1.48
G0 F1320 X34.079 Y45.184
G0 X19.5 Y37
;TIME_ELAPSED:4876.400190
;LAYER:8
M204 P200
;TYPE:WALL-INNER
;MESH:LoRAtop.STL
G1 F480 X19.5 Y63 E0.71257
G1 X80.5 Y63 E1.67179
G1 X80.5 Y37 E0.71257
G1 X19.5 Y37 E1.67179
G0 F1320 X19.1 Y63.4
G1 F480 X80.9 Y63.4 E1.69371
G1 X80.9 Y36.6 E0.73449
G1 X19.1 Y36.6 E1.69371
G1 X19.1 Y63.4 E0.73449
G0 F1320 X18.7 Y63.8
G1 F480 X81.3 Y63.8 E1.71564
G1 X81.3 Y36.2 E0.75642
G1 X18.7 Y36.2 E1.71564
G1 X18.7 Y63.8 E0.75642
G0 F1320 X81.42 Y63.92
G0 X81.7 Y64.2
G1 F480 X81.7 Y35.8 E0.77834
G1 X18.3 Y35.8 E1.73756
G1 X18.3 Y64.2 E0.77834
G1 X81.7 Y64.2 E1.73756
G0 F1320 X81.42 Y63.92
G0 X36.312 Y45.995
G1 F480 X35.488 Y46.263 E0.02375
G1 X34.691 Y46.29 E0.02186
G1 X33.868 Y46.1 E0.02315
G1 X33.594 Y45.99 E0.00809
G1 X32.908 Y45.572 E0.02202
G1 X32.636 Y45.336 E0.00987
G1 X32.161 Y44.736 E0.02097
G1 X32.013 Y44.475 E0.00822
G1 X31.737 Y43.732 E0.02172
G1 X31.676 Y43.386 E0.00963
G1 X31.676 Y42.602 E0.02149
G1 X31.732 Y42.265 E0.00936
G1 X32.01 Y41.497 E0.02238
G1 X32.303 Y41.036 E0.01497
G1 X32.592 Y40.705 E0.01204
G1 X33.121 Y40.232 E0.01945
G1 X33.502 Y40.039 E0.01171
G1 X33.974 Y39.851 E0.01392
G1 X34.399 Y39.731 E0.0121
G1 X35.148 Y39.704 E0.02054
G1 X35.675 Y39.782 E0.0146
G1 X36.159 Y39.93 E0.01387
G1 X36.579 Y40.12 E0.01263
G1 X37.147 Y40.536 E0.0193
G1 X37.495 Y40.896 E0.01372
G1 X37.762 Y41.229 E0.0117
G1 X38.111 Y42.01 E0.02344
G1 X38.193 Y42.34 E0.00932
G1 X38.253 Y43.1 E0.02089
G1 X38.22 Y43.439 E0.00933
G1 X38.032 Y44.201 E0.02151
G1 X37.885 Y44.515 E0.0095
G1 X37.466 Y45.131 E0.02042
G1 X37.232 Y45.395 E0.00967
G1 X36.572 Y45.864 E0.02219
G1 X36.312 Y45.995 E0.00798
G0 F1320 X37.774 Y42.237
G1 F480 X37.852 Y43.098 E0.02369
G1 X37.827 Y43.368 E0.00743
G1 X37.653 Y44.05 E0.01929
G1 X37.558 Y44.271 E0.00659
G1 X37.139 Y44.911 E0.02096
G1 X36.945 Y45.101 E0.00744
G1 X36.363 Y45.523 E0.0197
G1 X36.161 Y45.625 E0.0062
G1 X35.382 Y45.868 E0.02236
G1 X34.765 Y45.889 E0.01692
G1 X33.867 Y45.699 E0.02516
G1 X33.144 Y45.248 E0.02335
G1 X32.963 Y45.091 E0.00657
G1 X32.491 Y44.51 E0.02052
G1 X32.376 Y44.307 E0.00639
G1 X32.122 Y43.621 E0.02005
G1 X32.075 Y43.348 E0.00759
G1 X32.084 Y42.465 E0.0242
G1 X32.371 Y41.672 E0.02311
G1 X32.634 Y41.261 E0.01337
G1 X32.859 Y41.004 E0.00936
G1 X33.42 Y40.503 E0.02061
G1 X34.122 Y40.223 E0.02071
G1 X34.456 Y40.129 E0.00951
G1 X35.148 Y40.104 E0.01898
G1 X35.558 Y40.165 E0.01136
G1 X36.042 Y40.313 E0.01387
G1 X36.589 Y40.597 E0.01689
G1 X36.859 Y40.814 E0.00949
G1 X37.377 Y41.35 E0.02043
G1 X37.774 Y42.237 E0.02663
G0 F1320 X36.652 Y41.333
G0 X35.441 Y40.547
G1 F480 X36.071 Y40.74 E0.01806
G1 X36.571 Y41.092 E0.01676
G1 X37.041 Y41.579 E0.01855
G1 X37.385 Y42.345 E0.02301
G1 X37.454 Y43.212 E0.02384
G1 X37.254 Y44.017 E0.02273
G1 X36.767 Y44.741 E0.02391
G1 X36.085 Y45.236 E0.0231
G1 X35.361 Y45.458 E0.02075
G1 X34.758 Y45.48 E0.01654
G1 X34.022 Y45.318 E0.02065
G1 X33.293 Y44.873 E0.02341
G1 X32.762 Y44.216 E0.02315
G1 X32.482 Y43.418 E0.02318
G1 X32.481 Y42.54 E0.02406
G1 X32.755 Y41.809 E0.0214
G1 X33.125 Y41.302 E0.0172
G1 X33.633 Y40.849 E0.01865
G1 X34.434 Y40.53 E0.02363
G1 X35.148 Y40.504 E0.01958
G1 X35.441 Y40.547 E0.00812
G0 F1320 X36.388 Y41.12
G0 X37.242 Y42.398
G0 X37.11 Y43.964
G0 X36.142 Y45.01
G0 X35.366 Y45.364
G0 X35.276 Y45.067
G1 F480 X34.828 Y45.09 E0.01229
G1 X34.174 Y44.943 E0.01837
G1 X33.571 Y44.576 E0.01935
G1 X33.121 Y44.02 E0.0196
G1 X32.875 Y43.349 E0.01959
G1 X32.879 Y42.618 E0.02003
G1 X33.112 Y41.989 E0.01838
G1 X33.332 Y41.654 E0.01098
G1 X33.846 Y41.194 E0.0189
G1 X34.496 Y40.935 E0.01918
G1 X35.227 Y40.9 E0.02006
G1 X35.894 Y41.104 E0.01912
G1 X36.284 Y41.37 E0.01294
G1 X36.703 Y41.804 E0.01653
G1 X36.995 Y42.453 E0.0195
G1 X37.052 Y43.177 E0.0199
G1 X36.878 Y43.859 E0.01929
G1 X36.475 Y44.46 E0.01983
G1 X35.883 Y44.879 E0.01988
G1 X35.276 Y45.067 E0.01742
G0 F1320 X34.865 Y44.687
M204 P150
;TYPE:WALL-OUTER
G1 F480 X34.34 Y44.572 E0.01459
G1 X33.824 Y44.256 E0.01642
G1 X33.47 Y43.818 E0.01528
G1 X33.278 Y43.279 E0.01553
G1 X33.28 Y42.692 E0.01593
G1 X33.469 Y42.169 E0.01509
G1 X33.658 Y41.898 E0.00897
G1 X34.059 Y41.54 E0.01459
G1 X34.605 Y41.327 E0.01591
G1 X35.178 Y41.303 E0.01557
G1 X35.738 Y41.481 E0.01595
G1 X35.996 Y41.648 E0.00834
G1 X36.368 Y42.033 E0.01453
G1 X36.6 Y42.553 E0.01545
G1 X36.651 Y43.136 E0.01588
G1 X36.51 Y43.684 E0.01536
G1 X36.187 Y44.173 E0.01591
G1 X35.708 Y44.514 E0.01596
G1 X35.173 Y44.679 E0.01519
G1 X34.865 Y44.687 E0.00836
G0 F1320 X34.67 Y44.645
G0 X34.522 Y45.339
G0 X18.18 Y35.68
G0 X17.9 Y35.4
G1 F480 X17.9 Y64.6 E0.7925
G1 X82.1 Y64.6 E1.74241
G1 X82.1 Y35.4 E0.7925
G1 X17.9 Y35.4 E1.74241
G0 F1320 X17.9 Y35.6
G0 X18.58 Y36.08
G0 X20.189 Y37.16
M204 P250
;TYPE:FILL
G1 F660 X45.869 Y62.84 E0.97599
G1 X45.939 Y62.91
G0 F1320 X43.041 Y62.84
G1 F660 X19.66 Y39.459 E0.88861
G1 X19.59 Y39.389
G0 F1320 X19.66 Y42.287
G1 F660 X40.212 Y62.84 E0.78112
G1 X40.282 Y62.91
G0 F1320 X37.384 Y62.84
G1 F660 X19.66 Y45.116 E0.67362
G1 X19.59 Y45.046
G0 F1320 X19.66 Y47.944
G1 F660 X34.556 Y62.84 E0.56614
G1 X34.626 Y62.91
G0 F1320 X31.727 Y62.84
G1 F660 X19.66 Y50.772 E0.45864
G1 X19.59 Y50.702
G0 F1320 X19.66 Y53.601
G1 F660 X28.899 Y62.84 E0.35114
G1 X28.969 Y62.91
G0 F1320 X26.07 Y62.84
G1 F660 X19.66 Y56.429 E0.24364
G1 X19.59 Y56.359
G0 F1320 X19.66 Y59.258
G1 F660 X23.242 Y62.84 E0.13614
G1 X23.312 Y62.91
G0 F1320 X20.413 Y62.84
G1 F660 X19.66 Y62.086 E0.02864
G1 X19.59 Y62.016
G0 F1320 X35.126 Y46.439
G1 F660 X51.526 Y62.84 E0.62331
G1 X51.596 Y62.91
G0 F1320 X48.698 Y62.84
G1 F660 X23.018 Y37.16 E0.97599
G1 X22.948 Y37.09
G0 F1320 X25.846 Y37.16
G1 F660 X31.516 Y42.83 E0.21549
G1 X31.586 Y42.9
G0 F1320 X32.306 Y40.792
G1 F660 X28.675 Y37.16 E0.13802
G1 X28.605 Y37.09
G0 F1320 X31.503 Y37.16
G1 F660 X34.017 Y39.674 E0.09555
G1 X34.087 Y39.744
G0 F1320 X34.331 Y37.16
G1 F660 X60.011 Y62.84 E0.97599
G1 X60.081 Y62.91
G0 F1320 X57.183 Y62.84
G1 F660 X38.265 Y43.922 E0.71899
G1 X38.195 Y43.852
G0 F1320 X37.155 Y45.64
G1 F660 X54.355 Y62.84 E0.6537
G1 X54.425 Y62.91
G0 F1320 X62.84 Y62.84
G1 F660 X37.16 Y37.16 E0.97599
G1 X37.09 Y37.09
G0 F1320 X39.988 Y37.16
G1 F660 X65.668 Y62.84 E0.97599
G1 X65.738 Y62.91
G0 F1320 X68.497 Y62.84
G1 F660 X42.817 Y37.16 E0.97599
G1 X42.747 Y37.09
G0 F1320 X45.645 Y37.16
G1 F660 X71.325 Y62.84 E0.97599
G1 X71.395 Y62.91
G0 F1320 X74.154 Y62.84
G1 F660 X48.474 Y37.16 E0.97599
G1 X48.404 Y37.09
G0 F1320 X51.302 Y37.16
G1 F660 X76.982 Y62.84 E0.97599
G1 X77.052 Y62.91
G0 F1320 X79.81 Y62.84
G1 F660 X54.13 Y37.16 E0.97599
G1 X54.06 Y37.09
G0 F1320 X56.959 Y37.16
G1 F660 X80.34 Y60.541 E0.88861
G1 X80.41 Y60.611
G0 F1320 X80.34 Y57.713
G1 F660 X59.787 Y37.16 E0.78113
G1 X59.717 Y37.09
G0 F1320 X62.616 Y37.16
G1 F660 X80.34 Y54.884 E0.67362
G1 X80.41 Y54.954
G0 F1320 X80.34 Y52.056
G1 F660 X65.444 Y37.16 E0.56614
G1 X65.374 Y37.09
G0 F1320 X68.273 Y37.16
G1 F660 X80.34 Y49.227 E0.45862
G1 X80.41 Y49.297
G0 F1320 X80.34 Y46.399
G1 F660 X71.101 Y37.16 E0.35114
G1 X71.031 Y37.09
G0 F1320 X73.929 Y37.16
G1 F660 X80.34 Y43.571 E0.24366
G1 X80.41 Y43.641
G0 F1320 X80.34 Y40.742
G1 F660 X76.758 Y37.16 E0.13614
G1 X76.688 Y37.09
G0 F1320 X79.586 Y37.16
G1 F660 X80.34 Y37.914 E0.02866
G1 X80.41 Y37.984
;MESH:NONMESH
G0 F600 X80.41 Y37.984 Z1.64
G0 F1320 X34.461 Y40.682
G0 X31.676 Y42.602
;TIME_ELAPSED:5085.762843
;LAYER:9
M204 P200
;TYPE:WALL-INNER
;MESH:LoRAtop.STL
G1 F480 X31.732 Y42.265 E0.00936
G1 X32.01 Y41.497 E0.02238
G1 X32.303 Y41.036 E0.01497
G1 X32.592 Y40.705 E0.01204
G1 X33.121 Y40.232 E0.01945
G1 X33.502 Y40.039 E0.01171
G1 X33.974 Y39.851 E0.01392
G1 X34.399 Y39.731 E0.0121
G1 X35.148 Y39.704 E0.02054
G1 X35.675 Y39.782 E0.0146
G1 X36.159 Y39.93 E0.01387
G1 X36.579 Y40.12 E0.01263
G1 X37.147 Y40.536 E0.0193
G1 X37.495 Y40.896 E0.01372
G1 X37.762 Y41.229 E0.0117
G1 X38.111 Y42.01 E0.02344
G1 X38.193 Y42.34 E0.00932
G1 X38.253 Y43.1 E0.02089
G1 X38.22 Y43.439 E0.00933
G1 X38.032 Y44.201 E0.02151
G1 X37.885 Y44.515 E0.0095
G1 X37.466 Y45.131 E0.02042
G1 X37.232 Y45.395 E0.00967
G1 X36.572 Y45.864 E0.02219
G1 X36.312 Y45.995 E0.00798
G1 X35.488 Y46.263 E0.02375
G1 X34.691 Y46.29 E0.02186
G1 X33.868 Y46.1 E0.02315
G1 X33.594 Y45.99 E0.00809
G1 X32.908 Y45.572 E0.02202
G1 X32.636 Y45.336 E0.00987
G1 X32.161 Y44.736 E0.02097
G1 X32.013 Y44.475 E0.00822
G1 X31.737 Y43.732 E0.02172
G1 X31.676 Y43.386 E0.00963
G1 X31.676 Y42.602 E0.02149
G0 F1320 X33.42 Y40.503
G1 F480 X34.122 Y40.223 E0.02071
G1 X34.456 Y40.129 E0.00951
G1 X35.148 Y40.104 E0.01898
G1 X35.558 Y40.165 E0.01136
G1 X36.042 Y40.313 E0.01387
G1 X36.589 Y40.597 E0.01689
G1 X36.859 Y40.814 E0.00949
G1 X37.377 Y41.35 E0.02043
G1 X37.774 Y42.237 E0.02663
G1 X37.852 Y43.098 E0.02369
G1 X37.827 Y43.368 E0.00743
G1 X37.653 Y44.05 E0.01929
G1 X37.558 Y44.271 E0.00659
G1 X37.139 Y44.911 E0.02096
G1 X36.945 Y45.101 E0.00744
G1 X36.363 Y45.523 E0.0197
G1 X36.161 Y45.625 E0.0062
G1 X35.382 Y45.868 E0.02236
G1 X34.765 Y45.889 E0.01692
G1 X33.867 Y45.699 E0.02516
G1 X33.144 Y45.248 E0.02335
G1 X32.963 Y45.091 E0.00657
G1 X32.491 Y44.51 E0.02052
G1 X32.376 Y44.307 E0.00639
G1 X32.122 Y43.621 E0.02005
G1 X32.075 Y43.348 E0.00759
G1 X32.084 Y42.465 E0.0242
G1 X32.371 Y41.672 E0.02311
G1 X32.634 Y41.261 E0.01337
G1 X32.859 Y41.004 E0.00936
G1 X33.42 Y40.503 E0.02061
G0 F1320 X33.125 Y41.302
G1 F480 X33.633 Y40.849 E0.01865
G1 X34.434 Y40.53 E0.02363
G1 X35.148 Y40.504 E0.01958
G1 X35.441 Y40.547 E0.00812
G1 X36.071 Y40.74 E0.01806
G1 X36.571 Y41.092 E0.01676
G1 X37.041 Y41.579 E0.01855
G1 X37.385 Y42.345 E0.02301
G1 X37.454 Y43.212 E0.02384
G1 X37.254 Y44.017 E0.02273
G1 X36.767 Y44.741 E0.02391
G1 X36.085 Y45.236 E0.0231
G1 X35.361 Y45.458 E0.02075
G1 X34.758 Y45.48 E0.01654
G1 X34.022 Y45.318 E0.02065
G1 X33.293 Y44.873 E0.02341
G1 X32.762 Y44.216 E0.02315
G1 X32.482 Y43.418 E0.02318
G1 X32.481 Y42.54 E0.02406
G1 X32.755 Y41.809 E0.0214
G1 X33.125 Y41.302 E0.0172
G0 F1320 X34.461 Y40.682
G0 X35.986 Y40.872
G0 X36.915 Y41.67
G0 X37.297 Y43.041
G0 X37.135 Y44.033
G0 X36.878 Y43.859
G1 F480 X36.475 Y44.46 E0.01983
G1 X35.883 Y44.879 E0.01988
G1 X35.276 Y45.067 E0.01742
G1 X34.828 Y45.09 E0.01229
G1 X34.174 Y44.943 E0.01837
G1 X33.571 Y44.576 E0.01935
G1 X33.121 Y44.02 E0.0196
G1 X32.875 Y43.349 E0.01959
G1 X32.879 Y42.618 E0.02003
G1 X33.112 Y41.989 E0.01838
G1 X33.332 Y41.654 E0.01098
G1 X33.846 Y41.194 E0.0189
G1 X34.496 Y40.935 E0.01918
G1 X35.227 Y40.9 E0.02006
G1 X35.894 Y41.104 E0.01912
G1 X36.284 Y41.37 E0.01294
G1 X36.703 Y41.804 E0.01653
G1 X36.995 Y42.453 E0.0195
G1 X37.052 Y43.177 E0.0199
G1 X36.878 Y43.859 E0.01929
G0 F1320 X37.135 Y44.033
G0 X19.5 Y63
G1 F480 X80.5 Y63 E1.67179
G1 X80.5 Y37 E0.71257
G1 X19.5 Y37 E1.67179
G1 X19.5 Y63 E0.71257
G0 F1320 X19.1 Y63.4
G1 F480 X80.9 Y63.4 E1.69371
G1 X80.9 Y36.6 E0.73449
G1 X19.1 Y36.6 E1.69371
G1 X19.1 Y63.4 E0.73449
G0 F1320 X18.7 Y63.8
G1 F480 X81.3 Y63.8 E1.71564
G1 X81.3 Y36.2 E0.75642
G1 X18.7 Y36.2 E1.71564
G1 X18.7 Y63.8 E0.75642
G0 F1320 X81.42 Y36.08
G0 X81.7 Y35.8
G1 F480 X18.3 Y35.8 E1.73756
G1 X18.3 Y64.2 E0.77834
G1 X81.7 Y64.2 E1.73756
G1 X81.7 Y35.8 E0.77834
G0 F1320 X81.42 Y36.11
G0 X36.111 Y40.878
G0 X35.738 Y41.481
M204 P150
;TYPE:WALL-OUTER
G1 F480 X35.996 Y41.648 E0.00834
G1 X36.368 Y42.033 E0.01453
G1 X36.6 Y42.553 E0.01545
G1 X36.651 Y43.136 E0.01588
G1 X36.51 Y43.684 E0.01536
G1 X36.187 Y44.173 E0.01591
G1 X35.708 Y44.514 E0.01596
G1 X35.173 Y44.679 E0.01519
G1 X34.865 Y44.687 E0.00836
G1 X34.34 Y44.572 E0.01459
G1 X33.824 Y44.256 E0.01642
G1 X33.47 Y43.818 E0.01528
G1 X33.278 Y43.279 E0.01553
G1 X33.28 Y42.692 E0.01593
G1 X33.469 Y42.169 E0.01509
G1 X33.658 Y41.898 E0.00897
G1 X34.059 Y41.54 E0.01459
G1 X34.605 Y41.327 E0.01591
G1 X35.178 Y41.303 E0.01557
G1 X35.738 Y41.481 E0.01595
G0 F1320 X35.906 Y41.589
G0 X36.281 Y40.983
G0 X34.547 Y41.079
G0 X33.542 Y41.67
G0 X18.18 Y64.32
G0 X17.9 Y64.6
G1 F480 X82.1 Y64.6 E1.74241
G1 X82.1 Y35.4 E0.7925
G1 X17.9 Y35.4 E1.74241
G1 X17.9 Y64.6 E0.7925
G0 F1320 X18.1 Y64.6
G0 X18.58 Y63.92
G0 X20.188 Y62.841
M204 P250
;TYPE:FILL
G1 F660 X45.869 Y37.16 E0.97603
G1 X45.939 Y37.09
G0 F1320 X48.697 Y37.16
G1 F660 X23.016 Y62.841 E0.97603
G1 X22.946 Y62.911
G0 F1320 X25.845 Y62.841
G1 F660 X51.525 Y37.16 E0.97601
G1 X51.595 Y37.09
G0 F1320 X54.354 Y37.16
G1 F660 X28.673 Y62.841 E0.97603
G1 X28.603 Y62.911
G0 F1320 X31.502 Y62.841
G1 F660 X57.182 Y37.16 E0.97601
G1 X57.252 Y37.09
G0 F1320 X60.011 Y37.16
G1 F660 X34.33 Y62.841 E0.97603
G1 X34.26 Y62.911
G0 F1320 X37.158 Y62.841
G1 F660 X62.839 Y37.16 E0.97603
G1 X62.909 Y37.09
G0 F1320 X65.668 Y37.16
G1 F660 X39.987 Y62.841 E0.97603
G1 X39.917 Y62.911
G0 F1320 X42.815 Y62.841
G1 F660 X68.496 Y37.16 E0.97603
G1 X68.566 Y37.09
G0 F1320 X71.324 Y37.16
G1 F660 X45.644 Y62.841 E0.97601
G1 X45.574 Y62.911
G0 F1320 X48.472 Y62.841
G1 F660 X74.153 Y37.16 E0.97603
G1 X74.223 Y37.09
G0 F1320 X76.981 Y37.16
G1 F660 X51.301 Y62.841 E0.97601
G1 X51.231 Y62.911
G0 F1320 X54.129 Y62.841
G1 F660 X79.81 Y37.16 E0.97603
G1 X79.88 Y37.09
G0 F1320 X80.34 Y39.458
G1 F660 X56.957 Y62.841 E0.88869
G1 X56.887 Y62.911
G0 F1320 X59.786 Y62.841
G1 F660 X80.34 Y42.286 E0.78119
G1 X80.41 Y42.216
G0 F1320 X80.34 Y45.115
G1 F660 X62.614 Y62.841 E0.67369
G1 X62.544 Y62.911
G0 F1320 X65.443 Y62.841
G1 F660 X80.34 Y47.943 E0.56619
G1 X80.41 Y47.873
G0 F1320 X80.34 Y50.772
G1 F660 X68.271 Y62.841 E0.45869
G1 X68.201 Y62.911
G0 F1320 X71.1 Y62.841
G1 F660 X80.34 Y53.6 E0.35119
G1 X80.41 Y53.53
G0 F1320 X80.34 Y56.429
G1 F660 X73.928 Y62.841 E0.24369
G1 X73.858 Y62.911
G0 F1320 X76.756 Y62.841
G1 F660 X80.34 Y59.257 E0.13621
G1 X80.41 Y59.187
G0 F1320 X80.34 Y62.085
G1 F660 X79.585 Y62.841 E0.02871
G1 X79.515 Y62.911
G0 F1320 X43.04 Y37.16
G1 F660 X38.257 Y41.943 E0.18178
G1 X38.187 Y42.013
G0 F1320 X37.08 Y40.292
G1 F660 X40.212 Y37.16 E0.11903
G1 X40.282 Y37.09
G0 F1320 X37.383 Y37.16
G1 F660 X34.993 Y39.55 E0.09083
G1 X34.923 Y39.62
G0 F1320 X34.555 Y37.16
G1 F660 X19.66 Y52.054 E0.56608
G1 X19.59 Y52.124
G0 F1320 X19.66 Y49.226
G1 F660 X31.726 Y37.16 E0.45858
G1 X31.796 Y37.09
G0 F1320 X28.898 Y37.16
G1 F660 X19.66 Y46.398 E0.3511
G1 X19.59 Y46.468
G0 F1320 X19.66 Y43.569
G1 F660 X26.07 Y37.16 E0.2436
G1 X26.14 Y37.09
G0 F1320 X23.241 Y37.16
G1 F660 X19.66 Y40.741 E0.1361
G1 X19.59 Y40.811
G0 F1320 X19.66 Y37.912
G1 F660 X20.413 Y37.16 E0.0286
G1 X20.483 Y37.09
G0 F1320 X31.516 Y43.027
G1 F660 X19.66 Y54.883 E0.4506
G1 X19.59 Y54.953
G0 F1320 X19.66 Y57.711
G1 F660 X32.257 Y45.115 E0.47874
G1 X32.327 Y45.045
G0 F1320 X33.918 Y46.282
G1 F660 X19.66 Y60.54 E0.54189
G1 X19.59 Y60.61
;MESH:NONMESH
G0 F600 X19.59 Y60.61 Z1.8
G0 F1320 X31.676 Y42.602
;TIME_ELAPSED:5295.614625
;LAYER:10
M204 P200
;TYPE:WALL-INNER
;MESH:LoRAtop.STL
G1 F480 X31.732 Y42.265 E0.00936
G1 X32.01 Y41.497 E0.02238
G1 X32.303 Y41.036 E0.01497
G1 X32.592 Y40.705 E0.01204
G1 X33.121 Y40.232 E0.01945
G1 X33.502 Y40.039 E0.01171
G1 X33.974 Y39.851 E0.01392
G1 X34.399 Y39.731 E0.0121
G1 X35.148 Y39.704 E0.02054
G1 X35.675 Y39.782 E0.0146
G1 X36.159 Y39.93 E0.01387
G1 X36.579 Y40.12 E0.01263
G1 X37.147 Y40.536 E0.0193
G1 X37.495 Y40.896 E0.01372
G1 X37.762 Y41.229 E0.0117
G1 X38.111 Y42.01 E0.02344
G1 X38.193 Y42.34 E0.00932
G1 X38.253 Y43.1 E0.02089
G1 X38.22 Y43.439 E0.00933
G1 X38.032 Y44.201 E0.02151
G1 X37.885 Y44.515 E0.0095
G1 X37.466 Y45.131 E0.02042
G1 X37.232 Y45.395 E0.00967
G1 X36.572 Y45.864 E0.02219
G1 X36.312 Y45.995 E0.00798
G1 X35.488 Y46.263 E0.02375
G1 X34.691 Y46.29 E0.02186
G1 X33.868 Y46.1 E0.02315
G1 X33.594 Y45.99 E0.00809
G1 X32.908 Y45.572 E0.02202
G1 X32.636 Y45.336 E0.00987
G1 X32.161 Y44.736 E0.02097
G1 X32.013 Y44.475 E0.00822
G1 X31.737 Y43.732 E0.02172
G1 X31.676 Y43.386 E0.00963
G1 X31.676 Y42.602 E0.02149
G0 F1320 X33.398 Y44.765
G0 X34.821 Y45.342
G0 X35.881 Y45.142
G0 X37.558 Y44.271
G1 F480 X37.139 Y44.911 E0.02096
G1 X36.945 Y45.101 E0.00744
G1 X36.363 Y45.523 E0.0197
G1 X36.161 Y45.625 E0.0062
G1 X35.382 Y45.868 E0.02236
G1 X34.765 Y45.889 E0.01692
G1 X33.867 Y45.699 E0.02516
G1 X33.144 Y45.248 E0.02335
G1 X32.963 Y45.091 E0.00657
G1 X32.491 Y44.51 E0.02052
G1 X32.376 Y44.307 E0.00639
G1 X32.122 Y43.621 E0.02005
G1 X32.075 Y43.348 E0.00759
G1 X32.084 Y42.465 E0.0242
G1 X32.371 Y41.672 E0.02311
G1 X32.634 Y41.261 E0.01337
G1 X32.859 Y41.004 E0.00936
G1 X33.42 Y40.503 E0.02061
G1 X34.122 Y40.223 E0.02071
G1 X34.456 Y40.129 E0.00951
G1 X35.148 Y40.104 E0.01898
G1 X35.558 Y40.165 E0.01136
G1 X36.042 Y40.313 E0.01387
G1 X36.589 Y40.597 E0.01689
G1 X36.859 Y40.814 E0.00949
G1 X37.377 Y41.35 E0.02043
G1 X37.774 Y42.237 E0.02663
G1 X37.852 Y43.098 E0.02369
G1 X37.827 Y43.368 E0.00743
G1 X37.653 Y44.05 E0.01929
G1 X37.558 Y44.271 E0.00659
G0 F1320 X37.242 Y42.398
G0 X36.388 Y41.12
G0 X35.573 Y40.746
G0 X34.434 Y40.53
G1 F480 X35.148 Y40.504 E0.01958
G1 X35.441 Y40.547 E0.00812
G1 X36.071 Y40.74 E0.01806
G1 X36.571 Y41.092 E0.01676
G1 X37.041 Y41.579 E0.01855
G1 X37.385 Y42.345 E0.02301
G1 X37.454 Y43.212 E0.02384
G1 X37.254 Y44.017 E0.02273
G1 X36.767 Y44.741 E0.02391
G1 X36.085 Y45.236 E0.0231
G1 X35.361 Y45.458 E0.02075
G1 X34.758 Y45.48 E0.01654
G1 X34.022 Y45.318 E0.02065
G1 X33.293 Y44.873 E0.02341
G1 X32.762 Y44.216 E0.02315
G1 X32.482 Y43.418 E0.02318
G1 X32.481 Y42.54 E0.02406
G1 X32.755 Y41.809 E0.0214
G1 X33.125 Y41.302 E0.0172
G1 X33.633 Y40.849 E0.01865
G1 X34.434 Y40.53 E0.02363
G0 F1320 X35.227 Y40.9
G1 F480 X35.894 Y41.104 E0.01912
G1 X36.284 Y41.37 E0.01294
G1 X36.703 Y41.804 E0.01653
G1 X36.995 Y42.453 E0.0195
G1 X37.052 Y43.177 E0.0199
G1 X36.878 Y43.859 E0.01929
G1 X36.475 Y44.46 E0.01983
G1 X35.883 Y44.879 E0.01988
G1 X35.276 Y45.067 E0.01742
G1 X34.828 Y45.09 E0.01229
G1 X34.174 Y44.943 E0.01837
G1 X33.571 Y44.576 E0.01935
G1 X33.121 Y44.02 E0.0196
G1 X32.875 Y43.349 E0.01959
G1 X32.879 Y42.618 E0.02003
G1 X33.112 Y41.989 E0.01838
G1 X33.332 Y41.654 E0.01098
G1 X33.846 Y41.194 E0.0189
G1 X34.496 Y40.935 E0.01918
G1 X35.227 Y40.9 E0.02006
G0 F1320 X35.318 Y40.605
G0 X80.5 Y63
G1 F480 X80.5 Y37 E0.71257
G1 X19.5 Y37 E1.67179
G1 X19.5 Y63 E0.71257
G1 X80.5 Y63 E1.67179
G0 F1320 X80.9 Y63.4
G1 F480 X80.9 Y36.6 E0.73449
G1 X19.1 Y36.6 E1.69371
G1 X19.1 Y63.4 E0.73449
G1 X80.9 Y63.4 E1.69371
G0 F1320 X81.3 Y36.2
G1 F480 X18.7 Y36.2 E1.71564
G1 X18.7 Y63.8 E0.75642
G1 X81.3 Y63.8 E1.71564
G1 X81.3 Y36.2 E0.75642
G0 F1320 X18.58 Y63.92
G0 X18.3 Y64.2
G1 F480 X81.7 Y64.2 E1.73756
G1 X81.7 Y35.8 E0.77834
G1 X18.3 Y35.8 E1.73756
G1 X18.3 Y64.2 E0.77834
G0 F1320 X18.61 Y63.92
G0 X36.773 Y44.569
G0 X36.187 Y44.173
M204 P150
;TYPE:WALL-OUTER
G1 F480 X35.708 Y44.514 E0.01596
G1 X35.173 Y44.679 E0.01519
G1 X34.865 Y44.687 E0.00836
G1 X34.34 Y44.572 E0.01459
G1 X33.824 Y44.256 E0.01642
G1 X33.47 Y43.818 E0.01528
G1 X33.278 Y43.279 E0.01553
G1 X33.28 Y42.692 E0.01593
G1 X33.469 Y42.169 E0.01509
G1 X33.658 Y41.898 E0.00897
G1 X34.059 Y41.54 E0.01459
G1 X34.605 Y41.327 E0.01591
G1 X35.178 Y41.303 E0.01557
G1 X35.738 Y41.481 E0.01595
G1 X35.996 Y41.648 E0.00834
G1 X36.368 Y42.033 E0.01453
G1 X36.6 Y42.553 E0.01545
G1 X36.651 Y43.136 E0.01588
G1 X36.51 Y43.684 E0.01536
G1 X36.187 Y44.173 E0.01591
G0 F1320 X36.025 Y44.288
G0 X36.447 Y44.861
G0 X34.856 Y44.941
G0 X18.18 Y35.68
G0 X17.9 Y35.4
G1 F480 X17.9 Y64.6 E0.7925
G1 X82.1 Y64.6 E1.74241
G1 X82.1 Y35.4 E0.7925
G1 X17.9 Y35.4 E1.74241
G0 F1320 X17.9 Y35.6
G0 X18.58 Y36.08
G0 X20.189 Y37.16
M204 P250
;TYPE:FILL
G1 F660 X20.4 Y37.372 E0.00804
G0 F1320 X20.63 Y37.6
G1 F660 X42.8 Y59.772 E0.84263
G1 X42.87 Y59.842
G0 F1320 X43.6 Y60.572
G1 F660 X43.6 Y62.8 E0.05988
G0 F1320 X44 Y62.8
G1 F660 X44 Y60.972 E0.04913
G1 X44 Y60.872
G0 F1320 X44.8 Y61.772
G1 F660 X44.8 Y62.8 E0.02763
G0 F1320 X45.43 Y62.4
G1 F660 X45.869 Y62.84 E0.0167
G0 F1320 X47.943 Y62.085
G1 F660 X48.257 Y62.4 E0.01195
G0 F1320 X48.698 Y62.84
G1 F660 X48.257 Y62.4 E0.01674
G1 X45.43 Y62.4 E0.07597
G1 X42.8 Y59.772 E0.09992
G1 X42.8 Y62.598 E0.07595
G1 X40 Y59.8 E0.10638
G1 X40 Y62.626 E0.07595
G1 X37.2 Y59.829 E0.10636
G1 X37.2 Y62.655 E0.07595
G1 X34.4 Y59.857 E0.10638
G1 X34.4 Y62.683 E0.07595
G1 X31.6 Y59.885 E0.10638
G1 X31.6 Y62.711 E0.07595
G1 X28.8 Y59.914 E0.10636
G1 X28.8 Y62.74 E0.07595
G1 X26 Y59.942 E0.10638
G1 X26 Y62.768 E0.07595
G1 X23.2 Y59.971 E0.10636
G1 X23.2 Y62.797 E0.07595
G1 X20.4 Y59.997 E0.10642
G1 X20.4 Y59.999
G1 X20.4 Y62.8 E0.07527
G1 X20.413 Y62.84
G1 X19.66 Y62.086 E0.02864
G1 X19.59 Y62.016
G0 F1320 X20.8 Y62.8
G1 F660 X20.8 Y60.399 E0.06452
G1 X20.8 Y60.299
G0 F1320 X21.6 Y61.199
G1 F660 X21.6 Y62.8 E0.04303
G0 F1320 X22 Y62.8
G1 F660 X22 Y61.599 E0.03228
G1 X22 Y61.499
G0 F1320 X23.2 Y62.797
G1 F660 X23.242 Y62.84 E0.00162
G0 F1320 X23.6 Y62.8
G1 F660 X23.6 Y60.371 E0.06528
G0 F1320 X23.2 Y59.971
G1 F660 X20.4 Y57.171 E0.10642
G1 X20.4 Y59.997 E0.07595
G1 X19.66 Y59.258 E0.02811
G1 X19.59 Y59.188
G0 F1320 X20.4 Y57.171
G0 X19.66 Y56.429
G1 F660 X20.4 Y57.168 E0.02811
G1 X20.4 Y54.342 E0.07595
G1 X26 Y59.942 E0.21283
G0 F1320 X26.4 Y60.342
G1 F660 X26.4 Y62.8 E0.06606
G0 F1320 X26.07 Y62.84
G1 F660 X26 Y62.768 E0.0027
G0 F1320 X27.2 Y62.8
G1 F660 X27.2 Y61.142 E0.04456
G0 F1320 X27.6 Y61.542
G1 F660 X27.6 Y62.8 E0.03381
G1 X27.6 Y62.9
G0 F1320 X28.8 Y62.74
G1 F660 X28.899 Y62.84 E0.00378
G0 F1320 X29.2 Y62.8
G1 F660 X29.2 Y60.314 E0.06681
G0 F1320 X28.8 Y59.914
G1 F660 X20.4 Y51.514 E0.31925
G1 X20.4 Y54.34 E0.07595
G1 X19.66 Y53.601 E0.02811
G1 X19.59 Y53.531
G0 F1320 X20.4 Y54.34
G0 X20.4 Y51.514
G0 X19.66 Y50.772
G1 F660 X20.4 Y51.511 E0.02811
G1 X20.4 Y48.685 E0.07595
G1 X31.6 Y59.885 E0.42567
G1 X31.67 Y59.955
G0 F1320 X32.4 Y60.685
G1 F660 X32.4 Y62.8 E0.05684
G0 F1320 X32.8 Y62.8
G1 F660 X32.8 Y61.085 E0.04609
G0 F1320 X33.2 Y61.485
G1 F660 X33.2 Y62.8 E0.03534
G1 X33.2 Y62.9
G0 F1320 X34.4 Y62.683
G1 F660 X34.556 Y62.84 E0.00595
G0 F1320 X35.2 Y62.8
G1 F660 X35.2 Y60.657 E0.05759
G0 F1320 X35.6 Y61.057
G1 F660 X35.6 Y62.8 E0.04684
G0 F1320 X36 Y62.8
G1 F660 X36 Y61.457 E0.03609
G1 X36 Y61.357
G0 F1320 X37.2 Y62.655
G1 F660 X37.384 Y62.84 E0.00701
G0 F1320 X38 Y62.8
G1 F660 X38 Y60.629 E0.05834
G0 F1320 X38.4 Y61.029
G1 F660 X38.4 Y62.8 E0.04759
G0 F1320 X38.8 Y62.8
G1 F660 X38.8 Y61.429 E0.03684
G1 X38.8 Y61.329
G0 F1320 X40 Y62.626
G1 F660 X40.212 Y62.84 E0.0081
G0 F1320 X40.8 Y62.8
G1 F660 X40.8 Y60.6 E0.05912
G0 F1320 X41.2 Y61
G1 F660 X41.2 Y62.8 E0.04837
G0 F1320 X42 Y62.8
G1 F660 X42 Y61.8 E0.02687
G1 X42 Y61.7
G0 F1320 X42.8 Y62.598
G1 F660 X43.041 Y62.84 E0.00918
G0 F1320 X40 Y59.8
G1 F660 X20.4 Y40.2 E0.74491
G1 X20.4 Y43.026 E0.07595
G1 X19.66 Y42.287 E0.02811
G1 X19.59 Y42.217
G0 F1320 X20.4 Y43.026
G0 X19.66 Y45.116
G1 F660 X20.4 Y45.855 E0.02811
G1 X20.4 Y43.029 E0.07595
G1 X37.2 Y59.829 E0.6385
G1 X37.27 Y59.899
G0 F1320 X34.4 Y59.857
G1 F660 X20.4 Y45.857 E0.53208
G1 X20.4 Y48.683 E0.07595
G1 X19.66 Y47.944 E0.02811
G1 X19.59 Y47.874
G0 F1320 X20.4 Y48.683
G0 X20.4 Y45.857
G0 X20.4 Y40.2
G0 X19.66 Y39.459
G1 F660 X20.4 Y40.198 E0.02811
G1 X20.4 Y37.372 E0.07595
G1 X20.63 Y37.6 E0.0087
G1 X23.457 Y37.6 E0.07597
G1 X23.499 Y37.642 E0.0016
G1 X26.332 Y37.647 E0.07613
G1 X31.141 Y42.455 E0.18275
G0 F1320 X31.516 Y42.83
G1 F660 X31.141 Y42.455 E0.01425
G1 X28.308 Y42.45 E0.07613
G1 X23.499 Y37.642 E0.18275
G1 X23.457 Y37.6
G1 X23.018 Y37.16 E0.0167
G0 F1320 X25.846 Y37.16
G1 F660 X26.287 Y37.6 E0.01674
G1 X29.114 Y37.6 E0.07597
G1 X32.306 Y40.792 E0.12131
G1 X32.376 Y40.862
G0 F1320 X31.614 Y42
G1 F660 X30.687 Y42 E0.02491
G1 X30.587 Y42
G0 F1320 X31.476 Y43.256
G1 F660 X29.109 Y43.252 E0.06361
G0 F1320 X29.511 Y43.652
G1 F660 X31.52 Y43.656 E0.05399
G0 F1320 X31.644 Y44.056
G1 F660 X29.911 Y44.053 E0.04657
G0 F1320 X30.311 Y44.454
G1 F660 X31.793 Y44.456 E0.03983
G0 F1320 X32.003 Y44.857
G1 F660 X30.713 Y44.854 E0.03467
G0 F1320 X31.113 Y45.255
G1 F660 X32.319 Y45.257 E0.03241
G0 F1320 X32.703 Y45.658
G1 F660 X31.514 Y45.656 E0.03195
G0 F1320 X31.915 Y46.057
G1 F660 X33.312 Y46.059 E0.03754
G1 X33.412 Y46.059
G0 F1320 X32.716 Y46.858
G1 F660 X47.943 Y62.085 E0.57871
G1 X50.776 Y62.09 E0.07613
G1 X51.087 Y62.4 E0.0118
G1 X53.914 Y62.4 E0.07597
G1 X54.355 Y62.84 E0.01674
G0 F1320 X53.916 Y62.4
G0 X51.526 Y62.84
G1 F660 X51.087 Y62.4 E0.0167
G0 F1320 X50.776 Y62.09
G1 F660 X35.549 Y46.863 E0.57871
G1 X32.716 Y46.858 E0.07613
G1 X28.308 Y42.45 E0.16753
G1 X28.238 Y42.38
G0 F1320 X29.114 Y37.6
G1 F660 X31.942 Y37.6 E0.076
G1 X33.144 Y38.8 E0.04565
G1 X35.97 Y38.8 E0.07595
G1 X36.37 Y39.2 E0.0152
G0 F1320 X35.97 Y38.8
G1 F660 X34.77 Y37.6 E0.04561
G1 X31.944 Y37.6 E0.07595
G1 X31.503 Y37.16 E0.01674
G1 X31.433 Y37.09
G0 F1320 X33.144 Y38.8
G1 F660 X33.544 Y39.2 E0.0152
G1 X36.37 Y39.2 E0.07595
G1 X36.772 Y39.6 E0.01524
G1 X39.599 Y39.6 E0.07597
G1 X39.999 Y40 E0.0152
G0 F1320 X40.399 Y40.4
G1 F660 X39.999 Y40 E0.0152
G1 X37.172 Y40 E0.07597
G1 X36.772 Y39.6 E0.0152
G0 F1320 X37.172 Y40
G1 F660 X37.572 Y40.4 E0.0152
G1 X40.399 Y40.4 E0.07597
G1 X40.799 Y40.8 E0.0152
G1 X40.869 Y40.87
G0 F1320 X39.599 Y39.6
G1 F660 X37.599 Y37.6 E0.07601
G1 X34.772 Y37.6 E0.07597
G1 X34.331 Y37.16 E0.01674
G0 F1320 X34.77 Y37.6
G0 X33.544 Y39.2
G1 F660 X34.017 Y39.674 E0.018
G0 F1320 X37.572 Y40.4
G1 F660 X37.972 Y40.8 E0.0152
G1 X40.799 Y40.8 E0.07597
G1 X62.401 Y62.4 E0.82096
G1 X65.227 Y62.4 E0.07595
G1 X65.668 Y62.84 E0.01674
G0 F1320 X65.229 Y62.4
G0 X62.84 Y62.84
G1 F660 X62.399 Y62.4 E0.01674
G1 X59.572 Y62.4 E0.07597
G1 X37.972 Y40.8 E0.82093
G1 X37.902 Y40.73
G0 F1320 X38.398 Y42.4
G1 F660 X39.57 Y42.4 E0.0315
G1 X39.67 Y42.4
G0 F1320 X40.37 Y43.2
G1 F660 X38.443 Y43.2 E0.05179
G0 F1320 X38.387 Y43.6
G1 F660 X40.77 Y43.6 E0.06404
G1 X40.87 Y43.6
G0 F1320 X38.742 Y44.4
G1 F660 X38.159 Y44.4 E0.01567
G0 F1320 X38.265 Y43.922
G1 F660 X56.744 Y62.4 E0.70229
G1 X59.57 Y62.4 E0.07595
G1 X60.011 Y62.84 E0.01674
G0 F1320 X59.572 Y62.4
G0 X57.183 Y62.84
G1 F660 X56.742 Y62.4 E0.01674
G1 X53.916 Y62.4 E0.07595
G1 X38.314 Y46.8 E0.59293
G1 X35.487 Y46.8 E0.07597
G1 X35.126 Y46.439 E0.01372
G0 F1320 X35.487 Y46.8
G1 F660 X35.549 Y46.863 E0.00238
G0 F1320 X34.576 Y46.461
G1 F660 X32.315 Y46.457 E0.06076
G1 X32.215 Y46.457
G0 F1320 X37.155 Y45.64
G1 F660 X38.314 Y46.8 E0.04407
G1 X38.384 Y46.87
G0 F1320 X37.601 Y37.6
G0 X37.16 Y37.16
G1 F660 X37.601 Y37.6 E0.01674
G1 X40.427 Y37.6 E0.07595
G1 X65.229 Y62.4 E0.94258
G1 X68.056 Y62.4 E0.07597
G1 X68.497 Y62.84 E0.01674
G0 F1320 X68.058 Y62.4
G0 X70.884 Y62.4
G0 X71.325 Y62.84
G1 F660 X70.884 Y62.4 E0.01674
G1 X68.058 Y62.4 E0.07595
G1 X43.256 Y37.6 E0.94258
G1 X40.429 Y37.6 E0.07597
G1 X39.988 Y37.16 E0.01674
G0 F1320 X40.427 Y37.6
G0 X42.817 Y37.16
G1 F660 X43.258 Y37.6 E0.01674
G1 X46.084 Y37.6 E0.07595
G1 X70.886 Y62.4 E0.94258
G1 X73.713 Y62.4 E0.07597
G1 X74.154 Y62.84 E0.01674
G0 F1320 X73.715 Y62.4
G0 X76.541 Y62.4
G0 X76.982 Y62.84
G1 F660 X76.541 Y62.4 E0.01674
G1 X73.715 Y62.4 E0.07595
G1 X48.913 Y37.6 E0.94258
G1 X46.086 Y37.6 E0.07597
G1 X45.645 Y37.16 E0.01674
G0 F1320 X46.084 Y37.6
G0 X48.474 Y37.16
G1 F660 X48.915 Y37.6 E0.01674
G1 X51.741 Y37.6 E0.07595
G1 X76.543 Y62.4 E0.94258
G1 X79.369 Y62.4 E0.07595
G1 X79.652 Y62.681 E0.01072
G0 F1320 X79.81 Y62.84
G1 F660 X79.652 Y62.681 E0.00602
G1 X79.791 Y59.994 E0.07231
G1 X79.6 Y59.8 E0.00732
G1 X79.6 Y56.974 E0.07595
G1 X59.787 Y37.16 E0.75303
G1 X59.6 Y37.2
G1 X59.6 Y39.8 E0.06987
G1 X59.6 Y39.9
G0 F1320 X58.8 Y39
G1 F660 X58.8 Y37.2 E0.04837
G0 F1320 X58.4 Y37.2
G1 F660 X58.4 Y38.6 E0.03762
G0 F1320 X58 Y38.2
G1 F660 X58 Y37.2 E0.02687
G1 X58 Y37.1
G0 F1320 X56.959 Y37.16
G1 F660 X79.6 Y59.8 E0.86047
G0 F1320 X79.791 Y59.994
G1 F660 X80.34 Y60.541 E0.02083
G0 F1320 X79.369 Y62.4
G1 F660 X54.569 Y37.6 E0.94254
G1 X51.743 Y37.6 E0.07595
G1 X51.302 Y37.16 E0.01674
G0 F1320 X51.741 Y37.6
G0 X54.13 Y37.16
G1 F660 X54.569 Y37.6 E0.0167
G0 F1320 X54.904 Y37.932
G1 F660 X54.942 Y37.2 E0.0197
G0 F1320 X55.743 Y37.2
G1 F660 X55.665 Y38.694 E0.0402
G0 F1320 X56.046 Y39.074
G1 F660 X56.144 Y37.2 E0.05043
G1 X56.149 Y37.101
G0 F1320 X56.945 Y37.2
G1 F660 X56.808 Y39.836 E0.07094
G1 X56.803 Y39.935
G0 F1320 X60.8 Y38.172
G1 F660 X60.8 Y37.2 E0.02612
G0 F1320 X61.2 Y37.2
G1 F660 X61.2 Y38.572 E0.03687
G1 X61.2 Y38.672
G0 F1320 X62 Y39.372
G1 F660 X62 Y37.2 E0.05837
G0 F1320 X62.4 Y37.2
G1 F660 X62.4 Y39.772 E0.06912
G1 X62.4 Y39.872
G0 F1320 X64 Y38.543
G1 F660 X64 Y37.2 E0.03609
G0 F1320 X63.6 Y37.2
G1 F660 X63.6 Y38.143 E0.02534
G1 X63.6 Y38.243
G0 F1320 X62.616 Y37.16
G1 F660 X79.6 Y54.145 E0.64551
G1 X79.6 Y56.972 E0.07597
G1 X80.34 Y57.713 E0.02814
G1 X80.41 Y57.783
G0 F1320 X79.6 Y56.974
G0 X80.34 Y54.884
G1 F660 X79.6 Y54.143 E0.02814
G1 X79.6 Y51.317 E0.07595
G1 X65.444 Y37.16 E0.53803
G0 F1320 X65.2 Y37.2
G1 F660 X65.2 Y39.743 E0.06834
G0 F1320 X64.8 Y39.343
G1 F660 X64.8 Y37.2 E0.05759
G1 X64.8 Y37.1
G0 F1320 X66.4 Y37.2
G1 F660 X66.4 Y38.115 E0.02459
G0 F1320 X66.8 Y38.515
G1 F660 X66.8 Y37.2 E0.03534
G0 F1320 X67.6 Y37.2
G1 F660 X67.6 Y39.315 E0.05684
G0 F1320 X68 Y39.715
G1 F660 X68 Y37.2 E0.06759
G0 F1320 X68.273 Y37.16
G1 F660 X79.6 Y48.488 E0.43051
G1 X79.6 Y51.315 E0.07597
G1 X80.34 Y52.056 E0.02814
G1 X80.41 Y52.126
G0 F1320 X79.6 Y51.317
G0 X80.34 Y49.227
G1 F660 X79.6 Y48.486 E0.02814
G1 X79.6 Y45.66 E0.07595
G1 X71.101 Y37.16 E0.32303
G0 F1320 X70.8 Y37.2
G1 F660 X70.8 Y39.686 E0.06681
G0 F1320 X70.4 Y39.286
G1 F660 X70.4 Y37.2 E0.05606
G0 F1320 X69.6 Y37.2
G1 F660 X69.6 Y38.486 E0.03456
G0 F1320 X69.2 Y38.086
G1 F660 X69.2 Y37.2 E0.02381
G1 X69.2 Y37.1
G0 F1320 X72 Y37.2
G1 F660 X72 Y38.058 E0.02306
G0 F1320 X72.4 Y38.458
G1 F660 X72.4 Y37.2 E0.03381
G0 F1320 X73.2 Y37.2
G1 F660 X73.2 Y39.258 E0.05531
G0 F1320 X73.6 Y39.658
G1 F660 X73.6 Y37.2 E0.06606
G0 F1320 X73.929 Y37.16
G1 F660 X79.6 Y42.832 E0.21555
G1 X79.6 Y45.658 E0.07595
G1 X80.34 Y46.399 E0.02814
G1 X80.41 Y46.469
G0 F1320 X79.6 Y45.66
G0 X80.34 Y43.571
G1 F660 X79.6 Y42.83 E0.02814
G1 X79.6 Y40.003 E0.07597
G1 X76.758 Y37.16 E0.10803
G0 F1320 X76.4 Y37.2
G1 F660 X76.4 Y39.63 E0.0653
G0 F1320 X76 Y39.23
G1 F660 X76 Y37.2 E0.05455
G0 F1320 X75.2 Y37.2
G1 F660 X75.2 Y38.43 E0.03306
G0 F1320 X74.8 Y38.03
G1 F660 X74.8 Y37.2 E0.02231
G1 X74.8 Y37.1
G0 F1320 X77.6 Y37.2
G1 F660 X77.6 Y38.001 E0.02153
G1 X77.6 Y38.101
G0 F1320 X78.4 Y38.801
G1 F660 X78.4 Y37.2 E0.04303
G0 F1320 X78.8 Y37.2
G1 F660 X78.8 Y39.201 E0.05378
G0 F1320 X79.2 Y39.601
G1 F660 X79.2 Y37.2 E0.06452
G0 F1320 X79.586 Y37.16
G1 F660 X80.34 Y37.914 E0.02866
G1 X80.41 Y37.984
G0 F1320 X79.6 Y37.2
G1 F660 X79.6 Y40.001 E0.07527
G1 X79.6 Y40.003
G1 X80.34 Y40.742 E0.02811
G1 X80.41 Y40.812
G0 F1320 X79.6 Y42.83
G0 X79.6 Y48.486
G0 X79.6 Y54.143
G0 X62.401 Y62.4
G0 X56.744 Y62.4
G0 X31.727 Y62.84
G1 F660 X31.6 Y62.711 E0.00486
G0 F1320 X30.4 Y62.8
G1 F660 X30.4 Y61.514 E0.03456
G0 F1320 X30 Y61.114
G1 F660 X30 Y62.8 E0.04531
G1 X30 Y62.9
G0 F1320 X24.8 Y62.8
G1 F660 X24.8 Y61.571 E0.03303
G0 F1320 X24.4 Y61.171
G1 F660 X24.4 Y62.8 E0.04378
G1 X24.4 Y62.9
G0 F1320 X26.332 Y37.647
G1 F660 X26.287 Y37.6 E0.00175
G0 F1320 X28.675 Y37.16
G1 F660 X29.115 Y37.6 E0.01672
G0 F1320 X43.256 Y37.6
G0 X48.913 Y37.6
;MESH:NONMESH
G0 F600 X48.913 Y37.6 Z1.96
G0 F1320 X37.495 Y40.896
;TIME_ELAPSED:5543.080196
;LAYER:11
M204 P200
;TYPE:WALL-INNER
;MESH:LoRAtop.STL
G1 F480 X37.762 Y41.229 E0.0117
G1 X38.111 Y42.01 E0.02344
G1 X38.193 Y42.34 E0.00932
G1 X38.253 Y43.1 E0.02089
G1 X38.22 Y43.439 E0.00933
G1 X38.032 Y44.201 E0.02151
G1 X37.885 Y44.515 E0.0095
G1 X37.466 Y45.131 E0.02042
G1 X37.232 Y45.395 E0.00967
G1 X36.572 Y45.864 E0.02219
G1 X36.312 Y45.995 E0.00798
G1 X35.488 Y46.263 E0.02375
G1 X34.691 Y46.29 E0.02186
G1 X33.868 Y46.1 E0.02315
G1 X33.594 Y45.99 E0.00809
G1 X32.908 Y45.572 E0.02202
G1 X32.636 Y45.336 E0.00987
G1 X32.161 Y44.736 E0.02097
G1 X32.013 Y44.475 E0.00822
G1 X31.737 Y43.732 E0.02172
G1 X31.676 Y43.386 E0.00963
G1 X31.676 Y42.602 E0.02149
G1 X31.732 Y42.265 E0.00936
G1 X32.01 Y41.497 E0.02238
G1 X32.303 Y41.036 E0.01497
G1 X32.592 Y40.705 E0.01204
G1 X33.121 Y40.232 E0.01945
G1 X33.502 Y40.039 E0.01171
G1 X33.974 Y39.851 E0.01392
G1 X34.399 Y39.731 E0.0121
G1 X35.148 Y39.704 E0.02054
G1 X35.675 Y39.782 E0.0146
G1 X36.159 Y39.93 E0.01387
G1 X36.579 Y40.12 E0.01263
G1 X37.147 Y40.536 E0.0193
G1 X37.495 Y40.896 E0.01372
G0 F1320 X34.122 Y40.223
G1 F480 X34.456 Y40.129 E0.00951
G1 X35.148 Y40.104 E0.01898
G1 X35.558 Y40.165 E0.01136
G1 X36.042 Y40.313 E0.01387
G1 X36.589 Y40.597 E0.01689
G1 X36.859 Y40.814 E0.00949
G1 X37.377 Y41.35 E0.02043
G1 X37.774 Y42.237 E0.02663
G1 X37.852 Y43.098 E0.02369
G1 X37.827 Y43.368 E0.00743
G1 X37.653 Y44.05 E0.01929
G1 X37.558 Y44.271 E0.00659
G1 X37.139 Y44.911 E0.02096
G1 X36.945 Y45.101 E0.00744
G1 X36.363 Y45.523 E0.0197
G1 X36.161 Y45.625 E0.0062
G1 X35.382 Y45.868 E0.02236
G1 X34.765 Y45.889 E0.01692
G1 X33.867 Y45.699 E0.02516
G1 X33.144 Y45.248 E0.02335
G1 X32.963 Y45.091 E0.00657
G1 X32.491 Y44.51 E0.02052
G1 X32.376 Y44.307 E0.00639
G1 X32.122 Y43.621 E0.02005
G1 X32.075 Y43.348 E0.00759
G1 X32.084 Y42.465 E0.0242
G1 X32.371 Y41.672 E0.02311
G1 X32.634 Y41.261 E0.01337
G1 X32.859 Y41.004 E0.00936
G1 X33.42 Y40.503 E0.02061
G1 X34.122 Y40.223 E0.02071
G0 F1320 X32.884 Y41.874
G0 X32.63 Y43.39
G0 X33.303 Y44.647
G0 X34.022 Y45.318
G1 F480 X33.293 Y44.873 E0.02341
G1 X32.762 Y44.216 E0.02315
G1 X32.482 Y43.418 E0.02318
G1 X32.481 Y42.54 E0.02406
G1 X32.755 Y41.809 E0.0214
G1 X33.125 Y41.302 E0.0172
G1 X33.633 Y40.849 E0.01865
G1 X34.434 Y40.53 E0.02363
G1 X35.148 Y40.504 E0.01958
G1 X35.441 Y40.547 E0.00812
G1 X36.071 Y40.74 E0.01806
G1 X36.571 Y41.092 E0.01676
G1 X37.041 Y41.579 E0.01855
G1 X37.385 Y42.345 E0.02301
G1 X37.454 Y43.212 E0.02384
G1 X37.254 Y44.017 E0.02273
G1 X36.767 Y44.741 E0.02391
G1 X36.085 Y45.236 E0.0231
G1 X35.361 Y45.458 E0.02075
G1 X34.758 Y45.48 E0.01654
G1 X34.022 Y45.318 E0.02065
G0 F1320 X35.291 Y45.324
G0 X36.662 Y44.626
G0 X37.31 Y43.191
G0 X36.925 Y41.592
G0 X36.703 Y41.804
G1 F480 X36.995 Y42.453 E0.0195
G1 X37.052 Y43.177 E0.0199
G1 X36.878 Y43.859 E0.01929
G1 X36.475 Y44.46 E0.01983
G1 X35.883 Y44.879 E0.01988
G1 X35.276 Y45.067 E0.01742
G1 X34.828 Y45.09 E0.01229
G1 X34.174 Y44.943 E0.01837
G1 X33.571 Y44.576 E0.01935
G1 X33.121 Y44.02 E0.0196
G1 X32.875 Y43.349 E0.01959
G1 X32.879 Y42.618 E0.02003
G1 X33.112 Y41.989 E0.01838
G1 X33.332 Y41.654 E0.01098
G1 X33.846 Y41.194 E0.0189
G1 X34.496 Y40.935 E0.01918
G1 X35.227 Y40.9 E0.02006
G1 X35.894 Y41.104 E0.01912
G1 X36.284 Y41.37 E0.01294
G1 X36.703 Y41.804 E0.01653
G0 F1320 X36.925 Y41.592
G0 X80.5 Y63
G1 F480 X80.5 Y37 E0.71257
G1 X19.5 Y37 E1.67179
G1 X19.5 Y63 E0.71257
G1 X80.5 Y63 E1.67179
G0 F1320 X19.1 Y63.4
G1 F480 X80.9 Y63.4 E1.69371
G1 X80.9 Y36.6 E0.73449
G1 X19.1 Y36.6 E1.69371
G1 X19.1 Y63.4 E0.73449
G0 F1320 X18.7 Y63.8
G1 F480 X81.3 Y63.8 E1.71564
G1 X81.3 Y36.2 E0.75642
G1 X18.7 Y36.2 E1.71564
G1 X18.7 Y63.8 E0.75642
G0 F1320 X81.42 Y36.08
G0 X81.7 Y35.8
G1 F480 X18.3 Y35.8 E1.73756
G1 X18.3 Y64.2 E0.77834
G1 X81.7 Y64.2 E1.73756
G1 X81.7 Y35.8 E0.77834
G0 F1320 X81.42 Y36.11
G0 X81.82 Y64.32
G0 X82.1 Y64.6
M204 P150
;TYPE:WALL-OUTER
G1 F480 X82.1 Y35.4 E0.7925
G1 X17.9 Y35.4 E1.74241
G1 X17.9 Y64.6 E0.7925
G1 X82.1 Y64.6 E1.74241
G0 F1320 X82.1 Y64.4
G0 X81.42 Y63.92
G0 X35.986 Y40.872
G0 X35.178 Y41.303
G1 F480 X35.738 Y41.481 E0.01595
G1 X35.996 Y41.648 E0.00834
G1 X36.368 Y42.033 E0.01453
G1 X36.6 Y42.553 E0.01545
G1 X36.651 Y43.136 E0.01588
G1 X36.51 Y43.684 E0.01536
G1 X36.187 Y44.173 E0.01591
G1 X35.708 Y44.514 E0.01596
G1 X35.173 Y44.679 E0.01519
G1 X34.865 Y44.687 E0.00836
G1 X34.34 Y44.572 E0.01459
G1 X33.824 Y44.256 E0.01642
G1 X33.47 Y43.818 E0.01528
G1 X33.278 Y43.279 E0.01553
G1 X33.28 Y42.692 E0.01593
G1 X33.469 Y42.169 E0.01509
G1 X33.658 Y41.898 E0.00897
G1 X34.059 Y41.54 E0.01459
G1 X34.605 Y41.327 E0.01591
G1 X35.178 Y41.303 E0.01557
G0 F1320 X35.368 Y41.363
G0 X35.576 Y40.684
G0 X34.461 Y40.682
G0 X33.205 Y41.433
G0 X19.86 Y62.64
M204 P180
;TYPE:SKIN
G1 F480 X19.86 Y37.36 E0.69956
G1 X80.14 Y37.36 E1.66809
G1 X80.14 Y62.64 E0.69956
G1 X19.86 Y62.64 E1.66809
G0 F1320 X31.676 Y41.355
G1 F480 X31.384 Y42.159 E0.02367
G1 X31.316 Y42.588 E0.01202
G1 X31.318 Y43.434 E0.02341
G1 X31.382 Y43.81 E0.01055
G1 X31.676 Y44.607 E0.02351
G1 X31.87 Y44.948 E0.01086
G1 X32.358 Y45.568 E0.02183
G1 X32.689 Y45.862 E0.01225
G1 X33.377 Y46.287 E0.02238
G1 X33.822 Y46.464 E0.01325
G1 X34.589 Y46.626 E0.02169
G1 X35.235 Y46.639 E0.01788
G1 X35.668 Y46.58 E0.01209
G1 X36.515 Y46.311 E0.02459
G1 X36.907 Y46.07 E0.01273
G1 X37.419 Y45.694 E0.01758
G1 X37.749 Y45.35 E0.01319
G1 X38.17 Y44.729 E0.02076
G1 X38.365 Y44.342 E0.01199
G1 X38.571 Y43.516 E0.02356
G1 X38.608 Y43.101 E0.01153
G1 X38.552 Y42.301 E0.02219
G1 X38.459 Y41.908 E0.01118
G1 X38.083 Y41.062 E0.02562
G1 X37.756 Y40.648 E0.0146
G1 X37.4 Y40.28 E0.01417
G1 X36.783 Y39.822 E0.02126
G1 X36.287 Y39.593 E0.01512
G1 X35.788 Y39.437 E0.01447
G1 X35.173 Y39.346 E0.0172
G1 X34.341 Y39.374 E0.02304
G1 X33.857 Y39.511 E0.01392
G1 X32.918 Y39.925 E0.0284
G1 X32.35 Y40.435 E0.02112
G1 X31.998 Y40.836 E0.01477
G1 X31.676 Y41.355 E0.0169
G0 F1320 X20.06 Y37.64
G1 F480 X20.141 Y37.559 E0.00317
G0 F1320 X20.706 Y37.559
G1 F480 X20.06 Y38.206 E0.0253
G0 F1320 X20.06 Y38.771
G1 F480 X21.272 Y37.559 E0.04743
G0 F1320 X21.838 Y37.559
G1 F480 X20.06 Y39.337 E0.06958
G0 F1320 X20.06 Y39.903
G1 F480 X22.403 Y37.559 E0.09171
G0 F1320 X22.969 Y37.559
G1 F480 X20.06 Y40.468 E0.11384
G0 F1320 X20.06 Y41.034
G1 F480 X23.535 Y37.559 E0.13599
G0 F1320 X24.1 Y37.559
G1 F480 X20.06 Y41.6 E0.15812
G0 F1320 X20.06 Y42.165
G1 F480 X24.666 Y37.559 E0.18025
G0 F1320 X25.232 Y37.559
G1 F480 X20.06 Y42.731 E0.2024
G0 F1320 X20.06 Y43.297
G1 F480 X25.797 Y37.559 E0.22454
G0 F1320 X26.363 Y37.559
G1 F480 X20.06 Y43.863 E0.24669
G0 F1320 X20.06 Y44.428
G1 F480 X26.929 Y37.559 E0.26882
G0 F1320 X27.494 Y37.559
G1 F480 X20.06 Y44.994 E0.29095
G0 F1320 X20.06 Y45.56
G1 F480 X28.06 Y37.559 E0.3131
G0 F1320 X28.626 Y37.559
G1 F480 X20.06 Y46.125 E0.33523
G0 F1320 X20.06 Y46.691
G1 F480 X29.191 Y37.559 E0.35736
G0 F1320 X29.757 Y37.559
G1 F480 X20.06 Y47.257 E0.37951
G0 F1320 X20.06 Y47.822
G1 F480 X30.323 Y37.559 E0.40164
G0 F1320 X30.889 Y37.559
G1 F480 X20.06 Y48.388 E0.42379
G0 F1320 X20.06 Y48.954
G1 F480 X31.454 Y37.559 E0.44592
G0 F1320 X32.02 Y37.559
G1 F480 X20.06 Y49.519 E0.46805
G0 F1320 X20.06 Y50.085
G1 F480 X32.586 Y37.559 E0.4902
G0 F1320 X33.151 Y37.559
G1 F480 X20.06 Y50.651 E0.51233
G0 F1320 X20.06 Y51.216
G1 F480 X33.717 Y37.559 E0.53446
G0 F1320 X34.283 Y37.559
G1 F480 X20.06 Y51.782 E0.55661
G0 F1320 X20.06 Y52.348
G1 F480 X34.848 Y37.559 E0.57874
G0 F1320 X35.414 Y37.559
G1 F480 X33.539 Y39.434 E0.07338
G1 X33.469 Y39.504
G0 F1320 X34.364 Y39.175
G1 F480 X35.98 Y37.559 E0.06324
G0 F1320 X36.545 Y37.559
G1 F480 X34.953 Y39.152 E0.06232
G0 F1320 X35.48 Y39.191
G1 F480 X37.111 Y37.559 E0.06385
G0 F1320 X37.677 Y37.559
G1 F480 X35.954 Y39.283 E0.06745
G0 F1320 X36.382 Y39.42
G1 F480 X38.242 Y37.559 E0.07281
G0 F1320 X38.808 Y37.559
G1 F480 X36.773 Y39.594 E0.07964
G0 F1320 X37.115 Y39.819
G1 F480 X39.374 Y37.559 E0.08842
G0 F1320 X39.94 Y37.559
G1 F480 X37.441 Y40.058 E0.0978
G0 F1320 X37.729 Y40.335
G1 F480 X40.505 Y37.559 E0.10864
G0 F1320 X41.071 Y37.559
G1 F480 X38 Y40.63 E0.12018
G0 F1320 X38.25 Y40.946
G1 F480 X41.637 Y37.559 E0.13255
G0 F1320 X42.202 Y37.559
G1 F480 X38.423 Y41.338 E0.14789
G0 F1320 X38.597 Y41.731
G1 F480 X42.768 Y37.559 E0.16325
G0 F1320 X43.334 Y37.559
G1 F480 X38.724 Y42.169 E0.18041
G0 F1320 X38.778 Y42.681
G1 F480 X43.899 Y37.559 E0.20043
G0 F1320 X44.465 Y37.559
G1 F480 X38.798 Y43.227 E0.2218
G0 F1320 X38.679 Y43.911
G1 F480 X45.031 Y37.559 E0.24858
G0 F1320 X45.596 Y37.559
G1 F480 X38.363 Y44.793 E0.28308
G1 X38.293 Y44.863
G0 F1320 X36.762 Y46.393
G1 F480 X20.715 Y62.44 E0.62799
G0 F1320 X20.15 Y62.44
G1 F480 X35.864 Y46.726 E0.61496
G0 F1320 X35.186 Y46.839
G1 F480 X20.06 Y61.964 E0.59193
G0 F1320 X20.06 Y61.399
G1 F480 X34.632 Y46.827 E0.57027
G0 F1320 X34.155 Y46.738
G1 F480 X20.06 Y60.833 E0.5516
G0 F1320 X20.06 Y60.267
G1 F480 X33.701 Y46.626 E0.53384
G0 F1320 X33.293 Y46.468
G1 F480 X20.06 Y59.702 E0.51789
G0 F1320 X20.06 Y59.136
G1 F480 X32.943 Y46.253 E0.50417
G0 F1320 X32.593 Y46.037
G1 F480 X20.06 Y58.57 E0.49048
G0 F1320 X20.06 Y58.005
G1 F480 X32.289 Y45.775 E0.4786
G0 F1320 X32.028 Y45.471
G1 F480 X20.06 Y57.439 E0.46836
G0 F1320 X20.06 Y56.873
G1 F480 X31.778 Y45.155 E0.45858
G0 F1320 X31.562 Y44.806
G1 F480 X20.06 Y56.308 E0.45013
G0 F1320 X20.06 Y55.742
G1 F480 X31.39 Y44.412 E0.4434
G0 F1320 X31.236 Y44
G1 F480 X20.06 Y55.176 E0.43737
G0 F1320 X20.06 Y54.611
G1 F480 X31.132 Y43.538 E0.43332
G0 F1320 X31.12 Y42.984
G1 F480 X20.06 Y54.045 E0.43285
G0 F1320 X20.06 Y53.479
G1 F480 X31.143 Y42.396 E0.43373
G1 X31.213 Y42.326
G0 F1320 X31.374 Y41.599
G1 F480 X20.06 Y52.914 E0.44279
G1 X19.99 Y52.984
G0 F1320 X21.281 Y62.44
G1 F480 X46.162 Y37.559 E0.97371
G0 F1320 X46.728 Y37.559
G1 F480 X21.847 Y62.44 E0.97371
G0 F1320 X22.412 Y62.44
G1 F480 X47.293 Y37.559 E0.97371
G0 F1320 X47.859 Y37.559
G1 F480 X22.978 Y62.44 E0.97371
G0 F1320 X23.544 Y62.44
G1 F480 X48.425 Y37.559 E0.97371
G0 F1320 X48.99 Y37.559
G1 F480 X24.11 Y62.44 E0.97369
G0 F1320 X24.675 Y62.44
G1 F480 X49.556 Y37.559 E0.97371
G0 F1320 X50.122 Y37.559
G1 F480 X25.241 Y62.44 E0.97371
G0 F1320 X25.807 Y62.44
G1 F480 X50.688 Y37.559 E0.97371
G0 F1320 X51.253 Y37.559
G1 F480 X26.372 Y62.44 E0.97371
G0 F1320 X26.938 Y62.44
G1 F480 X51.819 Y37.559 E0.97371
G0 F1320 X52.385 Y37.559
G1 F480 X27.504 Y62.44 E0.97371
G0 F1320 X28.069 Y62.44
G1 F480 X52.95 Y37.559 E0.97371
G0 F1320 X53.516 Y37.559
G1 F480 X28.635 Y62.44 E0.97371
G0 F1320 X29.201 Y62.44
G1 F480 X54.082 Y37.559 E0.97371
G0 F1320 X54.647 Y37.559
G1 F480 X29.766 Y62.44 E0.97371
G0 F1320 X30.332 Y62.44
G1 F480 X55.213 Y37.559 E0.97371
G0 F1320 X55.779 Y37.559
G1 F480 X30.898 Y62.44 E0.97371
G0 F1320 X31.463 Y62.44
G1 F480 X56.344 Y37.559 E0.97371
G0 F1320 X56.91 Y37.559
G1 F480 X32.029 Y62.44 E0.97371
G0 F1320 X32.595 Y62.44
G1 F480 X57.476 Y37.559 E0.97371
G0 F1320 X58.041 Y37.559
G1 F480 X33.16 Y62.44 E0.97371
G0 F1320 X33.726 Y62.44
G1 F480 X58.607 Y37.559 E0.97371
G0 F1320 X59.173 Y37.559
G1 F480 X34.292 Y62.44 E0.97371
G0 F1320 X34.858 Y62.44
G1 F480 X59.739 Y37.559 E0.97371
G0 F1320 X60.304 Y37.559
G1 F480 X35.423 Y62.44 E0.97371
G0 F1320 X35.989 Y62.44
G1 F480 X60.87 Y37.559 E0.97371
G0 F1320 X61.436 Y37.559
G1 F480 X36.555 Y62.44 E0.97371
G0 F1320 X37.12 Y62.44
G1 F480 X62.001 Y37.559 E0.97371
G0 F1320 X62.567 Y37.559
G1 F480 X37.686 Y62.44 E0.97371
G0 F1320 X38.252 Y62.44
G1 F480 X63.133 Y37.559 E0.97371
G0 F1320 X63.698 Y37.559
G1 F480 X38.817 Y62.44 E0.97371
G0 F1320 X39.383 Y62.44
G1 F480 X64.264 Y37.559 E0.97371
G0 F1320 X64.83 Y37.559
G1 F480 X39.949 Y62.44 E0.97371
G0 F1320 X40.514 Y62.44
G1 F480 X65.395 Y37.559 E0.97371
G0 F1320 X65.961 Y37.559
G1 F480 X41.08 Y62.44 E0.97371
G0 F1320 X41.646 Y62.44
G1 F480 X66.527 Y37.559 E0.97371
G0 F1320 X67.092 Y37.559
G1 F480 X42.211 Y62.44 E0.97371
G0 F1320 X42.777 Y62.44
G1 F480 X67.658 Y37.559 E0.97371
G0 F1320 X68.224 Y37.559
G1 F480 X43.343 Y62.44 E0.97371
G0 F1320 X43.909 Y62.44
G1 F480 X68.789 Y37.559 E0.97369
G0 F1320 X69.355 Y37.559
G1 F480 X44.474 Y62.44 E0.97371
G0 F1320 X45.04 Y62.44
G1 F480 X69.921 Y37.559 E0.97371
G0 F1320 X70.487 Y37.559
G1 F480 X45.606 Y62.44 E0.97371
G0 F1320 X46.171 Y62.44
G1 F480 X71.052 Y37.559 E0.97371
G0 F1320 X71.618 Y37.559
G1 F480 X46.737 Y62.44 E0.97371
G0 F1320 X47.303 Y62.44
G1 F480 X72.184 Y37.559 E0.97371
G0 F1320 X72.749 Y37.559
G1 F480 X47.868 Y62.44 E0.97371
G0 F1320 X48.434 Y62.44
G1 F480 X73.315 Y37.559 E0.97371
G0 F1320 X73.881 Y37.559
G1 F480 X49 Y62.44 E0.97371
G0 F1320 X49.565 Y62.44
G1 F480 X74.446 Y37.559 E0.97371
G0 F1320 X75.012 Y37.559
G1 F480 X50.131 Y62.44 E0.97371
G0 F1320 X50.697 Y62.44
G1 F480 X75.578 Y37.559 E0.97371
G0 F1320 X76.143 Y37.559
G1 F480 X51.262 Y62.44 E0.97371
G0 F1320 X51.828 Y62.44
G1 F480 X76.709 Y37.559 E0.97371
G0 F1320 X77.275 Y37.559
G1 F480 X52.394 Y62.44 E0.97371
G0 F1320 X52.959 Y62.44
G1 F480 X77.84 Y37.559 E0.97371
G0 F1320 X78.406 Y37.559
G1 F480 X53.525 Y62.44 E0.97371
G0 F1320 X54.091 Y62.44
G1 F480 X78.972 Y37.559 E0.97371
G0 F1320 X79.537 Y37.559
G1 F480 X54.657 Y62.44 E0.97369
G0 F1320 X55.222 Y62.44
G1 F480 X79.94 Y37.723 E0.96731
G0 F1320 X79.94 Y38.288
G1 F480 X55.788 Y62.44 E0.94518
G0 F1320 X56.354 Y62.44
G1 F480 X79.94 Y38.854 E0.92303
G0 F1320 X79.94 Y39.42
G1 F480 X56.919 Y62.44 E0.9009
G0 F1320 X57.485 Y62.44
G1 F480 X79.94 Y39.985 E0.87877
G0 F1320 X79.94 Y40.551
G1 F480 X58.051 Y62.44 E0.85662
G0 F1320 X58.616 Y62.44
G1 F480 X79.94 Y41.117 E0.83449
G0 F1320 X79.94 Y41.683
G1 F480 X59.182 Y62.44 E0.81234
G0 F1320 X59.748 Y62.44
G1 F480 X79.94 Y42.248 E0.79021
G0 F1320 X79.94 Y42.814
G1 F480 X60.313 Y62.44 E0.76808
G0 F1320 X60.879 Y62.44
G1 F480 X79.94 Y43.38 E0.74593
G0 F1320 X79.94 Y43.945
G1 F480 X61.445 Y62.44 E0.7238
G0 F1320 X62.01 Y62.44
G1 F480 X79.94 Y44.511 E0.70167
G0 F1320 X79.94 Y45.077
G1 F480 X62.576 Y62.44 E0.67952
G0 F1320 X63.142 Y62.44
G1 F480 X79.94 Y45.642 E0.65739
G0 F1320 X79.94 Y46.208
G1 F480 X63.707 Y62.44 E0.63525
G0 F1320 X64.273 Y62.44
G1 F480 X79.94 Y46.774 E0.6131
G0 F1320 X79.94 Y47.339
G1 F480 X64.839 Y62.44 E0.59097
G0 F1320 X65.405 Y62.44
G1 F480 X79.94 Y47.905 E0.56882
G0 F1320 X79.94 Y48.471
G1 F480 X65.97 Y62.44 E0.54669
G0 F1320 X66.536 Y62.44
G1 F480 X79.94 Y49.036 E0.52456
G0 F1320 X79.94 Y49.602
G1 F480 X67.102 Y62.44 E0.50241
G0 F1320 X67.667 Y62.44
G1 F480 X79.94 Y50.168 E0.48028
G0 F1320 X79.94 Y50.733
G1 F480 X68.233 Y62.44 E0.45815
G0 F1320 X68.799 Y62.44
G1 F480 X79.94 Y51.299 E0.436
G0 F1320 X79.94 Y51.865
G1 F480 X69.364 Y62.44 E0.41387
G0 F1320 X69.93 Y62.44
G1 F480 X79.94 Y52.431 E0.39172
G0 F1320 X79.94 Y52.996
G1 F480 X70.496 Y62.44 E0.36959
G0 F1320 X71.061 Y62.44
G1 F480 X79.94 Y53.562 E0.34746
G0 F1320 X79.94 Y54.128
G1 F480 X71.627 Y62.44 E0.32531
G0 F1320 X72.193 Y62.44
G1 F480 X79.94 Y54.693 E0.30318
G0 F1320 X79.94 Y55.259
G1 F480 X72.758 Y62.44 E0.28105
G0 F1320 X73.324 Y62.44
G1 F480 X79.94 Y55.825 E0.2589
G0 F1320 X79.94 Y56.39
G1 F480 X73.89 Y62.44 E0.23677
G0 F1320 X74.456 Y62.44
G1 F480 X79.94 Y56.956 E0.21461
G0 F1320 X79.94 Y57.522
G1 F480 X75.021 Y62.44 E0.19248
G0 F1320 X75.587 Y62.44
G1 F480 X79.94 Y58.087 E0.17035
G0 F1320 X79.94 Y58.653
G1 F480 X76.153 Y62.44 E0.1482
G0 F1320 X76.718 Y62.44
G1 F480 X79.94 Y59.219 E0.12607
G0 F1320 X79.94 Y59.784
G1 F480 X77.284 Y62.44 E0.10394
G0 F1320 X77.85 Y62.44
G1 F480 X79.94 Y60.35 E0.08179
G0 F1320 X79.94 Y60.916
G1 F480 X78.415 Y62.44 E0.05966
G0 F1320 X78.981 Y62.44
G1 F480 X79.94 Y61.482 E0.03751
G0 F1320 X79.94 Y62.047
G1 F480 X79.547 Y62.44 E0.01538
;MESH:NONMESH
G0 F600 X79.547 Y62.44 Z2.12
G0 F1320 X35.148 Y39.704
;TIME_ELAPSED:6169.610610
;LAYER:12
M204 P200
;TYPE:WALL-INNER
;MESH:LoRAtop.STL
G1 F480 X35.675 Y39.782 E0.0146
G1 X36.159 Y39.93 E0.01387
G1 X36.579 Y40.12 E0.01263
G1 X37.147 Y40.536 E0.0193
G1 X37.495 Y40.896 E0.01372
G1 X37.762 Y41.229 E0.0117
G1 X38.111 Y42.01 E0.02344
G1 X38.193 Y42.34 E0.00932
G1 X38.253 Y43.1 E0.02089
G1 X38.22 Y43.439 E0.00933
G1 X38.032 Y44.201 E0.02151
G1 X37.885 Y44.515 E0.0095
G1 X37.466 Y45.131 E0.02042
G1 X37.232 Y45.395 E0.00967
G1 X36.572 Y45.864 E0.02219
G1 X36.312 Y45.995 E0.00798
G1 X35.488 Y46.263 E0.02375
G1 X34.691 Y46.29 E0.02186
G1 X33.868 Y46.1 E0.02315
G1 X33.594 Y45.99 E0.00809
G1 X32.908 Y45.572 E0.02202
G1 X32.636 Y45.336 E0.00987
G1 X32.161 Y44.736 E0.02097
G1 X32.013 Y44.475 E0.00822
G1 X31.737 Y43.732 E0.02172
G1 X31.676 Y43.386 E0.00963
G1 X31.676 Y42.602 E0.02149
G1 X31.732 Y42.265 E0.00936
G1 X32.01 Y41.497 E0.02238
G1 X32.303 Y41.036 E0.01497
G1 X32.592 Y40.705 E0.01204
G1 X33.121 Y40.232 E0.01945
G1 X33.502 Y40.039 E0.01171
G1 X33.974 Y39.851 E0.01392
G1 X34.399 Y39.731 E0.0121
G1 X35.148 Y39.704 E0.02054
G0 F1320 X36.589 Y40.597
G1 F480 X36.859 Y40.814 E0.00949
G1 X37.377 Y41.35 E0.02043
G1 X37.774 Y42.237 E0.02663
G1 X37.852 Y43.098 E0.02369
G1 X37.827 Y43.368 E0.00743
G1 X37.653 Y44.05 E0.01929
G1 X37.558 Y44.271 E0.00659
G1 X37.139 Y44.911 E0.02096
G1 X36.945 Y45.101 E0.00744
G1 X36.363 Y45.523 E0.0197
G1 X36.161 Y45.625 E0.0062
G1 X35.382 Y45.868 E0.02236
G1 X34.765 Y45.889 E0.01692
G1 X33.867 Y45.699 E0.02516
G1 X33.144 Y45.248 E0.02335
G1 X32.963 Y45.091 E0.00657
G1 X32.491 Y44.51 E0.02052
G1 X32.376 Y44.307 E0.00639
G1 X32.122 Y43.621 E0.02005
G1 X32.075 Y43.348 E0.00759
G1 X32.084 Y42.465 E0.0242
G1 X32.371 Y41.672 E0.02311
G1 X32.634 Y41.261 E0.01337
G1 X32.859 Y41.004 E0.00936
G1 X33.42 Y40.503 E0.02061
G1 X34.122 Y40.223 E0.02071
G1 X34.456 Y40.129 E0.00951
G1 X35.148 Y40.104 E0.01898
G1 X35.558 Y40.165 E0.01136
G1 X36.042 Y40.313 E0.01387
G1 X36.589 Y40.597 E0.01689
G0 F1320 X34.461 Y40.682
G0 X32.755 Y41.809
G1 F480 X33.125 Y41.302 E0.0172
G1 X33.633 Y40.849 E0.01865
G1 X34.434 Y40.53 E0.02363
G1 X35.148 Y40.504 E0.01958
G1 X35.441 Y40.547 E0.00812
G1 X36.071 Y40.74 E0.01806
G1 X36.571 Y41.092 E0.01676
G1 X37.041 Y41.579 E0.01855
G1 X37.385 Y42.345 E0.02301
G1 X37.454 Y43.212 E0.02384
G1 X37.254 Y44.017 E0.02273
G1 X36.767 Y44.741 E0.02391
G1 X36.085 Y45.236 E0.0231
G1 X35.361 Y45.458 E0.02075
G1 X34.758 Y45.48 E0.01654
G1 X34.022 Y45.318 E0.02065
G1 X33.293 Y44.873 E0.02341
G1 X32.762 Y44.216 E0.02315
G1 X32.482 Y43.418 E0.02318
G1 X32.481 Y42.54 E0.02406
G1 X32.755 Y41.809 E0.0214
G0 F1320 X33.623 Y41.063
G0 X34.382 Y40.649
G0 X34.496 Y40.935
G1 F480 X35.227 Y40.9 E0.02006
G1 X35.894 Y41.104 E0.01912
G1 X36.284 Y41.37 E0.01294
G1 X36.703 Y41.804 E0.01653
G1 X36.995 Y42.453 E0.0195
G1 X37.052 Y43.177 E0.0199
G1 X36.878 Y43.859 E0.01929
G1 X36.475 Y44.46 E0.01983
G1 X35.883 Y44.879 E0.01988
G1 X35.276 Y45.067 E0.01742
G1 X34.828 Y45.09 E0.01229
G1 X34.174 Y44.943 E0.01837
G1 X33.571 Y44.576 E0.01935
G1 X33.121 Y44.02 E0.0196
G1 X32.875 Y43.349 E0.01959
G1 X32.879 Y42.618 E0.02003
G1 X33.112 Y41.989 E0.01838
G1 X33.332 Y41.654 E0.01098
G1 X33.846 Y41.194 E0.0189
G1 X34.496 Y40.935 E0.01918
G0 F1320 X34.382 Y40.649
G0 X35.257 Y40.65
G0 X80.5 Y63
G1 F480 X80.5 Y37 E0.71257
G1 X19.5 Y37 E1.67179
G1 X19.5 Y63 E0.71257
G1 X80.5 Y63 E1.67179
G0 F1320 X19.1 Y63.4
G1 F480 X80.9 Y63.4 E1.69371
G1 X80.9 Y36.6 E0.73449
G1 X19.1 Y36.6 E1.69371
G1 X19.1 Y63.4 E0.73449
G0 F1320 X81.3 Y36.2
G1 F480 X18.7 Y36.2 E1.71564
G1 X18.7 Y63.8 E0.75642
G1 X81.3 Y63.8 E1.71564
G1 X81.3 Y36.2 E0.75642
G0 F1320 X18.58 Y36.08
G0 X18.3 Y35.8
G1 F480 X18.3 Y64.2 E0.77834
G1 X81.7 Y64.2 E1.73756
G1 X81.7 Y35.8 E0.77834
G1 X18.3 Y35.8 E1.73756
G0 F1320 X18.58 Y36.11
G0 X32.8 Y44.054
G0 X33.47 Y43.818
M204 P150
;TYPE:WALL-OUTER
G1 F480 X33.278 Y43.279 E0.01553
G1 X33.28 Y42.692 E0.01593
G1 X33.469 Y42.169 E0.01509
G1 X33.658 Y41.898 E0.00897
G1 X34.059 Y41.54 E0.01459
G1 X34.605 Y41.327 E0.01591
G1 X35.178 Y41.303 E0.01557
G1 X35.738 Y41.481 E0.01595
G1 X35.996 Y41.648 E0.00834
G1 X36.368 Y42.033 E0.01453
G1 X36.6 Y42.553 E0.01545
G1 X36.651 Y43.136 E0.01588
G1 X36.51 Y43.684 E0.01536
G1 X36.187 Y44.173 E0.01591
G1 X35.708 Y44.514 E0.01596
G1 X35.173 Y44.679 E0.01519
G1 X34.865 Y44.687 E0.00836
G1 X34.34 Y44.572 E0.01459
G1 X33.824 Y44.256 E0.01642
G1 X33.47 Y43.818 E0.01528
G0 F1320 X33.403 Y43.63
G0 X32.734 Y43.866
G0 X18.18 Y64.32
G0 X17.9 Y64.6
G1 F480 X82.1 Y64.6 E1.74241
G1 X82.1 Y35.4 E0.7925
G1 X17.9 Y35.4 E1.74241
G1 X17.9 Y64.6 E0.7925
G0 F1320 X18.1 Y64.6
G0 X18.58 Y63.92
G0 X80.14 Y62.64
M204 P180
;TYPE:SKIN
G1 F480 X19.86 Y62.64 E1.66809
G1 X19.86 Y37.36 E0.69956
G1 X80.14 Y37.36 E1.66809
G1 X80.14 Y62.64 E0.69956
G0 F1320 X34.079 Y45.184
G0 X31.384 Y42.159
G1 F480 X31.318 Y42.557 E0.01116
G1 X31.318 Y43.434 E0.02427
G1 X31.382 Y43.81 E0.01055
G1 X31.676 Y44.607 E0.02351
G1 X31.87 Y44.948 E0.01086
G1 X32.358 Y45.568 E0.02183
G1 X32.689 Y45.862 E0.01225
G1 X33.377 Y46.287 E0.02238
G1 X33.822 Y46.464 E0.01325
G1 X34.589 Y46.626 E0.02169
G1 X35.235 Y46.639 E0.01788
G1 X35.668 Y46.58 E0.01209
G1 X36.515 Y46.311 E0.02459
G1 X36.907 Y46.07 E0.01273
G1 X37.419 Y45.694 E0.01758
G1 X37.749 Y45.35 E0.01319
G1 X38.17 Y44.729 E0.02076
G1 X38.365 Y44.342 E0.01199
G1 X38.571 Y43.516 E0.02356
G1 X38.608 Y43.101 E0.01153
G1 X38.552 Y42.301 E0.02219
G1 X38.459 Y41.908 E0.01118
G1 X38.083 Y41.062 E0.02562
G1 X37.756 Y40.648 E0.0146
G1 X37.4 Y40.28 E0.01417
G1 X36.783 Y39.822 E0.02126
G1 X36.287 Y39.593 E0.01512
G1 X35.788 Y39.437 E0.01447
G1 X35.173 Y39.346 E0.0172
G1 X34.341 Y39.374 E0.02304
G1 X33.857 Y39.511 E0.01392
G1 X32.918 Y39.925 E0.0284
G1 X32.35 Y40.435 E0.02112
G1 X31.998 Y40.836 E0.01477
G1 X31.676 Y41.355 E0.0169
G1 X31.384 Y42.159 E0.02367
G0 F1320 X20.06 Y61.921
G1 F480 X20.579 Y62.44 E0.02031
G0 F1320 X21.145 Y62.44
G1 F480 X20.06 Y61.355 E0.04246
G0 F1320 X20.06 Y60.789
G1 F480 X21.71 Y62.44 E0.06459
G0 F1320 X22.276 Y62.44
G1 F480 X20.06 Y60.224 E0.08672
G0 F1320 X20.06 Y59.658
G1 F480 X22.842 Y62.44 E0.10887
G0 F1320 X23.407 Y62.44
G1 F480 X20.06 Y59.092 E0.131
G0 F1320 X20.06 Y58.527
G1 F480 X23.973 Y62.44 E0.15313
G0 F1320 X24.539 Y62.44
G1 F480 X20.06 Y57.961 E0.17528
G0 F1320 X20.06 Y57.395
G1 F480 X25.104 Y62.44 E0.19742
G0 F1320 X25.67 Y62.44
G1 F480 X20.06 Y56.829 E0.21957
G0 F1320 X20.06 Y56.264
G1 F480 X26.236 Y62.44 E0.2417
G0 F1320 X26.801 Y62.44
G1 F480 X20.06 Y55.698 E0.26383
G0 F1320 X20.06 Y55.132
G1 F480 X27.367 Y62.44 E0.28598
G0 F1320 X27.933 Y62.44
G1 F480 X20.06 Y54.567 E0.30811
G0 F1320 X20.06 Y54.001
G1 F480 X28.499 Y62.44 E0.33026
G0 F1320 X29.064 Y62.44
G1 F480 X20.06 Y53.435 E0.35239
G0 F1320 X20.06 Y52.87
G1 F480 X29.63 Y62.44 E0.37452
G0 F1320 X30.196 Y62.44
G1 F480 X20.06 Y52.304 E0.39667
G0 F1320 X20.06 Y51.738
G1 F480 X30.761 Y62.44 E0.4188
G0 F1320 X31.327 Y62.44
G1 F480 X20.06 Y51.173 E0.44093
G0 F1320 X20.06 Y50.607
G1 F480 X31.893 Y62.44 E0.46308
G0 F1320 X32.458 Y62.44
G1 F480 X20.06 Y50.041 E0.48521
G0 F1320 X20.06 Y49.476
G1 F480 X33.024 Y62.44 E0.50734
G0 F1320 X33.59 Y62.44
G1 F480 X20.06 Y48.91 E0.52949
G0 F1320 X20.06 Y48.344
G1 F480 X34.155 Y62.44 E0.55162
G0 F1320 X34.721 Y62.44
G1 F480 X20.06 Y47.778 E0.57377
G0 F1320 X20.06 Y47.213
G1 F480 X35.287 Y62.44 E0.5959
G0 F1320 X35.852 Y62.44
G1 F480 X20.06 Y46.647 E0.61804
G0 F1320 X20.06 Y46.081
G1 F480 X36.418 Y62.44 E0.64019
G0 F1320 X36.984 Y62.44
G1 F480 X20.06 Y45.516 E0.66232
G0 F1320 X20.06 Y44.95
G1 F480 X37.549 Y62.44 E0.68445
G0 F1320 X38.115 Y62.44
G1 F480 X20.06 Y44.384 E0.7066
G0 F1320 X20.06 Y43.819
G1 F480 X38.681 Y62.44 E0.72873
G0 F1320 X39.247 Y62.44
G1 F480 X20.06 Y43.253 E0.75088
G0 F1320 X20.06 Y42.687
G1 F480 X39.812 Y62.44 E0.77301
G0 F1320 X40.378 Y62.44
G1 F480 X20.06 Y42.122 E0.79514
G0 F1320 X20.06 Y41.556
G1 F480 X40.944 Y62.44 E0.81729
G0 F1320 X41.509 Y62.44
G1 F480 X20.06 Y40.99 E0.83942
G0 F1320 X20.06 Y40.425
G1 F480 X42.075 Y62.44 E0.86155
G0 F1320 X42.641 Y62.44
G1 F480 X20.06 Y39.859 E0.8837
G0 F1320 X20.06 Y39.293
G1 F480 X43.206 Y62.44 E0.90583
G0 F1320 X43.772 Y62.44
G1 F480 X20.06 Y38.728 E0.92796
G0 F1320 X20.06 Y38.162
G1 F480 X44.338 Y62.44 E0.95011
G0 F1320 X44.903 Y62.44
G1 F480 X20.06 Y37.596 E0.97224
G0 F1320 X20.59 Y37.56
G1 F480 X45.469 Y62.44 E0.97365
G0 F1320 X46.035 Y62.44
G1 F480 X21.155 Y37.56 E0.97367
G0 F1320 X21.721 Y37.56
G1 F480 X46.6 Y62.44 E0.97365
G0 F1320 X47.166 Y62.44
G1 F480 X22.287 Y37.56 E0.97365
G0 F1320 X22.852 Y37.56
G1 F480 X47.732 Y62.44 E0.97367
G0 F1320 X48.298 Y62.44
G1 F480 X23.418 Y37.56 E0.97367
G0 F1320 X23.984 Y37.56
G1 F480 X48.863 Y62.44 E0.97365
G0 F1320 X49.429 Y62.44
G1 F480 X33.562 Y46.573 E0.62095
G0 F1320 X34.33 Y46.775
G1 F480 X49.995 Y62.44 E0.61305
G0 F1320 X50.56 Y62.44
G1 F480 X34.955 Y46.835 E0.6107
G0 F1320 X35.492 Y46.806
G1 F480 X51.126 Y62.44 E0.61183
G0 F1320 X51.692 Y62.44
G1 F480 X35.951 Y46.699 E0.61602
G0 F1320 X36.379 Y46.562
G1 F480 X52.257 Y62.44 E0.62138
G0 F1320 X52.823 Y62.44
G1 F480 X36.772 Y46.388 E0.62817
G0 F1320 X37.114 Y46.165
G1 F480 X53.389 Y62.44 E0.63692
G0 F1320 X53.954 Y62.44
G1 F480 X37.44 Y45.925 E0.64629
G0 F1320 X37.735 Y45.654
G1 F480 X54.52 Y62.44 E0.6569
G0 F1320 X55.086 Y62.44
G1 F480 X37.992 Y45.346 E0.66897
G0 F1320 X38.221 Y45.009
G1 F480 X55.651 Y62.44 E0.68214
G0 F1320 X56.217 Y62.44
G1 F480 X38.431 Y44.653 E0.69607
G0 F1320 X38.595 Y44.251
G1 F480 X56.783 Y62.44 E0.7118
G0 F1320 X57.348 Y62.44
G1 F480 X38.707 Y43.798 E0.72953
G0 F1320 X38.788 Y43.314
G1 F480 X57.914 Y62.44 E0.74849
G0 F1320 X58.48 Y62.44
G1 F480 X38.781 Y42.741 E0.77092
G0 F1320 X38.708 Y42.103
G1 F480 X59.046 Y62.44 E0.7959
G0 F1320 X59.611 Y62.44
G1 F480 X38.354 Y41.183 E0.83189
G1 X38.284 Y41.113
G0 F1320 X36.76 Y39.588
G1 F480 X34.732 Y37.56 E0.07937
G0 F1320 X35.297 Y37.56
G1 F480 X60.177 Y62.44 E0.97367
G0 F1320 X60.743 Y62.44
G1 F480 X35.863 Y37.56 E0.97367
G0 F1320 X36.429 Y37.56
G1 F480 X61.308 Y62.44 E0.97365
G0 F1320 X61.874 Y62.44
G1 F480 X36.994 Y37.56 E0.97367
G0 F1320 X37.56 Y37.56
G1 F480 X62.44 Y62.44 E0.97367
G0 F1320 X63.005 Y62.44
G1 F480 X38.126 Y37.56 E0.97365
G0 F1320 X38.691 Y37.56
G1 F480 X63.571 Y62.44 E0.97367
G0 F1320 X64.137 Y62.44
G1 F480 X39.257 Y37.56 E0.97367
G0 F1320 X39.823 Y37.56
G1 F480 X64.702 Y62.44 E0.97365
G0 F1320 X65.268 Y62.44
G1 F480 X40.389 Y37.56 E0.97365
G0 F1320 X40.954 Y37.56
G1 F480 X65.834 Y62.44 E0.97367
G0 F1320 X66.399 Y62.44
G1 F480 X41.52 Y37.56 E0.97365
G0 F1320 X42.086 Y37.56
G1 F480 X66.965 Y62.44 E0.97365
G0 F1320 X67.531 Y62.44
G1 F480 X42.651 Y37.56 E0.97367
G0 F1320 X43.217 Y37.56
G1 F480 X68.097 Y62.44 E0.97367
G0 F1320 X68.662 Y62.44
G1 F480 X43.783 Y37.56 E0.97365
G0 F1320 X44.348 Y37.56
G1 F480 X69.228 Y62.44 E0.97367
G0 F1320 X69.794 Y62.44
G1 F480 X44.914 Y37.56 E0.97367
G0 F1320 X45.48 Y37.56
G1 F480 X70.359 Y62.44 E0.97365
G0 F1320 X70.925 Y62.44
G1 F480 X46.045 Y37.56 E0.97367
G0 F1320 X46.611 Y37.56
G1 F480 X71.491 Y62.44 E0.97367
G0 F1320 X72.056 Y62.44
G1 F480 X47.177 Y37.56 E0.97365
G0 F1320 X47.742 Y37.56
G1 F480 X72.622 Y62.44 E0.97367
G0 F1320 X73.188 Y62.44
G1 F480 X48.308 Y37.56 E0.97367
G0 F1320 X48.874 Y37.56
G1 F480 X73.753 Y62.44 E0.97365
G0 F1320 X74.319 Y62.44
G1 F480 X49.439 Y37.56 E0.97367
G0 F1320 X50.005 Y37.56
G1 F480 X74.885 Y62.44 E0.97367
G0 F1320 X75.45 Y62.44
G1 F480 X50.571 Y37.56 E0.97365
G0 F1320 X51.137 Y37.56
G1 F480 X76.016 Y62.44 E0.97365
G0 F1320 X76.582 Y62.44
G1 F480 X51.702 Y37.56 E0.97367
G0 F1320 X52.268 Y37.56
G1 F480 X77.147 Y62.44 E0.97365
G0 F1320 X77.713 Y62.44
G1 F480 X52.834 Y37.56 E0.97365
G0 F1320 X53.399 Y37.56
G1 F480 X78.279 Y62.44 E0.97367
G0 F1320 X78.845 Y62.44
G1 F480 X53.965 Y37.56 E0.97367
G0 F1320 X54.531 Y37.56
G1 F480 X79.41 Y62.44 E0.97365
G0 F1320 X79.94 Y62.404
G1 F480 X55.096 Y37.56 E0.97226
G0 F1320 X55.662 Y37.56
G1 F480 X79.94 Y61.838 E0.95011
G0 F1320 X79.94 Y61.272
G1 F480 X56.228 Y37.56 E0.92796
G0 F1320 X56.793 Y37.56
G1 F480 X79.94 Y60.707 E0.90585
G0 F1320 X79.94 Y60.141
G1 F480 X57.359 Y37.56 E0.8837
G0 F1320 X57.925 Y37.56
G1 F480 X79.94 Y59.575 E0.86155
G0 F1320 X79.94 Y59.009
G1 F480 X58.49 Y37.56 E0.83942
G0 F1320 X59.056 Y37.56
G1 F480 X79.94 Y58.444 E0.81729
G0 F1320 X79.94 Y57.878
G1 F480 X59.622 Y37.56 E0.79514
G0 F1320 X60.188 Y37.56
G1 F480 X79.94 Y57.312 E0.77299
G0 F1320 X79.94 Y56.747
G1 F480 X60.753 Y37.56 E0.75088
G0 F1320 X61.319 Y37.56
G1 F480 X79.94 Y56.181 E0.72873
G0 F1320 X79.94 Y55.615
G1 F480 X61.885 Y37.56 E0.70658
G0 F1320 X62.45 Y37.56
G1 F480 X79.94 Y55.05 E0.68447
G0 F1320 X79.94 Y54.484
G1 F480 X63.016 Y37.56 E0.66232
G0 F1320 X63.582 Y37.56
G1 F480 X79.94 Y53.918 E0.64017
G0 F1320 X79.94 Y53.353
G1 F480 X64.147 Y37.56 E0.61805
G0 F1320 X64.713 Y37.56
G1 F480 X79.94 Y52.787 E0.5959
G0 F1320 X79.94 Y52.221
G1 F480 X65.279 Y37.56 E0.57375
G0 F1320 X65.844 Y37.56
G1 F480 X79.94 Y51.656 E0.55164
G0 F1320 X79.94 Y51.09
G1 F480 X66.41 Y37.56 E0.52949
G0 F1320 X66.976 Y37.56
G1 F480 X79.94 Y50.524 E0.50734
G0 F1320 X79.94 Y49.959
G1 F480 X67.541 Y37.56 E0.48523
G0 F1320 X68.107 Y37.56
G1 F480 X79.94 Y49.393 E0.46308
G0 F1320 X79.94 Y48.827
G1 F480 X68.673 Y37.56 E0.44093
G0 F1320 X69.238 Y37.56
G1 F480 X79.94 Y48.261 E0.4188
G0 F1320 X79.94 Y47.696
G1 F480 X69.804 Y37.56 E0.39667
G0 F1320 X70.37 Y37.56
G1 F480 X79.94 Y47.13 E0.37452
G0 F1320 X79.94 Y46.564
G1 F480 X70.936 Y37.56 E0.35237
G0 F1320 X71.501 Y37.56
G1 F480 X79.94 Y45.999 E0.33026
G0 F1320 X79.94 Y45.433
G1 F480 X72.067 Y37.56 E0.30811
G0 F1320 X72.633 Y37.56
G1 F480 X79.94 Y44.867 E0.28596
G0 F1320 X79.94 Y44.302
G1 F480 X73.198 Y37.56 E0.26385
G0 F1320 X73.764 Y37.56
G1 F480 X79.94 Y43.736 E0.2417
G0 F1320 X79.94 Y43.17
G1 F480 X74.33 Y37.56 E0.21955
G0 F1320 X74.895 Y37.56
G1 F480 X79.94 Y42.605 E0.19743
G0 F1320 X79.94 Y42.039
G1 F480 X75.461 Y37.56 E0.17528
G0 F1320 X76.027 Y37.56
G1 F480 X79.94 Y41.473 E0.15313
G0 F1320 X79.94 Y40.908
G1 F480 X76.592 Y37.56 E0.13102
G0 F1320 X77.158 Y37.56
G1 F480 X79.94 Y40.342 E0.10887
G0 F1320 X79.94 Y39.776
G1 F480 X77.724 Y37.56 E0.08672
G0 F1320 X78.289 Y37.56
G1 F480 X79.94 Y39.21 E0.06459
G0 F1320 X79.94 Y38.645
G1 F480 X78.855 Y37.56 E0.04246
G0 F1320 X79.421 Y37.56
G1 F480 X79.94 Y38.079 E0.02031
G0 F1320 X35.86 Y39.254
G1 F480 X34.166 Y37.56 E0.06629
G0 F1320 X33.6 Y37.56
G1 F480 X35.19 Y39.15 E0.06222
G0 F1320 X34.638 Y39.164
G1 F480 X33.035 Y37.56 E0.06275
G0 F1320 X32.469 Y37.56
G1 F480 X34.134 Y39.225 E0.06516
G0 F1320 X33.704 Y39.361
G1 F480 X31.903 Y37.56 E0.07048
G0 F1320 X31.338 Y37.56
G1 F480 X33.311 Y39.534 E0.07723
G0 F1320 X32.918 Y39.706
G1 F480 X30.772 Y37.56 E0.08398
G0 F1320 X30.206 Y37.56
G1 F480 X32.593 Y39.947 E0.09341
G0 F1320 X32.295 Y40.215
G1 F480 X29.641 Y37.56 E0.10388
G0 F1320 X29.075 Y37.56
G1 F480 X32.023 Y40.508 E0.11537
G0 F1320 X31.771 Y40.822
G1 F480 X28.509 Y37.56 E0.12766
G0 F1320 X27.943 Y37.56
G1 F480 X31.553 Y41.169 E0.14126
G0 F1320 X31.386 Y41.569
G1 F480 X27.378 Y37.56 E0.15687
G0 F1320 X26.812 Y37.56
G1 F480 X31.236 Y41.984 E0.17313
G0 F1320 X31.135 Y42.448
G1 F480 X26.246 Y37.56 E0.19131
G0 F1320 X25.681 Y37.56
G1 F480 X31.12 Y43 E0.21287
G0 F1320 X31.141 Y43.586
G1 F480 X25.115 Y37.56 E0.23583
G0 F1320 X24.549 Y37.56
G1 F480 X31.384 Y44.394 E0.26747
G1 X31.454 Y44.464
;MESH:NONMESH
G0 F600 X31.454 Y44.464 Z2.28
G0 F1320 X19.5 Y37
;TIME_ELAPSED:6800.220148
;LAYER:13
M204 P200
;TYPE:WALL-INNER
;MESH:LoRAtop.STL
G1 F480 X19.5 Y63 E0.71257
G1 X80.5 Y63 E1.67179
G1 X80.5 Y37 E0.71257
G1 X19.5 Y37 E1.67179
G0 F1320 X19.1 Y36.6
G1 F480 X19.1 Y63.4 E0.73449
G1 X80.9 Y63.4 E1.69371
G1 X80.9 Y36.6 E0.73449
G1 X19.1 Y36.6 E1.69371
G0 F1320 X18.7 Y36.2
G1 F480 X18.7 Y63.8 E0.75642
G1 X81.3 Y63.8 E1.71564
G1 X81.3 Y36.2 E0.75642
G1 X18.7 Y36.2 E1.71564
G0 F1320 X18.58 Y63.92
G0 X18.3 Y64.2
G1 F480 X81.7 Y64.2 E1.73756
G1 X81.7 Y35.8 E0.77834
G1 X18.3 Y35.8 E1.73756
G1 X18.3 Y64.2 E0.77834
G0 F1320 X18.58 Y63.92
G0 X31.676 Y42.602
G1 F480 X31.732 Y42.265 E0.00936
G1 X32.01 Y41.497 E0.02238
G1 X32.303 Y41.036 E0.01497
G1 X32.592 Y40.705 E0.01204
G1 X33.121 Y40.232 E0.01945
G1 X33.502 Y40.039 E0.01171
G1 X33.974 Y39.851 E0.01392
G1 X34.399 Y39.731 E0.0121
G1 X35.148 Y39.704 E0.02054
G1 X35.675 Y39.782 E0.0146
G1 X36.159 Y39.93 E0.01387
G1 X36.579 Y40.12 E0.01263
G1 X37.147 Y40.536 E0.0193
G1 X37.495 Y40.896 E0.01372
G1 X37.762 Y41.229 E0.0117
G1 X38.111 Y42.01 E0.02344
G1 X38.193 Y42.34 E0.00932
G1 X38.253 Y43.1 E0.02089
G1 X38.22 Y43.439 E0.00933
G1 X38.032 Y44.201 E0.02151
G1 X37.885 Y44.515 E0.0095
G1 X37.466 Y45.131 E0.02042
G1 X37.232 Y45.395 E0.00967
G1 X36.572 Y45.864 E0.02219
G1 X36.312 Y45.995 E0.00798
G1 X35.488 Y46.263 E0.02375
G1 X34.691 Y46.29 E0.02186
G1 X33.868 Y46.1 E0.02315
G1 X33.594 Y45.99 E0.00809
G1 X32.908 Y45.572 E0.02202
G1 X32.636 Y45.336 E0.00987
G1 X32.161 Y44.736 E0.02097
G1 X32.013 Y44.475 E0.00822
G1 X31.737 Y43.732 E0.02172
G1 X31.676 Y43.386 E0.00963
G1 X31.676 Y42.602 E0.02149
G0 F1320 X32.371 Y41.672
G1 F480 X32.634 Y41.261 E0.01337
G1 X32.859 Y41.004 E0.00936
G1 X33.42 Y40.503 E0.02061
G1 X34.122 Y40.223 E0.02071
G1 X34.456 Y40.129 E0.00951
G1 X35.148 Y40.104 E0.01898
G1 X35.558 Y40.165 E0.01136
G1 X36.042 Y40.313 E0.01387
G1 X36.589 Y40.597 E0.01689
G1 X36.859 Y40.814 E0.00949
G1 X37.377 Y41.35 E0.02043
G1 X37.774 Y42.237 E0.02663
G1 X37.852 Y43.098 E0.02369
G1 X37.827 Y43.368 E0.00743
G1 X37.653 Y44.05 E0.01929
G1 X37.558 Y44.271 E0.00659
G1 X37.139 Y44.911 E0.02096
G1 X36.945 Y45.101 E0.00744
G1 X36.363 Y45.523 E0.0197
G1 X36.161 Y45.625 E0.0062
G1 X35.382 Y45.868 E0.02236
G1 X34.765 Y45.889 E0.01692
G1 X33.867 Y45.699 E0.02516
G1 X33.144 Y45.248 E0.02335
G1 X32.963 Y45.091 E0.00657
G1 X32.491 Y44.51 E0.02052
G1 X32.376 Y44.307 E0.00639
G1 X32.122 Y43.621 E0.02005
G1 X32.075 Y43.348 E0.00759
G1 X32.084 Y42.465 E0.0242
G1 X32.371 Y41.672 E0.02311
G0 F1320 X32.755 Y41.809
G1 F480 X33.125 Y41.302 E0.0172
G1 X33.633 Y40.849 E0.01865
G1 X34.434 Y40.53 E0.02363
G1 X35.148 Y40.504 E0.01958
G1 X35.441 Y40.547 E0.00812
G1 X36.071 Y40.74 E0.01806
G1 X36.571 Y41.092 E0.01676
G1 X37.041 Y41.579 E0.01855
G1 X37.385 Y42.345 E0.02301
G1 X37.454 Y43.212 E0.02384
G1 X37.254 Y44.017 E0.02273
G1 X36.767 Y44.741 E0.02391
G1 X36.085 Y45.236 E0.0231
G1 X35.361 Y45.458 E0.02075
G1 X34.758 Y45.48 E0.01654
G1 X34.022 Y45.318 E0.02065
G1 X33.293 Y44.873 E0.02341
G1 X32.762 Y44.216 E0.02315
G1 X32.482 Y43.418 E0.02318
G1 X32.481 Y42.54 E0.02406
G1 X32.755 Y41.809 E0.0214
G0 F1320 X32.63 Y43.39
G0 X33.398 Y44.765
G0 X34.764 Y45.391
G0 X34.828 Y45.09
G1 F480 X34.174 Y44.943 E0.01837
G1 X33.571 Y44.576 E0.01935
G1 X33.121 Y44.02 E0.0196
G1 X32.875 Y43.349 E0.01959
G1 X32.879 Y42.618 E0.02003
G1 X33.112 Y41.989 E0.01838
G1 X33.332 Y41.654 E0.01098
G1 X33.846 Y41.194 E0.0189
G1 X34.496 Y40.935 E0.01918
G1 X35.227 Y40.9 E0.02006
G1 X35.894 Y41.104 E0.01912
G1 X36.284 Y41.37 E0.01294
G1 X36.703 Y41.804 E0.01653
G1 X36.995 Y42.453 E0.0195
G1 X37.052 Y43.177 E0.0199
G1 X36.878 Y43.859 E0.01929
G1 X36.475 Y44.46 E0.01983
G1 X35.883 Y44.879 E0.01988
G1 X35.276 Y45.067 E0.01742
G1 X34.828 Y45.09 E0.01229
G0 F1320 X34.34 Y44.572
M204 P150
;TYPE:WALL-OUTER
G1 F480 X33.824 Y44.256 E0.01642
G1 X33.47 Y43.818 E0.01528
G1 X33.278 Y43.279 E0.01553
G1 X33.28 Y42.692 E0.01593
G1 X33.469 Y42.169 E0.01509
G1 X33.658 Y41.898 E0.00897
G1 X34.059 Y41.54 E0.01459
G1 X34.605 Y41.327 E0.01591
G1 X35.178 Y41.303 E0.01557
G1 X35.738 Y41.481 E0.01595
G1 X35.996 Y41.648 E0.00834
G1 X36.368 Y42.033 E0.01453
G1 X36.6 Y42.553 E0.01545
G1 X36.651 Y43.136 E0.01588
G1 X36.51 Y43.684 E0.01536
G1 X36.187 Y44.173 E0.01591
G1 X35.708 Y44.514 E0.01596
G1 X35.173 Y44.679 E0.01519
G1 X34.865 Y44.687 E0.00836
G1 X34.34 Y44.572 E0.01459
G0 F1320 X34.17 Y44.468
G0 X33.793 Y45.079
G0 X18.18 Y35.68
G0 X17.9 Y35.4
G1 F480 X17.9 Y64.6 E0.7925
G1 X82.1 Y64.6 E1.74241
G1 X82.1 Y35.4 E0.7925
G1 X17.9 Y35.4 E1.74241
G0 F1320 X17.9 Y35.6
G0 X18.58 Y36.08
G0 X34.079 Y45.184
G0 X80.14 Y62.64
M204 P180
;TYPE:SKIN
G1 F480 X19.86 Y62.64 E1.66809
G1 X19.86 Y37.36 E0.69956
G1 X80.14 Y37.36 E1.66809
G1 X80.14 Y62.64 E0.69956
G0 F1320 X34.589 Y46.626
G1 F480 X35.235 Y46.639 E0.01788
G1 X35.668 Y46.58 E0.01209
G1 X36.515 Y46.311 E0.02459
G1 X36.907 Y46.07 E0.01273
G1 X37.419 Y45.694 E0.01758
G1 X37.749 Y45.35 E0.01319
G1 X38.17 Y44.729 E0.02076
G1 X38.365 Y44.342 E0.01199
G1 X38.571 Y43.516 E0.02356
G1 X38.608 Y43.101 E0.01153
G1 X38.552 Y42.301 E0.02219
G1 X38.459 Y41.908 E0.01118
G1 X38.083 Y41.062 E0.02562
G1 X37.756 Y40.648 E0.0146
G1 X37.4 Y40.28 E0.01417
G1 X36.783 Y39.822 E0.02126
G1 X36.287 Y39.593 E0.01512
G1 X35.788 Y39.437 E0.01447
G1 X35.173 Y39.346 E0.0172
G1 X34.341 Y39.374 E0.02304
G1 X33.857 Y39.511 E0.01392
G1 X32.918 Y39.925 E0.0284
G1 X32.35 Y40.435 E0.02112
G1 X31.998 Y40.836 E0.01477
G1 X31.676 Y41.355 E0.0169
G1 X31.384 Y42.159 E0.02367
G1 X31.316 Y42.588 E0.01202
G1 X31.318 Y43.434 E0.02341
G1 X31.382 Y43.81 E0.01055
G1 X31.676 Y44.607 E0.02351
G1 X31.87 Y44.948 E0.01086
G1 X32.358 Y45.568 E0.02183
G1 X32.689 Y45.862 E0.01225
G1 X33.377 Y46.287 E0.02238
G1 X33.822 Y46.464 E0.01325
G1 X34.589 Y46.626 E0.02169
G0 F1320 X20.06 Y37.64
G1 F480 X20.141 Y37.559 E0.00317
G0 F1320 X20.706 Y37.559
G1 F480 X20.06 Y38.206 E0.0253
G0 F1320 X20.06 Y38.771
G1 F480 X21.272 Y37.559 E0.04743
G0 F1320 X21.838 Y37.559
G1 F480 X20.06 Y39.337 E0.06958
G0 F1320 X20.06 Y39.903
G1 F480 X22.403 Y37.559 E0.09171
G0 F1320 X22.969 Y37.559
G1 F480 X20.06 Y40.468 E0.11384
G0 F1320 X20.06 Y41.034
G1 F480 X23.535 Y37.559 E0.13599
G0 F1320 X24.1 Y37.559
G1 F480 X20.06 Y41.6 E0.15812
G0 F1320 X20.06 Y42.165
G1 F480 X24.666 Y37.559 E0.18025
G0 F1320 X25.232 Y37.559
G1 F480 X20.06 Y42.731 E0.2024
G0 F1320 X20.06 Y43.297
G1 F480 X25.797 Y37.559 E0.22454
G0 F1320 X26.363 Y37.559
G1 F480 X20.06 Y43.863 E0.24669
G0 F1320 X20.06 Y44.428
G1 F480 X26.929 Y37.559 E0.26882
G0 F1320 X27.494 Y37.559
G1 F480 X20.06 Y44.994 E0.29095
G0 F1320 X20.06 Y45.56
G1 F480 X28.06 Y37.559 E0.3131
G0 F1320 X28.626 Y37.559
G1 F480 X20.06 Y46.125 E0.33523
G0 F1320 X20.06 Y46.691
G1 F480 X29.191 Y37.559 E0.35736
G0 F1320 X29.757 Y37.559
G1 F480 X20.06 Y47.257 E0.37951
G0 F1320 X20.06 Y47.822
G1 F480 X30.323 Y37.559 E0.40164
G0 F1320 X30.889 Y37.559
G1 F480 X20.06 Y48.388 E0.42379
G0 F1320 X20.06 Y48.954
G1 F480 X31.454 Y37.559 E0.44592
G0 F1320 X32.02 Y37.559
G1 F480 X20.06 Y49.519 E0.46805
G0 F1320 X20.06 Y50.085
G1 F480 X32.586 Y37.559 E0.4902
G0 F1320 X33.151 Y37.559
G1 F480 X20.06 Y50.651 E0.51233
G0 F1320 X20.06 Y51.216
G1 F480 X33.717 Y37.559 E0.53446
G0 F1320 X34.283 Y37.559
G1 F480 X20.06 Y51.782 E0.55661
G0 F1320 X20.06 Y52.348
G1 F480 X34.848 Y37.559 E0.57874
G0 F1320 X35.414 Y37.559
G1 F480 X33.539 Y39.434 E0.07338
G1 X33.469 Y39.504
G0 F1320 X34.364 Y39.175
G1 F480 X35.98 Y37.559 E0.06324
G0 F1320 X36.545 Y37.559
G1 F480 X34.953 Y39.152 E0.06232
G0 F1320 X35.48 Y39.191
G1 F480 X37.111 Y37.559 E0.06385
G0 F1320 X37.677 Y37.559
G1 F480 X35.954 Y39.283 E0.06745
G0 F1320 X36.382 Y39.42
G1 F480 X38.242 Y37.559 E0.07281
G0 F1320 X38.808 Y37.559
G1 F480 X36.773 Y39.594 E0.07964
G0 F1320 X37.115 Y39.819
G1 F480 X39.374 Y37.559 E0.08842
G0 F1320 X39.94 Y37.559
G1 F480 X37.441 Y40.058 E0.0978
G0 F1320 X37.729 Y40.335
G1 F480 X40.505 Y37.559 E0.10864
G0 F1320 X41.071 Y37.559
G1 F480 X38 Y40.63 E0.12018
G0 F1320 X38.25 Y40.946
G1 F480 X41.637 Y37.559 E0.13255
G0 F1320 X42.202 Y37.559
G1 F480 X38.423 Y41.338 E0.14789
G0 F1320 X38.597 Y41.731
G1 F480 X42.768 Y37.559 E0.16325
G0 F1320 X43.334 Y37.559
G1 F480 X38.724 Y42.169 E0.18041
G0 F1320 X38.778 Y42.681
G1 F480 X43.899 Y37.559 E0.20043
G0 F1320 X44.465 Y37.559
G1 F480 X38.798 Y43.227 E0.2218
G0 F1320 X38.679 Y43.911
G1 F480 X45.031 Y37.559 E0.24858
G0 F1320 X45.596 Y37.559
G1 F480 X38.363 Y44.793 E0.28308
G1 X38.293 Y44.863
G0 F1320 X36.762 Y46.393
G1 F480 X20.715 Y62.44 E0.62799
G0 F1320 X20.15 Y62.44
G1 F480 X35.864 Y46.726 E0.61496
G0 F1320 X35.186 Y46.839
G1 F480 X20.06 Y61.964 E0.59193
G0 F1320 X20.06 Y61.399
G1 F480 X34.632 Y46.827 E0.57027
G0 F1320 X34.155 Y46.738
G1 F480 X20.06 Y60.833 E0.5516
G0 F1320 X20.06 Y60.267
G1 F480 X33.701 Y46.626 E0.53384
G0 F1320 X33.293 Y46.468
G1 F480 X20.06 Y59.702 E0.51789
G0 F1320 X20.06 Y59.136
G1 F480 X32.943 Y46.253 E0.50417
G0 F1320 X32.593 Y46.037
G1 F480 X20.06 Y58.57 E0.49048
G0 F1320 X20.06 Y58.005
G1 F480 X32.289 Y45.775 E0.4786
G0 F1320 X32.028 Y45.471
G1 F480 X20.06 Y57.439 E0.46836
G0 F1320 X20.06 Y56.873
G1 F480 X31.778 Y45.155 E0.45858
G0 F1320 X31.562 Y44.806
G1 F480 X20.06 Y56.308 E0.45013
G0 F1320 X20.06 Y55.742
G1 F480 X31.39 Y44.412 E0.4434
G0 F1320 X31.236 Y44
G1 F480 X20.06 Y55.176 E0.43737
G0 F1320 X20.06 Y54.611
G1 F480 X31.132 Y43.538 E0.43332
G0 F1320 X31.12 Y42.984
G1 F480 X20.06 Y54.045 E0.43285
G0 F1320 X20.06 Y53.479
G1 F480 X31.143 Y42.396 E0.43373
G1 X31.213 Y42.326
G0 F1320 X31.374 Y41.599
G1 F480 X20.06 Y52.914 E0.44279
G1 X19.99 Y52.984
G0 F1320 X21.281 Y62.44
G1 F480 X46.162 Y37.559 E0.97371
G0 F1320 X46.728 Y37.559
G1 F480 X21.847 Y62.44 E0.97371
G0 F1320 X22.412 Y62.44
G1 F480 X47.293 Y37.559 E0.97371
G0 F1320 X47.859 Y37.559
G1 F480 X22.978 Y62.44 E0.97371
G0 F1320 X23.544 Y62.44
G1 F480 X48.425 Y37.559 E0.97371
G0 F1320 X48.99 Y37.559
G1 F480 X24.11 Y62.44 E0.97369
G0 F1320 X24.675 Y62.44
G1 F480 X49.556 Y37.559 E0.97371
G0 F1320 X50.122 Y37.559
G1 F480 X25.241 Y62.44 E0.97371
G0 F1320 X25.807 Y62.44
G1 F480 X50.688 Y37.559 E0.97371
G0 F1320 X51.253 Y37.559
G1 F480 X26.372 Y62.44 E0.97371
G0 F1320 X26.938 Y62.44
G1 F480 X51.819 Y37.559 E0.97371
G0 F1320 X52.385 Y37.559
G1 F480 X27.504 Y62.44 E0.97371
G0 F1320 X28.069 Y62.44
G1 F480 X52.95 Y37.559 E0.97371
G0 F1320 X53.516 Y37.559
G1 F480 X28.635 Y62.44 E0.97371
G0 F1320 X29.201 Y62.44
G1 F480 X54.082 Y37.559 E0.97371
G0 F1320 X54.647 Y37.559
G1 F480 X29.766 Y62.44 E0.97371
G0 F1320 X30.332 Y62.44
G1 F480 X55.213 Y37.559 E0.97371
G0 F1320 X55.779 Y37.559
G1 F480 X30.898 Y62.44 E0.97371
G0 F1320 X31.463 Y62.44
G1 F480 X56.344 Y37.559 E0.97371
G0 F1320 X56.91 Y37.559
G1 F480 X32.029 Y62.44 E0.97371
G0 F1320 X32.595 Y62.44
G1 F480 X57.476 Y37.559 E0.97371
G0 F1320 X58.041 Y37.559
G1 F480 X33.16 Y62.44 E0.97371
G0 F1320 X33.726 Y62.44
G1 F480 X58.607 Y37.559 E0.97371
G0 F1320 X59.173 Y37.559
G1 F480 X34.292 Y62.44 E0.97371
G0 F1320 X34.858 Y62.44
G1 F480 X59.739 Y37.559 E0.97371
G0 F1320 X60.304 Y37.559
G1 F480 X35.423 Y62.44 E0.97371
G0 F1320 X35.989 Y62.44
G1 F480 X60.87 Y37.559 E0.97371
G0 F1320 X61.436 Y37.559
G1 F480 X36.555 Y62.44 E0.97371
G0 F1320 X37.12 Y62.44
G1 F480 X62.001 Y37.559 E0.97371
G0 F1320 X62.567 Y37.559
G1 F480 X37.686 Y62.44 E0.97371
G0 F1320 X38.252 Y62.44
G1 F480 X63.133 Y37.559 E0.97371
G0 F1320 X63.698 Y37.559
G1 F480 X38.817 Y62.44 E0.97371
G0 F1320 X39.383 Y62.44
G1 F480 X64.264 Y37.559 E0.97371
G0 F1320 X64.83 Y37.559
G1 F480 X39.949 Y62.44 E0.97371
G0 F1320 X40.514 Y62.44
G1 F480 X65.395 Y37.559 E0.97371
G0 F1320 X65.961 Y37.559
G1 F480 X41.08 Y62.44 E0.97371
G0 F1320 X41.646 Y62.44
G1 F480 X66.527 Y37.559 E0.97371
G0 F1320 X67.092 Y37.559
G1 F480 X42.211 Y62.44 E0.97371
G0 F1320 X42.777 Y62.44
G1 F480 X67.658 Y37.559 E0.97371
G0 F1320 X68.224 Y37.559
G1 F480 X43.343 Y62.44 E0.97371
G0 F1320 X43.909 Y62.44
G1 F480 X68.789 Y37.559 E0.97369
G0 F1320 X69.355 Y37.559
G1 F480 X44.474 Y62.44 E0.97371
G0 F1320 X45.04 Y62.44
G1 F480 X69.921 Y37.559 E0.97371
G0 F1320 X70.487 Y37.559
G1 F480 X45.606 Y62.44 E0.97371
G0 F1320 X46.171 Y62.44
G1 F480 X71.052 Y37.559 E0.97371
G0 F1320 X71.618 Y37.559
G1 F480 X46.737 Y62.44 E0.97371
G0 F1320 X47.303 Y62.44
G1 F480 X72.184 Y37.559 E0.97371
G0 F1320 X72.749 Y37.559
G1 F480 X47.868 Y62.44 E0.97371
G0 F1320 X48.434 Y62.44
G1 F480 X73.315 Y37.559 E0.97371
G0 F1320 X73.881 Y37.559
G1 F480 X49 Y62.44 E0.97371
G0 F1320 X49.565 Y62.44
G1 F480 X74.446 Y37.559 E0.97371
G0 F1320 X75.012 Y37.559
G1 F480 X50.131 Y62.44 E0.97371
G0 F1320 X50.697 Y62.44
G1 F480 X75.578 Y37.559 E0.97371
G0 F1320 X76.143 Y37.559
G1 F480 X51.262 Y62.44 E0.97371
G0 F1320 X51.828 Y62.44
G1 F480 X76.709 Y37.559 E0.97371
G0 F1320 X77.275 Y37.559
G1 F480 X52.394 Y62.44 E0.97371
G0 F1320 X52.959 Y62.44
G1 F480 X77.84 Y37.559 E0.97371
G0 F1320 X78.406 Y37.559
G1 F480 X53.525 Y62.44 E0.97371
G0 F1320 X54.091 Y62.44
G1 F480 X78.972 Y37.559 E0.97371
G0 F1320 X79.537 Y37.559
G1 F480 X54.657 Y62.44 E0.97369
G0 F1320 X55.222 Y62.44
G1 F480 X79.94 Y37.723 E0.96731
G0 F1320 X79.94 Y38.288
G1 F480 X55.788 Y62.44 E0.94518
G0 F1320 X56.354 Y62.44
G1 F480 X79.94 Y38.854 E0.92303
G0 F1320 X79.94 Y39.42
G1 F480 X56.919 Y62.44 E0.9009
G0 F1320 X57.485 Y62.44
G1 F480 X79.94 Y39.985 E0.87877
G0 F1320 X79.94 Y40.551
G1 F480 X58.051 Y62.44 E0.85662
G0 F1320 X58.616 Y62.44
G1 F480 X79.94 Y41.117 E0.83449
G0 F1320 X79.94 Y41.683
G1 F480 X59.182 Y62.44 E0.81234
G0 F1320 X59.748 Y62.44
G1 F480 X79.94 Y42.248 E0.79021
G0 F1320 X79.94 Y42.814
G1 F480 X60.313 Y62.44 E0.76808
G0 F1320 X60.879 Y62.44
G1 F480 X79.94 Y43.38 E0.74593
G0 F1320 X79.94 Y43.945
G1 F480 X61.445 Y62.44 E0.7238
G0 F1320 X62.01 Y62.44
G1 F480 X79.94 Y44.511 E0.70167
G0 F1320 X79.94 Y45.077
G1 F480 X62.576 Y62.44 E0.67952
G0 F1320 X63.142 Y62.44
G1 F480 X79.94 Y45.642 E0.65739
G0 F1320 X79.94 Y46.208
G1 F480 X63.707 Y62.44 E0.63525
G0 F1320 X64.273 Y62.44
G1 F480 X79.94 Y46.774 E0.6131
G0 F1320 X79.94 Y47.339
G1 F480 X64.839 Y62.44 E0.59097
G0 F1320 X65.405 Y62.44
G1 F480 X79.94 Y47.905 E0.56882
G0 F1320 X79.94 Y48.471
G1 F480 X65.97 Y62.44 E0.54669
G0 F1320 X66.536 Y62.44
G1 F480 X79.94 Y49.036 E0.52456
G0 F1320 X79.94 Y49.602
G1 F480 X67.102 Y62.44 E0.50241
G0 F1320 X67.667 Y62.44
G1 F480 X79.94 Y50.168 E0.48028
G0 F1320 X79.94 Y50.733
G1 F480 X68.233 Y62.44 E0.45815
G0 F1320 X68.799 Y62.44
G1 F480 X79.94 Y51.299 E0.436
G0 F1320 X79.94 Y51.865
G1 F480 X69.364 Y62.44 E0.41387
G0 F1320 X69.93 Y62.44
G1 F480 X79.94 Y52.431 E0.39172
G0 F1320 X79.94 Y52.996
G1 F480 X70.496 Y62.44 E0.36959
G0 F1320 X71.061 Y62.44
G1 F480 X79.94 Y53.562 E0.34746
G0 F1320 X79.94 Y54.128
G1 F480 X71.627 Y62.44 E0.32531
G0 F1320 X72.193 Y62.44
G1 F480 X79.94 Y54.693 E0.30318
G0 F1320 X79.94 Y55.259
G1 F480 X72.758 Y62.44 E0.28105
G0 F1320 X73.324 Y62.44
G1 F480 X79.94 Y55.825 E0.2589
G0 F1320 X79.94 Y56.39
G1 F480 X73.89 Y62.44 E0.23677
G0 F1320 X74.456 Y62.44
G1 F480 X79.94 Y56.956 E0.21461
G0 F1320 X79.94 Y57.522
G1 F480 X75.021 Y62.44 E0.19248
G0 F1320 X75.587 Y62.44
G1 F480 X79.94 Y58.087 E0.17035
G0 F1320 X79.94 Y58.653
G1 F480 X76.153 Y62.44 E0.1482
G0 F1320 X76.718 Y62.44
G1 F480 X79.94 Y59.219 E0.12607
G0 F1320 X79.94 Y59.784
G1 F480 X77.284 Y62.44 E0.10394
G0 F1320 X77.85 Y62.44
G1 F480 X79.94 Y60.35 E0.08179
G0 F1320 X79.94 Y60.916
G1 F480 X78.415 Y62.44 E0.05966
G0 F1320 X78.981 Y62.44
G1 F480 X79.94 Y61.482 E0.03751
G0 F1320 X79.94 Y62.047
G1 F480 X79.547 Y62.44 E0.01538
;MESH:NONMESH
G0 F600 X79.547 Y62.44 Z2.44
G0 F1320 X37.762 Y41.229
;TIME_ELAPSED:7420.708110
;LAYER:14
M204 P200
;TYPE:WALL-INNER
;MESH:LoRAtop.STL
G1 F480 X38.111 Y42.01 E0.02344
G1 X38.193 Y42.34 E0.00932
G1 X38.253 Y43.1 E0.02089
G1 X38.22 Y43.439 E0.00933
G1 X38.032 Y44.201 E0.02151
G1 X37.885 Y44.515 E0.0095
G1 X37.466 Y45.131 E0.02042
G1 X37.232 Y45.395 E0.00967
G1 X36.572 Y45.864 E0.02219
G1 X36.312 Y45.995 E0.00798
G1 X35.488 Y46.263 E0.02375
G1 X34.691 Y46.29 E0.02186
G1 X33.868 Y46.1 E0.02315
G1 X33.594 Y45.99 E0.00809
G1 X32.908 Y45.572 E0.02202
G1 X32.636 Y45.336 E0.00987
G1 X32.161 Y44.736 E0.02097
G1 X32.013 Y44.475 E0.00822
G1 X31.737 Y43.732 E0.02172
G1 X31.676 Y43.386 E0.00963
G1 X31.676 Y42.602 E0.02149
G1 X31.732 Y42.265 E0.00936
G1 X32.01 Y41.497 E0.02238
G1 X32.303 Y41.036 E0.01497
G1 X32.592 Y40.705 E0.01204
G1 X33.121 Y40.232 E0.01945
G1 X33.502 Y40.039 E0.01171
G1 X33.974 Y39.851 E0.01392
G1 X34.399 Y39.731 E0.0121
G1 X35.148 Y39.704 E0.02054
G1 X35.675 Y39.782 E0.0146
G1 X36.159 Y39.93 E0.01387
G1 X36.579 Y40.12 E0.01263
G1 X37.147 Y40.536 E0.0193
G1 X37.495 Y40.896 E0.01372
G1 X37.762 Y41.229 E0.0117
G0 F1320 X37.774 Y42.237
G1 F480 X37.852 Y43.098 E0.02369
G1 X37.827 Y43.368 E0.00743
G1 X37.653 Y44.05 E0.01929
G1 X37.558 Y44.271 E0.00659
G1 X37.139 Y44.911 E0.02096
G1 X36.945 Y45.101 E0.00744
G1 X36.363 Y45.523 E0.0197
G1 X36.161 Y45.625 E0.0062
G1 X35.382 Y45.868 E0.02236
G1 X34.765 Y45.889 E0.01692
G1 X33.867 Y45.699 E0.02516
G1 X33.144 Y45.248 E0.02335
G1 X32.963 Y45.091 E0.00657
G1 X32.491 Y44.51 E0.02052
G1 X32.376 Y44.307 E0.00639
G1 X32.122 Y43.621 E0.02005
G1 X32.075 Y43.348 E0.00759
G1 X32.084 Y42.465 E0.0242
G1 X32.371 Y41.672 E0.02311
G1 X32.634 Y41.261 E0.01337
G1 X32.859 Y41.004 E0.00936
G1 X33.42 Y40.503 E0.02061
G1 X34.122 Y40.223 E0.02071
G1 X34.456 Y40.129 E0.00951
G1 X35.148 Y40.104 E0.01898
G1 X35.558 Y40.165 E0.01136
G1 X36.042 Y40.313 E0.01387
G1 X36.589 Y40.597 E0.01689
G1 X36.859 Y40.814 E0.00949
G1 X37.377 Y41.35 E0.02043
G1 X37.774 Y42.237 E0.02663
G0 F1320 X37.254 Y44.017
G1 F480 X36.767 Y44.741 E0.02391
G1 X36.085 Y45.236 E0.0231
G1 X35.361 Y45.458 E0.02075
G1 X34.758 Y45.48 E0.01654
G1 X34.022 Y45.318 E0.02065
G1 X33.293 Y44.873 E0.02341
G1 X32.762 Y44.216 E0.02315
G1 X32.482 Y43.418 E0.02318
G1 X32.481 Y42.54 E0.02406
G1 X32.755 Y41.809 E0.0214
G1 X33.125 Y41.302 E0.0172
G1 X33.633 Y40.849 E0.01865
G1 X34.434 Y40.53 E0.02363
G1 X35.148 Y40.504 E0.01958
G1 X35.441 Y40.547 E0.00812
G1 X36.071 Y40.74 E0.01806
G1 X36.571 Y41.092 E0.01676
G1 X37.041 Y41.579 E0.01855
G1 X37.385 Y42.345 E0.02301
G1 X37.454 Y43.212 E0.02384
G1 X37.254 Y44.017 E0.02273
G0 F1320 X37.31 Y43.191
G0 X36.915 Y41.67
G0 X36.16 Y40.979
G0 X35.318 Y40.605
G0 X35.227 Y40.9
G1 F480 X35.894 Y41.104 E0.01912
G1 X36.284 Y41.37 E0.01294
G1 X36.703 Y41.804 E0.01653
G1 X36.995 Y42.453 E0.0195
G1 X37.052 Y43.177 E0.0199
G1 X36.878 Y43.859 E0.01929
G1 X36.475 Y44.46 E0.01983
G1 X35.883 Y44.879 E0.01988
G1 X35.276 Y45.067 E0.01742
G1 X34.828 Y45.09 E0.01229
G1 X34.174 Y44.943 E0.01837
G1 X33.571 Y44.576 E0.01935
G1 X33.121 Y44.02 E0.0196
G1 X32.875 Y43.349 E0.01959
G1 X32.879 Y42.635 E0.01957
G1 X33.112 Y41.989 E0.01882
G1 X33.332 Y41.654 E0.01098
G1 X33.846 Y41.194 E0.0189
G1 X34.496 Y40.935 E0.01918
G1 X35.227 Y40.9 E0.02006
G0 F1320 X35.318 Y40.605
G0 X80.5 Y37
G1 F480 X19.5 Y37 E1.67179
G1 X19.5 Y63 E0.71257
G1 X80.5 Y63 E1.67179
G1 X80.5 Y37 E0.71257
G0 F1320 X19.1 Y63.4
G1 F480 X80.9 Y63.4 E1.69371
G1 X80.9 Y36.6 E0.73449
G1 X19.1 Y36.6 E1.69371
G1 X19.1 Y63.4 E0.73449
G0 F1320 X18.7 Y63.8
G1 F480 X81.3 Y63.8 E1.71564
G1 X81.3 Y36.2 E0.75642
G1 X18.7 Y36.2 E1.71564
G1 X18.7 Y63.8 E0.75642
G0 F1320 X18.3 Y64.2
G1 F480 X81.7 Y64.2 E1.73756
G1 X81.7 Y35.8 E0.77834
G1 X18.3 Y35.8 E1.73756
G1 X18.3 Y64.2 E0.77834
G0 F1320 X17.9 Y64.6
M204 P150
;TYPE:WALL-OUTER
G1 F480 X82.1 Y64.6 E1.74241
G1 X82.1 Y35.4 E0.7925
G1 X17.9 Y35.4 E1.74241
G1 X17.9 Y64.6 E0.7925
G0 F1320 X18.1 Y64.6
G0 X18.58 Y63.92
G0 X33.19 Y41.365
G0 X33.658 Y41.898
G1 F480 X34.059 Y41.54 E0.01459
G1 X34.605 Y41.327 E0.01591
G1 X35.178 Y41.303 E0.01557
G1 X35.738 Y41.481 E0.01595
G1 X35.996 Y41.648 E0.00834
G1 X36.368 Y42.033 E0.01453
G1 X36.6 Y42.553 E0.01545
G1 X36.651 Y43.136 E0.01588
G1 X36.51 Y43.684 E0.01536
G1 X36.187 Y44.173 E0.01591
G1 X35.708 Y44.514 E0.01596
G1 X35.173 Y44.679 E0.01519
G1 X34.865 Y44.687 E0.00836
G1 X34.34 Y44.572 E0.01459
G1 X33.824 Y44.256 E0.01642
G1 X33.47 Y43.818 E0.01528
G1 X33.278 Y43.279 E0.01553
G1 X33.28 Y42.692 E0.01593
G1 X33.469 Y42.169 E0.01509
G1 X33.658 Y41.898 E0.00897
G0 F1320 X33.807 Y41.765
G0 X33.34 Y41.233
G0 X19.86 Y62.64
M204 P180
;TYPE:SKIN
G1 F480 X19.86 Y37.36 E0.69956
G1 X80.14 Y37.36 E1.66809
G1 X80.14 Y62.64 E0.69956
G1 X19.86 Y62.64 E1.66809
G0 F1320 X33.148 Y41.483
G0 X36.287 Y39.593
G1 F480 X35.788 Y39.437 E0.01447
G1 X35.173 Y39.346 E0.0172
G1 X34.341 Y39.374 E0.02304
G1 X33.857 Y39.511 E0.01392
G1 X32.918 Y39.925 E0.0284
G1 X32.35 Y40.435 E0.02112
G1 X31.998 Y40.836 E0.01477
G1 X31.676 Y41.355 E0.0169
G1 X31.384 Y42.159 E0.02367
G1 X31.316 Y42.588 E0.01202
G1 X31.318 Y43.434 E0.02341
G1 X31.382 Y43.81 E0.01055
G1 X31.676 Y44.607 E0.02351
G1 X31.87 Y44.948 E0.01086
G1 X32.358 Y45.568 E0.02183
G1 X32.689 Y45.862 E0.01225
G1 X33.377 Y46.287 E0.02238
G1 X33.822 Y46.464 E0.01325
G1 X34.589 Y46.626 E0.02169
G1 X35.235 Y46.639 E0.01788
G1 X35.668 Y46.58 E0.01209
G1 X36.515 Y46.311 E0.02459
G1 X36.907 Y46.07 E0.01273
G1 X37.419 Y45.694 E0.01758
G1 X37.749 Y45.35 E0.01319
G1 X38.17 Y44.729 E0.02076
G1 X38.365 Y44.342 E0.01199
G1 X38.571 Y43.516 E0.02356
G1 X38.608 Y43.101 E0.01153
G1 X38.552 Y42.301 E0.02219
G1 X38.459 Y41.908 E0.01118
G1 X38.083 Y41.062 E0.02562
G1 X37.756 Y40.648 E0.0146
G1 X37.4 Y40.28 E0.01417
G1 X36.783 Y39.822 E0.02126
G1 X36.287 Y39.593 E0.01512
G0 F1320 X33.72 Y40.98
G0 X20.06 Y61.921
G1 F480 X20.579 Y62.44 E0.02031
G0 F1320 X21.145 Y62.44
G1 F480 X20.06 Y61.355 E0.04246
G0 F1320 X20.06 Y60.789
G1 F480 X21.71 Y62.44 E0.06459
G0 F1320 X22.276 Y62.44
G1 F480 X20.06 Y60.224 E0.08672
G0 F1320 X20.06 Y59.658
G1 F480 X22.842 Y62.44 E0.10887
G0 F1320 X23.407 Y62.44
G1 F480 X20.06 Y59.092 E0.131
G0 F1320 X20.06 Y58.527
G1 F480 X23.973 Y62.44 E0.15313
G0 F1320 X24.539 Y62.44
G1 F480 X20.06 Y57.961 E0.17528
G0 F1320 X20.06 Y57.395
G1 F480 X25.104 Y62.44 E0.19742
G0 F1320 X25.67 Y62.44
G1 F480 X20.06 Y56.829 E0.21957
G0 F1320 X20.06 Y56.264
G1 F480 X26.236 Y62.44 E0.2417
G0 F1320 X26.801 Y62.44
G1 F480 X20.06 Y55.698 E0.26383
G0 F1320 X20.06 Y55.132
G1 F480 X27.367 Y62.44 E0.28598
G0 F1320 X27.933 Y62.44
G1 F480 X20.06 Y54.567 E0.30811
G0 F1320 X20.06 Y54.001
G1 F480 X28.499 Y62.44 E0.33026
G0 F1320 X29.064 Y62.44
G1 F480 X20.06 Y53.435 E0.35239
G0 F1320 X20.06 Y52.87
G1 F480 X29.63 Y62.44 E0.37452
G0 F1320 X30.196 Y62.44
G1 F480 X20.06 Y52.304 E0.39667
G0 F1320 X20.06 Y51.738
G1 F480 X30.761 Y62.44 E0.4188
G0 F1320 X31.327 Y62.44
G1 F480 X20.06 Y51.173 E0.44093
G0 F1320 X20.06 Y50.607
G1 F480 X31.893 Y62.44 E0.46308
G0 F1320 X32.458 Y62.44
G1 F480 X20.06 Y50.041 E0.48521
G0 F1320 X20.06 Y49.476
G1 F480 X33.024 Y62.44 E0.50734
G0 F1320 X33.59 Y62.44
G1 F480 X20.06 Y48.91 E0.52949
G0 F1320 X20.06 Y48.344
G1 F480 X34.155 Y62.44 E0.55162
G0 F1320 X34.721 Y62.44
G1 F480 X20.06 Y47.778 E0.57377
G0 F1320 X20.06 Y47.213
G1 F480 X35.287 Y62.44 E0.5959
G0 F1320 X35.852 Y62.44
G1 F480 X20.06 Y46.647 E0.61804
G0 F1320 X20.06 Y46.081
G1 F480 X36.418 Y62.44 E0.64019
G0 F1320 X36.984 Y62.44
G1 F480 X20.06 Y45.516 E0.66232
G0 F1320 X20.06 Y44.95
G1 F480 X37.549 Y62.44 E0.68445
G0 F1320 X38.115 Y62.44
G1 F480 X20.06 Y44.384 E0.7066
G0 F1320 X20.06 Y43.819
G1 F480 X38.681 Y62.44 E0.72873
G0 F1320 X39.247 Y62.44
G1 F480 X20.06 Y43.253 E0.75088
G0 F1320 X20.06 Y42.687
G1 F480 X39.812 Y62.44 E0.77301
G0 F1320 X40.378 Y62.44
G1 F480 X20.06 Y42.122 E0.79514
G0 F1320 X20.06 Y41.556
G1 F480 X40.944 Y62.44 E0.81729
G0 F1320 X41.509 Y62.44
G1 F480 X20.06 Y40.99 E0.83942
G0 F1320 X20.06 Y40.425
G1 F480 X42.075 Y62.44 E0.86155
G0 F1320 X42.641 Y62.44
G1 F480 X20.06 Y39.859 E0.8837
G0 F1320 X20.06 Y39.293
G1 F480 X43.206 Y62.44 E0.90583
G0 F1320 X43.772 Y62.44
G1 F480 X20.06 Y38.728 E0.92796
G0 F1320 X20.06 Y38.162
G1 F480 X44.338 Y62.44 E0.95011
G0 F1320 X44.903 Y62.44
G1 F480 X20.06 Y37.596 E0.97224
G0 F1320 X20.59 Y37.56
G1 F480 X45.469 Y62.44 E0.97365
G0 F1320 X46.035 Y62.44
G1 F480 X21.155 Y37.56 E0.97367
G0 F1320 X21.721 Y37.56
G1 F480 X46.6 Y62.44 E0.97365
G0 F1320 X47.166 Y62.44
G1 F480 X22.287 Y37.56 E0.97365
G0 F1320 X22.852 Y37.56
G1 F480 X47.732 Y62.44 E0.97367
G0 F1320 X48.298 Y62.44
G1 F480 X23.418 Y37.56 E0.97367
G0 F1320 X23.984 Y37.56
G1 F480 X48.863 Y62.44 E0.97365
G0 F1320 X49.429 Y62.44
G1 F480 X33.562 Y46.573 E0.62095
G0 F1320 X34.33 Y46.775
G1 F480 X49.995 Y62.44 E0.61305
G0 F1320 X50.56 Y62.44
G1 F480 X34.955 Y46.835 E0.6107
G0 F1320 X35.492 Y46.806
G1 F480 X51.126 Y62.44 E0.61183
G0 F1320 X51.692 Y62.44
G1 F480 X35.951 Y46.699 E0.61602
G0 F1320 X36.379 Y46.562
G1 F480 X52.257 Y62.44 E0.62138
G0 F1320 X52.823 Y62.44
G1 F480 X36.772 Y46.388 E0.62817
G0 F1320 X37.114 Y46.165
G1 F480 X53.389 Y62.44 E0.63692
G0 F1320 X53.954 Y62.44
G1 F480 X37.44 Y45.925 E0.64629
G0 F1320 X37.735 Y45.654
G1 F480 X54.52 Y62.44 E0.6569
G0 F1320 X55.086 Y62.44
G1 F480 X37.992 Y45.346 E0.66897
G0 F1320 X38.221 Y45.009
G1 F480 X55.651 Y62.44 E0.68214
G0 F1320 X56.217 Y62.44
G1 F480 X38.431 Y44.653 E0.69607
G0 F1320 X38.595 Y44.251
G1 F480 X56.783 Y62.44 E0.7118
G0 F1320 X57.348 Y62.44
G1 F480 X38.707 Y43.798 E0.72953
G0 F1320 X38.788 Y43.314
G1 F480 X57.914 Y62.44 E0.74849
G0 F1320 X58.48 Y62.44
G1 F480 X38.781 Y42.741 E0.77092
G0 F1320 X38.708 Y42.103
G1 F480 X59.046 Y62.44 E0.7959
G0 F1320 X59.611 Y62.44
G1 F480 X38.354 Y41.183 E0.83189
G1 X38.284 Y41.113
G0 F1320 X36.76 Y39.588
G1 F480 X34.732 Y37.56 E0.07937
G0 F1320 X35.297 Y37.56
G1 F480 X60.177 Y62.44 E0.97367
G0 F1320 X60.743 Y62.44
G1 F480 X35.863 Y37.56 E0.97367
G0 F1320 X36.429 Y37.56
G1 F480 X61.308 Y62.44 E0.97365
G0 F1320 X61.874 Y62.44
G1 F480 X36.994 Y37.56 E0.97367
G0 F1320 X37.56 Y37.56
G1 F480 X62.44 Y62.44 E0.97367
G0 F1320 X63.005 Y62.44
G1 F480 X38.126 Y37.56 E0.97365
G0 F1320 X38.691 Y37.56
G1 F480 X63.571 Y62.44 E0.97367
G0 F1320 X64.137 Y62.44
G1 F480 X39.257 Y37.56 E0.97367
G0 F1320 X39.823 Y37.56
G1 F480 X64.702 Y62.44 E0.97365
G0 F1320 X65.268 Y62.44
G1 F480 X40.389 Y37.56 E0.97365
G0 F1320 X40.954 Y37.56
G1 F480 X65.834 Y62.44 E0.97367
G0 F1320 X66.399 Y62.44
G1 F480 X41.52 Y37.56 E0.97365
G0 F1320 X42.086 Y37.56
G1 F480 X66.965 Y62.44 E0.97365
G0 F1320 X67.531 Y62.44
G1 F480 X42.651 Y37.56 E0.97367
G0 F1320 X43.217 Y37.56
G1 F480 X68.097 Y62.44 E0.97367
G0 F1320 X68.662 Y62.44
G1 F480 X43.783 Y37.56 E0.97365
G0 F1320 X44.348 Y37.56
G1 F480 X69.228 Y62.44 E0.97367
G0 F1320 X69.794 Y62.44
G1 F480 X44.914 Y37.56 E0.97367
G0 F1320 X45.48 Y37.56
G1 F480 X70.359 Y62.44 E0.97365
G0 F1320 X70.925 Y62.44
G1 F480 X46.045 Y37.56 E0.97367
G0 F1320 X46.611 Y37.56
G1 F480 X71.491 Y62.44 E0.97367
G0 F1320 X72.056 Y62.44
G1 F480 X47.177 Y37.56 E0.97365
G0 F1320 X47.742 Y37.56
G1 F480 X72.622 Y62.44 E0.97367
G0 F1320 X73.188 Y62.44
G1 F480 X48.308 Y37.56 E0.97367
G0 F1320 X48.874 Y37.56
G1 F480 X73.753 Y62.44 E0.97365
G0 F1320 X74.319 Y62.44
G1 F480 X49.439 Y37.56 E0.97367
G0 F1320 X50.005 Y37.56
G1 F480 X74.885 Y62.44 E0.97367
G0 F1320 X75.45 Y62.44
G1 F480 X50.571 Y37.56 E0.97365
G0 F1320 X51.137 Y37.56
G1 F480 X76.016 Y62.44 E0.97365
G0 F1320 X76.582 Y62.44
G1 F480 X51.702 Y37.56 E0.97367
G0 F1320 X52.268 Y37.56
G1 F480 X77.147 Y62.44 E0.97365
G0 F1320 X77.713 Y62.44
G1 F480 X52.834 Y37.56 E0.97365
G0 F1320 X53.399 Y37.56
G1 F480 X78.279 Y62.44 E0.97367
G0 F1320 X78.845 Y62.44
G1 F480 X53.965 Y37.56 E0.97367
G0 F1320 X54.531 Y37.56
G1 F480 X79.41 Y62.44 E0.97365
G0 F1320 X79.94 Y62.404
G1 F480 X55.096 Y37.56 E0.97226
G0 F1320 X55.662 Y37.56
G1 F480 X79.94 Y61.838 E0.95011
G0 F1320 X79.94 Y61.272
G1 F480 X56.228 Y37.56 E0.92796
G0 F1320 X56.793 Y37.56
G1 F480 X79.94 Y60.707 E0.90585
G0 F1320 X79.94 Y60.141
G1 F480 X57.359 Y37.56 E0.8837
G0 F1320 X57.925 Y37.56
G1 F480 X79.94 Y59.575 E0.86155
G0 F1320 X79.94 Y59.009
G1 F480 X58.49 Y37.56 E0.83942
G0 F1320 X59.056 Y37.56
G1 F480 X79.94 Y58.444 E0.81729
G0 F1320 X79.94 Y57.878
G1 F480 X59.622 Y37.56 E0.79514
G0 F1320 X60.188 Y37.56
G1 F480 X79.94 Y57.312 E0.77299
G0 F1320 X79.94 Y56.747
G1 F480 X60.753 Y37.56 E0.75088
G0 F1320 X61.319 Y37.56
G1 F480 X79.94 Y56.181 E0.72873
G0 F1320 X79.94 Y55.615
G1 F480 X61.885 Y37.56 E0.70658
G0 F1320 X62.45 Y37.56
G1 F480 X79.94 Y55.05 E0.68447
G0 F1320 X79.94 Y54.484
G1 F480 X63.016 Y37.56 E0.66232
G0 F1320 X63.582 Y37.56
G1 F480 X79.94 Y53.918 E0.64017
G0 F1320 X79.94 Y53.353
G1 F480 X64.147 Y37.56 E0.61805
G0 F1320 X64.713 Y37.56
G1 F480 X79.94 Y52.787 E0.5959
G0 F1320 X79.94 Y52.221
G1 F480 X65.279 Y37.56 E0.57375
G0 F1320 X65.844 Y37.56
G1 F480 X79.94 Y51.656 E0.55164
G0 F1320 X79.94 Y51.09
G1 F480 X66.41 Y37.56 E0.52949
G0 F1320 X66.976 Y37.56
G1 F480 X79.94 Y50.524 E0.50734
G0 F1320 X79.94 Y49.959
G1 F480 X67.541 Y37.56 E0.48523
G0 F1320 X68.107 Y37.56
G1 F480 X79.94 Y49.393 E0.46308
G0 F1320 X79.94 Y48.827
G1 F480 X68.673 Y37.56 E0.44093
G0 F1320 X69.238 Y37.56
G1 F480 X79.94 Y48.261 E0.4188
G0 F1320 X79.94 Y47.696
G1 F480 X69.804 Y37.56 E0.39667
G0 F1320 X70.37 Y37.56
G1 F480 X79.94 Y47.13 E0.37452
G0 F1320 X79.94 Y46.564
G1 F480 X70.936 Y37.56 E0.35237
G0 F1320 X71.501 Y37.56
G1 F480 X79.94 Y45.999 E0.33026
G0 F1320 X79.94 Y45.433
G1 F480 X72.067 Y37.56 E0.30811
G0 F1320 X72.633 Y37.56
G1 F480 X79.94 Y44.867 E0.28596
G0 F1320 X79.94 Y44.302
G1 F480 X73.198 Y37.56 E0.26385
G0 F1320 X73.764 Y37.56
G1 F480 X79.94 Y43.736 E0.2417
G0 F1320 X79.94 Y43.17
G1 F480 X74.33 Y37.56 E0.21955
G0 F1320 X74.895 Y37.56
G1 F480 X79.94 Y42.605 E0.19743
G0 F1320 X79.94 Y42.039
G1 F480 X75.461 Y37.56 E0.17528
G0 F1320 X76.027 Y37.56
G1 F480 X79.94 Y41.473 E0.15313
G0 F1320 X79.94 Y40.908
G1 F480 X76.592 Y37.56 E0.13102
G0 F1320 X77.158 Y37.56
G1 F480 X79.94 Y40.342 E0.10887
G0 F1320 X79.94 Y39.776
G1 F480 X77.724 Y37.56 E0.08672
G0 F1320 X78.289 Y37.56
G1 F480 X79.94 Y39.21 E0.06459
G0 F1320 X79.94 Y38.645
G1 F480 X78.855 Y37.56 E0.04246
G0 F1320 X79.421 Y37.56
G1 F480 X79.94 Y38.079 E0.02031
G0 F1320 X35.86 Y39.254
G1 F480 X34.166 Y37.56 E0.06629
G0 F1320 X33.6 Y37.56
G1 F480 X35.19 Y39.15 E0.06222
G0 F1320 X34.638 Y39.164
G1 F480 X33.035 Y37.56 E0.06275
G0 F1320 X32.469 Y37.56
G1 F480 X34.134 Y39.225 E0.06516
G0 F1320 X33.704 Y39.361
G1 F480 X31.903 Y37.56 E0.07048
G0 F1320 X31.338 Y37.56
G1 F480 X33.311 Y39.534 E0.07723
G0 F1320 X32.918 Y39.706
G1 F480 X30.772 Y37.56 E0.08398
G0 F1320 X30.206 Y37.56
G1 F480 X32.593 Y39.947 E0.09341
G0 F1320 X32.295 Y40.215
G1 F480 X29.641 Y37.56 E0.10388
G0 F1320 X29.075 Y37.56
G1 F480 X32.023 Y40.508 E0.11537
G0 F1320 X31.771 Y40.822
G1 F480 X28.509 Y37.56 E0.12766
G0 F1320 X27.943 Y37.56
G1 F480 X31.553 Y41.169 E0.14126
G0 F1320 X31.386 Y41.569
G1 F480 X27.378 Y37.56 E0.15687
G0 F1320 X26.812 Y37.56
G1 F480 X31.236 Y41.984 E0.17313
G0 F1320 X31.135 Y42.448
G1 F480 X26.246 Y37.56 E0.19131
G0 F1320 X25.681 Y37.56
G1 F480 X31.12 Y43 E0.21287
G0 F1320 X31.141 Y43.586
G1 F480 X25.115 Y37.56 E0.23583
G0 F1320 X24.549 Y37.56
G1 F480 X31.384 Y44.394 E0.26747
G1 X31.454 Y44.464
;MESH:NONMESH
G0 F600 X31.454 Y44.464 Z2.6
G0 F1320 X33.974 Y39.851
;TIME_ELAPSED:8041.698768
;LAYER:15
M204 P200
;TYPE:WALL-INNER
;MESH:LoRAtop.STL
G1 F480 X34.399 Y39.731 E0.0121
G1 X35.148 Y39.704 E0.02054
G1 X35.675 Y39.782 E0.0146
G1 X36.159 Y39.93 E0.01387
G1 X36.579 Y40.12 E0.01263
G1 X37.147 Y40.536 E0.0193
G1 X37.495 Y40.896 E0.01372
G1 X37.762 Y41.229 E0.0117
G1 X38.111 Y42.01 E0.02344
G1 X38.193 Y42.34 E0.00932
G1 X38.253 Y43.1 E0.02089
G1 X38.22 Y43.439 E0.00933
G1 X38.032 Y44.201 E0.02151
G1 X37.885 Y44.515 E0.0095
G1 X37.466 Y45.131 E0.02042
G1 X37.232 Y45.395 E0.00967
G1 X36.572 Y45.864 E0.02219
G1 X36.312 Y45.995 E0.00798
G1 X35.488 Y46.263 E0.02375
G1 X34.691 Y46.29 E0.02186
G1 X33.868 Y46.1 E0.02315
G1 X33.594 Y45.99 E0.00809
G1 X32.908 Y45.572 E0.02202
G1 X32.636 Y45.336 E0.00987
G1 X32.161 Y44.736 E0.02097
G1 X32.013 Y44.475 E0.00822
G1 X31.737 Y43.732 E0.02172
G1 X31.676 Y43.386 E0.00963
G1 X31.676 Y42.602 E0.02149
G1 X31.732 Y42.265 E0.00936
G1 X32.01 Y41.497 E0.02238
G1 X32.303 Y41.036 E0.01497
G1 X32.592 Y40.705 E0.01204
G1 X33.121 Y40.232 E0.01945
G1 X33.502 Y40.039 E0.01171
G1 X33.974 Y39.851 E0.01392
G0 F1320 X32.634 Y41.261
G1 F480 X32.859 Y41.004 E0.00936
G1 X33.42 Y40.503 E0.02061
G1 X34.122 Y40.223 E0.02071
G1 X34.456 Y40.129 E0.00951
G1 X35.148 Y40.104 E0.01898
G1 X35.558 Y40.165 E0.01136
G1 X36.042 Y40.313 E0.01387
G1 X36.589 Y40.597 E0.01689
G1 X36.859 Y40.814 E0.00949
G1 X37.377 Y41.35 E0.02043
G1 X37.774 Y42.237 E0.02663
G1 X37.852 Y43.098 E0.02369
G1 X37.827 Y43.368 E0.00743
G1 X37.653 Y44.05 E0.01929
G1 X37.558 Y44.271 E0.00659
G1 X37.139 Y44.911 E0.02096
G1 X36.945 Y45.101 E0.00744
G1 X36.363 Y45.523 E0.0197
G1 X36.161 Y45.625 E0.0062
G1 X35.382 Y45.868 E0.02236
G1 X34.765 Y45.889 E0.01692
G1 X33.867 Y45.699 E0.02516
G1 X33.144 Y45.248 E0.02335
G1 X32.963 Y45.091 E0.00657
G1 X32.491 Y44.51 E0.02052
G1 X32.376 Y44.307 E0.00639
G1 X32.122 Y43.621 E0.02005
G1 X32.075 Y43.348 E0.00759
G1 X32.084 Y42.465 E0.0242
G1 X32.371 Y41.672 E0.02311
G1 X32.634 Y41.261 E0.01337
G0 F1320 X32.755 Y41.809
G1 F480 X33.125 Y41.302 E0.0172
G1 X33.633 Y40.849 E0.01865
G1 X34.434 Y40.53 E0.02363
G1 X35.148 Y40.504 E0.01958
G1 X35.441 Y40.547 E0.00812
G1 X36.071 Y40.74 E0.01806
G1 X36.571 Y41.092 E0.01676
G1 X37.041 Y41.579 E0.01855
G1 X37.385 Y42.345 E0.02301
G1 X37.454 Y43.212 E0.02384
G1 X37.254 Y44.017 E0.02273
G1 X36.767 Y44.741 E0.02391
G1 X36.085 Y45.236 E0.0231
G1 X35.361 Y45.458 E0.02075
G1 X34.758 Y45.48 E0.01654
G1 X34.022 Y45.318 E0.02065
G1 X33.293 Y44.873 E0.02341
G1 X32.762 Y44.216 E0.02315
G1 X32.482 Y43.418 E0.02318
G1 X32.481 Y42.54 E0.02406
G1 X32.755 Y41.809 E0.0214
G0 F1320 X33.72 Y40.98
G0 X35.257 Y40.65
G0 X36.388 Y41.12
G0 X37.242 Y42.398
G0 X37.135 Y44.033
G0 X36.878 Y43.859
G1 F480 X36.475 Y44.46 E0.01983
G1 X35.883 Y44.879 E0.01988
G1 X35.276 Y45.067 E0.01742
G1 X34.828 Y45.09 E0.01229
G1 X34.174 Y44.943 E0.01837
G1 X33.571 Y44.576 E0.01935
G1 X33.121 Y44.02 E0.0196
G1 X32.875 Y43.349 E0.01959
G1 X32.879 Y42.618 E0.02003
G1 X33.112 Y41.989 E0.01838
G1 X33.332 Y41.654 E0.01098
G1 X33.846 Y41.194 E0.0189
G1 X34.496 Y40.935 E0.01918
G1 X35.227 Y40.9 E0.02006
G1 X35.894 Y41.104 E0.01912
G1 X36.284 Y41.37 E0.01294
G1 X36.703 Y41.804 E0.01653
G1 X36.995 Y42.453 E0.0195
G1 X37.052 Y43.177 E0.0199
G1 X36.878 Y43.859 E0.01929
G0 F1320 X37.135 Y44.033
G0 X80.5 Y63
G1 F480 X80.5 Y37 E0.71257
G1 X19.5 Y37 E1.67179
G1 X19.5 Y63 E0.71257
G1 X80.5 Y63 E1.67179
G0 F1320 X80.9 Y36.6
G1 F480 X19.1 Y36.6 E1.69371
G1 X19.1 Y63.4 E0.73449
G1 X80.9 Y63.4 E1.69371
G1 X80.9 Y36.6 E0.73449
G0 F1320 X18.7 Y63.8
G1 F480 X81.3 Y63.8 E1.71564
G1 X81.3 Y36.2 E0.75642
G1 X18.7 Y36.2 E1.71564
G1 X18.7 Y63.8 E0.75642
G0 F1320 X18.58 Y36.08
G0 X18.3 Y35.8
G1 F480 X18.3 Y64.2 E0.77834
G1 X81.7 Y64.2 E1.73756
G1 X81.7 Y35.8 E0.77834
G1 X18.3 Y35.8 E1.73756
G0 F1320 X18.58 Y36.11
G0 X34.079 Y45.184
G0 X35.199 Y45.389
G0 X35.173 Y44.679
M204 P150
;TYPE:WALL-OUTER
G1 F480 X34.865 Y44.687 E0.00836
G1 X34.34 Y44.572 E0.01459
G1 X33.824 Y44.256 E0.01642
G1 X33.47 Y43.818 E0.01528
G1 X33.278 Y43.279 E0.01553
G1 X33.28 Y42.692 E0.01593
G1 X33.469 Y42.169 E0.01509
G1 X33.658 Y41.898 E0.00897
G1 X34.059 Y41.54 E0.01459
G1 X34.605 Y41.327 E0.01591
G1 X35.178 Y41.303 E0.01557
G1 X35.738 Y41.481 E0.01595
G1 X35.996 Y41.648 E0.00834
G1 X36.368 Y42.033 E0.01453
G1 X36.6 Y42.553 E0.01545
G1 X36.651 Y43.136 E0.01588
G1 X36.51 Y43.684 E0.01536
G1 X36.187 Y44.173 E0.01591
G1 X35.708 Y44.514 E0.01596
G1 X35.173 Y44.679 E0.01519
G0 F1320 X34.973 Y44.684
G0 X34.999 Y45.397
G0 X18.18 Y64.32
G0 X17.9 Y64.6
G1 F480 X82.1 Y64.6 E1.74241
G1 X82.1 Y35.4 E0.7925
G1 X17.9 Y35.4 E1.74241
G1 X17.9 Y64.6 E0.7925
G0 F1320 X18.1 Y64.6
G0 X18.58 Y63.92
G0 X33.148 Y41.483
G0 X35.788 Y39.437
M204 P180
;TYPE:SKIN
G1 F480 X35.173 Y39.346 E0.0172
G1 X34.341 Y39.374 E0.02304
G1 X33.857 Y39.511 E0.01392
G1 X32.918 Y39.925 E0.0284
G1 X32.35 Y40.435 E0.02112
G1 X31.998 Y40.836 E0.01477
G1 X31.676 Y41.355 E0.0169
G1 X31.384 Y42.159 E0.02367
G1 X31.316 Y42.588 E0.01202
G1 X31.318 Y43.434 E0.02341
G1 X31.382 Y43.81 E0.01055
G1 X31.676 Y44.607 E0.02351
G1 X31.87 Y44.948 E0.01086
G1 X32.358 Y45.568 E0.02183
G1 X32.689 Y45.862 E0.01225
G1 X33.377 Y46.287 E0.02238
G1 X33.822 Y46.464 E0.01325
G1 X34.589 Y46.626 E0.02169
G1 X35.235 Y46.639 E0.01788
G1 X35.668 Y46.58 E0.01209
G1 X36.515 Y46.311 E0.02459
G1 X36.907 Y46.07 E0.01273
G1 X37.419 Y45.694 E0.01758
G1 X37.749 Y45.35 E0.01319
G1 X38.17 Y44.729 E0.02076
G1 X38.365 Y44.342 E0.01199
G1 X38.571 Y43.516 E0.02356
G1 X38.608 Y43.101 E0.01153
G1 X38.552 Y42.301 E0.02219
G1 X38.459 Y41.908 E0.01118
G1 X38.083 Y41.062 E0.02562
G1 X37.756 Y40.648 E0.0146
G1 X37.4 Y40.28 E0.01417
G1 X36.783 Y39.822 E0.02126
G1 X36.287 Y39.593 E0.01512
G1 X35.788 Y39.437 E0.01447
G0 F1320 X19.86 Y37.36
G1 F480 X80.14 Y37.36 E1.66809
G1 X80.14 Y62.64 E0.69956
G1 X19.86 Y62.64 E1.66809
G1 X19.86 Y37.36 E0.69956
G0 F1320 X20.06 Y37.64
G1 F480 X20.141 Y37.559 E0.00317
G0 F1320 X20.706 Y37.559
G1 F480 X20.06 Y38.206 E0.0253
G0 F1320 X20.06 Y38.771
G1 F480 X21.272 Y37.559 E0.04743
G0 F1320 X21.838 Y37.559
G1 F480 X20.06 Y39.337 E0.06958
G0 F1320 X20.06 Y39.903
G1 F480 X22.403 Y37.559 E0.09171
G0 F1320 X22.969 Y37.559
G1 F480 X20.06 Y40.468 E0.11384
G0 F1320 X20.06 Y41.034
G1 F480 X23.535 Y37.559 E0.13599
G0 F1320 X24.1 Y37.559
G1 F480 X20.06 Y41.6 E0.15812
G0 F1320 X20.06 Y42.165
G1 F480 X24.666 Y37.559 E0.18025
G0 F1320 X25.232 Y37.559
G1 F480 X20.06 Y42.731 E0.2024
G0 F1320 X20.06 Y43.297
G1 F480 X25.797 Y37.559 E0.22454
G0 F1320 X26.363 Y37.559
G1 F480 X20.06 Y43.863 E0.24669
G0 F1320 X20.06 Y44.428
G1 F480 X26.929 Y37.559 E0.26882
G0 F1320 X27.494 Y37.559
G1 F480 X20.06 Y44.994 E0.29095
G0 F1320 X20.06 Y45.56
G1 F480 X28.06 Y37.559 E0.3131
G0 F1320 X28.626 Y37.559
G1 F480 X20.06 Y46.125 E0.33523
G0 F1320 X20.06 Y46.691
G1 F480 X29.191 Y37.559 E0.35736
G0 F1320 X29.757 Y37.559
G1 F480 X20.06 Y47.257 E0.37951
G0 F1320 X20.06 Y47.822
G1 F480 X30.323 Y37.559 E0.40164
G0 F1320 X30.889 Y37.559
G1 F480 X20.06 Y48.388 E0.42379
G0 F1320 X20.06 Y48.954
G1 F480 X31.454 Y37.559 E0.44592
G0 F1320 X32.02 Y37.559
G1 F480 X20.06 Y49.519 E0.46805
G0 F1320 X20.06 Y50.085
G1 F480 X32.586 Y37.559 E0.4902
G0 F1320 X33.151 Y37.559
G1 F480 X20.06 Y50.651 E0.51233
G0 F1320 X20.06 Y51.216
G1 F480 X33.717 Y37.559 E0.53446
G0 F1320 X34.283 Y37.559
G1 F480 X20.06 Y51.782 E0.55661
G0 F1320 X20.06 Y52.348
G1 F480 X34.848 Y37.559 E0.57874
G0 F1320 X35.414 Y37.559
G1 F480 X33.539 Y39.434 E0.07338
G1 X33.469 Y39.504
G0 F1320 X34.364 Y39.175
G1 F480 X35.98 Y37.559 E0.06324
G0 F1320 X36.545 Y37.559
G1 F480 X34.953 Y39.152 E0.06232
G0 F1320 X35.48 Y39.191
G1 F480 X37.111 Y37.559 E0.06385
G0 F1320 X37.677 Y37.559
G1 F480 X35.954 Y39.283 E0.06745
G0 F1320 X36.382 Y39.42
G1 F480 X38.242 Y37.559 E0.07281
G0 F1320 X38.808 Y37.559
G1 F480 X36.773 Y39.594 E0.07964
G0 F1320 X37.115 Y39.819
G1 F480 X39.374 Y37.559 E0.08842
G0 F1320 X39.94 Y37.559
G1 F480 X37.441 Y40.058 E0.0978
G0 F1320 X37.729 Y40.335
G1 F480 X40.505 Y37.559 E0.10864
G0 F1320 X41.071 Y37.559
G1 F480 X38 Y40.63 E0.12018
G0 F1320 X38.25 Y40.946
G1 F480 X41.637 Y37.559 E0.13255
G0 F1320 X42.202 Y37.559
G1 F480 X38.423 Y41.338 E0.14789
G0 F1320 X38.597 Y41.731
G1 F480 X42.768 Y37.559 E0.16325
G0 F1320 X43.334 Y37.559
G1 F480 X38.724 Y42.169 E0.18041
G0 F1320 X38.778 Y42.681
G1 F480 X43.899 Y37.559 E0.20043
G0 F1320 X44.465 Y37.559
G1 F480 X38.798 Y43.227 E0.2218
G0 F1320 X38.679 Y43.911
G1 F480 X45.031 Y37.559 E0.24858
G0 F1320 X45.596 Y37.559
G1 F480 X38.363 Y44.793 E0.28308
G1 X38.293 Y44.863
G0 F1320 X36.762 Y46.393
G1 F480 X20.715 Y62.44 E0.62799
G0 F1320 X20.15 Y62.44
G1 F480 X35.864 Y46.726 E0.61496
G0 F1320 X35.186 Y46.839
G1 F480 X20.06 Y61.964 E0.59193
G0 F1320 X20.06 Y61.399
G1 F480 X34.632 Y46.827 E0.57027
G0 F1320 X34.155 Y46.738
G1 F480 X20.06 Y60.833 E0.5516
G0 F1320 X20.06 Y60.267
G1 F480 X33.701 Y46.626 E0.53384
G0 F1320 X33.293 Y46.468
G1 F480 X20.06 Y59.702 E0.51789
G0 F1320 X20.06 Y59.136
G1 F480 X32.943 Y46.253 E0.50417
G0 F1320 X32.593 Y46.037
G1 F480 X20.06 Y58.57 E0.49048
G0 F1320 X20.06 Y58.005
G1 F480 X32.289 Y45.775 E0.4786
G0 F1320 X32.028 Y45.471
G1 F480 X20.06 Y57.439 E0.46836
G0 F1320 X20.06 Y56.873
G1 F480 X31.778 Y45.155 E0.45858
G0 F1320 X31.562 Y44.806
G1 F480 X20.06 Y56.308 E0.45013
G0 F1320 X20.06 Y55.742
G1 F480 X31.39 Y44.412 E0.4434
G0 F1320 X31.236 Y44
G1 F480 X20.06 Y55.176 E0.43737
G0 F1320 X20.06 Y54.611
G1 F480 X31.132 Y43.538 E0.43332
G0 F1320 X31.12 Y42.984
G1 F480 X20.06 Y54.045 E0.43285
G0 F1320 X20.06 Y53.479
G1 F480 X31.143 Y42.396 E0.43373
G1 X31.213 Y42.326
G0 F1320 X31.374 Y41.599
G1 F480 X20.06 Y52.914 E0.44279
G1 X19.99 Y52.984
G0 F1320 X21.281 Y62.44
G1 F480 X46.162 Y37.559 E0.97371
G0 F1320 X46.728 Y37.559
G1 F480 X21.847 Y62.44 E0.97371
G0 F1320 X22.412 Y62.44
G1 F480 X47.293 Y37.559 E0.97371
G0 F1320 X47.859 Y37.559
G1 F480 X22.978 Y62.44 E0.97371
G0 F1320 X23.544 Y62.44
G1 F480 X48.425 Y37.559 E0.97371
G0 F1320 X48.99 Y37.559
G1 F480 X24.11 Y62.44 E0.97369
G0 F1320 X24.675 Y62.44
G1 F480 X49.556 Y37.559 E0.97371
G0 F1320 X50.122 Y37.559
G1 F480 X25.241 Y62.44 E0.97371
G0 F1320 X25.807 Y62.44
G1 F480 X50.688 Y37.559 E0.97371
G0 F1320 X51.253 Y37.559
G1 F480 X26.372 Y62.44 E0.97371
G0 F1320 X26.938 Y62.44
G1 F480 X51.819 Y37.559 E0.97371
G0 F1320 X52.385 Y37.559
G1 F480 X27.504 Y62.44 E0.97371
G0 F1320 X28.069 Y62.44
G1 F480 X52.95 Y37.559 E0.97371
G0 F1320 X53.516 Y37.559
G1 F480 X28.635 Y62.44 E0.97371
G0 F1320 X29.201 Y62.44
G1 F480 X54.082 Y37.559 E0.97371
G0 F1320 X54.647 Y37.559
G1 F480 X29.766 Y62.44 E0.97371
G0 F1320 X30.332 Y62.44
G1 F480 X55.213 Y37.559 E0.97371
G0 F1320 X55.779 Y37.559
G1 F480 X30.898 Y62.44 E0.97371
G0 F1320 X31.463 Y62.44
G1 F480 X56.344 Y37.559 E0.97371
G0 F1320 X56.91 Y37.559
G1 F480 X32.029 Y62.44 E0.97371
G0 F1320 X32.595 Y62.44
G1 F480 X57.476 Y37.559 E0.97371
G0 F1320 X58.041 Y37.559
G1 F480 X33.16 Y62.44 E0.97371
G0 F1320 X33.726 Y62.44
G1 F480 X58.607 Y37.559 E0.97371
G0 F1320 X59.173 Y37.559
G1 F480 X34.292 Y62.44 E0.97371
G0 F1320 X34.858 Y62.44
G1 F480 X59.739 Y37.559 E0.97371
G0 F1320 X60.304 Y37.559
G1 F480 X35.423 Y62.44 E0.97371
G0 F1320 X35.989 Y62.44
G1 F480 X60.87 Y37.559 E0.97371
G0 F1320 X61.436 Y37.559
G1 F480 X36.555 Y62.44 E0.97371
G0 F1320 X37.12 Y62.44
G1 F480 X62.001 Y37.559 E0.97371
G0 F1320 X62.567 Y37.559
G1 F480 X37.686 Y62.44 E0.97371
G0 F1320 X38.252 Y62.44
G1 F480 X63.133 Y37.559 E0.97371
G0 F1320 X63.698 Y37.559
G1 F480 X38.817 Y62.44 E0.97371
G0 F1320 X39.383 Y62.44
G1 F480 X64.264 Y37.559 E0.97371
G0 F1320 X64.83 Y37.559
G1 F480 X39.949 Y62.44 E0.97371
G0 F1320 X40.514 Y62.44
G1 F480 X65.395 Y37.559 E0.97371
G0 F1320 X65.961 Y37.559
G1 F480 X41.08 Y62.44 E0.97371
G0 F1320 X41.646 Y62.44
G1 F480 X66.527 Y37.559 E0.97371
G0 F1320 X67.092 Y37.559
G1 F480 X42.211 Y62.44 E0.97371
G0 F1320 X42.777 Y62.44
G1 F480 X67.658 Y37.559 E0.97371
G0 F1320 X68.224 Y37.559
G1 F480 X43.343 Y62.44 E0.97371
G0 F1320 X43.909 Y62.44
G1 F480 X68.789 Y37.559 E0.97369
G0 F1320 X69.355 Y37.559
G1 F480 X44.474 Y62.44 E0.97371
G0 F1320 X45.04 Y62.44
G1 F480 X69.921 Y37.559 E0.97371
G0 F1320 X70.487 Y37.559
G1 F480 X45.606 Y62.44 E0.97371
G0 F1320 X46.171 Y62.44
G1 F480 X71.052 Y37.559 E0.97371
G0 F1320 X71.618 Y37.559
G1 F480 X46.737 Y62.44 E0.97371
G0 F1320 X47.303 Y62.44
G1 F480 X72.184 Y37.559 E0.97371
G0 F1320 X72.749 Y37.559
G1 F480 X47.868 Y62.44 E0.97371
G0 F1320 X48.434 Y62.44
G1 F480 X73.315 Y37.559 E0.97371
G0 F1320 X73.881 Y37.559
G1 F480 X49 Y62.44 E0.97371
G0 F1320 X49.565 Y62.44
G1 F480 X74.446 Y37.559 E0.97371
G0 F1320 X75.012 Y37.559
G1 F480 X50.131 Y62.44 E0.97371
G0 F1320 X50.697 Y62.44
G1 F480 X75.578 Y37.559 E0.97371
G0 F1320 X76.143 Y37.559
G1 F480 X51.262 Y62.44 E0.97371
G0 F1320 X51.828 Y62.44
G1 F480 X76.709 Y37.559 E0.97371
G0 F1320 X77.275 Y37.559
G1 F480 X52.394 Y62.44 E0.97371
G0 F1320 X52.959 Y62.44
G1 F480 X77.84 Y37.559 E0.97371
G0 F1320 X78.406 Y37.559
G1 F480 X53.525 Y62.44 E0.97371
G0 F1320 X54.091 Y62.44
G1 F480 X78.972 Y37.559 E0.97371
G0 F1320 X79.537 Y37.559
G1 F480 X54.657 Y62.44 E0.97369
G0 F1320 X55.222 Y62.44
G1 F480 X79.94 Y37.723 E0.96731
G0 F1320 X79.94 Y38.288
G1 F480 X55.788 Y62.44 E0.94518
G0 F1320 X56.354 Y62.44
G1 F480 X79.94 Y38.854 E0.92303
G0 F1320 X79.94 Y39.42
G1 F480 X56.919 Y62.44 E0.9009
G0 F1320 X57.485 Y62.44
G1 F480 X79.94 Y39.985 E0.87877
G0 F1320 X79.94 Y40.551
G1 F480 X58.051 Y62.44 E0.85662
G0 F1320 X58.616 Y62.44
G1 F480 X79.94 Y41.117 E0.83449
G0 F1320 X79.94 Y41.683
G1 F480 X59.182 Y62.44 E0.81234
G0 F1320 X59.748 Y62.44
G1 F480 X79.94 Y42.248 E0.79021
G0 F1320 X79.94 Y42.814
G1 F480 X60.313 Y62.44 E0.76808
G0 F1320 X60.879 Y62.44
G1 F480 X79.94 Y43.38 E0.74593
G0 F1320 X79.94 Y43.945
G1 F480 X61.445 Y62.44 E0.7238
G0 F1320 X62.01 Y62.44
G1 F480 X79.94 Y44.511 E0.70167
G0 F1320 X79.94 Y45.077
G1 F480 X62.576 Y62.44 E0.67952
G0 F1320 X63.142 Y62.44
G1 F480 X79.94 Y45.642 E0.65739
G0 F1320 X79.94 Y46.208
G1 F480 X63.707 Y62.44 E0.63525
G0 F1320 X64.273 Y62.44
G1 F480 X79.94 Y46.774 E0.6131
G0 F1320 X79.94 Y47.339
G1 F480 X64.839 Y62.44 E0.59097
G0 F1320 X65.405 Y62.44
G1 F480 X79.94 Y47.905 E0.56882
G0 F1320 X79.94 Y48.471
G1 F480 X65.97 Y62.44 E0.54669
G0 F1320 X66.536 Y62.44
G1 F480 X79.94 Y49.036 E0.52456
G0 F1320 X79.94 Y49.602
G1 F480 X67.102 Y62.44 E0.50241
G0 F1320 X67.667 Y62.44
G1 F480 X79.94 Y50.168 E0.48028
G0 F1320 X79.94 Y50.733
G1 F480 X68.233 Y62.44 E0.45815
G0 F1320 X68.799 Y62.44
G1 F480 X79.94 Y51.299 E0.436
G0 F1320 X79.94 Y51.865
G1 F480 X69.364 Y62.44 E0.41387
G0 F1320 X69.93 Y62.44
G1 F480 X79.94 Y52.431 E0.39172
G0 F1320 X79.94 Y52.996
G1 F480 X70.496 Y62.44 E0.36959
G0 F1320 X71.061 Y62.44
G1 F480 X79.94 Y53.562 E0.34746
G0 F1320 X79.94 Y54.128
G1 F480 X71.627 Y62.44 E0.32531
G0 F1320 X72.193 Y62.44
G1 F480 X79.94 Y54.693 E0.30318
G0 F1320 X79.94 Y55.259
G1 F480 X72.758 Y62.44 E0.28105
G0 F1320 X73.324 Y62.44
G1 F480 X79.94 Y55.825 E0.2589
G0 F1320 X79.94 Y56.39
G1 F480 X73.89 Y62.44 E0.23677
G0 F1320 X74.456 Y62.44
G1 F480 X79.94 Y56.956 E0.21461
G0 F1320 X79.94 Y57.522
G1 F480 X75.021 Y62.44 E0.19248
G0 F1320 X75.587 Y62.44
G1 F480 X79.94 Y58.087 E0.17035
G0 F1320 X79.94 Y58.653
G1 F480 X76.153 Y62.44 E0.1482
G0 F1320 X76.718 Y62.44
G1 F480 X79.94 Y59.219 E0.12607
G0 F1320 X79.94 Y59.784
G1 F480 X77.284 Y62.44 E0.10394
G0 F1320 X77.85 Y62.44
G1 F480 X79.94 Y60.35 E0.08179
G0 F1320 X79.94 Y60.916
G1 F480 X78.415 Y62.44 E0.05966
G0 F1320 X78.981 Y62.44
G1 F480 X79.94 Y61.482 E0.03751
G0 F1320 X79.94 Y62.047
G1 F480 X79.547 Y62.44 E0.01538
;MESH:NONMESH
G0 F600 X79.547 Y62.44 Z2.76
G0 F1320 X35.488 Y46.263
;TIME_ELAPSED:8664.953450
;LAYER:16
M204 P200
;TYPE:WALL-INNER
;MESH:LoRAtop.STL
G1 F480 X34.691 Y46.29 E0.02186
G1 X33.868 Y46.1 E0.02315
G1 X33.594 Y45.99 E0.00809
G1 X32.908 Y45.572 E0.02202
G1 X32.636 Y45.336 E0.00987
G1 X32.161 Y44.736 E0.02097
G1 X32.013 Y44.475 E0.00822
G1 X31.737 Y43.732 E0.02172
G1 X31.676 Y43.386 E0.00963
G1 X31.676 Y42.602 E0.02149
G1 X31.732 Y42.265 E0.00936
G1 X32.01 Y41.497 E0.02238
G1 X32.303 Y41.036 E0.01497
G1 X32.592 Y40.705 E0.01204
G1 X33.121 Y40.232 E0.01945
G1 X33.502 Y40.039 E0.01171
G1 X33.974 Y39.851 E0.01392
G1 X34.399 Y39.731 E0.0121
G1 X35.148 Y39.704 E0.02054
G1 X35.675 Y39.782 E0.0146
G1 X36.159 Y39.93 E0.01387
G1 X36.579 Y40.12 E0.01263
G1 X37.147 Y40.536 E0.0193
G1 X37.495 Y40.896 E0.01372
G1 X37.762 Y41.229 E0.0117
G1 X38.111 Y42.01 E0.02344
G1 X38.193 Y42.34 E0.00932
G1 X38.253 Y43.1 E0.02089
G1 X38.22 Y43.439 E0.00933
G1 X38.032 Y44.201 E0.02151
G1 X37.885 Y44.515 E0.0095
G1 X37.466 Y45.131 E0.02042
G1 X37.232 Y45.395 E0.00967
G1 X36.572 Y45.864 E0.02219
G1 X36.312 Y45.995 E0.00798
G1 X35.488 Y46.263 E0.02375
G0 F1320 X37.653 Y44.05
G1 F480 X37.558 Y44.271 E0.00659
G1 X37.139 Y44.911 E0.02096
G1 X36.945 Y45.101 E0.00744
G1 X36.363 Y45.523 E0.0197
G1 X36.161 Y45.625 E0.0062
G1 X35.382 Y45.868 E0.02236
G1 X34.765 Y45.889 E0.01692
G1 X33.867 Y45.699 E0.02516
G1 X33.144 Y45.248 E0.02335
G1 X32.963 Y45.091 E0.00657
G1 X32.491 Y44.51 E0.02052
G1 X32.376 Y44.307 E0.00639
G1 X32.122 Y43.621 E0.02005
G1 X32.075 Y43.348 E0.00759
G1 X32.084 Y42.465 E0.0242
G1 X32.371 Y41.672 E0.02311
G1 X32.634 Y41.261 E0.01337
G1 X32.859 Y41.004 E0.00936
G1 X33.42 Y40.503 E0.02061
G1 X34.122 Y40.223 E0.02071
G1 X34.456 Y40.129 E0.00951
G1 X35.148 Y40.104 E0.01898
G1 X35.558 Y40.165 E0.01136
G1 X36.042 Y40.313 E0.01387
G1 X36.589 Y40.597 E0.01689
G1 X36.859 Y40.814 E0.00949
G1 X37.377 Y41.35 E0.02043
G1 X37.774 Y42.237 E0.02663
G1 X37.852 Y43.098 E0.02369
G1 X37.827 Y43.368 E0.00743
G1 X37.653 Y44.05 E0.01929
G0 F1320 X37.385 Y42.345
G1 F480 X37.454 Y43.212 E0.02384
G1 X37.254 Y44.017 E0.02273
G1 X36.767 Y44.741 E0.02391
G1 X36.085 Y45.236 E0.0231
G1 X35.361 Y45.458 E0.02075
G1 X34.758 Y45.48 E0.01654
G1 X34.022 Y45.318 E0.02065
G1 X33.293 Y44.873 E0.02341
G1 X32.762 Y44.216 E0.02315
G1 X32.482 Y43.418 E0.02318
G1 X32.481 Y42.54 E0.02406
G1 X32.755 Y41.809 E0.0214
G1 X33.125 Y41.302 E0.0172
G1 X33.633 Y40.849 E0.01865
G1 X34.434 Y40.53 E0.02363
G1 X35.148 Y40.504 E0.01958
G1 X35.441 Y40.547 E0.00812
G1 X36.071 Y40.74 E0.01806
G1 X36.571 Y41.092 E0.01676
G1 X37.041 Y41.579 E0.01855
G1 X37.385 Y42.345 E0.02301
G0 F1320 X36.915 Y41.67
G0 X35.986 Y40.872
G0 X34.461 Y40.682
G0 X32.853 Y41.813
G0 X33.112 Y41.989
G1 F480 X33.332 Y41.654 E0.01098
G1 X33.846 Y41.194 E0.0189
G1 X34.496 Y40.935 E0.01918
G1 X35.227 Y40.9 E0.02006
G1 X35.894 Y41.104 E0.01912
G1 X36.284 Y41.37 E0.01294
G1 X36.703 Y41.804 E0.01653
G1 X36.995 Y42.453 E0.0195
G1 X37.052 Y43.177 E0.0199
G1 X36.878 Y43.859 E0.01929
G1 X36.475 Y44.46 E0.01983
G1 X35.883 Y44.879 E0.01988
G1 X35.276 Y45.067 E0.01742
G1 X34.828 Y45.09 E0.01229
G1 X34.174 Y44.943 E0.01837
G1 X33.571 Y44.576 E0.01935
G1 X33.121 Y44.02 E0.0196
G1 X32.875 Y43.349 E0.01959
G1 X32.879 Y42.618 E0.02003
G1 X33.112 Y41.989 E0.01838
G0 F1320 X32.853 Y41.813
G0 X33.72 Y40.98
G0 X80.5 Y37
G1 F480 X19.5 Y37 E1.67179
G1 X19.5 Y63 E0.71257
G1 X80.5 Y63 E1.67179
G1 X80.5 Y37 E0.71257
G0 F1320 X19.1 Y63.4
G1 F480 X80.9 Y63.4 E1.69371
G1 X80.9 Y36.6 E0.73449
G1 X19.1 Y36.6 E1.69371
G1 X19.1 Y63.4 E0.73449
G0 F1320 X18.7 Y63.8
G1 F480 X81.3 Y63.8 E1.71564
G1 X81.3 Y36.2 E0.75642
G1 X18.7 Y36.2 E1.71564
G1 X18.7 Y63.8 E0.75642
G0 F1320 X18.58 Y36.08
G0 X18.3 Y35.8
G1 F480 X18.3 Y64.2 E0.77834
G1 X81.7 Y64.2 E1.73756
G1 X81.7 Y35.8 E0.77834
G1 X18.3 Y35.8 E1.73756
G0 F1320 X18.58 Y36.11
G0 X34.079 Y45.184
G0 X34.865 Y44.687
M204 P150
;TYPE:WALL-OUTER
G1 F480 X34.34 Y44.572 E0.01459
G1 X33.824 Y44.256 E0.01642
G1 X33.47 Y43.818 E0.01528
G1 X33.278 Y43.279 E0.01553
G1 X33.28 Y42.692 E0.01593
G1 X33.469 Y42.169 E0.01509
G1 X33.658 Y41.898 E0.00897
G1 X34.059 Y41.54 E0.01459
G1 X34.605 Y41.327 E0.01591
G1 X35.178 Y41.303 E0.01557
G1 X35.738 Y41.481 E0.01595
G1 X35.996 Y41.648 E0.00834
G1 X36.368 Y42.033 E0.01453
G1 X36.6 Y42.553 E0.01545
G1 X36.651 Y43.136 E0.01588
G1 X36.51 Y43.684 E0.01536
G1 X36.187 Y44.173 E0.01591
G1 X35.708 Y44.514 E0.01596
G1 X35.173 Y44.679 E0.01519
G1 X34.865 Y44.687 E0.00836
G0 F1320 X34.67 Y44.645
G0 X34.522 Y45.339
G0 X81.82 Y64.32
G0 X82.1 Y64.6
G1 F480 X82.1 Y35.4 E0.7925
G1 X17.9 Y35.4 E1.74241
G1 X17.9 Y64.6 E0.7925
G1 X82.1 Y64.6 E1.74241
G0 F1320 X82.1 Y64.4
G0 X81.42 Y63.92
G0 X19.86 Y62.64
M204 P180
;TYPE:SKIN
G1 F480 X19.86 Y37.36 E0.69956
G1 X80.14 Y37.36 E1.66809
G1 X80.14 Y62.64 E0.69956
G1 X19.86 Y62.64 E1.66809
G0 F1320 X37.749 Y45.35
G1 F480 X38.17 Y44.729 E0.02076
G1 X38.365 Y44.342 E0.01199
G1 X38.571 Y43.516 E0.02356
G1 X38.608 Y43.101 E0.01153
G1 X38.552 Y42.301 E0.02219
G1 X38.459 Y41.908 E0.01118
G1 X38.083 Y41.062 E0.02562
G1 X37.756 Y40.648 E0.0146
G1 X37.4 Y40.28 E0.01417
G1 X36.783 Y39.822 E0.02126
G1 X36.287 Y39.593 E0.01512
G1 X35.788 Y39.437 E0.01447
G1 X35.173 Y39.346 E0.0172
G1 X34.341 Y39.374 E0.02304
G1 X33.857 Y39.511 E0.01392
G1 X32.918 Y39.925 E0.0284
G1 X32.35 Y40.435 E0.02112
G1 X31.998 Y40.836 E0.01477
G1 X31.676 Y41.355 E0.0169
G1 X31.384 Y42.159 E0.02367
G1 X31.316 Y42.588 E0.01202
G1 X31.318 Y43.434 E0.02341
G1 X31.382 Y43.81 E0.01055
G1 X31.676 Y44.607 E0.02351
G1 X31.87 Y44.948 E0.01086
G1 X32.358 Y45.568 E0.02183
G1 X32.689 Y45.862 E0.01225
G1 X33.377 Y46.287 E0.02238
G1 X33.822 Y46.464 E0.01325
G1 X34.589 Y46.626 E0.02169
G1 X35.235 Y46.639 E0.01788
G1 X35.668 Y46.58 E0.01209
G1 X36.515 Y46.311 E0.02459
G1 X36.907 Y46.07 E0.01273
G1 X37.419 Y45.694 E0.01758
G1 X37.749 Y45.35 E0.01319
G0 F1320 X20.06 Y61.921
G1 F480 X20.579 Y62.44 E0.02031
G0 F1320 X21.145 Y62.44
G1 F480 X20.06 Y61.355 E0.04246
G0 F1320 X20.06 Y60.789
G1 F480 X21.71 Y62.44 E0.06459
G0 F1320 X22.276 Y62.44
G1 F480 X20.06 Y60.224 E0.08672
G0 F1320 X20.06 Y59.658
G1 F480 X22.842 Y62.44 E0.10887
G0 F1320 X23.407 Y62.44
G1 F480 X20.06 Y59.092 E0.131
G0 F1320 X20.06 Y58.527
G1 F480 X23.973 Y62.44 E0.15313
G0 F1320 X24.539 Y62.44
G1 F480 X20.06 Y57.961 E0.17528
G0 F1320 X20.06 Y57.395
G1 F480 X25.104 Y62.44 E0.19742
G0 F1320 X25.67 Y62.44
G1 F480 X20.06 Y56.829 E0.21957
G0 F1320 X20.06 Y56.264
G1 F480 X26.236 Y62.44 E0.2417
G0 F1320 X26.801 Y62.44
G1 F480 X20.06 Y55.698 E0.26383
G0 F1320 X20.06 Y55.132
G1 F480 X27.367 Y62.44 E0.28598
G0 F1320 X27.933 Y62.44
G1 F480 X20.06 Y54.567 E0.30811
G0 F1320 X20.06 Y54.001
G1 F480 X28.499 Y62.44 E0.33026
G0 F1320 X29.064 Y62.44
G1 F480 X20.06 Y53.435 E0.35239
G0 F1320 X20.06 Y52.87
G1 F480 X29.63 Y62.44 E0.37452
G0 F1320 X30.196 Y62.44
G1 F480 X20.06 Y52.304 E0.39667
G0 F1320 X20.06 Y51.738
G1 F480 X30.761 Y62.44 E0.4188
G0 F1320 X31.327 Y62.44
G1 F480 X20.06 Y51.173 E0.44093
G0 F1320 X20.06 Y50.607
G1 F480 X31.893 Y62.44 E0.46308
G0 F1320 X32.458 Y62.44
G1 F480 X20.06 Y50.041 E0.48521
G0 F1320 X20.06 Y49.476
G1 F480 X33.024 Y62.44 E0.50734
G0 F1320 X33.59 Y62.44
G1 F480 X20.06 Y48.91 E0.52949
G0 F1320 X20.06 Y48.344
G1 F480 X34.155 Y62.44 E0.55162
G0 F1320 X34.721 Y62.44
G1 F480 X20.06 Y47.778 E0.57377
G0 F1320 X20.06 Y47.213
G1 F480 X35.287 Y62.44 E0.5959
G0 F1320 X35.852 Y62.44
G1 F480 X20.06 Y46.647 E0.61804
G0 F1320 X20.06 Y46.081
G1 F480 X36.418 Y62.44 E0.64019
G0 F1320 X36.984 Y62.44
G1 F480 X20.06 Y45.516 E0.66232
G0 F1320 X20.06 Y44.95
G1 F480 X37.549 Y62.44 E0.68445
G0 F1320 X38.115 Y62.44
G1 F480 X20.06 Y44.384 E0.7066
G0 F1320 X20.06 Y43.819
G1 F480 X38.681 Y62.44 E0.72873
G0 F1320 X39.247 Y62.44
G1 F480 X20.06 Y43.253 E0.75088
G0 F1320 X20.06 Y42.687
G1 F480 X39.812 Y62.44 E0.77301
G0 F1320 X40.378 Y62.44
G1 F480 X20.06 Y42.122 E0.79514
G0 F1320 X20.06 Y41.556
G1 F480 X40.944 Y62.44 E0.81729
G0 F1320 X41.509 Y62.44
G1 F480 X20.06 Y40.99 E0.83942
G0 F1320 X20.06 Y40.425
G1 F480 X42.075 Y62.44 E0.86155
G0 F1320 X42.641 Y62.44
G1 F480 X20.06 Y39.859 E0.8837
G0 F1320 X20.06 Y39.293
G1 F480 X43.206 Y62.44 E0.90583
G0 F1320 X43.772 Y62.44
G1 F480 X20.06 Y38.728 E0.92796
G0 F1320 X20.06 Y38.162
G1 F480 X44.338 Y62.44 E0.95011
G0 F1320 X44.903 Y62.44
G1 F480 X20.06 Y37.596 E0.97224
G0 F1320 X20.59 Y37.56
G1 F480 X45.469 Y62.44 E0.97365
G0 F1320 X46.035 Y62.44
G1 F480 X21.155 Y37.56 E0.97367
G0 F1320 X21.721 Y37.56
G1 F480 X46.6 Y62.44 E0.97365
G0 F1320 X47.166 Y62.44
G1 F480 X22.287 Y37.56 E0.97365
G0 F1320 X22.852 Y37.56
G1 F480 X47.732 Y62.44 E0.97367
G0 F1320 X48.298 Y62.44
G1 F480 X23.418 Y37.56 E0.97367
G0 F1320 X23.984 Y37.56
G1 F480 X48.863 Y62.44 E0.97365
G0 F1320 X49.429 Y62.44
G1 F480 X33.562 Y46.573 E0.62095
G0 F1320 X34.33 Y46.775
G1 F480 X49.995 Y62.44 E0.61305
G0 F1320 X50.56 Y62.44
G1 F480 X34.955 Y46.835 E0.6107
G0 F1320 X35.492 Y46.806
G1 F480 X51.126 Y62.44 E0.61183
G0 F1320 X51.692 Y62.44
G1 F480 X35.951 Y46.699 E0.61602
G0 F1320 X36.379 Y46.562
G1 F480 X52.257 Y62.44 E0.62138
G0 F1320 X52.823 Y62.44
G1 F480 X36.772 Y46.388 E0.62817
G0 F1320 X37.114 Y46.165
G1 F480 X53.389 Y62.44 E0.63692
G0 F1320 X53.954 Y62.44
G1 F480 X37.44 Y45.925 E0.64629
G0 F1320 X37.735 Y45.654
G1 F480 X54.52 Y62.44 E0.6569
G0 F1320 X55.086 Y62.44
G1 F480 X37.992 Y45.346 E0.66897
G0 F1320 X38.221 Y45.009
G1 F480 X55.651 Y62.44 E0.68214
G0 F1320 X56.217 Y62.44
G1 F480 X38.431 Y44.653 E0.69607
G0 F1320 X38.595 Y44.251
G1 F480 X56.783 Y62.44 E0.7118
G0 F1320 X57.348 Y62.44
G1 F480 X38.707 Y43.798 E0.72953
G0 F1320 X38.788 Y43.314
G1 F480 X57.914 Y62.44 E0.74849
G0 F1320 X58.48 Y62.44
G1 F480 X38.781 Y42.741 E0.77092
G0 F1320 X38.708 Y42.103
G1 F480 X59.046 Y62.44 E0.7959
G0 F1320 X59.611 Y62.44
G1 F480 X38.354 Y41.183 E0.83189
G1 X38.284 Y41.113
G0 F1320 X36.76 Y39.588
G1 F480 X34.732 Y37.56 E0.07937
G0 F1320 X35.297 Y37.56
G1 F480 X60.177 Y62.44 E0.97367
G0 F1320 X60.743 Y62.44
G1 F480 X35.863 Y37.56 E0.97367
G0 F1320 X36.429 Y37.56
G1 F480 X61.308 Y62.44 E0.97365
G0 F1320 X61.874 Y62.44
G1 F480 X36.994 Y37.56 E0.97367
G0 F1320 X37.56 Y37.56
G1 F480 X62.44 Y62.44 E0.97367
G0 F1320 X63.005 Y62.44
G1 F480 X38.126 Y37.56 E0.97365
G0 F1320 X38.691 Y37.56
G1 F480 X63.571 Y62.44 E0.97367
G0 F1320 X64.137 Y62.44
G1 F480 X39.257 Y37.56 E0.97367
G0 F1320 X39.823 Y37.56
G1 F480 X64.702 Y62.44 E0.97365
G0 F1320 X65.268 Y62.44
G1 F480 X40.389 Y37.56 E0.97365
G0 F1320 X40.954 Y37.56
G1 F480 X65.834 Y62.44 E0.97367
G0 F1320 X66.399 Y62.44
G1 F480 X41.52 Y37.56 E0.97365
G0 F1320 X42.086 Y37.56
G1 F480 X66.965 Y62.44 E0.97365
G0 F1320 X67.531 Y62.44
G1 F480 X42.651 Y37.56 E0.97367
G0 F1320 X43.217 Y37.56
G1 F480 X68.097 Y62.44 E0.97367
G0 F1320 X68.662 Y62.44
G1 F480 X43.783 Y37.56 E0.97365
G0 F1320 X44.348 Y37.56
G1 F480 X69.228 Y62.44 E0.97367
G0 F1320 X69.794 Y62.44
G1 F480 X44.914 Y37.56 E0.97367
G0 F1320 X45.48 Y37.56
G1 F480 X70.359 Y62.44 E0.97365
G0 F1320 X70.925 Y62.44
G1 F480 X46.045 Y37.56 E0.97367
G0 F1320 X46.611 Y37.56
G1 F480 X71.491 Y62.44 E0.97367
G0 F1320 X72.056 Y62.44
G1 F480 X47.177 Y37.56 E0.97365
G0 F1320 X47.742 Y37.56
G1 F480 X72.622 Y62.44 E0.97367
G0 F1320 X73.188 Y62.44
G1 F480 X48.308 Y37.56 E0.97367
G0 F1320 X48.874 Y37.56
G1 F480 X73.753 Y62.44 E0.97365
G0 F1320 X74.319 Y62.44
G1 F480 X49.439 Y37.56 E0.97367
G0 F1320 X50.005 Y37.56
G1 F480 X74.885 Y62.44 E0.97367
G0 F1320 X75.45 Y62.44
G1 F480 X50.571 Y37.56 E0.97365
G0 F1320 X51.137 Y37.56
G1 F480 X76.016 Y62.44 E0.97365
G0 F1320 X76.582 Y62.44
G1 F480 X51.702 Y37.56 E0.97367
G0 F1320 X52.268 Y37.56
G1 F480 X77.147 Y62.44 E0.97365
G0 F1320 X77.713 Y62.44
G1 F480 X52.834 Y37.56 E0.97365
G0 F1320 X53.399 Y37.56
G1 F480 X78.279 Y62.44 E0.97367
G0 F1320 X78.845 Y62.44
G1 F480 X53.965 Y37.56 E0.97367
G0 F1320 X54.531 Y37.56
G1 F480 X79.41 Y62.44 E0.97365
G0 F1320 X79.94 Y62.404
G1 F480 X55.096 Y37.56 E0.97226
G0 F1320 X55.662 Y37.56
G1 F480 X79.94 Y61.838 E0.95011
G0 F1320 X79.94 Y61.272
G1 F480 X56.228 Y37.56 E0.92796
G0 F1320 X56.793 Y37.56
G1 F480 X79.94 Y60.707 E0.90585
G0 F1320 X79.94 Y60.141
G1 F480 X57.359 Y37.56 E0.8837
G0 F1320 X57.925 Y37.56
G1 F480 X79.94 Y59.575 E0.86155
G0 F1320 X79.94 Y59.009
G1 F480 X58.49 Y37.56 E0.83942
G0 F1320 X59.056 Y37.56
G1 F480 X79.94 Y58.444 E0.81729
G0 F1320 X79.94 Y57.878
G1 F480 X59.622 Y37.56 E0.79514
G0 F1320 X60.188 Y37.56
G1 F480 X79.94 Y57.312 E0.77299
G0 F1320 X79.94 Y56.747
G1 F480 X60.753 Y37.56 E0.75088
G0 F1320 X61.319 Y37.56
G1 F480 X79.94 Y56.181 E0.72873
G0 F1320 X79.94 Y55.615
G1 F480 X61.885 Y37.56 E0.70658
G0 F1320 X62.45 Y37.56
G1 F480 X79.94 Y55.05 E0.68447
G0 F1320 X79.94 Y54.484
G1 F480 X63.016 Y37.56 E0.66232
G0 F1320 X63.582 Y37.56
G1 F480 X79.94 Y53.918 E0.64017
G0 F1320 X79.94 Y53.353
G1 F480 X64.147 Y37.56 E0.61805
G0 F1320 X64.713 Y37.56
G1 F480 X79.94 Y52.787 E0.5959
G0 F1320 X79.94 Y52.221
G1 F480 X65.279 Y37.56 E0.57375
G0 F1320 X65.844 Y37.56
G1 F480 X79.94 Y51.656 E0.55164
G0 F1320 X79.94 Y51.09
G1 F480 X66.41 Y37.56 E0.52949
G0 F1320 X66.976 Y37.56
G1 F480 X79.94 Y50.524 E0.50734
G0 F1320 X79.94 Y49.959
G1 F480 X67.541 Y37.56 E0.48523
G0 F1320 X68.107 Y37.56
G1 F480 X79.94 Y49.393 E0.46308
G0 F1320 X79.94 Y48.827
G1 F480 X68.673 Y37.56 E0.44093
G0 F1320 X69.238 Y37.56
G1 F480 X79.94 Y48.261 E0.4188
G0 F1320 X79.94 Y47.696
G1 F480 X69.804 Y37.56 E0.39667
G0 F1320 X70.37 Y37.56
G1 F480 X79.94 Y47.13 E0.37452
G0 F1320 X79.94 Y46.564
G1 F480 X70.936 Y37.56 E0.35237
G0 F1320 X71.501 Y37.56
G1 F480 X79.94 Y45.999 E0.33026
G0 F1320 X79.94 Y45.433
G1 F480 X72.067 Y37.56 E0.30811
G0 F1320 X72.633 Y37.56
G1 F480 X79.94 Y44.867 E0.28596
G0 F1320 X79.94 Y44.302
G1 F480 X73.198 Y37.56 E0.26385
G0 F1320 X73.764 Y37.56
G1 F480 X79.94 Y43.736 E0.2417
G0 F1320 X79.94 Y43.17
G1 F480 X74.33 Y37.56 E0.21955
G0 F1320 X74.895 Y37.56
G1 F480 X79.94 Y42.605 E0.19743
G0 F1320 X79.94 Y42.039
G1 F480 X75.461 Y37.56 E0.17528
G0 F1320 X76.027 Y37.56
G1 F480 X79.94 Y41.473 E0.15313
G0 F1320 X79.94 Y40.908
G1 F480 X76.592 Y37.56 E0.13102
G0 F1320 X77.158 Y37.56
G1 F480 X79.94 Y40.342 E0.10887
G0 F1320 X79.94 Y39.776
G1 F480 X77.724 Y37.56 E0.08672
G0 F1320 X78.289 Y37.56
G1 F480 X79.94 Y39.21 E0.06459
G0 F1320 X79.94 Y38.645
G1 F480 X78.855 Y37.56 E0.04246
G0 F1320 X79.421 Y37.56
G1 F480 X79.94 Y38.079 E0.02031
G0 F1320 X35.86 Y39.254
G1 F480 X34.166 Y37.56 E0.06629
G0 F1320 X33.6 Y37.56
G1 F480 X35.19 Y39.15 E0.06222
G0 F1320 X34.638 Y39.164
G1 F480 X33.035 Y37.56 E0.06275
G0 F1320 X32.469 Y37.56
G1 F480 X34.134 Y39.225 E0.06516
G0 F1320 X33.704 Y39.361
G1 F480 X31.903 Y37.56 E0.07048
G0 F1320 X31.338 Y37.56
G1 F480 X33.311 Y39.534 E0.07723
G0 F1320 X32.918 Y39.706
G1 F480 X30.772 Y37.56 E0.08398
G0 F1320 X30.206 Y37.56
G1 F480 X32.593 Y39.947 E0.09341
G0 F1320 X32.295 Y40.215
G1 F480 X29.641 Y37.56 E0.10388
G0 F1320 X29.075 Y37.56
G1 F480 X32.023 Y40.508 E0.11537
G0 F1320 X31.771 Y40.822
G1 F480 X28.509 Y37.56 E0.12766
G0 F1320 X27.943 Y37.56
G1 F480 X31.553 Y41.169 E0.14126
G0 F1320 X31.386 Y41.569
G1 F480 X27.378 Y37.56 E0.15687
G0 F1320 X26.812 Y37.56
G1 F480 X31.236 Y41.984 E0.17313
G0 F1320 X31.135 Y42.448
G1 F480 X26.246 Y37.56 E0.19131
G0 F1320 X25.681 Y37.56
G1 F480 X31.12 Y43 E0.21287
G0 F1320 X31.141 Y43.586
G1 F480 X25.115 Y37.56 E0.23583
G0 F1320 X24.549 Y37.56
G1 F480 X31.384 Y44.394 E0.26747
G1 X31.454 Y44.464
;MESH:NONMESH
G0 F600 X31.454 Y44.464 Z2.92
G0 F1320 X32.979 Y41.781
G0 X34.399 Y39.731
;TIME_ELAPSED:9290.772091
;LAYER:17
M204 P200
;TYPE:WALL-INNER
;MESH:LoRAtop.STL
G1 F480 X35.148 Y39.704 E0.02054
G1 X35.675 Y39.782 E0.0146
G1 X36.159 Y39.93 E0.01387
G1 X36.579 Y40.12 E0.01263
G1 X37.147 Y40.536 E0.0193
G1 X37.495 Y40.896 E0.01372
G1 X37.762 Y41.229 E0.0117
G1 X38.111 Y42.01 E0.02344
G1 X38.193 Y42.34 E0.00932
G1 X38.253 Y43.1 E0.02089
G1 X38.22 Y43.439 E0.00933
G1 X38.032 Y44.201 E0.02151
G1 X37.885 Y44.515 E0.0095
G1 X37.466 Y45.131 E0.02042
G1 X37.232 Y45.395 E0.00967
G1 X36.572 Y45.864 E0.02219
G1 X36.312 Y45.995 E0.00798
G1 X35.488 Y46.263 E0.02375
G1 X34.691 Y46.29 E0.02186
G1 X33.868 Y46.1 E0.02315
G1 X33.594 Y45.99 E0.00809
G1 X32.908 Y45.572 E0.02202
G1 X32.636 Y45.336 E0.00987
G1 X32.161 Y44.736 E0.02097
G1 X32.013 Y44.475 E0.00822
G1 X31.737 Y43.732 E0.02172
G1 X31.676 Y43.386 E0.00963
G1 X31.676 Y42.602 E0.02149
G1 X31.732 Y42.265 E0.00936
G1 X32.01 Y41.497 E0.02238
G1 X32.303 Y41.036 E0.01497
G1 X32.592 Y40.705 E0.01204
G1 X33.121 Y40.232 E0.01945
G1 X33.502 Y40.039 E0.01171
G1 X33.974 Y39.851 E0.01392
G1 X34.399 Y39.731 E0.0121
G1 F1500 E-6.5
G0 F1320 X36.859 Y40.814
G1 F1500 E6.5
G1 F480 X37.377 Y41.35 E0.02043
G1 X37.774 Y42.237 E0.02663
G1 X37.852 Y43.098 E0.02369
G1 X37.827 Y43.368 E0.00743
G1 X37.653 Y44.05 E0.01929
G1 X37.558 Y44.271 E0.00659
G1 X37.139 Y44.911 E0.02096
G1 X36.945 Y45.101 E0.00744
G1 X36.363 Y45.523 E0.0197
G1 X36.161 Y45.625 E0.0062
G1 X35.382 Y45.868 E0.02236
G1 X34.765 Y45.889 E0.01692
G1 X33.867 Y45.699 E0.02516
G1 X33.144 Y45.248 E0.02335
G1 X32.963 Y45.091 E0.00657
G1 X32.491 Y44.51 E0.02052
G1 X32.376 Y44.307 E0.00639
G1 X32.122 Y43.621 E0.02005
G1 X32.075 Y43.348 E0.00759
G1 X32.084 Y42.465 E0.0242
G1 X32.371 Y41.672 E0.02311
G1 X32.634 Y41.261 E0.01337
G1 X32.859 Y41.004 E0.00936
G1 X33.42 Y40.503 E0.02061
G1 X34.122 Y40.223 E0.02071
G1 X34.456 Y40.129 E0.00951
G1 X35.148 Y40.104 E0.01898
G1 X35.558 Y40.165 E0.01136
G1 X36.042 Y40.313 E0.01387
G1 X36.589 Y40.597 E0.01689
G1 X36.859 Y40.814 E0.00949
G1 F1500 E-6.5
G0 F1320 X35.428 Y42.306
G0 X35.555 Y43.564
G0 X36.767 Y44.741
G1 F1500 E6.5
G1 F480 X36.085 Y45.236 E0.0231
G1 X35.361 Y45.458 E0.02075
G1 X34.758 Y45.48 E0.01654
G1 X34.022 Y45.318 E0.02065
G1 X33.293 Y44.873 E0.02341
G1 X32.762 Y44.216 E0.02315
G1 X32.482 Y43.418 E0.02318
G1 X32.481 Y42.54 E0.02406
G1 X32.755 Y41.809 E0.0214
G1 X33.125 Y41.302 E0.0172
G1 X33.633 Y40.849 E0.01865
G1 X34.434 Y40.53 E0.02363
G1 X35.148 Y40.504 E0.01958
G1 X35.441 Y40.547 E0.00812
G1 X36.071 Y40.74 E0.01806
G1 X36.571 Y41.092 E0.01676
G1 X37.041 Y41.579 E0.01855
G1 X37.385 Y42.345 E0.02301
G1 X37.454 Y43.212 E0.02384
G1 X37.254 Y44.017 E0.02273
G1 X36.767 Y44.741 E0.02391
G1 F1500 E-6.5
G0 F1320 X35.555 Y43.564
G0 X34.245 Y42.563
G0 X33.112 Y41.989
G1 F1500 E6.5
G1 F480 X33.332 Y41.654 E0.01098
G1 X33.846 Y41.194 E0.0189
G1 X34.496 Y40.935 E0.01918
G1 X35.227 Y40.9 E0.02006
G1 X35.894 Y41.104 E0.01912
G1 X36.284 Y41.37 E0.01294
G1 X36.703 Y41.804 E0.01653
G1 X36.995 Y42.453 E0.0195
G1 X37.052 Y43.177 E0.0199
G1 X36.878 Y43.859 E0.01929
G1 X36.475 Y44.46 E0.01983
G1 X35.883 Y44.879 E0.01988
G1 X35.276 Y45.067 E0.01742
G1 X34.828 Y45.09 E0.01229
G1 X34.174 Y44.943 E0.01837
G1 X33.571 Y44.576 E0.01935
G1 X33.121 Y44.02 E0.0196
G1 X32.875 Y43.349 E0.01959
G1 X32.879 Y42.618 E0.02003
G1 X33.112 Y41.989 E0.01838
G1 F1500 E-6.5
G0 F1320 X80.5 Y37
G1 F1500 E6.5
G1 F480 X19.5 Y37 E1.67179
G1 X19.5 Y63 E0.71257
G1 X80.5 Y63 E1.67179
G1 X80.5 Y37 E0.71257
G0 F1320 X80.9 Y36.6
G1 F480 X19.1 Y36.6 E1.69371
G1 X19.1 Y63.4 E0.73449
G1 X80.9 Y63.4 E1.69371
G1 X80.9 Y36.6 E0.73449
G0 F1320 X81.3 Y36.2
G1 F480 X18.7 Y36.2 E1.71564
G1 X18.7 Y63.8 E0.75642
G1 X81.3 Y63.8 E1.71564
G1 X81.3 Y36.2 E0.75642
G1 F1500 E-6.5
G0 F1320 X81.3 Y34.535
G0 X18.3 Y34.535
G0 X18.3 Y35.8
G1 F1500 E6.5
G1 F480 X18.3 Y64.2 E0.77834
G1 X81.7 Y64.2 E1.73756
G1 X81.7 Y35.8 E0.77834
G1 X18.3 Y35.8 E1.73756
G1 F1500 E-6.5
G0 F1320 X34.059 Y41.54
M204 P150
;TYPE:WALL-OUTER
G1 F1500 E6.5
G1 F480 X34.605 Y41.327 E0.01591
G1 X35.178 Y41.303 E0.01557
G1 X35.738 Y41.481 E0.01595
G1 X35.996 Y41.648 E0.00834
G1 X36.368 Y42.033 E0.01453
G1 X36.6 Y42.553 E0.01545
G1 X36.651 Y43.136 E0.01588
G1 X36.51 Y43.684 E0.01536
G1 X36.187 Y44.173 E0.01591
G1 X35.708 Y44.514 E0.01596
G1 X35.173 Y44.679 E0.01519
G1 X34.865 Y44.687 E0.00836
G1 X34.34 Y44.572 E0.01459
G1 X33.824 Y44.256 E0.01642
G1 X33.47 Y43.818 E0.01528
G1 X33.278 Y43.279 E0.01553
G1 X33.277 Y42.696 E0.01582
G1 X33.469 Y42.169 E0.01522
G1 X33.658 Y41.898 E0.00897
G1 X34.059 Y41.54 E0.01459
G0 F1320 X34.245 Y41.468
G1 F1500 E-6.5
G0 F1320 X17.9 Y64.6
G1 F1500 E6.5
G1 F480 X82.1 Y64.6 E1.74241
G1 X82.1 Y35.4 E0.7925
G1 X17.9 Y35.4 E1.74241
G1 X17.9 Y64.6 E0.7925
G0 F1320 X18.1 Y64.6
G1 F1500 E-6.5
G0 F1320 X38.17 Y44.729
M204 P180
;TYPE:SKIN
G1 F1500 E6.5
G1 F480 X38.365 Y44.342 E0.01199
G1 X38.571 Y43.516 E0.02356
G1 X38.608 Y43.101 E0.01153
G1 X38.552 Y42.301 E0.02219
G1 X38.459 Y41.908 E0.01118
G1 X38.083 Y41.062 E0.02562
G1 X37.756 Y40.648 E0.0146
G1 X37.4 Y40.28 E0.01417
G1 X36.783 Y39.822 E0.02126
G1 X36.287 Y39.593 E0.01512
G1 X35.788 Y39.437 E0.01447
G1 X35.173 Y39.346 E0.0172
G1 X34.341 Y39.374 E0.02304
G1 X33.857 Y39.511 E0.01392
G1 X32.918 Y39.925 E0.0284
G1 X32.35 Y40.435 E0.02112
G1 X31.998 Y40.836 E0.01477
G1 X31.676 Y41.355 E0.0169
G1 X31.384 Y42.159 E0.02367
G1 X31.318 Y42.557 E0.01116
G1 X31.318 Y43.434 E0.02427
G1 X31.382 Y43.81 E0.01055
G1 X31.676 Y44.607 E0.02351
G1 X31.87 Y44.948 E0.01086
G1 X32.358 Y45.568 E0.02183
G1 X32.689 Y45.862 E0.01225
G1 X33.377 Y46.287 E0.02238
G1 X33.822 Y46.464 E0.01325
G1 X34.589 Y46.626 E0.02169
G1 X35.235 Y46.639 E0.01788
G1 X35.668 Y46.58 E0.01209
G1 X36.515 Y46.311 E0.02459
G1 X36.907 Y46.07 E0.01273
G1 X37.419 Y45.694 E0.01758
G1 X37.749 Y45.35 E0.01319
G1 X38.17 Y44.729 E0.02076
G1 F1500 E-6.5
G0 F1320 X19.86 Y37.36
G1 F1500 E6.5
G1 F480 X80.14 Y37.36 E1.66809
G1 X80.14 Y62.64 E0.69956
G1 X19.86 Y62.64 E1.66809
G1 X19.86 Y37.36 E0.69956
G0 F1320 X20.06 Y37.64
G1 F480 X20.141 Y37.559 E0.00317
G0 F1320 X20.706 Y37.559
G1 F480 X20.06 Y38.206 E0.0253
G0 F1320 X20.06 Y38.771
G1 F480 X21.272 Y37.559 E0.04743
G0 F1320 X21.838 Y37.559
G1 F480 X20.06 Y39.337 E0.06958
G0 F1320 X20.06 Y39.903
G1 F480 X22.403 Y37.559 E0.09171
G0 F1320 X22.969 Y37.559
G1 F480 X20.06 Y40.468 E0.11384
G0 F1320 X20.06 Y41.034
G1 F480 X23.535 Y37.559 E0.13599
G0 F1320 X24.1 Y37.559
G1 F480 X20.06 Y41.6 E0.15812
G0 F1320 X20.06 Y42.165
G1 F480 X24.666 Y37.559 E0.18025
G0 F1320 X25.232 Y37.559
G1 F480 X20.06 Y42.731 E0.2024
G0 F1320 X20.06 Y43.297
G1 F480 X25.797 Y37.559 E0.22454
G0 F1320 X26.363 Y37.559
G1 F480 X20.06 Y43.863 E0.24669
G0 F1320 X20.06 Y44.428
G1 F480 X26.929 Y37.559 E0.26882
G0 F1320 X27.494 Y37.559
G1 F480 X20.06 Y44.994 E0.29095
G0 F1320 X20.06 Y45.56
G1 F480 X28.06 Y37.559 E0.3131
G0 F1320 X28.626 Y37.559
G1 F480 X20.06 Y46.125 E0.33523
G0 F1320 X20.06 Y46.691
G1 F480 X29.191 Y37.559 E0.35736
G0 F1320 X29.757 Y37.559
G1 F480 X20.06 Y47.257 E0.37951
G0 F1320 X20.06 Y47.822
G1 F480 X30.323 Y37.559 E0.40164
G0 F1320 X30.889 Y37.559
G1 F480 X20.06 Y48.388 E0.42379
G0 F1320 X20.06 Y48.954
G1 F480 X31.454 Y37.559 E0.44592
G0 F1320 X32.02 Y37.559
G1 F480 X20.06 Y49.519 E0.46805
G0 F1320 X20.06 Y50.085
G1 F480 X32.586 Y37.559 E0.4902
G0 F1320 X33.151 Y37.559
G1 F480 X20.06 Y50.651 E0.51233
G0 F1320 X20.06 Y51.216
G1 F480 X33.717 Y37.559 E0.53446
G0 F1320 X34.283 Y37.559
G1 F480 X20.06 Y51.782 E0.55661
G0 F1320 X20.06 Y52.348
G1 F480 X34.848 Y37.559 E0.57874
G0 F1320 X35.414 Y37.559
G1 F480 X33.539 Y39.434 E0.07338
G1 X33.469 Y39.504
G0 F1320 X34.364 Y39.175
G1 F480 X35.98 Y37.559 E0.06324
G0 F1320 X36.545 Y37.559
G1 F480 X34.953 Y39.152 E0.06232
G0 F1320 X35.48 Y39.191
G1 F480 X37.111 Y37.559 E0.06385
G0 F1320 X37.677 Y37.559
G1 F480 X35.954 Y39.283 E0.06745
G0 F1320 X36.382 Y39.42
G1 F480 X38.242 Y37.559 E0.07281
G0 F1320 X38.808 Y37.559
G1 F480 X36.773 Y39.594 E0.07964
G0 F1320 X37.115 Y39.819
G1 F480 X39.374 Y37.559 E0.08842
G0 F1320 X39.94 Y37.559
G1 F480 X37.441 Y40.058 E0.0978
G0 F1320 X37.729 Y40.335
G1 F480 X40.505 Y37.559 E0.10864
G0 F1320 X41.071 Y37.559
G1 F480 X38 Y40.63 E0.12018
G0 F1320 X38.25 Y40.946
G1 F480 X41.637 Y37.559 E0.13255
G0 F1320 X42.202 Y37.559
G1 F480 X38.423 Y41.338 E0.14789
G0 F1320 X38.597 Y41.731
G1 F480 X42.768 Y37.559 E0.16325
G0 F1320 X43.334 Y37.559
G1 F480 X38.724 Y42.169 E0.18041
G0 F1320 X38.778 Y42.681
G1 F480 X43.899 Y37.559 E0.20043
G0 F1320 X44.465 Y37.559
G1 F480 X38.798 Y43.227 E0.2218
G0 F1320 X38.679 Y43.911
G1 F480 X45.031 Y37.559 E0.24858
G0 F1320 X45.596 Y37.559
G1 F480 X38.363 Y44.793 E0.28308
G1 X38.293 Y44.863
G1 F1500 E-6.5
G0 F1320 X36.762 Y46.393
G1 F1500 E6.5
G1 F480 X20.715 Y62.44 E0.62799
G0 F1320 X20.15 Y62.44
G1 F480 X35.864 Y46.726 E0.61496
G0 F1320 X35.186 Y46.839
G1 F480 X20.06 Y61.964 E0.59193
G0 F1320 X20.06 Y61.399
G1 F480 X34.632 Y46.827 E0.57027
G0 F1320 X34.155 Y46.738
G1 F480 X20.06 Y60.833 E0.5516
G0 F1320 X20.06 Y60.267
G1 F480 X33.701 Y46.626 E0.53384
G0 F1320 X33.293 Y46.468
G1 F480 X20.06 Y59.702 E0.51789
G0 F1320 X20.06 Y59.136
G1 F480 X32.943 Y46.253 E0.50417
G0 F1320 X32.593 Y46.037
G1 F480 X20.06 Y58.57 E0.49048
G0 F1320 X20.06 Y58.005
G1 F480 X32.289 Y45.775 E0.4786
G0 F1320 X32.028 Y45.471
G1 F480 X20.06 Y57.439 E0.46836
G0 F1320 X20.06 Y56.873
G1 F480 X31.778 Y45.155 E0.45858
G0 F1320 X31.562 Y44.806
G1 F480 X20.06 Y56.308 E0.45013
G0 F1320 X20.06 Y55.742
G1 F480 X31.39 Y44.412 E0.4434
G0 F1320 X31.236 Y44
G1 F480 X20.06 Y55.176 E0.43737
G0 F1320 X20.06 Y54.611
G1 F480 X31.132 Y43.538 E0.43332
G0 F1320 X31.12 Y42.984
G1 F480 X20.06 Y54.045 E0.43285
G0 F1320 X20.06 Y53.479
G1 F480 X31.143 Y42.396 E0.43373
G1 X31.213 Y42.326
G0 F1320 X31.374 Y41.599
G1 F480 X20.06 Y52.914 E0.44279
G1 X19.99 Y52.984
G1 F1500 E-6.5
G0 F1320 X17.035 Y52.984
G0 X17.047 Y65.453
G0 X21.281 Y65.465
G0 X21.281 Y62.44
G1 F1500 E6.5
G1 F480 X46.162 Y37.559 E0.97371
G0 F1320 X46.728 Y37.559
G1 F480 X21.847 Y62.44 E0.97371
G0 F1320 X22.412 Y62.44
G1 F480 X47.293 Y37.559 E0.97371
G0 F1320 X47.859 Y37.559
G1 F480 X22.978 Y62.44 E0.97371
G0 F1320 X23.544 Y62.44
G1 F480 X48.425 Y37.559 E0.97371
G0 F1320 X48.99 Y37.559
G1 F480 X24.11 Y62.44 E0.97369
G0 F1320 X24.675 Y62.44
G1 F480 X49.556 Y37.559 E0.97371
G0 F1320 X50.122 Y37.559
G1 F480 X25.241 Y62.44 E0.97371
G0 F1320 X25.807 Y62.44
G1 F480 X50.688 Y37.559 E0.97371
G0 F1320 X51.253 Y37.559
G1 F480 X26.372 Y62.44 E0.97371
G0 F1320 X26.938 Y62.44
G1 F480 X51.819 Y37.559 E0.97371
G0 F1320 X52.385 Y37.559
G1 F480 X27.504 Y62.44 E0.97371
G0 F1320 X28.069 Y62.44
G1 F480 X52.95 Y37.559 E0.97371
G0 F1320 X53.516 Y37.559
G1 F480 X28.635 Y62.44 E0.97371
G0 F1320 X29.201 Y62.44
G1 F480 X54.082 Y37.559 E0.97371
G0 F1320 X54.647 Y37.559
G1 F480 X29.766 Y62.44 E0.97371
G0 F1320 X30.332 Y62.44
G1 F480 X55.213 Y37.559 E0.97371
G0 F1320 X55.779 Y37.559
G1 F480 X30.898 Y62.44 E0.97371
G0 F1320 X31.463 Y62.44
G1 F480 X56.344 Y37.559 E0.97371
G0 F1320 X56.91 Y37.559
G1 F480 X32.029 Y62.44 E0.97371
G0 F1320 X32.595 Y62.44
G1 F480 X57.476 Y37.559 E0.97371
G0 F1320 X58.041 Y37.559
G1 F480 X33.16 Y62.44 E0.97371
G0 F1320 X33.726 Y62.44
G1 F480 X58.607 Y37.559 E0.97371
G0 F1320 X59.173 Y37.559
G1 F480 X34.292 Y62.44 E0.97371
G0 F1320 X34.858 Y62.44
G1 F480 X59.739 Y37.559 E0.97371
G0 F1320 X60.304 Y37.559
G1 F480 X35.423 Y62.44 E0.97371
G0 F1320 X35.989 Y62.44
G1 F480 X60.87 Y37.559 E0.97371
G0 F1320 X61.436 Y37.559
G1 F480 X36.555 Y62.44 E0.97371
G0 F1320 X37.12 Y62.44
G1 F480 X62.001 Y37.559 E0.97371
G0 F1320 X62.567 Y37.559
G1 F480 X37.686 Y62.44 E0.97371
G0 F1320 X38.252 Y62.44
G1 F480 X63.133 Y37.559 E0.97371
G0 F1320 X63.698 Y37.559
G1 F480 X38.817 Y62.44 E0.97371
G0 F1320 X39.383 Y62.44
G1 F480 X64.264 Y37.559 E0.97371
G0 F1320 X64.83 Y37.559
G1 F480 X39.949 Y62.44 E0.97371
G0 F1320 X40.514 Y62.44
G1 F480 X65.395 Y37.559 E0.97371
G0 F1320 X65.961 Y37.559
G1 F480 X41.08 Y62.44 E0.97371
G0 F1320 X41.646 Y62.44
G1 F480 X66.527 Y37.559 E0.97371
G0 F1320 X67.092 Y37.559
G1 F480 X42.211 Y62.44 E0.97371
G0 F1320 X42.777 Y62.44
G1 F480 X67.658 Y37.559 E0.97371
G0 F1320 X68.224 Y37.559
G1 F480 X43.343 Y62.44 E0.97371
G0 F1320 X43.909 Y62.44
G1 F480 X68.789 Y37.559 E0.97369
G0 F1320 X69.355 Y37.559
G1 F480 X44.474 Y62.44 E0.97371
G0 F1320 X45.04 Y62.44
G1 F480 X69.921 Y37.559 E0.97371
G0 F1320 X70.487 Y37.559
G1 F480 X45.606 Y62.44 E0.97371
G0 F1320 X46.171 Y62.44
G1 F480 X71.052 Y37.559 E0.97371
G0 F1320 X71.618 Y37.559
G1 F480 X46.737 Y62.44 E0.97371
G0 F1320 X47.303 Y62.44
G1 F480 X72.184 Y37.559 E0.97371
G0 F1320 X72.749 Y37.559
G1 F480 X47.868 Y62.44 E0.97371
G0 F1320 X48.434 Y62.44
G1 F480 X73.315 Y37.559 E0.97371
G0 F1320 X73.881 Y37.559
G1 F480 X49 Y62.44 E0.97371
G0 F1320 X49.565 Y62.44
G1 F480 X74.446 Y37.559 E0.97371
G0 F1320 X75.012 Y37.559
G1 F480 X50.131 Y62.44 E0.97371
G0 F1320 X50.697 Y62.44
G1 F480 X75.578 Y37.559 E0.97371
G0 F1320 X76.143 Y37.559
G1 F480 X51.262 Y62.44 E0.97371
G0 F1320 X51.828 Y62.44
G1 F480 X76.709 Y37.559 E0.97371
G0 F1320 X77.275 Y37.559
G1 F480 X52.394 Y62.44 E0.97371
G0 F1320 X52.959 Y62.44
G1 F480 X77.84 Y37.559 E0.97371
G0 F1320 X78.406 Y37.559
G1 F480 X53.525 Y62.44 E0.97371
G0 F1320 X54.091 Y62.44
G1 F480 X78.972 Y37.559 E0.97371
G0 F1320 X79.537 Y37.559
G1 F480 X54.657 Y62.44 E0.97369
G0 F1320 X55.222 Y62.44
G1 F480 X79.94 Y37.723 E0.96731
G0 F1320 X79.94 Y38.288
G1 F480 X55.788 Y62.44 E0.94518
G0 F1320 X56.354 Y62.44
G1 F480 X79.94 Y38.854 E0.92303
G0 F1320 X79.94 Y39.42
G1 F480 X56.919 Y62.44 E0.9009
G0 F1320 X57.485 Y62.44
G1 F480 X79.94 Y39.985 E0.87877
G0 F1320 X79.94 Y40.551
G1 F480 X58.051 Y62.44 E0.85662
G0 F1320 X58.616 Y62.44
G1 F480 X79.94 Y41.117 E0.83449
G0 F1320 X79.94 Y41.683
G1 F480 X59.182 Y62.44 E0.81234
G0 F1320 X59.748 Y62.44
G1 F480 X79.94 Y42.248 E0.79021
G0 F1320 X79.94 Y42.814
G1 F480 X60.313 Y62.44 E0.76808
G0 F1320 X60.879 Y62.44
G1 F480 X79.94 Y43.38 E0.74593
G0 F1320 X79.94 Y43.945
G1 F480 X61.445 Y62.44 E0.7238
G0 F1320 X62.01 Y62.44
G1 F480 X79.94 Y44.511 E0.70167
G0 F1320 X79.94 Y45.077
G1 F480 X62.576 Y62.44 E0.67952
G0 F1320 X63.142 Y62.44
G1 F480 X79.94 Y45.642 E0.65739
G0 F1320 X79.94 Y46.208
G1 F480 X63.707 Y62.44 E0.63525
G0 F1320 X64.273 Y62.44
G1 F480 X79.94 Y46.774 E0.6131
G0 F1320 X79.94 Y47.339
G1 F480 X64.839 Y62.44 E0.59097
G0 F1320 X65.405 Y62.44
G1 F480 X79.94 Y47.905 E0.56882
G0 F1320 X79.94 Y48.471
G1 F480 X65.97 Y62.44 E0.54669
G0 F1320 X66.536 Y62.44
G1 F480 X79.94 Y49.036 E0.52456
G0 F1320 X79.94 Y49.602
G1 F480 X67.102 Y62.44 E0.50241
G0 F1320 X67.667 Y62.44
G1 F480 X79.94 Y50.168 E0.48028
G0 F1320 X79.94 Y50.733
G1 F480 X68.233 Y62.44 E0.45815
G0 F1320 X68.799 Y62.44
G1 F480 X79.94 Y51.299 E0.436
G0 F1320 X79.94 Y51.865
G1 F480 X69.364 Y62.44 E0.41387
G0 F1320 X69.93 Y62.44
G1 F480 X79.94 Y52.431 E0.39172
G0 F1320 X79.94 Y52.996
G1 F480 X70.496 Y62.44 E0.36959
G0 F1320 X71.061 Y62.44
G1 F480 X79.94 Y53.562 E0.34746
G0 F1320 X79.94 Y54.128
G1 F480 X71.627 Y62.44 E0.32531
G0 F1320 X72.193 Y62.44
G1 F480 X79.94 Y54.693 E0.30318
G0 F1320 X79.94 Y55.259
G1 F480 X72.758 Y62.44 E0.28105
G0 F1320 X73.324 Y62.44
G1 F480 X79.94 Y55.825 E0.2589
G0 F1320 X79.94 Y56.39
G1 F480 X73.89 Y62.44 E0.23677
G0 F1320 X74.456 Y62.44
G1 F480 X79.94 Y56.956 E0.21461
G0 F1320 X79.94 Y57.522
G1 F480 X75.021 Y62.44 E0.19248
G0 F1320 X75.587 Y62.44
G1 F480 X79.94 Y58.087 E0.17035
G0 F1320 X79.94 Y58.653
G1 F480 X76.153 Y62.44 E0.1482
G0 F1320 X76.718 Y62.44
G1 F480 X79.94 Y59.219 E0.12607
G0 F1320 X79.94 Y59.784
G1 F480 X77.284 Y62.44 E0.10394
G0 F1320 X77.85 Y62.44
G1 F480 X79.94 Y60.35 E0.08179
G0 F1320 X79.94 Y60.916
G1 F480 X78.415 Y62.44 E0.05966
G0 F1320 X78.981 Y62.44
G1 F480 X79.94 Y61.482 E0.03751
G0 F1320 X79.94 Y62.047
G1 F480 X79.547 Y62.44 E0.01538
G1 F1500 E-6.5
G0 F1320 X79.547 Y64.688
M204 P120
G1 F1500 E6.5
G1 F360 X17.808 Y64.688 E0.0345
G1 X17.808 Y35.308 E0.01642
G1 X82.188 Y35.308 E0.03597
G1 X82.188 Y64.688 E0.01642
G1 X79.547 Y64.688 E0.00148
G0 F1320 X79.546 Y64.567
G1 F360 X17.929 Y64.567 E0.03443
G1 X17.928 Y35.428 E0.01628
G1 X82.068 Y35.428 E0.03584
G1 X82.068 Y64.568 E0.01628
G1 X79.546 Y64.567 E0.00141
G0 F1320 X79.546 Y64.447
G1 F360 X18.049 Y64.444 E0.03436
G1 X18.048 Y35.548 E0.01615
G1 X81.948 Y35.548 E0.03571
G1 X81.948 Y64.448 E0.01615
G1 X79.546 Y64.447 E0.00134
G0 F1320 X79.546 Y64.327
G1 F360 X18.168 Y64.324 E0.0343
G1 X18.168 Y35.668 E0.01601
G1 X81.828 Y35.668 E0.03557
G1 X81.828 Y64.328 E0.01601
G1 X79.546 Y64.327 E0.00128
G0 F1320 X79.546 Y64.207
G1 F360 X18.288 Y64.204 E0.03423
G1 X18.288 Y35.788 E0.01588
G1 X81.708 Y35.788 E0.03544
G1 X81.708 Y64.208 E0.01588
G1 X79.546 Y64.207 E0.00121
G0 F1320 X79.546 Y64.087
G1 F360 X18.408 Y64.084 E0.03416
G1 X18.408 Y35.908 E0.01574
G1 X81.588 Y35.908 E0.0353
G1 X81.588 Y64.088 E0.01575
G1 X79.546 Y64.087 E0.00114
G0 F1320 X79.546 Y63.967
G1 F360 X18.528 Y63.964 E0.0341
G1 X18.528 Y36.028 E0.01561
G1 X81.468 Y36.028 E0.03517
G1 X81.468 Y63.968 E0.01561
G1 X79.546 Y63.967 E0.00107
G0 F1320 X79.546 Y63.847
G1 F360 X18.649 Y63.844 E0.03403
G1 X18.648 Y36.148 E0.01548
G1 X81.348 Y36.148 E0.03503
G1 X81.348 Y63.848 E0.01548
G1 X79.546 Y63.847 E0.00101
G0 F1320 X79.546 Y63.727
G1 F360 X18.768 Y63.724 E0.03396
G1 X18.768 Y36.268 E0.01534
G1 X81.228 Y36.268 E0.0349
G1 X81.228 Y63.728 E0.01534
G1 X79.546 Y63.727 E0.00094
G0 F1320 X79.546 Y63.607
G1 F360 X18.888 Y63.604 E0.03389
G1 X18.888 Y36.388 E0.01521
G1 X81.108 Y36.388 E0.03477
G1 X81.108 Y63.608 E0.01521
G1 X79.546 Y63.607 E0.00087
G0 F1320 X79.546 Y63.487
G1 F360 X19.008 Y63.484 E0.03383
G1 X19.008 Y36.508 E0.01507
G1 X80.988 Y36.508 E0.03463
G1 X80.988 Y63.488 E0.01508
G1 X79.546 Y63.487 E0.00081
G0 F1320 X79.546 Y63.367
G1 F360 X19.128 Y63.364 E0.03376
G1 X19.128 Y36.628 E0.01494
G1 X80.868 Y36.628 E0.0345
G1 X80.868 Y63.368 E0.01494
G1 X79.546 Y63.367 E0.00074
G0 F1320 X79.546 Y63.247
G1 F360 X19.248 Y63.244 E0.03369
G1 X19.248 Y36.748 E0.01481
G1 X80.748 Y36.748 E0.03436
G1 X80.748 Y63.248 E0.01481
G1 X79.546 Y63.247 E0.00067
G0 F1320 X79.546 Y63.127
G1 F360 X19.368 Y63.124 E0.03363
G1 X19.368 Y36.868 E0.01467
G1 X80.628 Y36.868 E0.03423
G1 X80.628 Y63.128 E0.01467
G1 X79.546 Y63.127 E0.0006
G0 F1320 X79.546 Y63.007
G1 F360 X19.489 Y63.003 E0.03356
G1 X19.488 Y36.988 E0.01454
G1 X80.508 Y36.988 E0.0341
G1 X80.508 Y63.008 E0.01454
G1 X79.546 Y63.007 E0.00054
G0 F1320 X79.546 Y62.886
G1 F360 X19.609 Y62.88 E0.03349
G1 X19.608 Y37.108 E0.0144
G1 X80.388 Y37.108 E0.03396
G1 X80.388 Y62.887 E0.0144
G1 X79.546 Y62.886 E0.00047
G0 F1320 X79.546 Y62.763
G1 F360 X19.729 Y62.76 E0.03342
G1 X19.728 Y37.228 E0.01427
G1 X80.268 Y37.228 E0.03383
G1 X80.268 Y62.764 E0.01427
G1 X79.546 Y62.763 E0.0004
G0 F1320 X79.546 Y62.643
G1 F360 X19.848 Y62.64 E0.03336
G1 X19.848 Y37.348 E0.01413
G1 X80.148 Y37.348 E0.03369
G1 X80.148 Y62.644 E0.01413
G1 X79.546 Y62.643 E0.00034
G0 F1320 X79.546 Y62.523
G1 F360 X19.968 Y62.52 E0.03329
G1 X19.968 Y37.468 E0.014
G1 X80.028 Y37.468 E0.03356
G1 X80.028 Y62.524 E0.014
G1 X79.546 Y62.523 E0.00027
G1 F1500 E-6.5
G0 F1320 X29.26 Y53.843
G1 F1500 E6.5
G1 F360 X28.608 Y53.848 E0.00036
G1 X28.608 Y53.486 E0.0002
G1 X29.26 Y53.843 E0.00042
G0 F1320 X29.726 Y53.964
G1 F360 X28.488 Y53.968 E0.00069
G1 X28.488 Y53.282 E0.00038
G1 X29.726 Y53.964 E0.00079
G0 F1320 X30.193 Y54.084
G1 F360 X28.368 Y54.088 E0.00102
G1 X28.368 Y53.082 E0.00056
G1 X30.193 Y54.084 E0.00116
G0 F1320 X30.903 Y54.207
G1 F360 X28.248 Y54.208 E0.00148
G1 X28.248 Y52.882 E0.00074
G1 X30.394 Y54.058 E0.00137
G1 X30.903 Y54.207 E0.0003
G0 F1320 X31.73 Y54.328
G1 F360 X28.128 Y54.328 E0.00201
G1 X28.128 Y52.682 E0.00092
G1 X30.443 Y53.949 E0.00147
G1 X31.73 Y54.328 E0.00075
G0 F1320 X32.583 Y54.451
G1 F360 X28.009 Y54.448 E0.00256
G1 X28.009 Y52.478 E0.0011
G1 X30.499 Y53.845 E0.00159
G1 X32.583 Y54.451 E0.00121
G1 F1500 E-6.5
G0 F1320 X36.427 Y43.654
G1 F1500 E6.5
G1 F360 X36.56 Y43.135 E0.0003
G1 X36.514 Y42.582 E0.00031
G1 X36.291 Y42.086 E0.0003
G1 X35.928 Y41.706 E0.00029
G1 X35.67 Y41.546 E0.00017
G1 X35.17 Y41.394 E0.00029
G1 X34.617 Y41.412 E0.00031
G1 X34.104 Y41.622 E0.00031
G1 X33.701 Y41.978 E0.0003
G1 X33.553 Y42.202 E0.00015
G1 X33.371 Y42.707 E0.0003
G1 X33.368 Y43.263 E0.00031
G1 X33.551 Y43.774 E0.0003
G1 X33.892 Y44.198 E0.0003
G1 X34.348 Y44.48 E0.0003
G1 X34.877 Y44.6 E0.0003
G1 X35.164 Y44.588 E0.00016
G1 X35.678 Y44.433 E0.0003
G1 X36.116 Y44.11 E0.0003
G1 X36.427 Y43.654 E0.00031
G0 F1320 X36.539 Y43.698
G1 F360 X36.676 Y43.158 E0.00031
G1 X36.631 Y42.562 E0.00033
G1 X36.391 Y42.019 E0.00033
G1 X36.016 Y41.622 E0.00031
G1 X35.749 Y41.449 E0.00018
G1 X35.202 Y41.278 E0.00032
G1 X34.597 Y41.292 E0.00034
G1 X34.054 Y41.504 E0.00033
G1 X33.622 Y41.885 E0.00032
G1 X33.454 Y42.129 E0.00017
G1 X33.249 Y42.686 E0.00033
G1 X33.248 Y43.283 E0.00033
G1 X33.439 Y43.822 E0.00032
G1 X33.812 Y44.286 E0.00033
G1 X34.313 Y44.594 E0.00033
G1 X34.849 Y44.716 E0.00031
G1 X35.18 Y44.708 E0.00019
G1 X35.74 Y44.534 E0.00033
G1 X36.2 Y44.194 E0.00032
G1 X36.539 Y43.698 E0.00034
G0 F1320 X36.651 Y43.742
G1 F360 X36.792 Y43.177 E0.00033
G1 X36.746 Y42.526 E0.00036
G1 X36.472 Y41.926 E0.00037
G1 X36.1 Y41.538 E0.0003
G1 X35.799 Y41.338 E0.0002
G1 X35.238 Y41.162 E0.00033
G1 X34.573 Y41.172 E0.00037
G1 X33.967 Y41.411 E0.00036
G1 X33.531 Y41.803 E0.00033
G1 X33.347 Y42.074 E0.00018
G1 X33.131 Y42.65 E0.00034
G1 X33.128 Y43.295 E0.00036
G1 X33.341 Y43.889 E0.00035
G1 X33.732 Y44.374 E0.00035
G1 X34.265 Y44.702 E0.00035
G1 X34.821 Y44.832 E0.00032
G1 X35.194 Y44.828 E0.00021
G1 X35.784 Y44.646 E0.00035
G1 X36.287 Y44.275 E0.00035
G1 X36.651 Y43.742 E0.00036
G0 F1320 X36.763 Y43.787
G1 F360 X36.908 Y43.193 E0.00034
G1 X36.863 Y42.506 E0.00038
G1 X36.579 Y41.867 E0.00039
G1 X36.184 Y41.45 E0.00032
G1 X35.849 Y41.229 E0.00022
G1 X35.274 Y41.046 E0.00034
G1 X34.549 Y41.052 E0.00041
G1 X33.899 Y41.307 E0.00039
G1 X33.451 Y41.711 E0.00034
G1 X33.238 Y42.017 E0.00021
G1 X33.009 Y42.642 E0.00037
G1 X33.008 Y43.307 E0.00037
G1 X33.235 Y43.95 E0.00038
G1 X33.66 Y44.47 E0.00038
G1 X34.225 Y44.814 E0.00037
G1 X34.813 Y44.952 E0.00034
G1 X35.215 Y44.944 E0.00022
G1 X35.828 Y44.758 E0.00036
G1 X36.364 Y44.365 E0.00037
G1 X36.763 Y43.787 E0.00039
G0 F1320 X36.878 Y43.815
G1 F360 X37.024 Y43.197 E0.00035
G1 X36.979 Y42.474 E0.0004
G1 X36.679 Y41.798 E0.00041
G1 X36.248 Y41.346 E0.00035
G1 X35.903 Y41.122 E0.00023
G1 X35.307 Y40.93 E0.00035
G1 X34.529 Y40.932 E0.00043
G1 X33.85 Y41.191 E0.00041
G1 X33.371 Y41.619 E0.00036
G1 X33.138 Y41.949 E0.00023
G1 X32.889 Y42.614 E0.0004
G1 X32.888 Y43.319 E0.00039
G1 X33.127 Y44.006 E0.00041
G1 X33.585 Y44.567 E0.0004
G1 X34.185 Y44.926 E0.00039
G1 X34.805 Y45.072 E0.00036
G1 X35.232 Y45.06 E0.00024
G1 X35.884 Y44.864 E0.00038
G1 X36.456 Y44.442 E0.0004
G1 X36.878 Y43.815 E0.00042
G0 F1320 X36.986 Y43.859
G1 F360 X37.14 Y43.201 E0.00038
G1 X37.095 Y42.442 E0.00042
G1 X36.779 Y41.73 E0.00044
G1 X36.312 Y41.242 E0.00038
G1 X35.939 Y41.006 E0.00025
G1 X35.339 Y40.814 E0.00035
G1 X34.505 Y40.812 E0.00047
G1 X33.786 Y41.083 E0.00043
G1 X33.287 Y41.527 E0.00037
G1 X33.038 Y41.881 E0.00024
G1 X32.769 Y42.598 E0.00043
G1 X32.768 Y43.343 E0.00042
G1 X33.017 Y44.057 E0.00042
G1 X33.5 Y44.654 E0.00043
G1 X34.137 Y45.034 E0.00041
G1 X34.785 Y45.188 E0.00037
G1 X35.247 Y45.18 E0.00026
G1 X35.928 Y44.976 E0.0004
G1 X36.535 Y44.531 E0.00042
G1 X36.986 Y43.859 E0.00045
G0 F1320 X37.09 Y43.919
G1 F360 X37.256 Y43.205 E0.00041
G1 X37.211 Y42.41 E0.00044
G1 X36.879 Y41.663 E0.00046
G1 X36.4 Y41.158 E0.00039
G1 X36.003 Y40.902 E0.00026
G1 X35.371 Y40.698 E0.00037
G1 X34.481 Y40.692 E0.0005
G1 X33.722 Y40.975 E0.00045
G1 X33.207 Y41.435 E0.00039
G1 X32.938 Y41.813 E0.00026
G1 X32.651 Y42.574 E0.00045
G1 X32.648 Y43.367 E0.00044
G1 X32.913 Y44.121 E0.00045
G1 X33.421 Y44.746 E0.00045
G1 X34.089 Y45.142 E0.00043
G1 X34.777 Y45.308 E0.0004
G1 X35.259 Y45.3 E0.00027
G1 X35.988 Y45.08 E0.00043
G1 X36.619 Y44.615 E0.00044
G1 X37.09 Y43.919 E0.00047
G0 F1320 X37.194 Y43.979
G1 F360 X37.372 Y43.209 E0.00044
G1 X37.327 Y42.378 E0.00047
G1 X36.979 Y41.594 E0.00048
G1 X36.464 Y41.054 E0.00042
G1 X36.039 Y40.786 E0.00028
G1 X35.403 Y40.582 E0.00037
G1 X34.457 Y40.572 E0.00053
G1 X33.659 Y40.867 E0.00048
G1 X33.123 Y41.343 E0.0004
G1 X32.831 Y41.755 E0.00028
G1 X32.528 Y42.57 E0.00049
G1 X32.528 Y43.379 E0.00045
G1 X32.809 Y44.185 E0.00048
G1 X33.341 Y44.842 E0.00047
G1 X34.029 Y45.244 E0.00045
G1 X34.769 Y45.428 E0.00043
G1 X35.279 Y45.416 E0.00029
G1 X36.028 Y45.192 E0.00044
G1 X36.705 Y44.697 E0.00047
G1 X37.194 Y43.979 E0.00049
G0 F1320 X37.306 Y44.015
G1 F360 X37.488 Y43.213 E0.00046
G1 X37.443 Y42.35 E0.00048
G1 X37.083 Y41.535 E0.0005
G1 X36.552 Y40.97 E0.00043
G1 X36.103 Y40.682 E0.0003
G1 X35.435 Y40.466 E0.00039
G1 X34.433 Y40.452 E0.00056
G1 X33.591 Y40.759 E0.0005
G1 X33.043 Y41.251 E0.00041
G1 X32.715 Y41.715 E0.00032
G1 X32.408 Y42.546 E0.0005
G1 X32.408 Y43.403 E0.00048
G1 X32.705 Y44.249 E0.0005
G1 X33.269 Y44.942 E0.0005
G1 X33.99 Y45.359 E0.00047
G1 X34.757 Y45.548 E0.00044
G1 X35.291 Y45.536 E0.0003
G1 X36.088 Y45.296 E0.00047
G1 X36.791 Y44.779 E0.00049
G1 X37.306 Y44.015 E0.00051
G0 F1320 X37.41 Y44.075
G1 F360 X37.604 Y43.217 E0.00049
G1 X37.559 Y42.318 E0.0005
G1 X37.183 Y41.467 E0.00052
G1 X36.64 Y40.886 E0.00044
G1 X36.139 Y40.566 E0.00033
G1 X35.467 Y40.35 E0.00039
G1 X34.413 Y40.332 E0.00059
G1 X33.527 Y40.655 E0.00053
G1 X32.959 Y41.163 E0.00043
G1 X32.606 Y41.661 E0.00034
G1 X32.288 Y42.522 E0.00051
G1 X32.288 Y43.415 E0.0005
G1 X32.601 Y44.313 E0.00053
G1 X33.181 Y45.026 E0.00051
G1 X33.938 Y45.467 E0.00049
G1 X34.745 Y45.668 E0.00046
G1 X35.311 Y45.652 E0.00032
G1 X36.128 Y45.408 E0.00048
G1 X36.868 Y44.869 E0.00051
G1 X37.41 Y44.075 E0.00054
G0 F1320 X37.511 Y44.143
G1 F360 X37.72 Y43.241 E0.00052
G1 X37.675 Y42.291 E0.00053
G1 X37.283 Y41.399 E0.00054
G1 X36.724 Y40.802 E0.00046
G1 X36.203 Y40.462 E0.00035
G1 X35.503 Y40.234 E0.00041
G1 X34.389 Y40.212 E0.00062
G1 X33.463 Y40.551 E0.00055
G1 X32.859 Y41.091 E0.00045
G1 X32.506 Y41.593 E0.00034
G1 X32.168 Y42.498 E0.00054
G1 X32.168 Y43.439 E0.00053
G1 X32.497 Y44.377 E0.00056
G1 X33.105 Y45.123 E0.00054
G1 X33.894 Y45.577 E0.00051
G1 X34.733 Y45.788 E0.00048
G1 X35.328 Y45.768 E0.00033
G1 X36.188 Y45.512 E0.0005
G1 X36.956 Y44.949 E0.00053
G1 X37.511 Y44.143 E0.00055
G0 F1320 X37.626 Y44.171
G1 F360 X37.836 Y43.242 E0.00053
G1 X37.791 Y42.263 E0.00055
G1 X37.383 Y41.331 E0.00057
G1 X36.808 Y40.718 E0.00047
G1 X36.258 Y40.353 E0.00037
G1 X35.539 Y40.118 E0.00042
G1 X34.369 Y40.092 E0.00065
G1 X33.395 Y40.447 E0.00058
G1 X32.779 Y40.999 E0.00046
G1 X32.406 Y41.525 E0.00036
G1 X32.048 Y42.478 E0.00057
G1 X32.048 Y43.451 E0.00054
G1 X32.389 Y44.433 E0.00058
G1 X33.025 Y45.215 E0.00056
G1 X33.854 Y45.689 E0.00053
G1 X34.721 Y45.908 E0.0005
G1 X35.34 Y45.888 E0.00035
G1 X36.248 Y45.614 E0.00053
G1 X37.051 Y45.023 E0.00056
G1 X37.626 Y44.171 E0.00057
G0 F1320 X37.73 Y44.231
G1 F360 X37.952 Y43.25 E0.00056
G1 X37.907 Y42.235 E0.00057
G1 X37.483 Y41.263 E0.00059
G1 X36.876 Y40.614 E0.0005
G1 X36.307 Y40.242 E0.00038
G1 X35.575 Y40.002 E0.00043
G1 X34.349 Y39.972 E0.00069
G1 X33.331 Y40.343 E0.00061
G1 X32.679 Y40.927 E0.00049
G1 X32.306 Y41.457 E0.00036
G1 X31.928 Y42.458 E0.0006
G1 X31.928 Y43.475 E0.00057
G1 X32.285 Y44.497 E0.0006
G1 X32.937 Y45.299 E0.00058
G1 X33.814 Y45.801 E0.00056
G1 X34.709 Y46.028 E0.00052
G1 X35.352 Y46.008 E0.00036
G1 X36.3 Y45.722 E0.00055
G1 X37.135 Y45.107 E0.00058
G1 X37.73 Y44.231 E0.00059
G0 F1320 X37.834 Y44.291
G1 F360 X38.068 Y43.258 E0.00059
G1 X38.02 Y42.196 E0.00059
G1 X37.572 Y41.178 E0.00062
G1 X36.96 Y40.526 E0.0005
G1 X36.347 Y40.126 E0.00041
G1 X35.611 Y39.886 E0.00043
G1 X34.329 Y39.852 E0.00072
G1 X33.267 Y40.239 E0.00063
G1 X32.579 Y40.859 E0.00052
G1 X32.206 Y41.389 E0.00036
G1 X31.808 Y42.437 E0.00063
G1 X31.808 Y43.499 E0.00059
G1 X32.181 Y44.561 E0.00063
G1 X32.849 Y45.383 E0.00059
G1 X33.774 Y45.913 E0.0006
G1 X34.697 Y46.148 E0.00053
G1 X35.364 Y46.128 E0.00037
G1 X36.356 Y45.828 E0.00058
G1 X37.212 Y45.201 E0.00059
G1 X37.834 Y44.291 E0.00062
G0 F1320 X37.935 Y44.359
G1 F360 X38.184 Y43.267 E0.00063
G1 X38.136 Y42.172 E0.00061
G1 X37.684 Y41.124 E0.00064
G1 X37.044 Y40.438 E0.00052
G1 X36.387 Y40.01 E0.00044
G1 X35.647 Y39.77 E0.00043
G1 X34.309 Y39.732 E0.00075
G1 X33.199 Y40.135 E0.00066
G1 X32.479 Y40.787 E0.00054
G1 X32.106 Y41.321 E0.00036
G1 X31.688 Y42.413 E0.00065
G1 X31.688 Y43.511 E0.00061
G1 X32.077 Y44.625 E0.00066
G1 X32.761 Y45.467 E0.00061
G1 X33.734 Y46.025 E0.00063
G1 X34.685 Y46.268 E0.00055
G1 X35.376 Y46.248 E0.00039
G1 X36.396 Y45.94 E0.0006
G1 X37.308 Y45.274 E0.00063
G1 X37.935 Y44.359 E0.00062
G0 F1320 X38.05 Y44.387
G1 F360 X38.3 Y43.279 E0.00063
G1 X38.252 Y42.144 E0.00063
G1 X37.784 Y41.056 E0.00066
G1 X37.128 Y40.35 E0.00054
G1 X36.465 Y39.913 E0.00044
G1 X35.687 Y39.655 E0.00046
G1 X34.289 Y39.612 E0.00078
G1 X33.131 Y40.031 E0.00069
G1 X32.379 Y40.715 E0.00057
G1 X32.006 Y41.249 E0.00036
G1 X31.568 Y42.389 E0.00068
G1 X31.568 Y43.523 E0.00063
G1 X31.973 Y44.689 E0.00069
G1 X32.681 Y45.559 E0.00063
G1 X33.694 Y46.137 E0.00065
G1 X34.673 Y46.388 E0.00056
G1 X35.391 Y46.368 E0.0004
G1 X36.44 Y46.052 E0.00061
G1 X37.388 Y45.362 E0.00066
G1 X38.05 Y44.387 E0.00066
G0 F1320 X38.151 Y44.455
G1 F360 X38.416 Y43.291 E0.00067
G1 X38.368 Y42.116 E0.00066
G1 X37.884 Y40.988 E0.00069
G1 X37.206 Y40.257 E0.00056
G1 X36.53 Y39.809 E0.00045
G1 X35.723 Y39.539 E0.00048
G1 X34.269 Y39.492 E0.00081
G1 X33.063 Y39.927 E0.00072
G1 X32.299 Y40.623 E0.00058
G1 X31.906 Y41.181 E0.00038
G1 X31.448 Y42.365 E0.00071
G1 X31.448 Y43.547 E0.00066
G1 X31.869 Y44.753 E0.00071
G1 X32.593 Y45.643 E0.00064
G1 X33.654 Y46.249 E0.00068
G1 X34.661 Y46.508 E0.00058
G1 X35.408 Y46.484 E0.00042
G1 X36.484 Y46.164 E0.00063
G1 X37.468 Y45.45 E0.00068
G1 X38.151 Y44.455 E0.00067
G0 F1320 X38.259 Y44.507
G1 F360 X38.536 Y43.303 E0.00069
G1 X38.484 Y42.088 E0.00068
G1 X37.988 Y40.924 E0.00071
G1 X37.27 Y40.153 E0.00059
G1 X36.594 Y39.705 E0.00045
G1 X35.76 Y39.423 E0.00049
G1 X34.249 Y39.372 E0.00084
G1 X32.995 Y39.823 E0.00074
G1 X32.219 Y40.531 E0.00059
G1 X31.806 Y41.113 E0.0004
G1 X31.328 Y42.345 E0.00074
G1 X31.328 Y43.559 E0.00068
G1 X31.765 Y44.817 E0.00074
G1 X32.505 Y45.727 E0.00066
G1 X33.614 Y46.361 E0.00071
G1 X34.649 Y46.628 E0.0006
G1 X35.42 Y46.604 E0.00043
G1 X36.544 Y46.268 E0.00066
G1 X37.56 Y45.526 E0.0007
G1 X38.259 Y44.507 E0.00069
G0 F1320 X38.37 Y44.551
G1 F360 X38.652 Y43.315 E0.00071
G1 X38.6 Y42.06 E0.0007
G1 X38.092 Y40.86 E0.00073
G1 X37.344 Y40.058 E0.00061
G1 X36.644 Y39.595 E0.00047
G1 X35.796 Y39.307 E0.0005
G1 X34.225 Y39.252 E0.00088
G1 X32.927 Y39.719 E0.00077
G1 X32.135 Y40.443 E0.0006
G1 X31.707 Y41.036 E0.00041
G1 X31.208 Y42.325 E0.00077
G1 X31.208 Y43.579 E0.0007
G1 X31.661 Y44.881 E0.00077
G1 X32.417 Y45.811 E0.00067
G1 X33.574 Y46.473 E0.00074
G1 X34.637 Y46.748 E0.00061
G1 X35.432 Y46.724 E0.00044
G1 X36.588 Y46.38 E0.00067
G1 X37.64 Y45.614 E0.00073
G1 X38.37 Y44.551 E0.00072
G0 F1320 X38.478 Y44.603
G1 F360 X38.768 Y43.327 E0.00073
G1 X38.716 Y42.032 E0.00072
G1 X38.192 Y40.788 E0.00075
G1 X37.408 Y39.954 E0.00064
G1 X36.697 Y39.485 E0.00048
G1 X35.832 Y39.191 E0.00051
G1 X34.201 Y39.132 E0.00091
G1 X32.859 Y39.615 E0.0008
G1 X32.051 Y40.351 E0.00061
G1 X31.607 Y40.964 E0.00042
G1 X31.088 Y42.301 E0.0008
G1 X31.088 Y43.599 E0.00073
G1 X31.557 Y44.945 E0.0008
G1 X32.332 Y45.897 E0.00069
G1 X33.534 Y46.585 E0.00077
G1 X34.625 Y46.868 E0.00063
G1 X35.444 Y46.844 E0.00046
G1 X36.648 Y46.484 E0.0007
G1 X37.732 Y45.69 E0.00075
G1 X38.478 Y44.603 E0.00074
G0 F1320 X38.586 Y44.655
G1 F360 X38.888 Y43.339 E0.00075
G1 X38.832 Y42.004 E0.00075
G1 X38.292 Y40.716 E0.00078
G1 X37.496 Y39.87 E0.00065
G1 X36.762 Y39.381 E0.00049
G1 X35.868 Y39.075 E0.00053
G1 X34.177 Y39.012 E0.00095
G1 X32.791 Y39.511 E0.00082
G1 X31.967 Y40.259 E0.00062
G1 X31.507 Y40.892 E0.00044
G1 X30.968 Y42.281 E0.00083
G1 X30.968 Y43.619 E0.00075
G1 X31.453 Y45.009 E0.00082
G1 X32.248 Y45.985 E0.0007
G1 X33.494 Y46.697 E0.0008
G1 X34.613 Y46.988 E0.00065
G1 X35.459 Y46.964 E0.00047
G1 X36.692 Y46.596 E0.00072
G1 X37.812 Y45.778 E0.00077
G1 X38.586 Y44.655 E0.00076
G0 F1320 X38.694 Y44.707
G1 F360 X39.004 Y43.351 E0.00078
G1 X38.948 Y41.976 E0.00077
G1 X38.392 Y40.644 E0.00081
G1 X37.564 Y39.766 E0.00067
G1 X36.826 Y39.277 E0.00049
G1 X35.904 Y38.959 E0.00054
G1 X34.153 Y38.892 E0.00098
G1 X32.723 Y39.407 E0.00085
G1 X31.883 Y40.167 E0.00063
G1 X31.407 Y40.82 E0.00045
G1 X30.848 Y42.261 E0.00086
G1 X30.848 Y43.639 E0.00077
G1 X31.349 Y45.073 E0.00085
G1 X32.164 Y46.073 E0.00072
G1 X33.454 Y46.809 E0.00083
G1 X34.601 Y47.108 E0.00066
G1 X35.478 Y47.08 E0.00049
G1 X36.752 Y46.7 E0.00074
G1 X37.9 Y45.862 E0.00079
G1 X38.694 Y44.707 E0.00078
G0 F1320 X38.802 Y44.759
G1 F360 X39.124 Y43.363 E0.0008
G1 X39.064 Y41.948 E0.00079
G1 X38.492 Y40.572 E0.00083
G1 X37.632 Y39.662 E0.0007
G1 X36.889 Y39.173 E0.0005
G1 X35.94 Y38.843 E0.00056
G1 X34.129 Y38.772 E0.00101
G1 X32.655 Y39.303 E0.00088
G1 X31.783 Y40.095 E0.00066
G1 X31.307 Y40.748 E0.00045
G1 X30.728 Y42.241 E0.00089
G1 X30.728 Y43.659 E0.00079
G1 X31.245 Y45.137 E0.00087
G1 X32.08 Y46.161 E0.00074
G1 X33.414 Y46.921 E0.00086
G1 X34.589 Y47.228 E0.00068
G1 X35.498 Y47.196 E0.00051
G1 X36.81 Y46.805 E0.00076
G1 X37.98 Y45.95 E0.00081
G1 X38.802 Y44.759 E0.00081
G0 F1320 X38.91 Y44.811
G1 F360 X39.24 Y43.375 E0.00082
G1 X39.184 Y41.92 E0.00081
G1 X38.592 Y40.504 E0.00086
G1 X37.696 Y39.558 E0.00073
G1 X36.958 Y39.069 E0.00049
G1 X35.98 Y38.727 E0.00058
G1 X34.105 Y38.652 E0.00105
G1 X32.587 Y39.199 E0.0009
G1 X31.699 Y40.003 E0.00067
G1 X31.207 Y40.676 E0.00047
G1 X30.608 Y42.221 E0.00093
G1 X30.608 Y43.679 E0.00081
G1 X31.135 Y45.19 E0.00089
G1 X31.996 Y46.249 E0.00076
G1 X33.374 Y47.033 E0.00089
G1 X34.577 Y47.348 E0.00069
G1 X35.518 Y47.312 E0.00053
G1 X36.866 Y46.909 E0.00079
G1 X38.056 Y46.042 E0.00082
G1 X38.91 Y44.811 E0.00084
G0 F1320 X39.018 Y44.863
G1 F360 X39.36 Y43.387 E0.00085
G1 X39.304 Y41.892 E0.00084
G1 X38.692 Y40.436 E0.00088
G1 X37.764 Y39.454 E0.00075
G1 X37.021 Y38.965 E0.0005
G1 X36.02 Y38.611 E0.00059
G1 X34.081 Y38.532 E0.00108
G1 X32.519 Y39.095 E0.00093
G1 X31.615 Y39.911 E0.00068
G1 X31.107 Y40.604 E0.00048
G1 X30.488 Y42.201 E0.00096
G1 X30.488 Y43.699 E0.00084
G1 X31.027 Y45.246 E0.00092
G1 X31.912 Y46.337 E0.00078
G1 X33.322 Y47.141 E0.00091
G1 X34.569 Y47.468 E0.00072
G1 X35.538 Y47.428 E0.00054
G1 X36.91 Y47.021 E0.0008
G1 X38.144 Y46.122 E0.00085
G1 X39.018 Y44.863 E0.00086
G0 F1320 X39.126 Y44.915
G1 F360 X39.48 Y43.395 E0.00087
G1 X39.424 Y41.864 E0.00086
G1 X38.792 Y40.368 E0.00091
G1 X37.828 Y39.35 E0.00078
G1 X37.089 Y38.861 E0.0005
G1 F317.6 X36.043 Y38.476 E0.00071
G1 F324.8 X34.058 Y38.416 E0.00123
G1 F369.2 X32.455 Y38.987 E0.00093
G1 F360 X31.531 Y39.823 E0.0007
G1 X30.983 Y40.574 E0.00052
G1 X30.368 Y42.177 E0.00096
G1 X30.368 Y43.719 E0.00086
G1 X30.919 Y45.302 E0.00094
G1 X31.828 Y46.425 E0.00081
G1 X33.304 Y47.263 E0.00095
G1 X34.537 Y47.584 E0.00071
G1 X35.57 Y47.544 E0.00058
G1 X36.966 Y47.125 E0.00081
G1 X38.232 Y46.202 E0.00088
G1 X39.126 Y44.915 E0.00088
G1 F1500 E-6.5
G0 F1320 X49.558 Y49.974
G1 F1500 E6.5
G1 F245.5 X67.518 Y49.978 E0.01472
G0 F1320 X67.668 Y50.128
G1 F360 X49.285 Y50.12 E0.01027
G1 X49.484 Y49.828 E0.0002
G1 X67.668 Y49.828 E0.01016
G1 X67.668 Y50.128 E0.00017
G0 F1320 X67.788 Y50.248
G1 F360 X49.055 Y50.243 E0.01047
G1 X49.369 Y49.826 E0.00029
G1 X49.414 Y49.708 E0.00007
G1 X67.788 Y49.708 E0.01027
G1 X67.788 Y50.248 E0.0003
G0 F1320 X67.908 Y50.368
G1 F360 X48.815 Y50.364 E0.01067
G1 X49.26 Y49.776 E0.00041
G1 X49.33 Y49.588 E0.00011
G1 X67.908 Y49.588 E0.01038
G1 X67.908 Y50.368 E0.00044
G0 F1320 X68.028 Y50.488
G1 F360 X48.575 Y50.484 E0.01087
G1 X49.152 Y49.721 E0.00053
G1 X49.247 Y49.468 E0.00015
G1 X68.028 Y49.468 E0.01049
G1 X68.028 Y50.488 E0.00057
G0 F1320 X68.148 Y50.608
G1 F360 X48.335 Y50.604 E0.01107
G1 X49.052 Y49.661 E0.00066
G1 X49.163 Y49.348 E0.00019
G1 X68.148 Y49.348 E0.01061
G1 X68.148 Y50.608 E0.0007
G0 F1320 X68.268 Y50.728
G1 F360 X48.095 Y50.724 E0.01127
G1 X48.952 Y49.595 E0.00079
G1 X49.076 Y49.228 E0.00022
G1 X68.268 Y49.228 E0.01072
G1 X68.268 Y50.728 E0.00084
G0 F1320 X68.388 Y50.848
G1 F360 X47.855 Y50.844 E0.01147
G1 X48.848 Y49.535 E0.00092
G1 X48.992 Y49.108 E0.00025
G1 X68.388 Y49.108 E0.01084
G1 X68.388 Y50.848 E0.00097
G0 F1320 X68.508 Y50.968
G1 F360 X47.615 Y50.964 E0.01167
G1 X48.754 Y49.463 E0.00105
G1 X48.904 Y48.988 E0.00028
G1 X68.508 Y48.988 E0.01095
G1 X68.508 Y50.968 E0.00111
G0 F1320 X68.628 Y51.088
G1 F360 X47.375 Y51.084 E0.01188
G1 X48.64 Y49.421 E0.00117
G1 X48.817 Y48.868 E0.00032
G1 X68.628 Y48.868 E0.01107
G1 X68.628 Y51.088 E0.00124
G0 F1320 X68.748 Y51.208
G1 F360 X47.135 Y51.204 E0.01208
G1 X48.532 Y49.369 E0.00129
G1 X48.729 Y48.748 E0.00036
G1 X68.748 Y48.748 E0.01119
G1 X68.748 Y51.208 E0.00137
G0 F1320 X68.868 Y51.328
G1 F360 X46.895 Y51.324 E0.01228
G1 X48.433 Y49.306 E0.00142
G1 X48.641 Y48.628 E0.0004
G1 X68.868 Y48.628 E0.0113
G1 X68.868 Y51.328 E0.00151
G0 F1320 X68.988 Y51.448
G1 F360 X46.655 Y51.444 E0.01248
G1 X48.329 Y49.25 E0.00154
G1 X48.553 Y48.508 E0.00043
G1 X68.988 Y48.508 E0.01142
G1 X68.988 Y51.448 E0.00164
G0 F1320 X69.108 Y51.568
G1 F360 X46.414 Y51.564 E0.01268
G1 X48.225 Y49.194 E0.00167
G1 X48.465 Y48.388 E0.00047
G1 X69.108 Y48.388 E0.01153
G1 X69.108 Y51.568 E0.00178
G0 F1320 X69.228 Y51.688
G1 F360 X46.174 Y51.684 E0.01288
G1 X48.117 Y49.142 E0.00179
G1 X48.377 Y48.268 E0.00051
G1 X69.228 Y48.268 E0.01165
G1 X69.228 Y51.688 E0.00191
G0 F1320 X69.348 Y51.808
G1 F360 X45.934 Y51.804 E0.01308
G1 X48.009 Y49.09 E0.00191
G1 X48.289 Y48.148 E0.00055
G1 X69.348 Y48.148 E0.01177
G1 X69.348 Y51.808 E0.00205
G0 F1320 X69.468 Y51.928
G1 F360 X45.694 Y51.924 E0.01328
G1 X47.906 Y49.026 E0.00204
G1 X48.201 Y48.028 E0.00058
G1 X69.468 Y48.028 E0.01188
G1 X69.468 Y51.928 E0.00218
G0 F1320 X69.588 Y52.048
G1 F360 X45.454 Y52.044 E0.01349
G1 X47.798 Y48.974 E0.00216
G1 X48.113 Y47.908 E0.00062
G1 X69.588 Y47.908 E0.012
G1 X69.588 Y52.048 E0.00231
G0 F1320 X69.708 Y52.168
G1 F360 X45.214 Y52.164 E0.01369
G1 X47.684 Y48.937 E0.00227
G1 X48.022 Y47.788 E0.00067
G1 X69.708 Y47.788 E0.01212
G1 X69.708 Y52.168 E0.00245
G0 F1320 X69.828 Y52.288
G1 F360 X44.974 Y52.284 E0.01389
G1 X47.576 Y48.881 E0.00239
G1 X47.933 Y47.668 E0.00071
G1 X69.828 Y47.668 E0.01223
G1 X69.828 Y52.288 E0.00258
G0 F1320 X69.948 Y52.408
G1 F360 X44.734 Y52.404 E0.01409
G1 X47.472 Y48.825 E0.00252
G1 X47.846 Y47.548 E0.00074
G1 X69.948 Y47.548 E0.01235
G1 X69.948 Y52.408 E0.00272
G0 F1320 X70.068 Y52.528
G1 F360 X44.494 Y52.524 E0.01429
G1 X47.368 Y48.769 E0.00264
G1 X47.758 Y47.428 E0.00078
G1 X70.068 Y47.428 E0.01247
G1 X70.068 Y52.528 E0.00285
G0 F1320 X70.188 Y52.648
G1 F360 X44.255 Y52.644 E0.01449
G1 X47.264 Y48.713 E0.00277
G1 X47.67 Y47.308 E0.00082
G1 X70.188 Y47.308 E0.01258
G1 X70.188 Y52.648 E0.00298
G0 F1320 X70.308 Y52.768
G1 F360 X44.016 Y52.764 E0.01469
G1 X47.16 Y48.653 E0.00289
G1 X47.582 Y47.188 E0.00085
G1 X70.308 Y47.188 E0.0127
G1 X70.308 Y52.768 E0.00312
G0 F1320 X70.428 Y52.888
G1 F360 X43.653 Y52.884 E0.01496
G1 X43.92 Y52.689 E0.00018
G1 X47.056 Y48.593 E0.00288
G1 X47.494 Y47.068 E0.00089
G1 X70.428 Y47.068 E0.01281
G1 X70.428 Y52.888 E0.00325
G0 F1320 X70.548 Y53.008
G1 F360 X43.289 Y53.004 E0.01523
G1 X43.848 Y52.593 E0.00039
G1 X46.952 Y48.533 E0.00286
G1 X47.406 Y46.948 E0.00092
G1 X70.548 Y46.948 E0.01293
G1 X70.548 Y53.008 E0.00339
G0 F1320 X70.668 Y53.128
G1 F360 X42.929 Y53.124 E0.0155
G1 X43.78 Y52.497 E0.00059
G1 X46.848 Y48.477 E0.00283
G1 X47.318 Y46.828 E0.00096
G1 X70.668 Y46.828 E0.01305
G1 X70.668 Y53.128 E0.00352
G0 F1320 X70.788 Y53.248
G1 F360 X42.569 Y53.244 E0.01577
G1 X43.712 Y52.401 E0.00079
G1 X46.744 Y48.421 E0.0028
G1 X47.226 Y46.708 E0.00099
G1 X70.788 Y46.708 E0.01317
G1 X70.788 Y53.248 E0.00365
G0 F1320 X70.908 Y53.368
G1 F360 X42.209 Y53.364 E0.01604
G1 X43.644 Y52.305 E0.001
G1 X46.645 Y48.357 E0.00277
G1 X47.134 Y46.588 E0.00103
G1 X70.908 Y46.588 E0.01328
G1 X70.908 Y53.368 E0.00379
G0 F1320 X71.028 Y53.488
G1 F360 X41.849 Y53.484 E0.0163
G1 X43.576 Y52.209 E0.0012
G1 X46.541 Y48.301 E0.00274
G1 X47.046 Y46.468 E0.00106
G1 X71.028 Y46.468 E0.0134
G1 X71.028 Y53.488 E0.00392
G0 F1320 X71.148 Y53.608
G1 F360 X41.489 Y53.604 E0.01657
G1 X43.508 Y52.113 E0.0014
G1 X46.437 Y48.245 E0.00271
G1 X46.958 Y46.348 E0.0011
G1 X71.148 Y46.348 E0.01352
G1 X71.148 Y53.608 E0.00406
G0 F1320 X71.268 Y53.728
G1 F360 X41.129 Y53.724 E0.01684
G1 X43.44 Y52.017 E0.00161
G1 X46.333 Y48.189 E0.00268
G1 X46.87 Y46.228 E0.00114
G1 X71.268 Y46.228 E0.01363
G1 X71.268 Y53.728 E0.00419
G0 F1320 X71.388 Y53.848
G1 F360 X40.769 Y53.844 E0.01711
G1 X43.372 Y51.921 E0.00181
G1 X46.229 Y48.133 E0.00265
G1 X46.782 Y46.108 E0.00117
G1 X71.388 Y46.108 E0.01375
G1 X71.388 Y53.848 E0.00432
G0 F1320 X71.508 Y53.971
G1 F360 X40.409 Y53.964 E0.01738
G1 X43.304 Y51.825 E0.00201
G1 X46.125 Y48.077 E0.00262
G1 X46.694 Y45.988 E0.00121
G1 X71.508 Y45.988 E0.01387
G1 X71.508 Y53.971 E0.00446
G0 F1320 X71.628 Y54.092
G1 F360 X40.381 Y54.088 E0.01746
G1 X39.667 Y54.08 E0.0004
G1 X40.296 Y53.901 E0.00037
G1 X43.236 Y51.729 E0.00204
G1 X46.021 Y48.021 E0.00259
G1 X46.606 Y45.868 E0.00125
G1 X71.628 Y45.868 E0.01398
G1 X71.628 Y54.092 E0.0046
G0 F1320 X71.748 Y54.212
G1 F360 X40.381 Y54.208 E0.01753
G1 X38.834 Y54.193 E0.00086
G1 X40.244 Y53.793 E0.00082
G1 X43.164 Y51.633 E0.00203
G1 X45.917 Y47.965 E0.00256
G1 X46.515 Y45.748 E0.00128
G1 X71.748 Y45.748 E0.0141
G1 X71.748 Y54.212 E0.00473
G0 F1320 X71.868 Y54.332
G1 F360 X40.256 Y54.328 E0.01766
G1 X38.006 Y54.305 E0.00126
G1 X40.188 Y53.685 E0.00127
G1 X43.096 Y51.537 E0.00202
G1 X45.805 Y47.92 E0.00253
G1 X46.423 Y45.628 E0.00133
G1 X71.868 Y45.628 E0.01422
G1 X71.868 Y54.332 E0.00486
G0 F1320 X71.988 Y54.455
G1 F360 X40.236 Y54.448 E0.01774
G1 X37.178 Y54.417 E0.00171
G1 X40.136 Y53.577 E0.00172
G1 X43.024 Y51.441 E0.00201
G1 X45.697 Y47.868 E0.00249
G1 X46.331 Y45.508 E0.00137
G1 X71.988 Y45.508 E0.01434
G1 X71.988 Y54.455 E0.005
G0 F1320 X72.108 Y54.576
G1 F360 X40.206 Y54.57 E0.01783
G1 F317.6 X36.742 Y54.553 E0.00219
G1 F327.3 X33.042 Y54.572 E0.00227
G1 F372.4 X27.888 Y54.568 E0.00278
G1 F360 X27.888 Y52.278 E0.00128
G1 X30.555 Y53.741 E0.0017
G1 F366.1 X33.024 Y54.459 E0.00141
G1 F322.4 X36.729 Y54.403 E0.00231
G1 F317.6 X40.08 Y53.469 E0.0022
G1 F360 X42.952 Y51.345 E0.002
G1 X45.589 Y47.816 E0.00246
G1 X46.239 Y45.388 E0.0014
G1 X72.108 Y45.388 E0.01445
G1 X72.108 Y54.576 E0.00513
G0 F1320 X72.228 Y54.696
G1 F360 X27.769 Y54.688 E0.02484
G1 X27.769 Y52.074 E0.00146
G1 X30.611 Y53.637 E0.00181
G1 X33.059 Y54.346 E0.00142
G1 X36.711 Y54.272 E0.00204
G1 X40.024 Y53.361 E0.00192
G1 X42.88 Y51.249 E0.00198
G1 X45.481 Y47.764 E0.00243
G1 X46.147 Y45.268 E0.00144
G1 X72.228 Y45.268 E0.01457
G1 X72.228 Y54.696 E0.00527
G0 F1320 X72.348 Y54.816
G1 F360 X27.648 Y54.808 E0.02498
G1 X27.648 Y51.87 E0.00164
G1 X30.667 Y53.533 E0.00193
G1 X33.095 Y54.23 E0.00141
G1 X36.691 Y54.156 E0.00201
G1 X39.968 Y53.253 E0.0019
G1 X42.808 Y51.153 E0.00197
G1 X45.383 Y47.692 E0.00241
G1 X46.055 Y45.148 E0.00147
G1 X72.348 Y45.148 E0.01469
G1 X72.348 Y54.816 E0.0054
G0 F1320 X72.468 Y54.936
G1 F360 X27.529 Y54.928 E0.02511
G1 X27.529 Y51.666 E0.00182
G1 X30.727 Y53.429 E0.00204
G1 X33.127 Y54.114 E0.00139
G1 X36.671 Y54.04 E0.00198
G1 X39.912 Y53.145 E0.00188
G1 X42.74 Y51.057 E0.00196
G1 X45.275 Y47.64 E0.00238
G1 X45.963 Y45.028 E0.00151
G1 X72.468 Y45.028 E0.01481
G1 X72.468 Y54.936 E0.00554
G0 F1320 X72.588 Y55.059
G1 F360 X27.408 Y55.048 E0.02525
G1 X27.408 Y51.464 E0.002
G1 X30.762 Y53.317 E0.00214
G1 X33.159 Y53.998 E0.00139
G1 X36.651 Y53.924 E0.00195
G1 X39.856 Y53.037 E0.00186
G1 X42.672 Y50.961 E0.00195
G1 X45.167 Y47.588 E0.00234
G1 X45.871 Y44.908 E0.00155
G1 X72.588 Y44.908 E0.01493
G1 X72.588 Y55.059 E0.00567
G0 F1320 X72.708 Y55.18
G1 F360 X27.289 Y55.171 E0.02538
G1 X27.289 Y51.158 E0.00224
G1 X27.437 Y51.339 E0.00013
G1 X30.823 Y53.213 E0.00216
G1 X33.191 Y53.882 E0.00137
G1 X36.631 Y53.808 E0.00192
G1 X39.8 Y52.929 E0.00184
G1 X42.604 Y50.865 E0.00195
G1 X45.059 Y47.536 E0.00231
G1 X45.779 Y44.788 E0.00159
G1 X72.708 Y44.788 E0.01505
G1 X72.708 Y55.18 E0.00581
G0 F1320 X72.828 Y55.3
G1 F360 X27.169 Y55.292 E0.02551
G1 X27.171 Y50.824 E0.0025
G1 X27.514 Y51.249 E0.00031
G1 X30.883 Y53.109 E0.00215
G1 X33.227 Y53.766 E0.00136
G1 X36.611 Y53.692 E0.00189
G1 X39.725 Y52.83 E0.00181
G1 X42.532 Y50.769 E0.00195
G1 X44.95 Y47.493 E0.00228
G1 X45.687 Y44.668 E0.00163
G1 X72.828 Y44.668 E0.01517
G1 X72.828 Y55.3 E0.00594
G0 F1320 X72.948 Y55.423
G1 F360 X27.049 Y55.412 E0.02565
G1 X27.053 Y50.482 E0.00275
G1 X27.577 Y51.142 E0.00047
G1 X30.943 Y53.005 E0.00215
G1 X33.263 Y53.65 E0.00135
G1 X36.591 Y53.576 E0.00186
G1 X39.669 Y52.722 E0.00178
G1 X42.46 Y50.673 E0.00193
G1 X44.846 Y47.437 E0.00225
G1 X45.559 Y44.692 E0.00158
G1 X45.569 Y44.548 E0.00008
G1 X72.948 Y44.548 E0.0153
G1 X72.948 Y55.423 E0.00608
G0 F1320 X73.068 Y55.544
G1 F360 X26.929 Y55.535 E0.02578
G1 X26.932 Y50.139 E0.00302
G1 X27.678 Y51.065 E0.00066
G1 X30.978 Y52.889 E0.00211
G1 X33.299 Y53.534 E0.00135
G1 X36.571 Y53.46 E0.00183
G1 X39.617 Y52.614 E0.00177
G1 X42.388 Y50.581 E0.00192
G1 X44.742 Y47.381 E0.00222
G1 X45.443 Y44.663 E0.00157
G1 X45.454 Y44.428 E0.00013
G1 X73.068 Y44.428 E0.01543
G1 X73.068 Y55.544 E0.00621
G0 F1320 X73.188 Y55.664
G1 F360 X26.809 Y55.659 E0.02592
G1 X26.813 Y49.798 E0.00327
G1 X27.758 Y50.973 E0.00084
G1 X31.014 Y52.773 E0.00208
G1 X33.335 Y53.418 E0.00135
G1 X36.551 Y53.344 E0.0018
G1 X39.565 Y52.506 E0.00175
G1 X42.32 Y50.485 E0.00191
G1 X44.638 Y47.325 E0.00219
G1 X45.327 Y44.631 E0.00155
G1 X45.339 Y44.308 E0.00018
G1 X73.188 Y44.308 E0.01556
G1 X73.188 Y55.664 E0.00635
G0 F1320 X73.308 Y55.784
G1 F360 X26.689 Y55.78 E0.02605
G1 X26.693 Y49.454 E0.00353
G1 X27.838 Y50.881 E0.00102
G1 X31.046 Y52.657 E0.00205
G1 X33.371 Y53.302 E0.00135
G1 X36.531 Y53.228 E0.00177
G1 X39.513 Y52.398 E0.00173
G1 X42.252 Y50.389 E0.0019
G1 X44.534 Y47.269 E0.00216
G1 X45.211 Y44.603 E0.00154
G1 X45.223 Y44.188 E0.00023
G1 X73.308 Y44.188 E0.01569
G1 X73.308 Y55.784 E0.00648
G0 F1320 X73.428 Y55.904
G1 F360 X26.569 Y55.9 E0.02618
G1 X26.573 Y49.11 E0.00379
G1 X27.922 Y50.789 E0.0012
G1 X31.106 Y52.553 E0.00203
G1 X33.404 Y53.186 E0.00133
G1 X36.511 Y53.112 E0.00174
G1 X39.461 Y52.29 E0.00171
G1 X42.184 Y50.293 E0.00189
G1 X44.43 Y47.217 E0.00213
G1 X45.095 Y44.575 E0.00152
G1 X45.107 Y44.068 E0.00028
G1 X73.428 Y44.068 E0.01582
G1 X73.428 Y55.904 E0.00661
G0 F1320 X73.548 Y56.024
G1 F360 X26.449 Y56.02 E0.02632
G1 X26.453 Y48.766 E0.00405
G1 X28.006 Y50.697 E0.00138
G1 X31.166 Y52.449 E0.00202
G1 X33.436 Y53.07 E0.00132
G1 X36.491 Y52.996 E0.00171
G1 X39.409 Y52.182 E0.00169
G1 X42.116 Y50.197 E0.00188
G1 X44.322 Y47.165 E0.0021
G1 X44.979 Y44.547 E0.00151
G1 X44.991 Y43.948 E0.00033
G1 X73.548 Y43.948 E0.01596
G1 X73.548 Y56.024 E0.00675
G0 F1320 X73.668 Y56.144
G1 F360 X26.329 Y56.14 E0.02645
G1 X26.332 Y48.423 E0.00431
G1 X28.09 Y50.605 E0.00157
G1 X31.226 Y52.345 E0.002
G1 X33.468 Y52.954 E0.0013
G1 X36.471 Y52.88 E0.00168
G1 X39.357 Y52.074 E0.00167
G1 X42.048 Y50.101 E0.00186
G1 X44.21 Y47.116 E0.00206
G1 X44.863 Y44.519 E0.0015
G1 X44.876 Y43.828 E0.00039
G1 X73.668 Y43.828 E0.01609
G1 X73.668 Y56.144 E0.00688
G0 F1320 X73.788 Y56.264
G1 F360 X26.209 Y56.26 E0.02659
G1 X26.213 Y48.086 E0.00457
G1 X28.174 Y50.513 E0.00174
G1 X31.286 Y52.241 E0.00199
G1 X33.5 Y52.838 E0.00128
G1 X36.451 Y52.764 E0.00165
G1 X39.305 Y51.966 E0.00166
G1 X41.952 Y50.033 E0.00183
G1 X44.098 Y47.068 E0.00205
G1 X44.747 Y44.491 E0.00148
G1 X44.76 Y43.708 E0.00044
G1 X73.788 Y43.708 E0.01622
G1 X73.788 Y56.264 E0.00702
G0 F1320 X73.908 Y56.387
G1 F360 X26.089 Y56.38 E0.02672
G1 X26.093 Y47.624 E0.00489
G1 X26.163 Y47.828 E0.00012
G1 X28.258 Y50.425 E0.00186
G1 X31.346 Y52.137 E0.00197
G1 X33.532 Y52.722 E0.00126
G1 X36.431 Y52.648 E0.00162
G1 X39.253 Y51.858 E0.00164
G1 X41.875 Y49.943 E0.00181
G1 X43.986 Y47.02 E0.00201
G1 X44.631 Y44.463 E0.00147
G1 X44.644 Y43.588 E0.00049
G1 X73.908 Y43.588 E0.01635
G1 X73.908 Y56.387 E0.00715
G0 F1320 X74.028 Y56.508
G1 F360 X25.969 Y56.503 E0.02685
G1 X25.968 Y47.737 E0.0049
G1 X25.975 Y46.916 E0.00046
G1 X26.271 Y47.768 E0.0005
G1 X28.342 Y50.337 E0.00184
G1 X31.406 Y52.033 E0.00196
G1 X33.564 Y52.607 E0.00125
G1 X36.411 Y52.532 E0.00159
G1 X39.201 Y51.75 E0.00162
G1 X41.791 Y49.859 E0.00179
G1 X43.874 Y46.972 E0.00199
G1 X44.515 Y44.435 E0.00146
G1 X44.528 Y43.468 E0.00054
G1 X74.028 Y43.468 E0.01648
G1 X74.028 Y56.508 E0.00729
G0 F1320 X74.148 Y56.628
G1 F360 X25.848 Y56.624 E0.02699
G1 X25.848 Y47.738 E0.00497
G1 X25.863 Y46.233 E0.00084
G1 X26.379 Y47.712 E0.00088
G1 X28.422 Y50.245 E0.00182
G1 X31.48 Y51.935 E0.00195
G1 X33.596 Y52.491 E0.00122
G1 X36.391 Y52.416 E0.00156
G1 X39.149 Y51.642 E0.0016
G1 X41.707 Y49.775 E0.00177
G1 X43.762 Y46.924 E0.00196
G1 X44.399 Y44.407 E0.00145
G1 X44.412 Y43.348 E0.00059
G1 X74.148 Y43.348 E0.01662
G1 X74.148 Y56.628 E0.00742
G0 F1320 X74.268 Y56.748
G1 F360 X25.729 Y56.744 E0.02712
G1 X25.729 Y47.738 E0.00503
G1 X25.751 Y45.54 E0.00123
G1 X26.487 Y47.656 E0.00125
G1 X28.502 Y50.153 E0.00179
G1 X31.54 Y51.831 E0.00194
G1 X33.628 Y52.375 E0.00121
G1 X36.371 Y52.3 E0.00153
G1 X39.097 Y51.534 E0.00158
G1 X41.623 Y49.691 E0.00175
G1 X43.65 Y46.876 E0.00194
G1 X44.283 Y44.379 E0.00144
G1 X44.296 Y43.228 E0.00064
G1 X74.268 Y43.228 E0.01675
G1 X74.268 Y56.748 E0.00755
G0 F1320 X74.388 Y56.868
G1 F360 X25.608 Y56.864 E0.02726
G1 X25.608 Y47.739 E0.0051
G1 X25.639 Y44.844 E0.00162
G1 X26.595 Y47.6 E0.00163
G1 X28.582 Y50.061 E0.00177
G1 X31.6 Y51.727 E0.00193
G1 X33.661 Y52.259 E0.00119
G1 X36.351 Y52.184 E0.0015
G1 X39.045 Y51.426 E0.00156
G1 X41.539 Y49.607 E0.00172
G1 X43.538 Y46.828 E0.00191
G1 X44.167 Y44.351 E0.00143
G1 X44.176 Y43.108 E0.00069
G1 X74.388 Y43.108 E0.01688
G1 X74.388 Y56.868 E0.00769
G0 F1320 X74.508 Y56.988
G1 F360 X25.489 Y56.984 E0.02739
G1 X25.488 Y47.99 E0.00503
G1 F308.6 X25.508 Y43.003 E0.00325
G1 F270 X25.668 Y43.001 E0.00012
G1 X25.668 Y44.502 E0.00112
G1 F308.6 X26.713 Y47.558 E0.00211
G1 F360 X28.662 Y49.969 E0.00173
G1 X31.632 Y51.611 E0.0019
G1 X33.693 Y52.143 E0.00119
G1 X36.331 Y52.068 E0.00147
G1 X38.993 Y51.318 E0.00155
G1 X41.455 Y49.523 E0.0017
G1 X43.43 Y46.772 E0.00189
G1 X44.051 Y44.319 E0.00141
G1 X44.056 Y42.988 E0.00074
G1 X74.508 Y42.988 E0.01702
G1 X74.508 Y56.988 E0.00782
G0 F1320 X74.628 Y57.108
G1 F360 X25.368 Y57.104 E0.02753
G1 X25.368 Y42.868 E0.00795
G1 X25.808 Y42.861 E0.00025
G1 X25.808 Y44.479 E0.0009
G1 X26.811 Y47.48 E0.00177
G1 X28.746 Y49.881 E0.00172
G1 X31.664 Y51.495 E0.00186
G1 X33.725 Y52.027 E0.00119
G1 X36.311 Y51.952 E0.00145
G1 X38.941 Y51.21 E0.00153
G1 X41.371 Y49.439 E0.00168
G1 X43.322 Y46.716 E0.00187
G1 X43.935 Y44.287 E0.0014
G1 X43.936 Y42.868 E0.00079
G1 X74.628 Y42.868 E0.01715
G1 X74.628 Y57.108 E0.00796
G0 F1320 X74.748 Y57.228
G1 F360 X25.248 Y57.224 E0.02766
G1 X25.248 Y42.748 E0.00809
G1 X25.928 Y42.741 E0.00038
G1 X25.928 Y44.459 E0.00096
G1 X26.919 Y47.42 E0.00174
G1 X28.83 Y49.793 E0.0017
G1 X31.696 Y51.379 E0.00183
G1 X33.757 Y51.911 E0.00119
G1 X36.295 Y51.836 E0.00142
G1 X38.889 Y51.102 E0.00151
G1 X41.28 Y49.365 E0.00165
G1 X43.214 Y46.66 E0.00186
G1 X43.819 Y44.255 E0.00139
G1 X43.817 Y42.748 E0.00084
G1 X74.748 Y42.748 E0.01728
G1 X74.748 Y57.228 E0.00809
G0 F1320 X74.868 Y57.348
G1 F360 X25.128 Y57.344 E0.02779
G1 X25.128 Y42.628 E0.00822
G1 X26.048 Y42.621 E0.00051
G1 X26.048 Y44.439 E0.00102
G1 X27.027 Y47.36 E0.00172
G1 X28.914 Y49.705 E0.00168
G1 X31.728 Y51.263 E0.0018
G1 X33.789 Y51.795 E0.00119
G1 X36.279 Y51.72 E0.00139
G1 X38.833 Y50.994 E0.00148
G1 X41.196 Y49.285 E0.00163
G1 X43.106 Y46.604 E0.00184
G1 X43.703 Y44.223 E0.00137
G1 X43.697 Y42.628 E0.00089
G1 X74.868 Y42.628 E0.01742
G1 X74.868 Y57.348 E0.00823
G0 F1320 X74.988 Y57.468
G1 F360 X25.008 Y57.464 E0.02793
G1 X25.008 Y42.508 E0.00836
G1 X26.168 Y42.501 E0.00065
G1 X26.168 Y44.419 E0.00107
G1 X27.135 Y47.3 E0.0017
G1 X28.998 Y49.617 E0.00166
G1 X31.76 Y51.147 E0.00176
G1 X33.821 Y51.679 E0.00119
G1 X36.263 Y51.604 E0.00137
G1 X38.777 Y50.886 E0.00146
G1 X41.119 Y49.195 E0.00161
G1 X42.998 Y46.548 E0.00181
G1 X43.587 Y44.195 E0.00136
G1 X43.577 Y42.508 E0.00094
G1 X74.988 Y42.508 E0.01755
G1 X74.988 Y57.468 E0.00836
G0 F1320 X75.108 Y57.588
G1 F360 X24.889 Y57.584 E0.02806
G1 X24.888 Y42.388 E0.00849
G1 X26.288 Y42.381 E0.00078
G1 X26.288 Y44.399 E0.00113
G1 X27.243 Y47.24 E0.00167
G1 X29.082 Y49.525 E0.00164
G1 X31.792 Y51.031 E0.00173
G1 X33.853 Y51.563 E0.00119
G1 X36.247 Y51.488 E0.00134
G1 X38.725 Y50.778 E0.00144
G1 X41.028 Y49.121 E0.00159
G1 X42.89 Y46.492 E0.0018
G1 X43.471 Y44.167 E0.00134
G1 X43.457 Y42.388 E0.00099
G1 X75.108 Y42.388 E0.01769
G1 X75.108 Y57.588 E0.00849
G0 F1320 X75.228 Y57.711
G1 F360 X24.768 Y57.704 E0.0282
G1 X24.768 Y42.268 E0.00863
G1 X26.408 Y42.261 E0.00092
G1 X26.408 Y44.379 E0.00118
G1 X27.351 Y47.18 E0.00165
G1 X29.166 Y49.433 E0.00162
G1 X31.824 Y50.915 E0.0017
G1 X33.885 Y51.447 E0.00119
G1 X36.231 Y51.372 E0.00131
G1 X38.673 Y50.67 E0.00142
G1 X40.944 Y49.037 E0.00156
G1 X42.774 Y46.451 E0.00177
G1 X43.355 Y44.139 E0.00133
G1 X43.337 Y42.268 E0.00105
G1 X75.228 Y42.268 E0.01782
G1 X75.228 Y57.711 E0.00863
G0 F1320 X75.348 Y57.832
G1 F360 X24.649 Y57.827 E0.02833
G1 X24.648 Y42.148 E0.00876
G1 X26.528 Y42.141 E0.00105
G1 X26.528 Y44.359 E0.00124
G1 X27.459 Y47.12 E0.00163
G1 X29.25 Y49.341 E0.00159
G1 X31.842 Y50.793 E0.00166
G1 X33.916 Y51.331 E0.0012
G1 X36.211 Y51.256 E0.00128
G1 X38.621 Y50.562 E0.0014
G1 X40.86 Y48.953 E0.00154
G1 X42.662 Y46.403 E0.00174
G1 X43.239 Y44.111 E0.00132
G1 X43.217 Y42.148 E0.0011
G1 X75.348 Y42.148 E0.01795
G1 X75.348 Y57.832 E0.00876
G0 F1320 X75.468 Y57.952
G1 F360 X24.528 Y57.948 E0.02846
G1 X24.528 Y42.028 E0.0089
G1 X26.648 Y42.021 E0.00118
G1 X26.648 Y44.339 E0.0013
G1 X27.567 Y47.064 E0.00161
G1 X29.334 Y49.249 E0.00157
G1 X31.874 Y50.677 E0.00163
G1 X33.948 Y51.215 E0.0012
G1 X36.191 Y51.14 E0.00125
G1 X38.569 Y50.454 E0.00138
G1 X40.776 Y48.869 E0.00152
G1 X42.55 Y46.355 E0.00172
G1 X43.123 Y44.083 E0.00131
G1 X43.097 Y42.028 E0.00115
G1 X75.468 Y42.028 E0.01809
G1 X75.468 Y57.952 E0.0089
G0 F1320 X75.588 Y58.075
G1 F360 X24.408 Y58.068 E0.0286
G1 X24.408 Y41.908 E0.00903
G1 X26.768 Y41.901 E0.00132
G1 X26.768 Y44.319 E0.00135
G1 X27.675 Y47.008 E0.00159
G1 X29.414 Y49.157 E0.00154
G1 X31.924 Y50.567 E0.00161
G1 X33.98 Y51.099 E0.00119
G1 X36.171 Y51.024 E0.00122
G1 X38.517 Y50.346 E0.00136
G1 X40.692 Y48.785 E0.0015
G1 X42.438 Y46.307 E0.00169
G1 X43.007 Y44.055 E0.0013
G1 X42.977 Y41.908 E0.0012
G1 X75.588 Y41.908 E0.01822
G1 X75.588 Y58.075 E0.00903
G0 F1320 X75.708 Y58.196
G1 F360 X24.289 Y58.191 E0.02873
G1 X24.288 Y41.788 E0.00917
G1 X26.888 Y41.781 E0.00145
G1 X26.888 Y44.299 E0.00141
G1 X27.783 Y46.952 E0.00156
G1 X29.485 Y49.059 E0.00151
G1 X31.96 Y50.451 E0.00159
G1 X34.012 Y50.983 E0.00118
G1 X36.151 Y50.908 E0.0012
G1 X38.465 Y50.238 E0.00135
G1 X40.608 Y48.701 E0.00147
G1 X42.326 Y46.259 E0.00167
G1 X42.891 Y44.027 E0.00129
G1 X42.857 Y41.789 E0.00125
G1 X75.708 Y41.788 E0.01836
G1 X75.708 Y58.196 E0.00917
G0 F1320 X75.828 Y58.316
G1 F360 X24.168 Y58.312 E0.02887
G1 X24.168 Y41.668 E0.0093
G1 X27.008 Y41.661 E0.00159
G1 X27.008 Y44.279 E0.00146
G1 X27.891 Y46.896 E0.00154
G1 X29.565 Y48.967 E0.00149
G1 X31.996 Y50.335 E0.00156
G1 X34.044 Y50.867 E0.00118
G1 X36.131 Y50.792 E0.00117
G1 X38.413 Y50.13 E0.00133
G1 X40.524 Y48.617 E0.00145
G1 X42.214 Y46.211 E0.00164
G1 X42.775 Y43.999 E0.00128
G1 X42.734 Y41.669 E0.0013
G1 X75.828 Y41.668 E0.01849
G1 X75.828 Y58.316 E0.0093
G0 F1320 X75.948 Y58.436
G1 F360 X24.048 Y58.432 E0.029
G1 X24.049 Y41.548 E0.00943
G1 X27.131 Y41.541 E0.00172
G1 X27.128 Y44.259 E0.00152
G1 X27.999 Y46.84 E0.00152
G1 X29.645 Y48.875 E0.00146
G1 X32.032 Y50.219 E0.00153
G1 X34.076 Y50.751 E0.00118
G1 X36.111 Y50.676 E0.00114
G1 X38.361 Y50.022 E0.00131
G1 X40.44 Y48.533 E0.00143
G1 X42.102 Y46.163 E0.00162
G1 X42.659 Y43.971 E0.00126
G1 X42.614 Y41.549 E0.00135
G1 X75.948 Y41.548 E0.01863
G1 X75.948 Y58.436 E0.00944
G0 F1320 X76.068 Y58.559
G1 F360 X23.928 Y58.552 E0.02913
G1 X23.928 Y41.428 E0.00957
G1 X27.252 Y41.421 E0.00186
G1 X27.248 Y44.239 E0.00157
G1 X28.107 Y46.784 E0.0015
G1 X29.725 Y48.783 E0.00144
G1 X32.068 Y50.103 E0.0015
G1 X34.108 Y50.635 E0.00118
G1 X36.091 Y50.56 E0.00111
G1 X38.319 Y49.91 E0.0013
G1 X40.374 Y48.436 E0.00141
G1 X41.99 Y46.115 E0.00158
G1 X42.543 Y43.943 E0.00125
G1 X42.494 Y41.428 E0.00141
G1 X76.068 Y41.428 E0.01876
G1 X76.068 Y58.559 E0.00957
G0 F1320 X76.188 Y58.68
G1 F360 X23.809 Y58.675 E0.02927
G1 X23.808 Y41.308 E0.0097
G1 X27.452 Y41.301 E0.00204
G1 X27.371 Y41.51 E0.00013
G1 X27.368 Y44.219 E0.00151
G1 X28.215 Y46.728 E0.00148
G1 X29.805 Y48.691 E0.00141
G1 X32.104 Y49.987 E0.00147
G1 X34.129 Y50.52 E0.00117
G1 X36.071 Y50.444 E0.00109
G1 X38.267 Y49.802 E0.00128
G1 X40.294 Y48.348 E0.00139
G1 X41.878 Y46.067 E0.00155
G1 X42.427 Y43.915 E0.00124
G1 X42.374 Y41.308 E0.00146
G1 X76.188 Y41.308 E0.01889
G1 X76.188 Y58.68 E0.00971
G0 F1320 X76.308 Y58.8
G1 F360 X23.688 Y58.796 E0.0294
G1 X23.688 Y41.188 E0.00984
G1 X27.628 Y41.181 E0.0022
G1 X27.491 Y41.538 E0.00021
G1 X27.488 Y44.199 E0.00149
G1 X28.323 Y46.672 E0.00146
G1 X29.881 Y48.599 E0.00138
G1 X32.152 Y49.879 E0.00146
G1 X34.145 Y50.404 E0.00115
G1 X36.051 Y50.328 E0.00107
G1 X38.215 Y49.694 E0.00126
G1 X40.214 Y48.26 E0.00137
G1 X41.77 Y46.015 E0.00153
G1 X42.311 Y43.887 E0.00123
G1 X42.254 Y41.188 E0.00151
G1 X76.308 Y41.188 E0.01903
G1 X76.308 Y58.8 E0.00984
G0 F1320 X76.428 Y58.92
G1 F360 X23.568 Y58.916 E0.02954
G1 X23.568 Y41.068 E0.00997
G1 X27.804 Y41.06 E0.00237
G1 X27.612 Y41.562 E0.0003
G1 X27.608 Y44.179 E0.00146
G1 X28.431 Y46.616 E0.00144
G1 X29.961 Y48.507 E0.00136
G1 X32.2 Y49.771 E0.00144
G1 X34.161 Y50.284 E0.00113
G1 X36.031 Y50.212 E0.00105
G1 X38.163 Y49.586 E0.00124
G1 X40.134 Y48.172 E0.00136
G1 X41.669 Y45.95 E0.00151
G1 X42.195 Y43.859 E0.0012
G1 X42.136 Y41.218 E0.00148
G1 X42.081 Y41.068 E0.00009
G1 X76.428 Y41.068 E0.01919
G1 X76.428 Y58.92 E0.00998
G0 F1320 X76.548 Y59.04
G1 F360 X23.449 Y59.036 E0.02967
G1 X23.448 Y40.948 E0.01011
G1 X27.98 Y40.941 E0.00253
G1 X27.731 Y41.59 E0.00039
G1 X27.728 Y44.159 E0.00144
G1 X28.539 Y46.56 E0.00142
G1 X30.041 Y48.415 E0.00133
G1 X32.248 Y49.663 E0.00142
G1 X34.177 Y50.168 E0.00111
G1 X36.011 Y50.096 E0.00103
G1 X38.111 Y49.478 E0.00122
G1 X40.054 Y48.084 E0.00134
G1 X41.561 Y45.898 E0.00148
G1 X42.079 Y43.831 E0.00119
G1 X42.016 Y41.222 E0.00146
G1 X41.9 Y40.948 E0.00017
G1 X76.548 Y40.948 E0.01936
G1 X76.548 Y59.04 E0.01011
G0 F1320 X76.668 Y59.16
G1 F360 X23.328 Y59.156 E0.0298
G1 X23.328 Y40.828 E0.01024
G1 X28.156 Y40.821 E0.0027
G1 X27.852 Y41.614 E0.00047
G1 X27.848 Y44.139 E0.00141
G1 X28.647 Y46.504 E0.00139
G1 X30.117 Y48.323 E0.00131
G1 X32.296 Y49.551 E0.0014
G1 X34.193 Y50.052 E0.0011
G1 X35.991 Y49.98 E0.00101
G1 X38.059 Y49.37 E0.0012
G1 X39.974 Y47.996 E0.00132
G1 X41.449 Y45.858 E0.00145
G1 X41.963 Y43.803 E0.00118
G1 X41.896 Y41.232 E0.00144
G1 X41.72 Y40.828 E0.00025
G1 X76.668 Y40.828 E0.01953
G1 X76.668 Y59.16 E0.01024
G0 F1320 X76.788 Y59.28
G1 F360 X23.209 Y59.276 E0.02994
G1 X23.208 Y40.708 E0.01038
G1 X28.332 Y40.701 E0.00286
G1 X27.972 Y41.638 E0.00056
G1 X27.968 Y44.119 E0.00139
G1 X28.755 Y46.448 E0.00137
G1 X30.197 Y48.231 E0.00128
G1 X32.344 Y49.443 E0.00138
G1 X34.209 Y49.932 E0.00108
G1 X35.971 Y49.864 E0.00099
G1 X38.007 Y49.262 E0.00119
G1 X39.894 Y47.908 E0.0013
G1 X41.337 Y45.818 E0.00142
G1 X41.847 Y43.775 E0.00118
G1 X41.78 Y41.263 E0.0014
G1 X41.536 Y40.708 E0.00034
G1 X76.788 Y40.708 E0.0197
G1 X76.788 Y59.28 E0.01038
G0 F1320 X76.908 Y59.4
G1 F360 X23.088 Y59.396 E0.03007
G1 X23.088 Y40.588 E0.01051
G1 X28.508 Y40.581 E0.00303
G1 X28.092 Y41.662 E0.00065
G1 X28.088 Y44.099 E0.00136
G1 X28.863 Y46.392 E0.00135
G1 X30.277 Y48.139 E0.00126
G1 X32.392 Y49.335 E0.00136
G1 X34.225 Y49.816 E0.00106
G1 X35.95 Y49.748 E0.00096
G1 X37.946 Y49.158 E0.00116
G1 X39.814 Y47.82 E0.00128
G1 X41.225 Y45.778 E0.00139
G1 X41.731 Y43.747 E0.00117
G1 X41.664 Y41.296 E0.00137
G1 X41.356 Y40.588 E0.00043
G1 X76.908 Y40.588 E0.01987
G1 X76.908 Y59.4 E0.01051
G0 F1320 X77.028 Y59.52
G1 F360 X22.968 Y59.516 E0.03021
G1 X22.968 Y40.468 E0.01064
G1 X28.684 Y40.461 E0.00319
G1 X28.212 Y41.686 E0.00073
G1 X28.208 Y44.079 E0.00134
G1 X28.971 Y46.336 E0.00133
G1 X30.353 Y48.047 E0.00123
G1 X32.44 Y49.223 E0.00134
G1 X34.241 Y49.7 E0.00104
G1 X35.93 Y49.632 E0.00094
G1 X37.894 Y49.05 E0.00114
G1 X39.734 Y47.732 E0.00126
G1 X41.113 Y45.738 E0.00135
G1 X41.615 Y43.719 E0.00116
G1 X41.548 Y41.327 E0.00134
G1 X41.172 Y40.468 E0.00052
G1 X77.028 Y40.468 E0.02004
G1 X77.028 Y59.52 E0.01065
G0 F1320 X77.148 Y59.64
G1 F360 X22.848 Y59.636 E0.03034
G1 X22.848 Y40.348 E0.01078
G1 X28.86 Y40.341 E0.00336
G1 X28.331 Y41.714 E0.00082
G1 X28.328 Y44.059 E0.00131
G1 X29.083 Y46.29 E0.00132
G1 X30.429 Y47.955 E0.0012
G1 X32.488 Y49.115 E0.00132
G1 X34.257 Y49.58 E0.00102
G1 X35.91 Y49.516 E0.00092
G1 X37.842 Y48.942 E0.00113
G1 X39.65 Y47.644 E0.00124
G1 X41.001 Y45.698 E0.00132
G1 X41.499 Y43.691 E0.00116
G1 X41.436 Y41.378 E0.00129
G1 X40.992 Y40.348 E0.00063
G1 X77.148 Y40.348 E0.0202
G1 X77.148 Y59.64 E0.01078
G0 F1320 X77.268 Y59.76
G1 F360 X22.728 Y59.756 E0.03048
G1 X22.728 Y40.228 E0.01091
G1 X29.036 Y40.221 E0.00352
G1 X28.451 Y41.742 E0.00091
G1 X28.448 Y44.039 E0.00128
G1 X29.191 Y46.234 E0.00129
G1 X30.505 Y47.863 E0.00117
G1 X32.536 Y49.007 E0.0013
G1 X34.273 Y49.464 E0.001
G1 X35.89 Y49.4 E0.0009
G1 X37.79 Y48.834 E0.00111
G1 X39.566 Y47.556 E0.00122
G1 X40.889 Y45.658 E0.00129
G1 X41.383 Y43.663 E0.00115
G1 X41.32 Y41.41 E0.00126
G1 X40.808 Y40.228 E0.00072
G1 X77.268 Y40.228 E0.02037
G1 X77.268 Y59.76 E0.01091
G0 F1320 X77.388 Y59.88
G1 F360 X22.608 Y59.876 E0.03061
G1 X22.608 Y40.108 E0.01105
G1 X29.212 Y40.101 E0.00369
G1 X28.571 Y41.77 E0.001
G1 X28.568 Y44.019 E0.00126
G1 X29.299 Y46.178 E0.00127
G1 X30.585 Y47.771 E0.00114
G1 X32.584 Y48.899 E0.00128
G1 X34.289 Y49.348 E0.00099
G1 X35.87 Y49.284 E0.00088
G1 X37.746 Y48.725 E0.00109
G1 X39.486 Y47.468 E0.0012
G1 X40.777 Y45.618 E0.00126
G1 X41.267 Y43.635 E0.00114
G1 X41.2 Y41.42 E0.00124
G1 X40.628 Y40.108 E0.0008
G1 X77.388 Y40.108 E0.02054
G1 X77.388 Y59.88 E0.01105
G0 F1320 X77.508 Y60
G1 F360 X22.488 Y59.996 E0.03074
G1 X22.488 Y39.988 E0.01118
G1 X29.388 Y39.981 E0.00386
G1 X28.691 Y41.798 E0.00109
G1 X28.688 Y43.999 E0.00123
G1 X29.407 Y46.122 E0.00125
G1 X30.665 Y47.679 E0.00112
G1 X32.632 Y48.791 E0.00126
G1 X34.305 Y49.228 E0.00097
G1 X35.85 Y49.168 E0.00086
G1 X37.69 Y48.621 E0.00107
G1 X39.406 Y47.38 E0.00118
G1 X40.665 Y45.577 E0.00123
G1 X41.151 Y43.607 E0.00113
G1 X41.084 Y41.452 E0.0012
G1 X40.444 Y39.989 E0.00089
G1 X77.508 Y39.988 E0.02071
G1 X77.508 Y60 E0.01118
G0 F1320 X77.628 Y60.12
G1 F360 X22.368 Y60.116 E0.03088
G1 X22.368 Y39.868 E0.01131
G1 X29.564 Y39.861 E0.00402
G1 X28.811 Y41.826 E0.00118
G1 X28.808 Y43.979 E0.0012
G1 X29.515 Y46.066 E0.00123
G1 X30.741 Y47.587 E0.00109
G1 X32.68 Y48.679 E0.00124
G1 X34.321 Y49.112 E0.00095
G1 X35.83 Y49.052 E0.00084
G1 X37.646 Y48.509 E0.00106
G1 X39.326 Y47.292 E0.00116
G1 X40.553 Y45.537 E0.0012
G1 X41.035 Y43.579 E0.00113
G1 X40.972 Y41.502 E0.00116
G1 X40.264 Y39.869 E0.00099
G1 X77.628 Y39.868 E0.02088
G1 X77.628 Y60.12 E0.01132
G0 F1320 X77.748 Y60.24
G1 F360 X22.248 Y60.236 E0.03101
G1 X22.248 Y39.748 E0.01145
G1 X29.785 Y39.741 E0.00421
G1 X29.695 Y39.864 E0.00009
G1 X28.931 Y41.854 E0.00119
G1 X28.928 Y43.959 E0.00118
G1 X29.623 Y46.006 E0.00121
G1 X30.828 Y47.501 E0.00107
G1 X32.728 Y48.571 E0.00122
G1 X34.337 Y48.992 E0.00093
G1 X35.81 Y48.936 E0.00082
G1 X37.59 Y48.405 E0.00104
G1 X39.246 Y47.204 E0.00114
G1 X40.441 Y45.497 E0.00116
G1 X40.919 Y43.551 E0.00112
G1 X40.856 Y41.534 E0.00113
G1 X40.08 Y39.748 E0.00109
G1 X77.748 Y39.748 E0.02105
G1 X77.748 Y60.24 E0.01145
G0 F1320 X77.868 Y60.36
G1 F360 X22.128 Y60.356 E0.03115
G1 X22.128 Y39.628 E0.01158
G1 X30.025 Y39.621 E0.00441
G1 X29.787 Y39.95 E0.00023
G1 X29.051 Y41.882 E0.00116
G1 X29.048 Y43.939 E0.00115
G1 X29.731 Y45.95 E0.00119
G1 X30.912 Y47.413 E0.00105
G1 X32.776 Y48.463 E0.0012
G1 X34.353 Y48.876 E0.00091
G1 X35.79 Y48.82 E0.0008
G1 X37.534 Y48.301 E0.00102
G1 X39.166 Y47.116 E0.00113
G1 X40.329 Y45.457 E0.00113
G1 X40.8 Y43.527 E0.00111
G1 X40.736 Y41.544 E0.00111
G1 X39.9 Y39.628 E0.00117
G1 X77.868 Y39.628 E0.02122
G1 X77.868 Y60.36 E0.01158
G0 F1320 X77.988 Y60.48
G1 F360 X22.008 Y60.476 E0.03128
G1 X22.008 Y39.508 E0.01172
G1 X30.265 Y39.501 E0.00461
G1 X29.887 Y40.022 E0.00036
G1 X29.171 Y41.91 E0.00113
G1 X29.168 Y43.918 E0.00112
G1 X29.839 Y45.89 E0.00116
G1 X30.996 Y47.325 E0.00103
G1 X32.817 Y48.348 E0.00117
G1 X34.369 Y48.76 E0.0009
G1 X35.77 Y48.704 E0.00078
G1 X37.478 Y48.197 E0.001
G1 X39.086 Y47.028 E0.00111
G1 X40.217 Y45.417 E0.0011
G1 X40.68 Y43.511 E0.0011
G1 X40.624 Y41.598 E0.00107
G1 X39.792 Y39.68 E0.00117
G1 X39.637 Y39.509 E0.00013
G1 X77.988 Y39.508 E0.02143
G1 X77.988 Y60.48 E0.01172
G0 F1320 X78.108 Y60.6
G1 F360 X21.888 Y60.596 E0.03141
G1 X21.888 Y39.388 E0.01185
G1 X30.505 Y39.381 E0.00481
G1 X29.987 Y40.094 E0.00049
G1 X29.291 Y41.938 E0.0011
G1 X29.288 Y43.898 E0.0011
G1 X29.947 Y45.83 E0.00114
G1 X31.08 Y47.237 E0.00101
G1 X32.872 Y48.243 E0.00115
G1 X34.385 Y48.64 E0.00087
G1 X35.75 Y48.588 E0.00076
G1 X37.434 Y48.085 E0.00098
G1 X39.006 Y46.94 E0.00109
G1 X40.107 Y45.375 E0.00107
G1 X40.56 Y43.495 E0.00108
G1 X40.504 Y41.608 E0.00105
G1 X39.68 Y39.73 E0.00115
G1 X39.359 Y39.389 E0.00026
G1 X78.108 Y39.388 E0.02165
G1 X78.108 Y60.6 E0.01185
G0 F1320 X78.228 Y60.72
G1 F360 X21.768 Y60.716 E0.03155
G1 X21.768 Y39.268 E0.01198
G1 X30.745 Y39.261 E0.00502
G1 X30.087 Y40.166 E0.00063
G1 X29.411 Y41.962 E0.00107
G1 X29.408 Y43.878 E0.00107
G1 X30.055 Y45.77 E0.00112
G1 X31.164 Y47.149 E0.00099
G1 X32.92 Y48.135 E0.00113
G1 X34.401 Y48.524 E0.00086
G1 X35.73 Y48.472 E0.00074
G1 X37.378 Y47.981 E0.00096
G1 X38.926 Y46.852 E0.00107
G1 X39.999 Y45.323 E0.00104
G1 X40.44 Y43.483 E0.00106
G1 X40.384 Y41.636 E0.00103
G1 X39.592 Y39.816 E0.00111
G1 X39.076 Y39.268 E0.00042
G1 X78.228 Y39.268 E0.02188
G1 X78.228 Y60.72 E0.01199
G0 F1320 X78.348 Y60.84
G1 F360 X21.648 Y60.836 E0.03168
G1 X21.648 Y39.148 E0.01212
G1 X30.984 Y39.141 E0.00522
G1 X30.187 Y40.238 E0.00076
G1 X29.531 Y41.986 E0.00104
G1 X29.528 Y43.858 E0.00105
G1 X30.163 Y45.71 E0.00109
G1 X31.248 Y47.061 E0.00097
G1 X32.961 Y48.02 E0.0011
G1 X34.417 Y48.408 E0.00084
G1 X35.71 Y48.356 E0.00072
G1 X37.322 Y47.877 E0.00094
G1 X38.846 Y46.764 E0.00105
G1 X39.894 Y45.263 E0.00102
G1 X40.32 Y43.471 E0.00103
G1 X40.264 Y41.664 E0.00101
G1 X39.492 Y39.888 E0.00108
G1 X38.796 Y39.148 E0.00057
G1 X78.348 Y39.148 E0.0221
G1 X78.348 Y60.84 E0.01212
G0 F1320 X78.468 Y60.96
G1 F360 X21.528 Y60.956 E0.03182
G1 X21.528 Y39.028 E0.01225
G1 X31.327 Y39.02 E0.00548
G1 X31.027 Y39.291 E0.00023
G1 X30.287 Y40.31 E0.0007
G1 X29.651 Y42.01 E0.00101
G1 X29.648 Y43.838 E0.00102
G1 X30.271 Y45.65 E0.00107
G1 X31.332 Y46.973 E0.00095
G1 X33.016 Y47.915 E0.00108
G1 X34.433 Y48.288 E0.00082
G1 X35.69 Y48.24 E0.0007
G1 X37.278 Y47.765 E0.00093
G1 X38.766 Y46.676 E0.00103
G1 X39.782 Y45.219 E0.00099
G1 X40.2 Y43.459 E0.00101
G1 X40.144 Y41.692 E0.00099
G1 X39.392 Y39.96 E0.00106
G1 X38.515 Y39.028 E0.00072
G1 X78.468 Y39.028 E0.02232
G1 X78.468 Y60.96 E0.01225
G0 F1320 X78.588 Y61.08
G1 F360 X21.409 Y61.076 E0.03195
G1 X21.408 Y38.908 E0.01239
G1 X31.639 Y38.9 E0.00572
G1 X31.111 Y39.383 E0.0004
G1 X30.403 Y40.354 E0.00067
G1 X29.771 Y42.034 E0.001
G1 X29.768 Y43.818 E0.001
G1 X30.379 Y45.59 E0.00105
G1 X31.412 Y46.881 E0.00092
G1 X33.064 Y47.807 E0.00106
G1 X34.449 Y48.172 E0.0008
G1 X35.67 Y48.124 E0.00068
G1 X37.222 Y47.661 E0.0009
G1 X38.672 Y46.602 E0.001
G1 X39.67 Y45.171 E0.00097
G1 X40.08 Y43.447 E0.00099
G1 X40.024 Y41.72 E0.00097
G1 X39.292 Y40.028 E0.00103
G1 X38.232 Y38.909 E0.00086
G1 X78.588 Y38.908 E0.02255
G1 X78.588 Y61.08 E0.01239
G0 F1320 X78.708 Y61.2
G1 F360 X21.288 Y61.196 E0.03208
G1 X21.288 Y38.788 E0.01252
G1 X31.953 Y38.781 E0.00596
G1 X31.195 Y39.471 E0.00057
G1 X30.519 Y40.398 E0.00064
G1 X29.891 Y42.058 E0.00099
G1 X29.888 Y43.798 E0.00097
G1 X30.487 Y45.534 E0.00103
G1 X31.496 Y46.789 E0.0009
G1 X33.112 Y47.699 E0.00104
G1 X34.465 Y48.056 E0.00078
G1 X35.65 Y48.008 E0.00066
G1 X37.166 Y47.557 E0.00088
G1 X38.584 Y46.522 E0.00098
G1 X39.558 Y45.123 E0.00095
G1 X39.96 Y43.435 E0.00097
G1 X39.904 Y41.748 E0.00094
G1 X39.192 Y40.096 E0.00101
G1 X38.108 Y38.954 E0.00088
G1 X37.853 Y38.789 E0.00017
G1 X78.708 Y38.788 E0.02283
G1 X78.708 Y61.2 E0.01252
G0 F1320 X78.828 Y61.32
G1 F360 X21.168 Y61.316 E0.03222
G1 X21.168 Y38.668 E0.01266
G1 X32.263 Y38.664 E0.0062
G1 X31.279 Y39.559 E0.00074
G1 X30.635 Y40.442 E0.00061
G1 X30.011 Y42.086 E0.00098
G1 X30.008 Y43.778 E0.00095
G1 X30.595 Y45.478 E0.001
G1 X31.58 Y46.701 E0.00088
G1 X33.16 Y47.591 E0.00101
G1 X34.481 Y47.936 E0.00076
G1 X35.63 Y47.892 E0.00064
G1 X37.122 Y47.445 E0.00087
G1 X38.496 Y46.442 E0.00095
G1 X39.45 Y45.071 E0.00093
G1 X39.84 Y43.423 E0.00095
G1 X39.784 Y41.776 E0.00092
G1 X39.092 Y40.164 E0.00098
G1 X38.024 Y39.042 E0.00087
G1 X37.448 Y38.668 E0.00038
G1 X78.828 Y38.668 E0.02312
G1 X78.828 Y61.32 E0.01266
G0 F1320 X78.948 Y61.443
G1 F360 X21.048 Y61.436 E0.03235
G1 X21.048 Y38.548 E0.01279
G1 X33.004 Y38.54 E0.00668
G1 X32.307 Y38.787 E0.00041
G1 X31.363 Y39.647 E0.00071
G1 X30.751 Y40.486 E0.00058
G1 X30.131 Y42.114 E0.00097
G1 X30.128 Y43.759 E0.00092
G1 X30.703 Y45.418 E0.00098
G1 X31.664 Y46.609 E0.00086
G1 X33.208 Y47.483 E0.00099
G1 X34.513 Y47.82 E0.00075
G1 X35.61 Y47.776 E0.00061
G1 X37.066 Y47.341 E0.00085
G1 X38.408 Y46.362 E0.00093
G1 X39.342 Y45.019 E0.00091
G1 X39.72 Y43.411 E0.00092
G1 X39.664 Y41.808 E0.0009
G1 X38.992 Y40.232 E0.00096
G1 X37.956 Y39.142 E0.00084
G1 X37.182 Y38.639 E0.00052
G1 X36.943 Y38.549 E0.00014
G1 X78.948 Y38.548 E0.02347
G1 X78.948 Y61.443 E0.01279
G0 F1320 X79.068 Y61.564
G1 F360 X20.929 Y61.559 E0.03249
G1 X20.928 Y38.428 E0.01292
G1 X33.701 Y38.421 E0.00714
G1 X32.371 Y38.895 E0.00079
G1 X31.447 Y39.735 E0.0007
G1 X30.867 Y40.53 E0.00055
G1 X30.251 Y42.142 E0.00096
G1 X30.248 Y43.739 E0.00089
G1 X30.811 Y45.358 E0.00096
G1 X31.748 Y46.517 E0.00083
G1 X33.256 Y47.371 E0.00097
G1 X34.525 Y47.7 E0.00073
G1 X35.59 Y47.66 E0.0006
G1 X37.01 Y47.237 E0.00083
G1 X38.32 Y46.282 E0.00091
G1 X39.234 Y44.967 E0.00089
G1 X39.6 Y43.403 E0.0009
G1 X39.544 Y41.836 E0.00088
G1 X38.892 Y40.3 E0.00093
G1 X37.892 Y39.246 E0.00081
G1 X37.142 Y38.751 E0.0005
G1 X36.339 Y38.45 E0.00048
G1 X37.168 Y38.428 E0.00046
G1 X79.068 Y38.428 E0.02341
G1 X79.068 Y61.564 E0.01293
G0 F1320 X79.188 Y61.684
G1 F360 X20.809 Y61.68 E0.03262
G1 X20.808 Y38.308 E0.01306
G1 F369.2 X34.049 Y38.304 E0.00721
G1 F324.8 X36.046 Y38.324 E0.00124
G1 F317.6 X37.17 Y38.308 E0.00071
G1 F360 X79.188 Y38.308 E0.02348
G1 X79.188 Y61.684 E0.01306
G0 F1320 X79.308 Y61.804
G1 F360 X20.688 Y61.8 E0.03276
G1 X20.688 Y38.188 E0.01319
G1 X79.308 Y38.188 E0.03276
G1 X79.308 Y61.804 E0.0132
G0 F1320 X79.428 Y61.924
G1 F360 X20.568 Y61.92 E0.03289
G1 X20.568 Y38.068 E0.01333
G1 X79.428 Y38.068 E0.03289
G1 X79.428 Y61.924 E0.01333
G0 F1320 X79.548 Y62.044
G1 F360 X20.448 Y62.04 E0.03302
G1 X20.448 Y37.948 E0.01346
G1 X79.548 Y37.948 E0.03302
G1 X79.548 Y62.044 E0.01346
G0 F1320 X79.547 Y62.163
G1 F360 X20.328 Y62.16 E0.03309
G1 X20.328 Y37.828 E0.0136
G1 X79.668 Y37.828 E0.03316
G1 X79.668 Y62.164 E0.0136
G1 X79.547 Y62.163 E0.00007
G0 F1320 X79.547 Y62.283
G1 F360 X20.208 Y62.28 E0.03316
G1 X20.208 Y37.708 E0.01373
G1 X79.788 Y37.708 E0.03329
G1 X79.788 Y62.284 E0.01373
G1 X79.547 Y62.283 E0.00013
G0 F1320 X79.547 Y62.403
G1 F360 X20.089 Y62.4 E0.03322
G1 X20.088 Y37.588 E0.01386
G1 X79.908 Y37.588 E0.03343
G1 X79.908 Y62.404 E0.01387
G1 X79.547 Y62.403 E0.0002
;TIME_ELAPSED:12563.075108
G1 F1500 E-6.5
M204 P4000
M204 T4000
M82 ;absolute extrusion mode
M204 P250 T120 ;Gentle final presentation moves for the small Y-bed
M104 S0 ;Hotend off
M140 S0 ;Bed off in G-code even though bed is external
G91
G1 E-1 F1800
G1 Z10 F1200
G90
G1 X95 F900
G1 Y95 F240 ;Move bed toward the operator
M83 ;relative extrusion mode
M104 S0
;End of Gcode
;SETTING_3 {"global_quality": "[general]\\nversion = 4\\nname = codex - K9 warm 
;SETTING_3 mat cautious\\ndefinition = custom\\n\\n[metadata]\\ntype = quality_c
;SETTING_3 hanges\\nquality_type = draft\\nsetting_version = 25\\n\\n[values]\\n
;SETTING_3 acceleration_enabled = True\\nacceleration_infill = 250\\nacceleratio
;SETTING_3 n_ironing = 120\\nacceleration_layer_0 = 150\\nacceleration_print = 2
;SETTING_3 50\\nacceleration_skirt_brim = 150\\nacceleration_support = 220\\nacc
;SETTING_3 eleration_support_bottom = 160\\nacceleration_support_infill = 220\\n
;SETTING_3 acceleration_support_interface = 160\\nacceleration_support_roof = 16
;SETTING_3 0\\nacceleration_topbottom = 180\\nacceleration_travel = 200\\naccele
;SETTING_3 ration_travel_enabled = True\\nacceleration_wall = 180\\nacceleration
;SETTING_3 _wall_0 = 150\\nacceleration_wall_x = 200\\nadhesion_type = brim\\nbo
;SETTING_3 ttom_layers = 7\\nbrim_width = 14\\ninfill_before_walls = False\\ninf
;SETTING_3 ill_pattern = lines\\ninfill_sparse_density = 20\\nironing_enabled = 
;SETTING_3 True\\nironing_flow = 7\\nironing_line_spacing = 0.12\\nironing_only_
;SETTING_3 highest_layer = True\\nironing_pattern = concentric\\nlayer_height = 
;SETTING_3 0.16\\nlayer_height_0 = 0.2\\nmaterial_bed_temperature = 0\\nskin_ove
;SETTING_3 rlap = 10\\nskirt_brim_speed = 21\\nspeed = 11\\nspeed_infill = 11\\n
;SETTING_3 speed_ironing = 6\\nspeed_layer_0 = 6\\nspeed_print = 11\\nspeed_prin
;SETTING_3 t_layer_0 = 6\\nspeed_support = 11\\nspeed_support_bottom = 8\\nspeed
;SETTING_3 _support_infill = 11\\nspeed_support_interface = 8\\nspeed_support_ro
;SETTING_3 of = 8\\nspeed_topbottom = 8\\nspeed_travel = 25\\nspeed_travel_layer
;SETTING_3 _0 = 25\\nspeed_wall = 8\\nspeed_wall_0 = 8\\nspeed_wall_x = 8\\nsupp
;SETTING_3 ort_angle = 35\\nsupport_enable = False\\nsupport_infill_rate = 10\\n
;SETTING_3 support_interface_density = 65\\nsupport_interface_enable = True\\nsu
;SETTING_3 pport_interface_height = 0.48\\nsupport_interface_pattern = lines\\ns
;SETTING_3 upport_pattern = zigzag\\nsupport_roof_density = 65\\nsupport_roof_en
;SETTING_3 able = True\\nsupport_roof_height = 0.48\\nsupport_structure = normal
;SETTING_3 \\nsupport_top_distance = 0.16\\nsupport_type = everywhere\\nsupport_
;SETTING_3 xy_distance = 0.3\\nsupport_z_distance = 0.16\\ntop_bottom_pattern = 
;SETTING_3 lines\\ntop_bottom_pattern_0 = concentric\\ntop_layers = 7\\nwall_lin
;SETTING_3 e_count = 5\\nz_seam_type = random\\n\\n", "extruder_quality": ["[gen
;SETTING_3 eral]\\nversion = 4\\nname = codex - K9 warm mat cautious\\ndefinitio
;SETTING_3 n = custom\\n\\n[metadata]\\ntype = quality_changes\\nquality_type = 
;SETTING_3 draft\\nintent_category = default\\nposition = 0\\nsetting_version = 
;SETTING_3 25\\n\\n[values]\\nacceleration_enabled = True\\nacceleration_infill 
;SETTING_3 = 250\\nacceleration_ironing = 120\\nacceleration_layer_0 = 150\\nacc
;SETTING_3 eleration_print = 250\\nacceleration_skirt_brim = 150\\nacceleration_
;SETTING_3 support = 220\\nacceleration_support_bottom = 160\\nacceleration_supp
;SETTING_3 ort_infill = 220\\nacceleration_support_interface = 160\\nacceleratio
;SETTING_3 n_support_roof = 160\\nacceleration_topbottom = 180\\nacceleration_tr
;SETTING_3 avel = 200\\nacceleration_travel_enabled = True\\nacceleration_wall =
;SETTING_3  180\\nacceleration_wall_0 = 150\\nacceleration_wall_x = 200\\nbridge
;SETTING_3 _fan_speed = 0\\nbridge_settings_enabled = True\\nbridge_skin_materia
;SETTING_3 l_flow = 100\\nbridge_skin_speed = 7\\nbridge_wall_material_flow = 10
;SETTING_3 0\\nbridge_wall_speed = 7\\ncool_fan_enabled = False\\ncool_fan_speed
;SETTING_3  = 0\\ncool_fan_speed_0 = 0\\ncool_fan_speed_max = 0\\ncool_fan_speed
;SETTING_3 _min = 0\\ncool_min_layer_time = 10\\ninfill_material_flow = 101\\nin
;SETTING_3 itial_layer_line_width_factor = 155\\nironing_enabled = True\\nironin
;SETTING_3 g_flow = 7\\nironing_line_spacing = 0.12\\nironing_only_highest_layer
;SETTING_3  = True\\nironing_pattern = concentric\\nmaterial_bed_temperature = 0
;SETTING_3 \\nmaterial_flow = 103\\nmaterial_flow_layer_0 = 103\\nmaterial_print
;SETTING_3 _temperature = 224\\nmaterial_print_temperature_layer_0 = 226\\nretra
;SETTING_3 ction_amount = 6.5\\nretraction_enable = True\\nretraction_prime_spee
;SETTING_3 d = 25\\nretraction_retract_speed = 25\\nskin_material_flow = 104\\ns
;SETTING_3 kirt_brim_speed = 21\\nspeed = 11\\nspeed_infill = 11\\nspeed_ironing
;SETTING_3  = 6\\nspeed_layer_0 = 6\\nspeed_print = 11\\nspeed_print_layer_0 = 6
;SETTING_3 \\nspeed_support = 11\\nspeed_support_bottom = 8\\nspeed_support_infi
;SETTING_3 ll = 11\\nspeed_support_interface = 8\\nspeed_support_roof = 8\\nspee
;SETTING_3 d_topbottom = 8\\nspeed_travel = 22.0\\nspeed_travel_layer_0 = 25\\ns
;SETTING_3 peed_wall = 8\\nspeed_wall_0 = 8\\nspeed_wall_x = 8\\nwall_0_material
;SETTING_3 _flow = 102\\nwall_material_flow = 103\\nwall_x_material_flow = 103\\
;SETTING_3 n\\n"]}
